link_fidelity,swap_success,t2_s,generation_rate_hz,status,utility,n_repeaters,served_pairs,total_pairs,all_pairs_served,min_w_pmin,n_model_vars,solve_seconds,repeaters,mean_hops,mean_fidelity
0.9590000000000001,0.725,0.001,1000.0,infeasible,-50.0,0,0,18,0,,0,0.0003871000008075498,,,
0.9590000000000001,0.725,0.001,1259.0552330005396,infeasible,-50.0,0,0,18,0,,0,0.0002612999960547313,,,
0.9590000000000001,0.725,0.001,1585.220079746043,infeasible,-50.0,0,0,18,0,,0,0.00022869999520480633,,,
0.9590000000000001,0.725,0.001,1995.879636861788,infeasible,-50.0,0,0,18,0,,0,0.00021830000332556665,,,
0.9590000000000001,0.725,0.001,2512.9227012300507,infeasible,-50.0,0,0,18,0,,0,0.00021320000087143853,,,
0.9590000000000001,0.725,0.001,3163.9084771095468,infeasible,-50.0,0,0,18,0,,0,0.00023049999435897917,,,
0.9590000000000001,0.725,0.001,3983.5355248395426,infeasible,-50.0,0,0,18,0,,0,0.00021879999985685572,,,
0.9590000000000001,0.725,0.001,5015.4912483927765,infeasible,-50.0,0,0,18,0,,0,0.00018590000399854034,,,
0.9590000000000001,0.725,0.001,6314.780502357335,infeasible,-50.0,0,0,18,0,,0,0.0001725999973132275,,,
0.9590000000000001,0.725,0.001,7950.657436742778,infeasible,-50.0,0,0,18,0,,0,0.0001664000010350719,,,
0.9590000000000001,0.725,0.001,10010.316851525651,infeasible,-50.0,0,0,18,0,,0,0.00015559999883407727,,,
0.9590000000000001,0.725,0.001,12603.541815906843,infeasible,-50.0,0,0,18,0,,0,0.00015490000077988952,,,
0.9590000000000001,0.725,0.001,15868.55527765865,infeasible,-50.0,0,0,18,0,,0,0.00015490000077988952,,,
0.9590000000000001,0.725,0.001,19979.387562494434,infeasible,-50.0,0,0,18,0,,0,0.0001512000017100945,,,
0.9590000000000001,0.725,0.001,25155.152462704536,infeasible,-50.0,0,0,18,0,,0,0.00015359999815700576,,,
0.9590000000000001,0.725,0.001,31671.726345094525,infeasible,-50.0,0,0,18,0,,0,0.0001537000061944127,,,
0.9590000000000001,0.725,0.001,39876.452792952354,infeasible,-50.0,0,0,18,0,,0,0.00016209999739658087,,,
0.9590000000000001,0.725,0.001,50206.65656246559,infeasible,-50.0,0,0,18,0,,0,0.000163800003065262,,,
0.9590000000000001,0.725,0.001,63212.953676433244,infeasible,-50.0,0,0,18,0,,0,0.00015600000187987462,,,
0.9590000000000001,0.725,0.001,79588.60011973389,infeasible,-50.0,0,0,18,0,,0,0.00015659999917261302,,,
0.9590000000000001,0.725,0.001,100206.44346793843,infeasible,-50.0,0,0,18,0,,0,0.00015499999426538125,,,
0.9590000000000001,0.725,0.001,126165.44702868049,infeasible,-50.0,0,0,18,0,,0,0.00015390000044135377,,,
0.9590000000000001,0.725,0.001,158849.26630531237,infeasible,-50.0,0,0,18,0,,0,0.0001554000045871362,,,
0.9590000000000001,0.725,0.001,200000.0,infeasible,-50.0,0,0,18,0,,0,0.00015410000196425244,,,
0.9590000000000001,0.725,0.0012216773489967918,1000.0,infeasible,-50.0,0,0,18,0,,0,0.00035319999733474106,,,
0.9590000000000001,0.725,0.0012216773489967918,1259.0552330005396,infeasible,-50.0,0,0,18,0,,0,0.0002249000026495196,,,
0.9590000000000001,0.725,0.0012216773489967918,1585.220079746043,infeasible,-50.0,0,0,18,0,,0,0.00020010000298498198,,,
0.9590000000000001,0.725,0.0012216773489967918,1995.879636861788,infeasible,-50.0,0,0,18,0,,0,0.00018960000306833535,,,
0.9590000000000001,0.725,0.0012216773489967918,2512.9227012300507,infeasible,-50.0,0,0,18,0,,0,0.00020590000349329785,,,
0.9590000000000001,0.725,0.0012216773489967918,3163.9084771095468,infeasible,-50.0,0,0,18,0,,0,0.00023859999782871455,,,
0.9590000000000001,0.725,0.0012216773489967918,3983.5355248395426,infeasible,-50.0,0,0,18,0,,0,0.00018080000154441223,,,
0.9590000000000001,0.725,0.0012216773489967918,5015.4912483927765,infeasible,-50.0,0,0,18,0,,0,0.0001736999984132126,,,
0.9590000000000001,0.725,0.0012216773489967918,6314.780502357335,infeasible,-50.0,0,0,18,0,,0,0.00017579999985173345,,,
0.9590000000000001,0.725,0.0012216773489967918,7950.657436742778,infeasible,-50.0,0,0,18,0,,0,0.00017220000154338777,,,
0.9590000000000001,0.725,0.0012216773489967918,10010.316851525651,infeasible,-50.0,0,0,18,0,,0,0.00017359999765176326,,,
0.9590000000000001,0.725,0.0012216773489967918,12603.541815906843,infeasible,-50.0,0,0,18,0,,0,0.00017050000315066427,,,
0.9590000000000001,0.725,0.0012216773489967918,15868.55527765865,infeasible,-50.0,0,0,18,0,,0,0.0001568000006955117,,,
0.9590000000000001,0.725,0.0012216773489967918,19979.387562494434,infeasible,-50.0,0,0,18,0,,0,0.0001512000017100945,,,
0.9590000000000001,0.725,0.0012216773489967918,25155.152462704536,infeasible,-50.0,0,0,18,0,,0,0.00015379999967990443,,,
0.9590000000000001,0.725,0.0012216773489967918,31671.726345094525,infeasible,-50.0,0,0,18,0,,0,0.0001503000021330081,,,
0.9590000000000001,0.725,0.0012216773489967918,39876.452792952354,infeasible,-50.0,0,0,18,0,,0,0.00017329999536741525,,,
0.9590000000000001,0.725,0.0012216773489967918,50206.65656246559,infeasible,-50.0,0,0,18,0,,0,0.00015629999688826501,,,
0.9590000000000001,0.725,0.0012216773489967918,63212.953676433244,infeasible,-50.0,0,0,18,0,,0,0.00015559999883407727,,,
0.9590000000000001,0.725,0.0012216773489967918,79588.60011973389,infeasible,-50.0,0,0,18,0,,0,0.0001508999994257465,,,
0.9590000000000001,0.725,0.0012216773489967918,100206.44346793843,infeasible,-50.0,0,0,18,0,,0,0.00015110000094864517,,,
0.9590000000000001,0.725,0.0012216773489967918,126165.44702868049,infeasible,-50.0,0,0,18,0,,0,0.00015349999739555642,,,
0.9590000000000001,0.725,0.0012216773489967918,158849.26630531237,infeasible,-50.0,0,0,18,0,,0,0.00015250000433297828,,,
0.9590000000000001,0.725,0.0012216773489967918,200000.0,infeasible,-50.0,0,0,18,0,,0,0.00015439999697264284,,,
0.9590000000000001,0.725,0.0014924955450518291,1000.0,infeasible,-50.0,0,0,18,0,,0,0.00019009999959962443,,,
0.9590000000000001,0.725,0.0014924955450518291,1259.0552330005396,infeasible,-50.0,0,0,18,0,,0,0.00010379999730503187,,,
0.9590000000000001,0.725,0.0014924955450518291,1585.220079746043,infeasible,-50.0,0,0,18,0,,0,9.109999518841505e-05,,,
0.9590000000000001,0.725,0.0014924955450518291,1995.879636861788,infeasible,-50.0,0,0,18,0,,0,8.610000077169389e-05,,,
0.9590000000000001,0.725,0.0014924955450518291,2512.9227012300507,infeasible,-50.0,0,0,18,0,,0,8.679999882588163e-05,,,
0.9590000000000001,0.725,0.0014924955450518291,3163.9084771095468,infeasible,-50.0,0,0,18,0,,0,8.430000161752105e-05,,,
0.9590000000000001,0.725,0.0014924955450518291,3983.5355248395426,infeasible,-50.0,0,0,18,0,,0,8.159999561030418e-05,,,
0.9590000000000001,0.725,0.0014924955450518291,5015.4912483927765,infeasible,-50.0,0,0,18,0,,0,8.119999984046444e-05,,,
0.9590000000000001,0.725,0.0014924955450518291,6314.780502357335,infeasible,-50.0,0,0,18,0,,0,8.150000212481245e-05,,,
0.9590000000000001,0.725,0.0014924955450518291,7950.657436742778,infeasible,-50.0,0,0,18,0,,0,8.179999713320285e-05,,,
0.9590000000000001,0.725,0.0014924955450518291,10010.316851525651,infeasible,-50.0,0,0,18,0,,0,8.059999527176842e-05,,,
0.9590000000000001,0.725,0.0014924955450518291,12603.541815906843,infeasible,-50.0,0,0,18,0,,0,8.179999713320285e-05,,,
0.9590000000000001,0.725,0.0014924955450518291,15868.55527765865,infeasible,-50.0,0,0,18,0,,0,8.05000017862767e-05,,,
0.9590000000000001,0.725,0.0014924955450518291,19979.387562494434,infeasible,-50.0,0,0,18,0,,0,8.009999874047935e-05,,,
0.9590000000000001,0.725,0.0014924955450518291,25155.152462704536,infeasible,-50.0,0,0,18,0,,0,8.060000254772604e-05,,,
0.9590000000000001,0.725,0.0014924955450518291,31671.726345094525,infeasible,-50.0,0,0,18,0,,0,8.019999950192869e-05,,,
0.9590000000000001,0.725,0.0014924955450518291,39876.452792952354,infeasible,-50.0,0,0,18,0,,0,8.209999941755086e-05,,,
0.9590000000000001,0.725,0.0014924955450518291,50206.65656246559,infeasible,-50.0,0,0,18,0,,0,8.05000017862767e-05,,,
0.9590000000000001,0.725,0.0014924955450518291,63212.953676433244,infeasible,-50.0,0,0,18,0,,0,8.010000601643696e-05,,,
0.9590000000000001,0.725,0.0014924955450518291,79588.60011973389,infeasible,-50.0,0,0,18,0,,0,7.90999984019436e-05,,,
0.9590000000000001,0.725,0.0014924955450518291,100206.44346793843,infeasible,-50.0,0,0,18,0,,0,7.929999992484227e-05,,,
0.9590000000000001,0.725,0.0014924955450518291,126165.44702868049,infeasible,-50.0,0,0,18,0,,0,7.990000449353829e-05,,,
0.9590000000000001,0.725,0.0014924955450518291,158849.26630531237,infeasible,-50.0,0,0,18,0,,0,8.669999806443229e-05,,,
0.9590000000000001,0.725,0.0014924955450518291,200000.0,infeasible,-50.0,0,0,18,0,,0,8.620000153314322e-05,,,
0.9590000000000001,0.725,0.0018233480008684403,1000.0,infeasible,-50.0,0,0,18,0,,0,0.0006298999942373484,,,
0.9590000000000001,0.725,0.0018233480008684403,1259.0552330005396,infeasible,-50.0,0,0,18,0,,0,0.0004014000005554408,,,
0.9590000000000001,0.725,0.0018233480008684403,1585.220079746043,infeasible,-50.0,0,0,18,0,,0,0.00034669999877223745,,,
0.9590000000000001,0.725,0.0018233480008684403,1995.879636861788,infeasible,-50.0,0,0,18,0,,0,0.00034109999978682026,,,
0.9590000000000001,0.725,0.0018233480008684403,2512.9227012300507,infeasible,-50.0,0,0,18,0,,0,0.0003462000022409484,,,
0.9590000000000001,0.725,0.0018233480008684403,3163.9084771095468,infeasible,-50.0,0,0,18,0,,0,0.0003691000019898638,,,
0.9590000000000001,0.725,0.0018233480008684403,3983.5355248395426,infeasible,-50.0,0,0,18,0,,0,0.000360099998943042,,,
0.9590000000000001,0.725,0.0018233480008684403,5015.4912483927765,infeasible,-50.0,0,0,18,0,,0,0.00034920000325655565,,,
0.9590000000000001,0.725,0.0018233480008684403,6314.780502357335,infeasible,-50.0,0,0,18,0,,0,0.0003236999982618727,,,
0.9590000000000001,0.725,0.0018233480008684403,7950.657436742778,infeasible,-50.0,0,0,18,0,,0,0.00031239999952958897,,,
0.9590000000000001,0.725,0.0018233480008684403,10010.316851525651,infeasible,-50.0,0,0,18,0,,0,0.00034339999547228217,,,
0.9590000000000001,0.725,0.0018233480008684403,12603.541815906843,infeasible,-50.0,0,0,18,0,,0,0.00037090000114403665,,,
0.9590000000000001,0.725,0.0018233480008684403,15868.55527765865,infeasible,-50.0,0,0,18,0,,0,0.0002829000004567206,,,
0.9590000000000001,0.725,0.0018233480008684403,19979.387562494434,infeasible,-50.0,0,0,18,0,,0,0.00029040000663371757,,,
0.9590000000000001,0.725,0.0018233480008684403,25155.152462704536,infeasible,-50.0,0,0,18,0,,0,0.00029260000155773014,,,
0.9590000000000001,0.725,0.0018233480008684403,31671.726345094525,infeasible,-50.0,0,0,18,0,,0,0.00023810000129742548,,,
0.9590000000000001,0.725,0.0018233480008684403,39876.452792952354,infeasible,-50.0,0,0,18,0,,0,0.0004504000025917776,,,
0.9590000000000001,0.725,0.0018233480008684403,50206.65656246559,infeasible,-50.0,0,0,18,0,,0,0.00043540000478969887,,,
0.9590000000000001,0.725,0.0018233480008684403,63212.953676433244,infeasible,-50.0,0,0,18,0,,0,0.0004058999984408729,,,
0.9590000000000001,0.725,0.0018233480008684403,79588.60011973389,infeasible,-50.0,0,0,18,0,,0,0.00033689999690977857,,,
0.9590000000000001,0.725,0.0018233480008684403,100206.44346793843,infeasible,-50.0,0,0,18,0,,0,0.00019800000154646114,,,
0.9590000000000001,0.725,0.0018233480008684403,126165.44702868049,infeasible,-50.0,0,0,18,0,,0,0.0002057999954558909,,,
0.9590000000000001,0.725,0.0018233480008684403,158849.26630531237,infeasible,-50.0,0,0,18,0,,0,0.0001827000014600344,,,
0.9590000000000001,0.725,0.0018233480008684403,200000.0,infeasible,-50.0,0,0,18,0,,0,0.00020170000061625615,,,
0.9590000000000001,0.725,0.0022275429519995563,1000.0,optimal,13.484080054580769,4,2,18,0,0.46415888336127825,101,0.013761000001977663,KAM-KEL:1;KAM-KEL:2;OTT-MON:1;OTT-MON:2,3.0,0.8836014737777781
0.9590000000000001,0.725,0.0022275429519995563,1259.0552330005396,optimal,14.148763201517703,4,2,18,0,0.46415888336127825,101,0.011413699998229276,KAM-KEL:1;KAM-KEL:2;OTT-MON:1;OTT-MON:2,3.0,0.8836014737777781
0.9590000000000001,0.725,0.0022275429519995563,1585.220079746043,optimal,14.813446348454633,4,2,18,0,0.46415888336127825,101,0.01634109999577049,KAM-KEL:1;KAM-KEL:2;OTT-MON:1;OTT-MON:2,3.0,0.8836014737777781
0.9590000000000001,0.725,0.0022275429519995563,1995.879636861788,optimal,15.478129495391567,4,2,18,0,0.46415888336127825,101,0.01270930000464432,KAM-KEL:1;KAM-KEL:2;OTT-MON:1;OTT-MON:2,3.0,0.8836014737777781
0.9590000000000001,0.725,0.0022275429519995563,2512.9227012300507,optimal,16.1428126423285,4,2,18,0,0.46415888336127825,101,0.009501199994701892,KAM-KEL:1;KAM-KEL:2;OTT-MON:1;OTT-MON:2,3.0,0.8836014737777781
0.9590000000000001,0.725,0.0022275429519995563,3163.9084771095468,optimal,16.80749578926543,4,2,18,0,0.46415888336127825,101,0.013557699996454176,KAM-KEL:1;KAM-KEL:2;OTT-MON:1;OTT-MON:2,3.0,0.8836014737777781
0.9590000000000001,0.725,0.0022275429519995563,3983.5355248395426,optimal,17.472178936202365,4,2,18,0,0.46415888336127825,101,0.009957799993571825,KAM-KEL:1;KAM-KEL:2;OTT-MON:1;OTT-MON:2,3.0,0.8836014737777781
0.9590000000000001,0.725,0.0022275429519995563,5015.4912483927765,optimal,18.1368620831393,4,2,18,0,0.46415888336127825,101,0.013078400006634183,KAM-KEL:1;KAM-KEL:2;OTT-MON:1;OTT-MON:2,3.0,0.8836014737777781
0.9590000000000001,0.725,0.0022275429519995563,6314.780502357335,optimal,18.80154523007623,4,2,18,0,0.46415888336127825,101,0.011536800004250836,KAM-KEL:1;KAM-KEL:2;OTT-MON:1;OTT-MON:2,3.0,0.8836014737777781
0.9590000000000001,0.725,0.0022275429519995563,7950.657436742778,optimal,19.466228377013163,4,2,18,0,0.46415888336127825,101,0.0114707000029739,KAM-KEL:1;KAM-KEL:2;OTT-MON:1;OTT-MON:2,3.0,0.8836014737777781
0.9590000000000001,0.725,0.0022275429519995563,10010.316851525651,optimal,20.130911523950097,4,2,18,0,0.46415888336127825,101,0.01028760000190232,KAM-KEL:1;KAM-KEL:2;OTT-MON:1;OTT-MON:2,3.0,0.8836014737777781
0.9590000000000001,0.725,0.0022275429519995563,12603.541815906843,optimal,20.795594670887027,4,2,18,0,0.46415888336127825,101,0.010164400002395269,KAM-KEL:1;KAM-KEL:2;OTT-MON:1;OTT-MON:2,3.0,0.8836014737777781
0.9590000000000001,0.725,0.0022275429519995563,15868.55527765865,optimal,21.46027781782396,4,2,18,0,0.46415888336127825,101,0.008497200004057959,KAM-KEL:1;KAM-KEL:2;OTT-MON:1;OTT-MON:2,3.0,0.8836014737777781
0.9590000000000001,0.725,0.0022275429519995563,19979.387562494434,optimal,22.12496096476089,4,2,18,0,0.46415888336127825,101,0.007918099996459205,KAM-KEL:1;KAM-KEL:2;OTT-MON:1;OTT-MON:2,3.0,0.8836014737777781
0.9590000000000001,0.725,0.0022275429519995563,25155.152462704536,optimal,22.789644111697825,4,2,18,0,0.46415888336127825,101,0.009029100001498591,KAM-KEL:1;KAM-KEL:2;OTT-MON:1;OTT-MON:2,3.0,0.8836014737777781
0.9590000000000001,0.725,0.0022275429519995563,31671.726345094525,optimal,23.454327258634756,4,2,18,0,0.46415888336127825,101,0.009387600002810359,KAM-KEL:1;KAM-KEL:2;OTT-MON:1;OTT-MON:2,3.0,0.8836014737777781
0.9590000000000001,0.725,0.0022275429519995563,39876.452792952354,optimal,24.119010405571693,4,2,18,0,0.46415888336127825,101,0.01015499999630265,KAM-KEL:1;KAM-KEL:2;OTT-MON:1;OTT-MON:2,3.0,0.8836014737777781
0.9590000000000001,0.725,0.0022275429519995563,50206.65656246559,optimal,24.783693552508623,4,2,18,0,0.46415888336127825,101,0.009792600001674145,KAM-KEL:1;KAM-KEL:2;OTT-MON:1;OTT-MON:2,3.0,0.8836014737777781
0.9590000000000001,0.725,0.0022275429519995563,63212.953676433244,optimal,25.448376699445557,4,2,18,0,0.46415888336127825,101,0.010157500000786968,KAM-KEL:1;KAM-KEL:2;OTT-MON:1;OTT-MON:2,3.0,0.8836014737777781
0.9590000000000001,0.725,0.0022275429519995563,79588.60011973389,optimal,26.113059846382487,4,2,18,0,0.46415888336127825,101,0.009862200000497978,KAM-KEL:1;KAM-KEL:2;OTT-MON:1;OTT-MON:2,3.0,0.8836014737777781
0.9590000000000001,0.725,0.0022275429519995563,100206.44346793843,optimal,26.77774299331942,4,2,18,0,0.46415888336127825,101,0.01010649999807356,KAM-KEL:1;KAM-KEL:2;OTT-MON:1;OTT-MON:2,3.0,0.8836014737777781
0.9590000000000001,0.725,0.0022275429519995563,126165.44702868049,optimal,27.44242614025635,4,2,18,0,0.46415888336127825,101,0.006400800004485063,KAM-KEL:1;KAM-KEL:2;OTT-MON:1;OTT-MON:2,3.0,0.8836014737777781
0.9590000000000001,0.725,0.0022275429519995563,158849.26630531237,optimal,28.107109287193282,4,2,18,0,0.46415888336127825,101,0.007593399997858796,KAM-KEL:1;KAM-KEL:2;OTT-MON:1;OTT-MON:2,3.0,0.8836014737777781
0.9590000000000001,0.725,0.0022275429519995563,200000.0,optimal,28.77179243413022,4,2,18,0,0.46415888336127825,101,0.010167699998419266,KAM-KEL:1;KAM-KEL:2;OTT-MON:1;OTT-MON:2,3.0,0.8836014737777781
0.9590000000000001,0.725,0.002721338768375309,1000.0,optimal,13.484080054580769,4,2,18,0,0.46415888336127825,101,0.010859399997571018,KAM-KEL:1;KAM-KEL:2;OTT-MON:1;OTT-MON:2,3.0,0.8836014737777781
0.9590000000000001,0.725,0.002721338768375309,1259.0552330005396,optimal,14.148763201517703,4,2,18,0,0.46415888336127825,101,0.008993400006147567,KAM-KEL:1;KAM-KEL:2;OTT-MON:1;OTT-MON:2,3.0,0.8836014737777781
0.9590000000000001,0.725,0.002721338768375309,1585.220079746043,optimal,14.813446348454633,4,2,18,0,0.46415888336127825,101,0.011113599997770507,KAM-KEL:1;KAM-KEL:2;OTT-MON:1;OTT-MON:2,3.0,0.8836014737777781
0.9590000000000001,0.725,0.002721338768375309,1995.879636861788,optimal,15.478129495391567,4,2,18,0,0.46415888336127825,101,0.011162099995999597,KAM-KEL:1;KAM-KEL:2;OTT-MON:1;OTT-MON:2,3.0,0.8836014737777781
0.9590000000000001,0.725,0.002721338768375309,2512.9227012300507,optimal,16.1428126423285,4,2,18,0,0.46415888336127825,101,0.011200300003110897,KAM-KEL:1;KAM-KEL:2;OTT-MON:1;OTT-MON:2,3.0,0.8836014737777781
0.9590000000000001,0.725,0.002721338768375309,3163.9084771095468,optimal,16.80749578926543,4,2,18,0,0.46415888336127825,101,0.007949399994686246,KAM-KEL:1;KAM-KEL:2;OTT-MON:1;OTT-MON:2,3.0,0.8836014737777781
0.9590000000000001,0.725,0.002721338768375309,3983.5355248395426,optimal,17.472178936202365,4,2,18,0,0.46415888336127825,101,0.004972599999746308,KAM-KEL:1;KAM-KEL:2;OTT-MON:1;OTT-MON:2,3.0,0.8836014737777781
0.9590000000000001,0.725,0.002721338768375309,5015.4912483927765,optimal,18.1368620831393,4,2,18,0,0.46415888336127825,101,0.008873899998434354,KAM-KEL:1;KAM-KEL:2;OTT-MON:1;OTT-MON:2,3.0,0.8836014737777781
0.9590000000000001,0.725,0.002721338768375309,6314.780502357335,optimal,18.80154523007623,4,2,18,0,0.46415888336127825,101,0.010530899999139365,KAM-KEL:1;KAM-KEL:2;OTT-MON:1;OTT-MON:2,3.0,0.8836014737777781
0.9590000000000001,0.725,0.002721338768375309,7950.657436742778,optimal,19.466228377013163,4,2,18,0,0.46415888336127825,101,0.010729099994932767,KAM-KEL:1;KAM-KEL:2;OTT-MON:1;OTT-MON:2,3.0,0.8836014737777781
0.9590000000000001,0.725,0.002721338768375309,10010.316851525651,optimal,20.130911523950097,4,2,18,0,0.46415888336127825,101,0.01025369999842951,KAM-KEL:1;KAM-KEL:2;OTT-MON:1;OTT-MON:2,3.0,0.8836014737777781
0.9590000000000001,0.725,0.002721338768375309,12603.541815906843,optimal,20.795594670887027,4,2,18,0,0.46415888336127825,101,0.010073899997223634,KAM-KEL:1;KAM-KEL:2;OTT-MON:1;OTT-MON:2,3.0,0.8836014737777781
0.9590000000000001,0.725,0.002721338768375309,15868.55527765865,optimal,21.46027781782396,4,2,18,0,0.46415888336127825,101,0.010556200002611149,KAM-KEL:1;KAM-KEL:2;OTT-MON:1;OTT-MON:2,3.0,0.8836014737777781
0.9590000000000001,0.725,0.002721338768375309,19979.387562494434,optimal,22.12496096476089,4,2,18,0,0.46415888336127825,101,0.011527599999681115,KAM-KEL:1;KAM-KEL:2;OTT-MON:1;OTT-MON:2,3.0,0.8836014737777781
0.9590000000000001,0.725,0.002721338768375309,25155.152462704536,optimal,22.789644111697825,4,2,18,0,0.46415888336127825,101,0.010322800000722054,KAM-KEL:1;KAM-KEL:2;OTT-MON:1;OTT-MON:2,3.0,0.8836014737777781
0.9590000000000001,0.725,0.002721338768375309,31671.726345094525,optimal,23.454327258634756,4,2,18,0,0.46415888336127825,101,0.01158640000357991,KAM-KEL:1;KAM-KEL:2;OTT-MON:1;OTT-MON:2,3.0,0.8836014737777781
0.9590000000000001,0.725,0.002721338768375309,39876.452792952354,optimal,24.119010405571693,4,2,18,0,0.46415888336127825,101,0.010777800001960713,KAM-KEL:1;KAM-KEL:2;OTT-MON:1;OTT-MON:2,3.0,0.8836014737777781
0.9590000000000001,0.725,0.002721338768375309,50206.65656246559,optimal,24.783693552508623,4,2,18,0,0.46415888336127825,101,0.010163200000533834,KAM-KEL:1;KAM-KEL:2;OTT-MON:1;OTT-MON:2,3.0,0.8836014737777781
0.9590000000000001,0.725,0.002721338768375309,63212.953676433244,optimal,25.448376699445557,4,2,18,0,0.46415888336127825,101,0.007987999997567385,KAM-KEL:1;KAM-KEL:2;OTT-MON:1;OTT-MON:2,3.0,0.8836014737777781
0.9590000000000001,0.725,0.002721338768375309,79588.60011973389,optimal,26.113059846382487,4,2,18,0,0.46415888336127825,101,0.006354199998895638,KAM-KEL:1;KAM-KEL:2;OTT-MON:1;OTT-MON:2,3.0,0.8836014737777781
0.9590000000000001,0.725,0.002721338768375309,100206.44346793843,optimal,26.77774299331942,4,2,18,0,0.46415888336127825,101,0.005919099996390287,KAM-KEL:1;KAM-KEL:2;OTT-MON:1;OTT-MON:2,3.0,0.8836014737777781
0.9590000000000001,0.725,0.002721338768375309,126165.44702868049,optimal,27.44242614025635,4,2,18,0,0.46415888336127825,101,0.011051299996324815,KAM-KEL:1;KAM-KEL:2;OTT-MON:1;OTT-MON:2,3.0,0.8836014737777781
0.9590000000000001,0.725,0.002721338768375309,158849.26630531237,optimal,28.107109287193282,4,2,18,0,0.46415888336127825,101,0.008244799995736685,KAM-KEL:1;KAM-KEL:2;OTT-MON:1;OTT-MON:2,3.0,0.8836014737777781
0.9590000000000001,0.725,0.002721338768375309,200000.0,optimal,28.77179243413022,4,2,18,0,0.46415888336127825,101,0.009184299997286871,KAM-KEL:1;KAM-KEL:2;OTT-MON:1;OTT-MON:2,3.0,0.8836014737777781
0.9590000000000001,0.725,0.0033245979322709418,1000.0,optimal,18.462970550315752,7,3,18,0,0.23713737056616555,125,0.011454500003310386,CAL-EDM:1;CAL-EDM:2;CAL-EDM:3;KAM-KEL:1;KAM-KEL:2;OTT-MON:1;OTT-MON:2,3.3333333333333335,0.8720558469222719
0.9590000000000001,0.725,0.0033245979322709418,1259.0552330005396,optimal,19.459995270721155,7,3,18,0,0.23713737056616555,125,0.008338799998455215,CAL-EDM:1;CAL-EDM:2;CAL-EDM:3;KAM-KEL:1;KAM-KEL:2;OTT-MON:1;OTT-MON:2,3.3333333333333335,0.8720558469222719
0.9590000000000001,0.725,0.0033245979322709418,1585.220079746043,optimal,20.45701999112655,7,3,18,0,0.23713737056616555,125,0.009293899995100219,CAL-EDM:1;CAL-EDM:2;CAL-EDM:3;KAM-KEL:1;KAM-KEL:2;OTT-MON:1;OTT-MON:2,3.3333333333333335,0.8720558469222719
0.9590000000000001,0.725,0.0033245979322709418,1995.879636861788,optimal,21.45404471153195,7,3,18,0,0.23713737056616555,125,0.010079399995447602,CAL-EDM:1;CAL-EDM:2;CAL-EDM:3;KAM-KEL:1;KAM-KEL:2;OTT-MON:1;OTT-MON:2,3.3333333333333335,0.8720558469222719
0.9590000000000001,0.725,0.0033245979322709418,2512.9227012300507,optimal,22.45106943193735,7,3,18,0,0.23713737056616555,125,0.010240600000543054,CAL-EDM:1;CAL-EDM:2;CAL-EDM:3;KAM-KEL:1;KAM-KEL:2;OTT-MON:1;OTT-MON:2,3.3333333333333335,0.8720558469222719
0.9590000000000001,0.725,0.0033245979322709418,3163.9084771095468,optimal,23.448094152342748,7,3,18,0,0.23713737056616555,125,0.009945499994501006,CAL-EDM:1;CAL-EDM:2;CAL-EDM:3;KAM-KEL:1;KAM-KEL:2;OTT-MON:1;OTT-MON:2,3.3333333333333335,0.8720558469222719
0.9590000000000001,0.725,0.0033245979322709418,3983.5355248395426,optimal,24.445118872748147,7,3,18,0,0.23713737056616555,125,0.0077788000053260475,CAL-EDM:1;CAL-EDM:2;CAL-EDM:3;KAM-KEL:1;KAM-KEL:2;OTT-MON:1;OTT-MON:2,3.3333333333333335,0.8720558469222719
0.9590000000000001,0.725,0.0033245979322709418,5015.4912483927765,optimal,25.442143593153546,7,3,18,0,0.23713737056616555,125,0.00873180000053253,CAL-EDM:1;CAL-EDM:2;CAL-EDM:3;KAM-KEL:1;KAM-KEL:2;OTT-MON:1;OTT-MON:2,3.3333333333333335,0.8720558469222719
0.9590000000000001,0.725,0.0033245979322709418,6314.780502357335,optimal,26.439168313558945,7,3,18,0,0.23713737056616555,125,0.009843499996350147,CAL-EDM:1;CAL-EDM:2;CAL-EDM:3;KAM-KEL:1;KAM-KEL:2;OTT-MON:1;OTT-MON:2,3.3333333333333335,0.8720558469222719
0.9590000000000001,0.725,0.0033245979322709418,7950.657436742778,optimal,27.436193033964344,7,3,18,0,0.23713737056616555,125,0.011568299996724818,CAL-EDM:1;CAL-EDM:2;CAL-EDM:3;KAM-KEL:1;KAM-KEL:2;OTT-MON:1;OTT-MON:2,3.3333333333333335,0.8720558469222719
0.9590000000000001,0.725,0.0033245979322709418,10010.316851525651,optimal,28.433217754369746,7,3,18,0,0.23713737056616555,125,0.008830200000375044,CAL-EDM:1;CAL-EDM:2;CAL-EDM:3;KAM-KEL:1;KAM-KEL:2;OTT-MON:1;OTT-MON:2,3.3333333333333335,0.8720558469222719
0.9590000000000001,0.725,0.0033245979322709418,12603.541815906843,optimal,29.430242474775138,7,3,18,0,0.23713737056616555,125,0.005363899996154942,CAL-EDM:1;CAL-EDM:2;CAL-EDM:3;KAM-KEL:1;KAM-KEL:2;OTT-MON:1;OTT-MON:2,3.3333333333333335,0.8720558469222719
0.9590000000000001,0.725,0.0033245979322709418,15868.55527765865,optimal,30.42726719518054,7,3,18,0,0.23713737056616555,125,0.008921300002839416,CAL-EDM:1;CAL-EDM:2;CAL-EDM:3;KAM-KEL:1;KAM-KEL:2;OTT-MON:1;OTT-MON:2,3.3333333333333335,0.8720558469222719
0.9590000000000001,0.725,0.0033245979322709418,19979.387562494434,optimal,31.42429191558594,7,3,18,0,0.23713737056616555,125,0.010679999999410938,CAL-EDM:1;CAL-EDM:2;CAL-EDM:3;KAM-KEL:1;KAM-KEL:2;OTT-MON:1;OTT-MON:2,3.3333333333333335,0.8720558469222719
0.9590000000000001,0.725,0.0033245979322709418,25155.152462704536,optimal,32.42131663599134,7,3,18,0,0.23713737056616555,125,0.01037969999742927,CAL-EDM:1;CAL-EDM:2;CAL-EDM:3;KAM-KEL:1;KAM-KEL:2;OTT-MON:1;OTT-MON:2,3.3333333333333335,0.8720558469222719
0.9590000000000001,0.725,0.0033245979322709418,31671.726345094525,optimal,33.41834135639674,7,3,18,0,0.23713737056616555,125,0.011336700001265854,CAL-EDM:1;CAL-EDM:2;CAL-EDM:3;KAM-KEL:1;KAM-KEL:2;OTT-MON:1;OTT-MON:2,3.3333333333333335,0.8720558469222719
0.9590000000000001,0.725,0.0033245979322709418,39876.452792952354,optimal,34.415366076802144,7,3,18,0,0.23713737056616555,125,0.011834299999463838,CAL-EDM:1;CAL-EDM:2;CAL-EDM:3;KAM-KEL:1;KAM-KEL:2;OTT-MON:1;OTT-MON:2,3.3333333333333335,0.8720558469222719
0.9590000000000001,0.725,0.0033245979322709418,50206.65656246559,optimal,35.412390797207536,7,3,18,0,0.23713737056616555,125,0.012402299995301291,CAL-EDM:1;CAL-EDM:2;CAL-EDM:3;KAM-KEL:1;KAM-KEL:2;OTT-MON:1;OTT-MON:2,3.3333333333333335,0.8720558469222719
0.9590000000000001,0.725,0.0033245979322709418,63212.953676433244,optimal,36.409415517612935,7,3,18,0,0.23713737056616555,125,0.010843299998668954,CAL-EDM:1;CAL-EDM:2;CAL-EDM:3;KAM-KEL:1;KAM-KEL:2;OTT-MON:1;OTT-MON:2,3.3333333333333335,0.8720558469222719
0.9590000000000001,0.725,0.0033245979322709418,79588.60011973389,optimal,37.406440238018334,7,3,18,0,0.23713737056616555,125,0.010408499998447951,CAL-EDM:1;CAL-EDM:2;CAL-EDM:3;KAM-KEL:1;KAM-KEL:2;OTT-MON:1;OTT-MON:2,3.3333333333333335,0.8720558469222719
0.9590000000000001,0.725,0.0033245979322709418,100206.44346793843,optimal,38.40346495842373,7,3,18,0,0.23713737056616555,125,0.010729400004493073,CAL-EDM:1;CAL-EDM:2;CAL-EDM:3;KAM-KEL:1;KAM-KEL:2;OTT-MON:1;OTT-MON:2,3.3333333333333335,0.8720558469222719
0.9590000000000001,0.725,0.0033245979322709418,126165.44702868049,optimal,39.40048967882913,7,3,18,0,0.23713737056616555,125,0.011022400001820643,CAL-EDM:1;CAL-EDM:2;CAL-EDM:3;KAM-KEL:1;KAM-KEL:2;OTT-MON:1;OTT-MON:2,3.3333333333333335,0.8720558469222719
0.9590000000000001,0.725,0.0033245979322709418,158849.26630531237,optimal,40.397514399234524,7,3,18,0,0.23713737056616555,125,0.009688899997854605,CAL-EDM:1;CAL-EDM:2;CAL-EDM:3;KAM-KEL:1;KAM-KEL:2;OTT-MON:1;OTT-MON:2,3.3333333333333335,0.8720558469222719
0.9590000000000001,0.725,0.0033245979322709418,200000.0,optimal,41.39453911963993,7,3,18,0,0.23713737056616555,125,0.01146100000187289,CAL-EDM:1;CAL-EDM:2;CAL-EDM:3;KAM-KEL:1;KAM-KEL:2;OTT-MON:1;OTT-MON:2,3.3333333333333335,0.8720558469222719
0.9590000000000001,0.725,0.00406158598837698,1000.0,optimal,22.487210308067063,15,5,18,0,0.08153869645085443,173,0.013722899995627813,CAL-EDM:1;CAL-EDM:2;CAL-EDM:3;KAM-KEL:1;KAM-KEL:2;OTT-MON:1;OTT-MON:2;VAN-KAM:1;VAN-KAM:2;VAN-KAM:3;VAN-KAM:4;VAN-KEL:1;VAN-KEL:2;VAN-KEL:3;VAN-KEL:4,4.0,0.8497219863329809
0.9590000000000001,0.725,0.00406158598837698,1259.0552330005396,optimal,24.148918175409396,15,5,18,0,0.050276352689897476,173,0.011657600000035018,CAL-EDM:1;CAL-EDM:2;CAL-EDM:3;KAM-KEL:1;KAM-KEL:2;OTT-MON:1;OTT-MON:2;VAN-KAM:1;VAN-KAM:2;VAN-KAM:3;VAN-KAM:4;VAN-KEL:1;VAN-KEL:2;VAN-KEL:3;VAN-KEL:4,4.0,0.8497219863329809
0.9590000000000001,0.725,0.00406158598837698,1585.220079746043,optimal,25.810626042751736,15,5,18,0,0.08153869645085443,173,0.007366799996816553,CAL-EDM:1;CAL-EDM:2;CAL-EDM:3;KAM-KEL:1;KAM-KEL:2;OTT-MON:1;OTT-MON:2;VAN-KAM:1;VAN-KAM:2;VAN-KAM:3;VAN-KAM:4;VAN-KEL:1;VAN-KEL:2;VAN-KEL:3;VAN-KEL:4,4.0,0.8497219863329809
0.9590000000000001,0.725,0.00406158598837698,1995.879636861788,optimal,27.472333910094065,15,5,18,0,0.08153869645085443,173,0.007800499995937571,CAL-EDM:1;CAL-EDM:2;CAL-EDM:3;KAM-KEL:1;KAM-KEL:2;OTT-MON:1;OTT-MON:2;VAN-KAM:1;VAN-KAM:2;VAN-KAM:3;VAN-KAM:4;VAN-KEL:1;VAN-KEL:2;VAN-KEL:3;VAN-KEL:4,4.0,0.8497219863329809
0.9590000000000001,0.725,0.00406158598837698,2512.9227012300507,optimal,29.13404177743639,15,5,18,0,0.050276352689897476,173,0.012803199999325443,CAL-EDM:1;CAL-EDM:2;CAL-EDM:3;KAM-KEL:1;KAM-KEL:2;OTT-MON:1;OTT-MON:2;VAN-KAM:1;VAN-KAM:2;VAN-KAM:3;VAN-KAM:4;VAN-KEL:1;VAN-KEL:2;VAN-KEL:3;VAN-KEL:4,4.0,0.8497219863329809
0.9590000000000001,0.725,0.00406158598837698,3163.9084771095468,optimal,30.795749644778724,15,5,18,0,0.050276352689897476,173,0.00982790000125533,CAL-EDM:1;CAL-EDM:2;CAL-EDM:3;KAM-KEL:1;KAM-KEL:2;OTT-MON:1;OTT-MON:2;VAN-KAM:1;VAN-KAM:2;VAN-KAM:3;VAN-KAM:4;VAN-KEL:1;VAN-KEL:2;VAN-KEL:3;VAN-KEL:4,4.0,0.8497219863329809
0.9590000000000001,0.725,0.00406158598837698,3983.5355248395426,optimal,32.45745751212105,15,5,18,0,0.08153869645085443,173,0.010087599999678787,CAL-EDM:1;CAL-EDM:2;CAL-EDM:3;KAM-KEL:1;KAM-KEL:2;OTT-MON:1;OTT-MON:2;VAN-KAM:1;VAN-KAM:2;VAN-KAM:3;VAN-KAM:4;VAN-KEL:1;VAN-KEL:2;VAN-KEL:3;VAN-KEL:4,4.0,0.8497219863329809
0.9590000000000001,0.725,0.00406158598837698,5015.4912483927765,optimal,34.11916537946338,15,5,18,0,0.050276352689897476,173,0.012559800001326948,CAL-EDM:1;CAL-EDM:2;CAL-EDM:3;KAM-KEL:1;KAM-KEL:2;OTT-MON:1;OTT-MON:2;VAN-KAM:1;VAN-KAM:2;VAN-KAM:3;VAN-KAM:4;VAN-KEL:1;VAN-KEL:2;VAN-KEL:3;VAN-KEL:4,4.0,0.8497219863329809
0.9590000000000001,0.725,0.00406158598837698,6314.780502357335,optimal,35.78087324680572,15,5,18,0,0.050276352689897476,173,0.013463000002957415,CAL-EDM:1;CAL-EDM:2;CAL-EDM:3;KAM-KEL:1;KAM-KEL:2;OTT-MON:1;OTT-MON:2;VAN-KAM:1;VAN-KAM:2;VAN-KAM:3;VAN-KAM:4;VAN-KEL:1;VAN-KEL:2;VAN-KEL:3;VAN-KEL:4,4.0,0.8497219863329809
0.9590000000000001,0.725,0.00406158598837698,7950.657436742778,optimal,37.44258111414805,15,5,18,0,0.050276352689897476,173,0.010015400002885144,CAL-EDM:1;CAL-EDM:2;CAL-EDM:3;KAM-KEL:1;KAM-KEL:2;OTT-MON:1;OTT-MON:2;VAN-KAM:1;VAN-KAM:2;VAN-KAM:3;VAN-KAM:4;VAN-KEL:1;VAN-KEL:2;VAN-KEL:3;VAN-KEL:4,4.0,0.8497219863329809
0.9590000000000001,0.725,0.00406158598837698,10010.316851525651,optimal,39.104288981490384,15,5,18,0,0.050276352689897476,173,0.00800320000416832,CAL-EDM:1;CAL-EDM:2;CAL-EDM:3;KAM-KEL:1;KAM-KEL:2;OTT-MON:1;OTT-MON:2;VAN-KAM:1;VAN-KAM:2;VAN-KAM:3;VAN-KAM:4;VAN-KEL:1;VAN-KEL:2;VAN-KEL:3;VAN-KEL:4,4.0,0.8497219863329809
0.9590000000000001,0.725,0.00406158598837698,12603.541815906843,optimal,40.76599684883271,15,5,18,0,0.050276352689897476,173,0.008319699998537544,CAL-EDM:1;CAL-EDM:2;CAL-EDM:3;KAM-KEL:1;KAM-KEL:2;OTT-MON:1;OTT-MON:2;VAN-KAM:1;VAN-KAM:2;VAN-KAM:3;VAN-KAM:4;VAN-KEL:1;VAN-KEL:2;VAN-KEL:3;VAN-KEL:4,4.0,0.8497219863329809
0.9590000000000001,0.725,0.00406158598837698,15868.55527765865,optimal,42.42770471617504,15,5,18,0,0.050276352689897476,173,0.010051099998236168,CAL-EDM:1;CAL-EDM:2;CAL-EDM:3;KAM-KEL:1;KAM-KEL:2;OTT-MON:1;OTT-MON:2;VAN-KAM:1;VAN-KAM:2;VAN-KAM:3;VAN-KAM:4;VAN-KEL:1;VAN-KEL:2;VAN-KEL:3;VAN-KEL:4,4.0,0.8497219863329809
0.9590000000000001,0.725,0.00406158598837698,19979.387562494434,optimal,44.08941258351737,15,5,18,0,0.050276352689897476,173,0.011383499993826263,CAL-EDM:1;CAL-EDM:2;CAL-EDM:3;KAM-KEL:1;KAM-KEL:2;OTT-MON:1;OTT-MON:2;VAN-KAM:1;VAN-KAM:2;VAN-KAM:3;VAN-KAM:4;VAN-KEL:1;VAN-KEL:2;VAN-KEL:3;VAN-KEL:4,4.0,0.8497219863329809
0.9590000000000001,0.725,0.00406158598837698,25155.152462704536,optimal,45.75112045085971,15,5,18,0,0.050276352689897476,173,0.011939100004383363,CAL-EDM:1;CAL-EDM:2;CAL-EDM:3;KAM-KEL:1;KAM-KEL:2;OTT-MON:1;OTT-MON:2;VAN-KAM:1;VAN-KAM:2;VAN-KAM:3;VAN-KAM:4;VAN-KEL:1;VAN-KEL:2;VAN-KEL:3;VAN-KEL:4,4.0,0.8497219863329809
0.9590000000000001,0.725,0.00406158598837698,31671.726345094525,optimal,47.41282831820203,15,5,18,0,0.08153869645085443,173,0.012265299999853596,CAL-EDM:1;CAL-EDM:2;CAL-EDM:3;KAM-KEL:1;KAM-KEL:2;OTT-MON:1;OTT-MON:2;VAN-KAM:1;VAN-KAM:2;VAN-KAM:3;VAN-KAM:4;VAN-KEL:1;VAN-KEL:2;VAN-KEL:3;VAN-KEL:4,4.0,0.8497219863329809
0.9590000000000001,0.725,0.00406158598837698,39876.452792952354,optimal,49.074536185544375,15,5,18,0,0.050276352689897476,173,0.013627000000269618,CAL-EDM:1;CAL-EDM:2;CAL-EDM:3;KAM-KEL:1;KAM-KEL:2;OTT-MON:1;OTT-MON:2;VAN-KAM:1;VAN-KAM:2;VAN-KAM:3;VAN-KAM:4;VAN-KEL:1;VAN-KEL:2;VAN-KEL:3;VAN-KEL:4,4.0,0.8497219863329809
0.9590000000000001,0.725,0.00406158598837698,50206.65656246559,optimal,50.7362440528867,15,5,18,0,0.050276352689897476,173,0.01456569999572821,CAL-EDM:1;CAL-EDM:2;CAL-EDM:3;KAM-KEL:1;KAM-KEL:2;OTT-MON:1;OTT-MON:2;VAN-KAM:1;VAN-KAM:2;VAN-KAM:3;VAN-KAM:4;VAN-KEL:1;VAN-KEL:2;VAN-KEL:3;VAN-KEL:4,4.0,0.8497219863329809
0.9590000000000001,0.725,0.00406158598837698,63212.953676433244,optimal,52.39795192022903,15,5,18,0,0.050276352689897476,173,0.012131500006944407,CAL-EDM:1;CAL-EDM:2;CAL-EDM:3;KAM-KEL:1;KAM-KEL:2;OTT-MON:1;OTT-MON:2;VAN-KAM:1;VAN-KAM:2;VAN-KAM:3;VAN-KAM:4;VAN-KEL:1;VAN-KEL:2;VAN-KEL:3;VAN-KEL:4,4.0,0.8497219863329809
0.9590000000000001,0.725,0.00406158598837698,79588.60011973389,optimal,54.059659787571356,15,5,18,0,0.050276352689897476,173,0.013476500003889669,CAL-EDM:1;CAL-EDM:2;CAL-EDM:3;KAM-KEL:1;KAM-KEL:2;OTT-MON:1;OTT-MON:2;VAN-KAM:1;VAN-KAM:2;VAN-KAM:3;VAN-KAM:4;VAN-KEL:1;VAN-KEL:2;VAN-KEL:3;VAN-KEL:4,4.0,0.8497219863329809
0.9590000000000001,0.725,0.00406158598837698,100206.44346793843,optimal,55.7213676549137,15,5,18,0,0.050276352689897476,173,0.01151419999951031,CAL-EDM:1;CAL-EDM:2;CAL-EDM:3;KAM-KEL:1;KAM-KEL:2;OTT-MON:1;OTT-MON:2;VAN-KAM:1;VAN-KAM:2;VAN-KAM:3;VAN-KAM:4;VAN-KEL:1;VAN-KEL:2;VAN-KEL:3;VAN-KEL:4,4.0,0.8497219863329809
0.9590000000000001,0.725,0.00406158598837698,126165.44702868049,optimal,57.38307552225603,15,5,18,0,0.08153869645085443,173,0.012279499998840038,CAL-EDM:1;CAL-EDM:2;CAL-EDM:3;KAM-KEL:1;KAM-KEL:2;OTT-MON:1;OTT-MON:2;VAN-KAM:1;VAN-KAM:2;VAN-KAM:3;VAN-KAM:4;VAN-KEL:1;VAN-KEL:2;VAN-KEL:3;VAN-KEL:4,4.0,0.8497219863329809
0.9590000000000001,0.725,0.00406158598837698,158849.26630531237,optimal,59.04478338959835,15,5,18,0,0.050276352689897476,173,0.015399500000057742,CAL-EDM:1;CAL-EDM:2;CAL-EDM:3;KAM-KEL:1;KAM-KEL:2;OTT-MON:1;OTT-MON:2;VAN-KAM:1;VAN-KAM:2;VAN-KAM:3;VAN-KAM:4;VAN-KEL:1;VAN-KEL:2;VAN-KEL:3;VAN-KEL:4,4.0,0.8497219863329809
0.9590000000000001,0.725,0.00406158598837698,200000.0,optimal,60.70649125694069,15,5,18,0,0.050276352689897476,173,0.013648500003910158,CAL-EDM:1;CAL-EDM:2;CAL-EDM:3;KAM-KEL:1;KAM-KEL:2;OTT-MON:1;OTT-MON:2;VAN-KAM:1;VAN-KAM:2;VAN-KAM:3;VAN-KAM:4;VAN-KEL:1;VAN-KEL:2;VAN-KEL:3;VAN-KEL:4,4.0,0.8497219863329809
0.9590000000000001,0.725,0.004961947603002903,1000.0,optimal,23.41505753916683,20,6,18,0,0.050276352689897476,197,0.0142381000041496,CAL-EDM:1;CAL-EDM:2;CAL-EDM:3;KAM-KEL:1;KAM-KEL:2;OTT-MON:1;OTT-MON:2;TOR-OTT:1;TOR-OTT:2;TOR-OTT:3;TOR-OTT:4;TOR-OTT:5;VAN-KAM:1;VAN-KAM:2;VAN-KAM:3;VAN-KAM:4;VAN-KEL:1;VAN-KEL:2;VAN-KEL:3;VAN-KEL:4,4.333333333333333,0.8389796169604558
0.9590000000000001,0.725,0.004961947603002903,1259.0552330005396,optimal,25.40910697997763,20,6,18,0,0.050276352689897476,197,0.015078800002811477,CAL-EDM:1;CAL-EDM:2;CAL-EDM:3;KAM-KEL:1;KAM-KEL:2;OTT-MON:1;OTT-MON:2;TOR-OTT:1;TOR-OTT:2;TOR-OTT:3;TOR-OTT:4;TOR-OTT:5;VAN-KAM:1;VAN-KAM:2;VAN-KAM:3;VAN-KAM:4;VAN-KEL:1;VAN-KEL:2;VAN-KEL:3;VAN-KEL:4,4.333333333333333,0.8389796169604558
0.9590000000000001,0.725,0.004961947603002903,1585.220079746043,optimal,27.403156420788434,20,6,18,0,0.050276352689897476,197,0.02314990000013495,CAL-EDM:1;CAL-EDM:2;CAL-EDM:3;KAM-KEL:1;KAM-KEL:2;OTT-MON:1;OTT-MON:2;TOR-OTT:1;TOR-OTT:2;TOR-OTT:3;TOR-OTT:4;TOR-OTT:5;VAN-KAM:1;VAN-KAM:2;VAN-KAM:3;VAN-KAM:4;VAN-KEL:1;VAN-KEL:2;VAN-KEL:3;VAN-KEL:4,4.333333333333333,0.8389796169604558
0.9590000000000001,0.725,0.004961947603002903,1995.879636861788,optimal,29.397205861599225,20,6,18,0,0.050276352689897476,197,0.023021500004688278,CAL-EDM:1;CAL-EDM:2;CAL-EDM:3;KAM-KEL:1;KAM-KEL:2;OTT-MON:1;OTT-MON:2;TOR-OTT:1;TOR-OTT:2;TOR-OTT:3;TOR-OTT:4;TOR-OTT:5;VAN-KAM:1;VAN-KAM:2;VAN-KAM:3;VAN-KAM:4;VAN-KEL:1;VAN-KEL:2;VAN-KEL:3;VAN-KEL:4,4.333333333333333,0.8389796169604558
0.9590000000000001,0.725,0.004961947603002903,2512.9227012300507,optimal,31.391255302410023,20,6,18,0,0.050276352689897476,197,0.011468600001535378,CAL-EDM:1;CAL-EDM:2;CAL-EDM:3;KAM-KEL:1;KAM-KEL:2;OTT-MON:1;OTT-MON:2;TOR-OTT:1;TOR-OTT:2;TOR-OTT:3;TOR-OTT:4;TOR-OTT:5;VAN-KAM:1;VAN-KAM:2;VAN-KAM:3;VAN-KAM:4;VAN-KEL:1;VAN-KEL:2;VAN-KEL:3;VAN-KEL:4,4.333333333333333,0.8389796169604558
0.9590000000000001,0.725,0.004961947603002903,3163.9084771095468,optimal,33.38530474322082,20,6,18,0,0.08153869645085443,197,0.008392300005652942,CAL-EDM:1;CAL-EDM:2;CAL-EDM:3;KAM-KEL:1;KAM-KEL:2;OTT-MON:1;OTT-MON:2;TOR-OTT:1;TOR-OTT:2;TOR-OTT:3;TOR-OTT:4;TOR-OTT:5;VAN-KAM:1;VAN-KAM:2;VAN-KAM:3;VAN-KAM:4;VAN-KEL:1;VAN-KEL:2;VAN-KEL:3;VAN-KEL:4,4.333333333333333,0.8389796169604558
0.9590000000000001,0.725,0.004961947603002903,3983.5355248395426,optimal,35.37935418403162,20,6,18,0,0.08153869645085443,197,0.008868599994457327,CAL-EDM:1;CAL-EDM:2;CAL-EDM:3;KAM-KEL:1;KAM-KEL:2;OTT-MON:1;OTT-MON:2;TOR-OTT:1;TOR-OTT:2;TOR-OTT:3;TOR-OTT:4;TOR-OTT:5;VAN-KAM:1;VAN-KAM:2;VAN-KAM:3;VAN-KAM:4;VAN-KEL:1;VAN-KEL:2;VAN-KEL:3;VAN-KEL:4,4.333333333333333,0.8389796169604558
0.9590000000000001,0.725,0.004961947603002903,5015.4912483927765,optimal,37.37340362484242,20,6,18,0,0.050276352689897476,197,0.008931500000471715,CAL-EDM:1;CAL-EDM:2;CAL-EDM:3;KAM-KEL:1;KAM-KEL:2;OTT-MON:1;OTT-MON:2;TOR-OTT:1;TOR-OTT:2;TOR-OTT:3;TOR-OTT:4;TOR-OTT:5;VAN-KAM:1;VAN-KAM:2;VAN-KAM:3;VAN-KAM:4;VAN-KEL:1;VAN-KEL:2;VAN-KEL:3;VAN-KEL:4,4.333333333333333,0.8389796169604558
0.9590000000000001,0.725,0.004961947603002903,6314.780502357335,optimal,39.367453065653216,20,6,18,0,0.050276352689897476,197,0.011485600000014529,CAL-EDM:1;CAL-EDM:2;CAL-EDM:3;KAM-KEL:1;KAM-KEL:2;OTT-MON:1;OTT-MON:2;TOR-OTT:1;TOR-OTT:2;TOR-OTT:3;TOR-OTT:4;TOR-OTT:5;VAN-KAM:1;VAN-KAM:2;VAN-KAM:3;VAN-KAM:4;VAN-KEL:1;VAN-KEL:2;VAN-KEL:3;VAN-KEL:4,4.333333333333333,0.8389796169604558
0.9590000000000001,0.725,0.004961947603002903,7950.657436742778,optimal,41.361502506464014,20,6,18,0,0.050276352689897476,197,0.014702400003443472,CAL-EDM:1;CAL-EDM:2;CAL-EDM:3;KAM-KEL:1;KAM-KEL:2;OTT-MON:1;OTT-MON:2;TOR-OTT:1;TOR-OTT:2;TOR-OTT:3;TOR-OTT:4;TOR-OTT:5;VAN-KAM:1;VAN-KAM:2;VAN-KAM:3;VAN-KAM:4;VAN-KEL:1;VAN-KEL:2;VAN-KEL:3;VAN-KEL:4,4.333333333333333,0.8389796169604558
0.9590000000000001,0.725,0.004961947603002903,10010.316851525651,optimal,43.35555194727481,20,6,18,0,0.050276352689897476,197,0.013692100001208019,CAL-EDM:1;CAL-EDM:2;CAL-EDM:3;KAM-KEL:1;KAM-KEL:2;OTT-MON:1;OTT-MON:2;TOR-OTT:1;TOR-OTT:2;TOR-OTT:3;TOR-OTT:4;TOR-OTT:5;VAN-KAM:1;VAN-KAM:2;VAN-KAM:3;VAN-KAM:4;VAN-KEL:1;VAN-KEL:2;VAN-KEL:3;VAN-KEL:4,4.333333333333333,0.8389796169604558
0.9590000000000001,0.725,0.004961947603002903,12603.541815906843,optimal,45.3496013880856,20,6,18,0,0.050276352689897476,197,0.009250700000848155,CAL-EDM:1;CAL-EDM:2;CAL-EDM:3;KAM-KEL:1;KAM-KEL:2;OTT-MON:1;OTT-MON:2;TOR-OTT:1;TOR-OTT:2;TOR-OTT:3;TOR-OTT:4;TOR-OTT:5;VAN-KAM:1;VAN-KAM:2;VAN-KAM:3;VAN-KAM:4;VAN-KEL:1;VAN-KEL:2;VAN-KEL:3;VAN-KEL:4,4.333333333333333,0.8389796169604558
0.9590000000000001,0.725,0.004961947603002903,15868.55527765865,optimal,47.34365082889641,20,6,18,0,0.050276352689897476,197,0.0075260999947204255,CAL-EDM:1;CAL-EDM:2;CAL-EDM:3;KAM-KEL:1;KAM-KEL:2;OTT-MON:1;OTT-MON:2;TOR-OTT:1;TOR-OTT:2;TOR-OTT:3;TOR-OTT:4;TOR-OTT:5;VAN-KAM:1;VAN-KAM:2;VAN-KAM:3;VAN-KAM:4;VAN-KEL:1;VAN-KEL:2;VAN-KEL:3;VAN-KEL:4,4.333333333333333,0.8389796169604558
0.9590000000000001,0.725,0.004961947603002903,19979.387562494434,optimal,49.3377002697072,20,6,18,0,0.08153869645085443,197,0.010109700000612065,CAL-EDM:1;CAL-EDM:2;CAL-EDM:3;KAM-KEL:1;KAM-KEL:2;OTT-MON:1;OTT-MON:2;TOR-OTT:1;TOR-OTT:2;TOR-OTT:3;TOR-OTT:4;TOR-OTT:5;VAN-KAM:1;VAN-KAM:2;VAN-KAM:3;VAN-KAM:4;VAN-KEL:1;VAN-KEL:2;VAN-KEL:3;VAN-KEL:4,4.333333333333333,0.8389796169604558
0.9590000000000001,0.725,0.004961947603002903,25155.152462704536,optimal,51.331749710518004,20,6,18,0,0.050276352689897476,197,0.01337729999795556,CAL-EDM:1;CAL-EDM:2;CAL-EDM:3;KAM-KEL:1;KAM-KEL:2;OTT-MON:1;OTT-MON:2;TOR-OTT:1;TOR-OTT:2;TOR-OTT:3;TOR-OTT:4;TOR-OTT:5;VAN-KAM:1;VAN-KAM:2;VAN-KAM:3;VAN-KAM:4;VAN-KEL:1;VAN-KEL:2;VAN-KEL:3;VAN-KEL:4,4.333333333333333,0.8389796169604558
0.9590000000000001,0.725,0.004961947603002903,31671.726345094525,optimal,53.325799151328795,20,6,18,0,0.0640270900528647,197,0.013646699997480027,CAL-EDM:1;CAL-EDM:2;CAL-EDM:3;KAM-KEL:1;KAM-KEL:2;OTT-MON:1;OTT-MON:2;TOR-OTT:1;TOR-OTT:2;TOR-OTT:3;TOR-OTT:4;TOR-OTT:5;VAN-KAM:1;VAN-KAM:2;VAN-KAM:3;VAN-KAM:4;VAN-KEL:1;VAN-KEL:2;VAN-KEL:3;VAN-KEL:4,4.333333333333333,0.8389796169604558
0.9590000000000001,0.725,0.004961947603002903,39876.452792952354,optimal,55.3198485921396,20,6,18,0,0.0640270900528647,197,0.013899099998525344,CAL-EDM:1;CAL-EDM:2;CAL-EDM:3;KAM-KEL:1;KAM-KEL:2;OTT-MON:1;OTT-MON:2;TOR-OTT:1;TOR-OTT:2;TOR-OTT:3;TOR-OTT:4;TOR-OTT:5;VAN-KAM:1;VAN-KAM:2;VAN-KAM:3;VAN-KAM:4;VAN-KEL:1;VAN-KEL:2;VAN-KEL:3;VAN-KEL:4,4.333333333333333,0.8389796169604558
0.9590000000000001,0.725,0.004961947603002903,50206.65656246559,optimal,57.31389803295039,20,6,18,0,0.050276352689897476,197,0.014307500001450535,CAL-EDM:1;CAL-EDM:2;CAL-EDM:3;KAM-KEL:1;KAM-KEL:2;OTT-MON:1;OTT-MON:2;TOR-OTT:1;TOR-OTT:2;TOR-OTT:3;TOR-OTT:4;TOR-OTT:5;VAN-KAM:1;VAN-KAM:2;VAN-KAM:3;VAN-KAM:4;VAN-KEL:1;VAN-KEL:2;VAN-KEL:3;VAN-KEL:4,4.333333333333333,0.8389796169604558
0.9590000000000001,0.725,0.004961947603002903,63212.953676433244,optimal,59.307947473761196,20,6,18,0,0.050276352689897476,197,0.00912419999804115,CAL-EDM:1;CAL-EDM:2;CAL-EDM:3;KAM-KEL:1;KAM-KEL:2;OTT-MON:1;OTT-MON:2;TOR-OTT:1;TOR-OTT:2;TOR-OTT:3;TOR-OTT:4;TOR-OTT:5;VAN-KAM:1;VAN-KAM:2;VAN-KAM:3;VAN-KAM:4;VAN-KEL:1;VAN-KEL:2;VAN-KEL:3;VAN-KEL:4,4.333333333333333,0.8389796169604558
0.9590000000000001,0.725,0.004961947603002903,79588.60011973389,optimal,61.30199691457199,20,6,18,0,0.050276352689897476,197,0.009556199998769443,CAL-EDM:1;CAL-EDM:2;CAL-EDM:3;KAM-KEL:1;KAM-KEL:2;OTT-MON:1;OTT-MON:2;TOR-OTT:1;TOR-OTT:2;TOR-OTT:3;TOR-OTT:4;TOR-OTT:5;VAN-KAM:1;VAN-KAM:2;VAN-KAM:3;VAN-KAM:4;VAN-KEL:1;VAN-KEL:2;VAN-KEL:3;VAN-KEL:4,4.333333333333333,0.8389796169604558
0.9590000000000001,0.725,0.004961947603002903,100206.44346793843,optimal,63.2960463553828,20,6,18,0,0.050276352689897476,197,0.009269099995435681,CAL-EDM:1;CAL-EDM:2;CAL-EDM:3;KAM-KEL:1;KAM-KEL:2;OTT-MON:1;OTT-MON:2;TOR-OTT:1;TOR-OTT:2;TOR-OTT:3;TOR-OTT:4;TOR-OTT:5;VAN-KAM:1;VAN-KAM:2;VAN-KAM:3;VAN-KAM:4;VAN-KEL:1;VAN-KEL:2;VAN-KEL:3;VAN-KEL:4,4.333333333333333,0.8389796169604558
0.9590000000000001,0.725,0.004961947603002903,126165.44702868049,optimal,65.29009579619358,20,6,18,0,0.0640270900528647,197,0.010365599999204278,CAL-EDM:1;CAL-EDM:2;CAL-EDM:3;KAM-KEL:1;KAM-KEL:2;OTT-MON:1;OTT-MON:2;TOR-OTT:1;TOR-OTT:2;TOR-OTT:3;TOR-OTT:4;TOR-OTT:5;VAN-KAM:1;VAN-KAM:2;VAN-KAM:3;VAN-KAM:4;VAN-KEL:1;VAN-KEL:2;VAN-KEL:3;VAN-KEL:4,4.333333333333333,0.8389796169604558
0.9590000000000001,0.725,0.004961947603002903,158849.26630531237,optimal,67.28414523700437,20,6,18,0,0.050276352689897476,197,0.009968400001525879,CAL-EDM:1;CAL-EDM:2;CAL-EDM:3;KAM-KEL:1;KAM-KEL:2;OTT-MON:1;OTT-MON:2;TOR-OTT:1;TOR-OTT:2;TOR-OTT:3;TOR-OTT:4;TOR-OTT:5;VAN-KAM:1;VAN-KAM:2;VAN-KAM:3;VAN-KAM:4;VAN-KEL:1;VAN-KEL:2;VAN-KEL:3;VAN-KEL:4,4.333333333333333,0.8389796169604558
0.9590000000000001,0.725,0.004961947603002903,200000.0,optimal,69.27819467781518,20,6,18,0,0.08153869645085443,197,0.010461300000315532,CAL-EDM:1;CAL-EDM:2;CAL-EDM:3;KAM-KEL:1;KAM-KEL:2;OTT-MON:1;OTT-MON:2;TOR-OTT:1;TOR-OTT:2;TOR-OTT:3;TOR-OTT:4;TOR-OTT:5;VAN-KAM:1;VAN-KAM:2;VAN-KAM:3;VAN-KAM:4;VAN-KEL:1;VAN-KEL:2;VAN-KEL:3;VAN-KEL:4,4.333333333333333,0.8389796169604558
0.9590000000000001,0.725,0.006061898993497572,1000.0,optimal,25.264074982584045,39,9,18,0,0.0640270900528647,294,0.022280400000454392,CAL-EDM:1;CAL-EDM:2;CAL-EDM:3;EDM-SAS:1;EDM-SAS:2;EDM-SAS:3;EDM-SAS:4;EDM-SAS:5;EDM-SAS:6;KAM-CAL:1;KAM-CAL:2;KAM-CAL:3;KAM-CAL:4;KAM-CAL:5;KAM-CAL:6;KAM-CAL:7;KAM-KEL:1;KAM-KEL:2;OTT-MON:1;OTT-MON:2;TOR-MON:1;TOR-MON:2;TOR-MON:3;TOR-MON:4;TOR-MON:5;TOR-MON:6;TOR-OTT:1;TOR-OTT:2;TOR-OTT:3;TOR-OTT:4;TOR-OTT:5;VAN-KAM:1;VAN-KAM:2;VAN-KAM:3;VAN-KAM:4;VAN-KEL:1;VAN-KEL:2;VAN-KEL:3;VAN-KEL:4,5.333333333333333,0.8082483789987412
0.9590000000000001,0.725,0.006061898993497572,1259.0552330005396,optimal,28.255149143800242,39,9,18,0,0.06044547074134525,294,0.02700899999763351,CAL-EDM:1;CAL-EDM:2;CAL-EDM:3;EDM-SAS:1;EDM-SAS:2;EDM-SAS:3;EDM-SAS:4;EDM-SAS:5;EDM-SAS:6;KAM-CAL:1;KAM-CAL:2;KAM-CAL:3;KAM-CAL:4;KAM-CAL:5;KAM-CAL:6;KAM-CAL:7;KAM-KEL:1;KAM-KEL:2;OTT-MON:1;OTT-MON:2;TOR-MON:1;TOR-MON:2;TOR-MON:3;TOR-MON:4;TOR-MON:5;TOR-MON:6;TOR-OTT:1;TOR-OTT:2;TOR-OTT:3;TOR-OTT:4;TOR-OTT:5;VAN-KAM:1;VAN-KAM:2;VAN-KAM:3;VAN-KAM:4;VAN-KEL:1;VAN-KEL:2;VAN-KEL:3;VAN-KEL:4,5.333333333333333,0.8082483789987412
0.9590000000000001,0.725,0.006061898993497572,1585.220079746043,optimal,31.24622330501644,39,9,18,0,0.05387208250415978,294,0.018110299999534618,CAL-EDM:1;CAL-EDM:2;CAL-EDM:3;EDM-SAS:1;EDM-SAS:2;EDM-SAS:3;EDM-SAS:4;EDM-SAS:5;EDM-SAS:6;KAM-CAL:1;KAM-CAL:2;KAM-CAL:3;KAM-CAL:4;KAM-CAL:5;KAM-CAL:6;KAM-CAL:7;KAM-KEL:1;KAM-KEL:2;OTT-MON:1;OTT-MON:2;TOR-MON:1;TOR-MON:2;TOR-MON:3;TOR-MON:4;TOR-MON:5;TOR-MON:6;TOR-OTT:1;TOR-OTT:2;TOR-OTT:3;TOR-OTT:4;TOR-OTT:5;VAN-KAM:1;VAN-KAM:2;VAN-KAM:3;VAN-KAM:4;VAN-KEL:1;VAN-KEL:2;VAN-KEL:3;VAN-KEL:4,5.333333333333333,0.8082483789987412
0.9590000000000001,0.725,0.006061898993497572,1995.879636861788,optimal,34.23729746623264,39,9,18,0,0.05387208250415978,294,0.020569799999066163,CAL-EDM:1;CAL-EDM:2;CAL-EDM:3;EDM-SAS:1;EDM-SAS:2;EDM-SAS:3;EDM-SAS:4;EDM-SAS:5;EDM-SAS:6;KAM-CAL:1;KAM-CAL:2;KAM-CAL:3;KAM-CAL:4;KAM-CAL:5;KAM-CAL:6;KAM-CAL:7;KAM-KEL:1;KAM-KEL:2;OTT-MON:1;OTT-MON:2;TOR-MON:1;TOR-MON:2;TOR-MON:3;TOR-MON:4;TOR-MON:5;TOR-MON:6;TOR-OTT:1;TOR-OTT:2;TOR-OTT:3;TOR-OTT:4;TOR-OTT:5;VAN-KAM:1;VAN-KAM:2;VAN-KAM:3;VAN-KAM:4;VAN-KEL:1;VAN-KEL:2;VAN-KEL:3;VAN-KEL:4,5.333333333333333,0.8082483789987412
0.9590000000000001,0.725,0.006061898993497572,2512.9227012300507,optimal,37.22837162744884,39,9,18,0,0.05387208250415978,294,0.048748400004114956,CAL-EDM:1;CAL-EDM:2;CAL-EDM:3;EDM-SAS:1;EDM-SAS:2;EDM-SAS:3;EDM-SAS:4;EDM-SAS:5;EDM-SAS:6;KAM-CAL:1;KAM-CAL:2;KAM-CAL:3;KAM-CAL:4;KAM-CAL:5;KAM-CAL:6;KAM-CAL:7;KAM-KEL:1;KAM-KEL:2;OTT-MON:1;OTT-MON:2;TOR-MON:1;TOR-MON:2;TOR-MON:3;TOR-MON:4;TOR-MON:5;TOR-MON:6;TOR-OTT:1;TOR-OTT:2;TOR-OTT:3;TOR-OTT:4;TOR-OTT:5;VAN-KAM:1;VAN-KAM:2;VAN-KAM:3;VAN-KAM:4;VAN-KEL:1;VAN-KEL:2;VAN-KEL:3;VAN-KEL:4,5.333333333333333,0.8082483789987412
0.9590000000000001,0.725,0.006061898993497572,3163.9084771095468,optimal,40.219445788665034,39,9,18,0,0.0640270900528647,294,0.03301790000114124,CAL-EDM:1;CAL-EDM:2;CAL-EDM:3;EDM-SAS:1;EDM-SAS:2;EDM-SAS:3;EDM-SAS:4;EDM-SAS:5;EDM-SAS:6;KAM-CAL:1;KAM-CAL:2;KAM-CAL:3;KAM-CAL:4;KAM-CAL:5;KAM-CAL:6;KAM-CAL:7;KAM-KEL:1;KAM-KEL:2;OTT-MON:1;OTT-MON:2;TOR-MON:1;TOR-MON:2;TOR-MON:3;TOR-MON:4;TOR-MON:5;TOR-MON:6;TOR-OTT:1;TOR-OTT:2;TOR-OTT:3;TOR-OTT:4;TOR-OTT:5;VAN-KAM:1;VAN-KAM:2;VAN-KAM:3;VAN-KAM:4;VAN-KEL:1;VAN-KEL:2;VAN-KEL:3;VAN-KEL:4,5.333333333333333,0.8082483789987412
0.9590000000000001,0.725,0.006061898993497572,3983.5355248395426,optimal,43.21051994988123,39,9,18,0,0.05387208250415978,294,0.05075120000401512,CAL-EDM:1;CAL-EDM:2;CAL-EDM:3;EDM-SAS:1;EDM-SAS:2;EDM-SAS:3;EDM-SAS:4;EDM-SAS:5;EDM-SAS:6;KAM-CAL:1;KAM-CAL:2;KAM-CAL:3;KAM-CAL:4;KAM-CAL:5;KAM-CAL:6;KAM-CAL:7;KAM-KEL:1;KAM-KEL:2;OTT-MON:1;OTT-MON:2;TOR-MON:1;TOR-MON:2;TOR-MON:3;TOR-MON:4;TOR-MON:5;TOR-MON:6;TOR-OTT:1;TOR-OTT:2;TOR-OTT:3;TOR-OTT:4;TOR-OTT:5;VAN-KAM:1;VAN-KAM:2;VAN-KAM:3;VAN-KAM:4;VAN-KEL:1;VAN-KEL:2;VAN-KEL:3;VAN-KEL:4,5.333333333333333,0.8082483789987412
0.9590000000000001,0.725,0.006061898993497572,5015.4912483927765,optimal,46.20159411109743,39,9,18,0,0.05387208250415978,294,0.046285899996291846,CAL-EDM:1;CAL-EDM:2;CAL-EDM:3;EDM-SAS:1;EDM-SAS:2;EDM-SAS:3;EDM-SAS:4;EDM-SAS:5;EDM-SAS:6;KAM-CAL:1;KAM-CAL:2;KAM-CAL:3;KAM-CAL:4;KAM-CAL:5;KAM-CAL:6;KAM-CAL:7;KAM-KEL:1;KAM-KEL:2;OTT-MON:1;OTT-MON:2;TOR-MON:1;TOR-MON:2;TOR-MON:3;TOR-MON:4;TOR-MON:5;TOR-MON:6;TOR-OTT:1;TOR-OTT:2;TOR-OTT:3;TOR-OTT:4;TOR-OTT:5;VAN-KAM:1;VAN-KAM:2;VAN-KAM:3;VAN-KAM:4;VAN-KEL:1;VAN-KEL:2;VAN-KEL:3;VAN-KEL:4,5.333333333333333,0.8082483789987412
0.9590000000000001,0.725,0.006061898993497572,6314.780502357335,optimal,49.192668272313625,39,9,18,0,0.0640270900528647,294,0.024529400005121715,CAL-EDM:1;CAL-EDM:2;CAL-EDM:3;EDM-SAS:1;EDM-SAS:2;EDM-SAS:3;EDM-SAS:4;EDM-SAS:5;EDM-SAS:6;KAM-CAL:1;KAM-CAL:2;KAM-CAL:3;KAM-CAL:4;KAM-CAL:5;KAM-CAL:6;KAM-CAL:7;KAM-KEL:1;KAM-KEL:2;OTT-MON:1;OTT-MON:2;TOR-MON:1;TOR-MON:2;TOR-MON:3;TOR-MON:4;TOR-MON:5;TOR-MON:6;TOR-OTT:1;TOR-OTT:2;TOR-OTT:3;TOR-OTT:4;TOR-OTT:5;VAN-KAM:1;VAN-KAM:2;VAN-KAM:3;VAN-KAM:4;VAN-KEL:1;VAN-KEL:2;VAN-KEL:3;VAN-KEL:4,5.333333333333333,0.8082483789987412
0.9590000000000001,0.725,0.006061898993497572,7950.657436742778,optimal,52.18374243352982,39,9,18,0,0.05387208250415978,294,0.04892630000540521,CAL-EDM:1;CAL-EDM:2;CAL-EDM:3;EDM-SAS:1;EDM-SAS:2;EDM-SAS:3;EDM-SAS:4;EDM-SAS:5;EDM-SAS:6;KAM-CAL:1;KAM-CAL:2;KAM-CAL:3;KAM-CAL:4;KAM-CAL:5;KAM-CAL:6;KAM-CAL:7;KAM-KEL:1;KAM-KEL:2;OTT-MON:1;OTT-MON:2;TOR-MON:1;TOR-MON:2;TOR-MON:3;TOR-MON:4;TOR-MON:5;TOR-MON:6;TOR-OTT:1;TOR-OTT:2;TOR-OTT:3;TOR-OTT:4;TOR-OTT:5;VAN-KAM:1;VAN-KAM:2;VAN-KAM:3;VAN-KAM:4;VAN-KEL:1;VAN-KEL:2;VAN-KEL:3;VAN-KEL:4,5.333333333333333,0.8082483789987412
0.9590000000000001,0.725,0.006061898993497572,10010.316851525651,optimal,55.17481659474602,39,9,18,0,0.05387208250415978,294,0.03893100000277627,CAL-EDM:1;CAL-EDM:2;CAL-EDM:3;EDM-SAS:1;EDM-SAS:2;EDM-SAS:3;EDM-SAS:4;EDM-SAS:5;EDM-SAS:6;KAM-CAL:1;KAM-CAL:2;KAM-CAL:3;KAM-CAL:4;KAM-CAL:5;KAM-CAL:6;KAM-CAL:7;KAM-KEL:1;KAM-KEL:2;OTT-MON:1;OTT-MON:2;TOR-MON:1;TOR-MON:2;TOR-MON:3;TOR-MON:4;TOR-MON:5;TOR-MON:6;TOR-OTT:1;TOR-OTT:2;TOR-OTT:3;TOR-OTT:4;TOR-OTT:5;VAN-KAM:1;VAN-KAM:2;VAN-KAM:3;VAN-KAM:4;VAN-KEL:1;VAN-KEL:2;VAN-KEL:3;VAN-KEL:4,5.333333333333333,0.8082483789987412
0.9590000000000001,0.725,0.006061898993497572,12603.541815906843,optimal,58.1658907559622,39,9,18,0,0.05387208250415978,294,0.048899000001256354,CAL-EDM:1;CAL-EDM:2;CAL-EDM:3;EDM-SAS:1;EDM-SAS:2;EDM-SAS:3;EDM-SAS:4;EDM-SAS:5;EDM-SAS:6;KAM-CAL:1;KAM-CAL:2;KAM-CAL:3;KAM-CAL:4;KAM-CAL:5;KAM-CAL:6;KAM-CAL:7;KAM-KEL:1;KAM-KEL:2;OTT-MON:1;OTT-MON:2;TOR-MON:1;TOR-MON:2;TOR-MON:3;TOR-MON:4;TOR-MON:5;TOR-MON:6;TOR-OTT:1;TOR-OTT:2;TOR-OTT:3;TOR-OTT:4;TOR-OTT:5;VAN-KAM:1;VAN-KAM:2;VAN-KAM:3;VAN-KAM:4;VAN-KEL:1;VAN-KEL:2;VAN-KEL:3;VAN-KEL:4,5.333333333333333,0.8082483789987412
0.9590000000000001,0.725,0.006061898993497572,15868.55527765865,optimal,61.15696491717841,39,9,18,0,0.05387208250415978,294,0.03608639999583829,CAL-EDM:1;CAL-EDM:2;CAL-EDM:3;EDM-SAS:1;EDM-SAS:2;EDM-SAS:3;EDM-SAS:4;EDM-SAS:5;EDM-SAS:6;KAM-CAL:1;KAM-CAL:2;KAM-CAL:3;KAM-CAL:4;KAM-CAL:5;KAM-CAL:6;KAM-CAL:7;KAM-KEL:1;KAM-KEL:2;OTT-MON:1;OTT-MON:2;TOR-MON:1;TOR-MON:2;TOR-MON:3;TOR-MON:4;TOR-MON:5;TOR-MON:6;TOR-OTT:1;TOR-OTT:2;TOR-OTT:3;TOR-OTT:4;TOR-OTT:5;VAN-KAM:1;VAN-KAM:2;VAN-KAM:3;VAN-KAM:4;VAN-KEL:1;VAN-KEL:2;VAN-KEL:3;VAN-KEL:4,5.333333333333333,0.8082483789987412
0.9590000000000001,0.725,0.006061898993497572,19979.387562494434,optimal,64.14803907839459,39,9,18,0,0.05387208250415978,294,0.02336499999364605,CAL-EDM:1;CAL-EDM:2;CAL-EDM:3;EDM-SAS:1;EDM-SAS:2;EDM-SAS:3;EDM-SAS:4;EDM-SAS:5;EDM-SAS:6;KAM-CAL:1;KAM-CAL:2;KAM-CAL:3;KAM-CAL:4;KAM-CAL:5;KAM-CAL:6;KAM-CAL:7;KAM-KEL:1;KAM-KEL:2;OTT-MON:1;OTT-MON:2;TOR-MON:1;TOR-MON:2;TOR-MON:3;TOR-MON:4;TOR-MON:5;TOR-MON:6;TOR-OTT:1;TOR-OTT:2;TOR-OTT:3;TOR-OTT:4;TOR-OTT:5;VAN-KAM:1;VAN-KAM:2;VAN-KAM:3;VAN-KAM:4;VAN-KEL:1;VAN-KEL:2;VAN-KEL:3;VAN-KEL:4,5.333333333333333,0.8082483789987412
0.9590000000000001,0.725,0.006061898993497572,25155.152462704536,optimal,67.13911323961081,39,9,18,0,0.05387208250415978,294,0.027906099996471312,CAL-EDM:1;CAL-EDM:2;CAL-EDM:3;EDM-SAS:1;EDM-SAS:2;EDM-SAS:3;EDM-SAS:4;EDM-SAS:5;EDM-SAS:6;KAM-CAL:1;KAM-CAL:2;KAM-CAL:3;KAM-CAL:4;KAM-CAL:5;KAM-CAL:6;KAM-CAL:7;KAM-KEL:1;KAM-KEL:2;OTT-MON:1;OTT-MON:2;TOR-MON:1;TOR-MON:2;TOR-MON:3;TOR-MON:4;TOR-MON:5;TOR-MON:6;TOR-OTT:1;TOR-OTT:2;TOR-OTT:3;TOR-OTT:4;TOR-OTT:5;VAN-KAM:1;VAN-KAM:2;VAN-KAM:3;VAN-KAM:4;VAN-KEL:1;VAN-KEL:2;VAN-KEL:3;VAN-KEL:4,5.333333333333333,0.8082483789987412
0.9590000000000001,0.725,0.006061898993497572,31671.726345094525,optimal,70.130187400827,39,9,18,0,0.05387208250415978,294,0.025717600001371466,CAL-EDM:1;CAL-EDM:2;CAL-EDM:3;EDM-SAS:1;EDM-SAS:2;EDM-SAS:3;EDM-SAS:4;EDM-SAS:5;EDM-SAS:6;KAM-CAL:1;KAM-CAL:2;KAM-CAL:3;KAM-CAL:4;KAM-CAL:5;KAM-CAL:6;KAM-CAL:7;KAM-KEL:1;KAM-KEL:2;OTT-MON:1;OTT-MON:2;TOR-MON:1;TOR-MON:2;TOR-MON:3;TOR-MON:4;TOR-MON:5;TOR-MON:6;TOR-OTT:1;TOR-OTT:2;TOR-OTT:3;TOR-OTT:4;TOR-OTT:5;VAN-KAM:1;VAN-KAM:2;VAN-KAM:3;VAN-KAM:4;VAN-KEL:1;VAN-KEL:2;VAN-KEL:3;VAN-KEL:4,5.333333333333333,0.8082483789987412
0.9590000000000001,0.725,0.006061898993497572,39876.452792952354,optimal,73.1212615620432,39,9,18,0,0.05387208250415978,294,0.03412940000271192,CAL-EDM:1;CAL-EDM:2;CAL-EDM:3;EDM-SAS:1;EDM-SAS:2;EDM-SAS:3;EDM-SAS:4;EDM-SAS:5;EDM-SAS:6;KAM-CAL:1;KAM-CAL:2;KAM-CAL:3;KAM-CAL:4;KAM-CAL:5;KAM-CAL:6;KAM-CAL:7;KAM-KEL:1;KAM-KEL:2;OTT-MON:1;OTT-MON:2;TOR-MON:1;TOR-MON:2;TOR-MON:3;TOR-MON:4;TOR-MON:5;TOR-MON:6;TOR-OTT:1;TOR-OTT:2;TOR-OTT:3;TOR-OTT:4;TOR-OTT:5;VAN-KAM:1;VAN-KAM:2;VAN-KAM:3;VAN-KAM:4;VAN-KEL:1;VAN-KEL:2;VAN-KEL:3;VAN-KEL:4,5.333333333333333,0.8082483789987412
0.9590000000000001,0.725,0.006061898993497572,50206.65656246559,optimal,76.11233572325938,39,9,18,0,0.05387208250415978,294,0.03777730000001611,CAL-EDM:1;CAL-EDM:2;CAL-EDM:3;EDM-SAS:1;EDM-SAS:2;EDM-SAS:3;EDM-SAS:4;EDM-SAS:5;EDM-SAS:6;KAM-CAL:1;KAM-CAL:2;KAM-CAL:3;KAM-CAL:4;KAM-CAL:5;KAM-CAL:6;KAM-CAL:7;KAM-KEL:1;KAM-KEL:2;OTT-MON:1;OTT-MON:2;TOR-MON:1;TOR-MON:2;TOR-MON:3;TOR-MON:4;TOR-MON:5;TOR-MON:6;TOR-OTT:1;TOR-OTT:2;TOR-OTT:3;TOR-OTT:4;TOR-OTT:5;VAN-KAM:1;VAN-KAM:2;VAN-KAM:3;VAN-KAM:4;VAN-KEL:1;VAN-KEL:2;VAN-KEL:3;VAN-KEL:4,5.333333333333333,0.8082483789987412
0.9590000000000001,0.725,0.006061898993497572,63212.953676433244,optimal,79.1034098844756,39,9,18,0,0.05387208250415978,294,0.045315700001083314,CAL-EDM:1;CAL-EDM:2;CAL-EDM:3;EDM-SAS:1;EDM-SAS:2;EDM-SAS:3;EDM-SAS:4;EDM-SAS:5;EDM-SAS:6;KAM-CAL:1;KAM-CAL:2;KAM-CAL:3;KAM-CAL:4;KAM-CAL:5;KAM-CAL:6;KAM-CAL:7;KAM-KEL:1;KAM-KEL:2;OTT-MON:1;OTT-MON:2;TOR-MON:1;TOR-MON:2;TOR-MON:3;TOR-MON:4;TOR-MON:5;TOR-MON:6;TOR-OTT:1;TOR-OTT:2;TOR-OTT:3;TOR-OTT:4;TOR-OTT:5;VAN-KAM:1;VAN-KAM:2;VAN-KAM:3;VAN-KAM:4;VAN-KEL:1;VAN-KEL:2;VAN-KEL:3;VAN-KEL:4,5.333333333333333,0.8082483789987412
0.9590000000000001,0.725,0.006061898993497572,79588.60011973389,optimal,82.09448404569179,39,9,18,0,0.05387208250415978,294,0.02558370000042487,CAL-EDM:1;CAL-EDM:2;CAL-EDM:3;EDM-SAS:1;EDM-SAS:2;EDM-SAS:3;EDM-SAS:4;EDM-SAS:5;EDM-SAS:6;KAM-CAL:1;KAM-CAL:2;KAM-CAL:3;KAM-CAL:4;KAM-CAL:5;KAM-CAL:6;KAM-CAL:7;KAM-KEL:1;KAM-KEL:2;OTT-MON:1;OTT-MON:2;TOR-MON:1;TOR-MON:2;TOR-MON:3;TOR-MON:4;TOR-MON:5;TOR-MON:6;TOR-OTT:1;TOR-OTT:2;TOR-OTT:3;TOR-OTT:4;TOR-OTT:5;VAN-KAM:1;VAN-KAM:2;VAN-KAM:3;VAN-KAM:4;VAN-KEL:1;VAN-KEL:2;VAN-KEL:3;VAN-KEL:4,5.333333333333333,0.8082483789987412
0.9590000000000001,0.725,0.006061898993497572,100206.44346793843,optimal,85.08555820690799,39,9,18,0,0.05387208250415978,294,0.02299210000637686,CAL-EDM:1;CAL-EDM:2;CAL-EDM:3;EDM-SAS:1;EDM-SAS:2;EDM-SAS:3;EDM-SAS:4;EDM-SAS:5;EDM-SAS:6;KAM-CAL:1;KAM-CAL:2;KAM-CAL:3;KAM-CAL:4;KAM-CAL:5;KAM-CAL:6;KAM-CAL:7;KAM-KEL:1;KAM-KEL:2;OTT-MON:1;OTT-MON:2;TOR-MON:1;TOR-MON:2;TOR-MON:3;TOR-MON:4;TOR-MON:5;TOR-MON:6;TOR-OTT:1;TOR-OTT:2;TOR-OTT:3;TOR-OTT:4;TOR-OTT:5;VAN-KAM:1;VAN-KAM:2;VAN-KAM:3;VAN-KAM:4;VAN-KEL:1;VAN-KEL:2;VAN-KEL:3;VAN-KEL:4,5.333333333333333,0.8082483789987412
0.9590000000000001,0.725,0.006061898993497572,126165.44702868049,optimal,88.0766323681242,39,9,18,0,0.05387208250415978,294,0.020913000000291504,CAL-EDM:1;CAL-EDM:2;CAL-EDM:3;EDM-SAS:1;EDM-SAS:2;EDM-SAS:3;EDM-SAS:4;EDM-SAS:5;EDM-SAS:6;KAM-CAL:1;KAM-CAL:2;KAM-CAL:3;KAM-CAL:4;KAM-CAL:5;KAM-CAL:6;KAM-CAL:7;KAM-KEL:1;KAM-KEL:2;OTT-MON:1;OTT-MON:2;TOR-MON:1;TOR-MON:2;TOR-MON:3;TOR-MON:4;TOR-MON:5;TOR-MON:6;TOR-OTT:1;TOR-OTT:2;TOR-OTT:3;TOR-OTT:4;TOR-OTT:5;VAN-KAM:1;VAN-KAM:2;VAN-KAM:3;VAN-KAM:4;VAN-KEL:1;VAN-KEL:2;VAN-KEL:3;VAN-KEL:4,5.333333333333333,0.8082483789987412
0.9590000000000001,0.725,0.006061898993497572,158849.26630531237,optimal,91.06770652934036,39,9,18,0,0.05387208250415978,294,0.05762630000390345,CAL-EDM:1;CAL-EDM:2;CAL-EDM:3;EDM-SAS:1;EDM-SAS:2;EDM-SAS:3;EDM-SAS:4;EDM-SAS:5;EDM-SAS:6;KAM-CAL:1;KAM-CAL:2;KAM-CAL:3;KAM-CAL:4;KAM-CAL:5;KAM-CAL:6;KAM-CAL:7;KAM-KEL:1;KAM-KEL:2;OTT-MON:1;OTT-MON:2;TOR-MON:1;TOR-MON:2;TOR-MON:3;TOR-MON:4;TOR-MON:5;TOR-MON:6;TOR-OTT:1;TOR-OTT:2;TOR-OTT:3;TOR-OTT:4;TOR-OTT:5;VAN-KAM:1;VAN-KAM:2;VAN-KAM:3;VAN-KAM:4;VAN-KEL:1;VAN-KEL:2;VAN-KEL:3;VAN-KEL:4,5.333333333333333,0.8082483789987412
0.9590000000000001,0.725,0.006061898993497572,200000.0,optimal,94.05878069055656,39,9,18,0,0.05387208250415978,294,0.028707700002996717,CAL-EDM:1;CAL-EDM:2;CAL-EDM:3;EDM-SAS:1;EDM-SAS:2;EDM-SAS:3;EDM-SAS:4;EDM-SAS:5;EDM-SAS:6;KAM-CAL:1;KAM-CAL:2;KAM-CAL:3;KAM-CAL:4;KAM-CAL:5;KAM-CAL:6;KAM-CAL:7;KAM-KEL:1;KAM-KEL:2;OTT-MON:1;OTT-MON:2;TOR-MON:1;TOR-MON:2;TOR-MON:3;TOR-MON:4;TOR-MON:5;TOR-MON:6;TOR-OTT:1;TOR-OTT:2;TOR-OTT:3;TOR-OTT:4;TOR-OTT:5;VAN-KAM:1;VAN-KAM:2;VAN-KAM:3;VAN-KAM:4;VAN-KEL:1;VAN-KEL:2;VAN-KEL:3;VAN-KEL:4,5.333333333333333,0.8082483789987412
0.9590000000000001,0.725,0.007405684692262435,1000.0,optimal,25.305004111269668,46,10,18,0,0.04279211619645008,367,0.07099320000270382,CAL-EDM:1;CAL-EDM:2;CAL-EDM:3;CAL-SAS:1;CAL-SAS:2;CAL-SAS:3;CAL-SAS:4;CAL-SAS:5;CAL-SAS:6;CAL-SAS:7;EDM-SAS:1;EDM-SAS:2;EDM-SAS:3;EDM-SAS:4;EDM-SAS:5;EDM-SAS:6;KAM-CAL:1;KAM-CAL:2;KAM-CAL:3;KAM-CAL:4;KAM-CAL:5;KAM-CAL:6;KAM-CAL:7;KAM-KEL:1;KAM-KEL:2;OTT-MON:1;OTT-MON:2;TOR-MON:1;TOR-MON:2;TOR-MON:3;TOR-MON:4;TOR-MON:5;TOR-MON:6;TOR-OTT:1;TOR-OTT:2;TOR-OTT:3;TOR-OTT:4;TOR-OTT:5;VAN-KAM:1;VAN-KAM:2;VAN-KAM:3;VAN-KAM:4;VAN-KEL:1;VAN-KEL:2;VAN-KEL:3;VAN-KEL:4,5.6,0.8002580189549644
0.9590000000000001,0.725,0.007405684692262435,1259.0552330005396,optimal,28.628419845954333,46,10,18,0,0.04279211619645008,367,0.06801660000201082,CAL-EDM:1;CAL-EDM:2;CAL-EDM:3;CAL-SAS:1;CAL-SAS:2;CAL-SAS:3;CAL-SAS:4;CAL-SAS:5;CAL-SAS:6;CAL-SAS:7;EDM-SAS:1;EDM-SAS:2;EDM-SAS:3;EDM-SAS:4;EDM-SAS:5;EDM-SAS:6;KAM-CAL:1;KAM-CAL:2;KAM-CAL:3;KAM-CAL:4;KAM-CAL:5;KAM-CAL:6;KAM-CAL:7;KAM-KEL:1;KAM-KEL:2;OTT-MON:1;OTT-MON:2;TOR-MON:1;TOR-MON:2;TOR-MON:3;TOR-MON:4;TOR-MON:5;TOR-MON:6;TOR-OTT:1;TOR-OTT:2;TOR-OTT:3;TOR-OTT:4;TOR-OTT:5;VAN-KAM:1;VAN-KAM:2;VAN-KAM:3;VAN-KAM:4;VAN-KEL:1;VAN-KEL:2;VAN-KEL:3;VAN-KEL:4,5.6,0.8002580189549644
0.9590000000000001,0.725,0.007405684692262435,1585.220079746043,optimal,32.145918338609654,53,11,18,0,0.03319923187926317,367,0.08538570000382606,CAL-EDM:1;CAL-EDM:2;CAL-EDM:3;CAL-SAS:1;CAL-SAS:2;CAL-SAS:3;CAL-SAS:4;CAL-SAS:5;CAL-SAS:6;CAL-SAS:7;EDM-SAS:1;EDM-SAS:2;EDM-SAS:3;EDM-SAS:4;EDM-SAS:5;EDM-SAS:6;KAM-CAL:1;KAM-CAL:2;KAM-CAL:3;KAM-CAL:4;KAM-CAL:5;KAM-CAL:6;KAM-CAL:7;KAM-KEL:1;KAM-KEL:2;KEL-CAL:1;KEL-CAL:2;KEL-CAL:3;KEL-CAL:4;KEL-CAL:5;KEL-CAL:6;KEL-CAL:7;OTT-MON:1;OTT-MON:2;TOR-MON:1;TOR-MON:2;TOR-MON:3;TOR-MON:4;TOR-MON:5;TOR-MON:6;TOR-OTT:1;TOR-OTT:2;TOR-OTT:3;TOR-OTT:4;TOR-OTT:5;VAN-KAM:1;VAN-KAM:2;VAN-KAM:3;VAN-KAM:4;VAN-KEL:1;VAN-KEL:2;VAN-KEL:3;VAN-KEL:4,5.818181818181818,0.7937204516464198
0.9590000000000001,0.725,0.007405684692262435,1995.879636861788,optimal,35.801675646762774,53,11,18,0,0.03319923187926317,367,0.04106590000446886,CAL-EDM:1;CAL-EDM:2;CAL-EDM:3;CAL-SAS:1;CAL-SAS:2;CAL-SAS:3;CAL-SAS:4;CAL-SAS:5;CAL-SAS:6;CAL-SAS:7;EDM-SAS:1;EDM-SAS:2;EDM-SAS:3;EDM-SAS:4;EDM-SAS:5;EDM-SAS:6;KAM-CAL:1;KAM-CAL:2;KAM-CAL:3;KAM-CAL:4;KAM-CAL:5;KAM-CAL:6;KAM-CAL:7;KAM-KEL:1;KAM-KEL:2;KEL-CAL:1;KEL-CAL:2;KEL-CAL:3;KEL-CAL:4;KEL-CAL:5;KEL-CAL:6;KEL-CAL:7;OTT-MON:1;OTT-MON:2;TOR-MON:1;TOR-MON:2;TOR-MON:3;TOR-MON:4;TOR-MON:5;TOR-MON:6;TOR-OTT:1;TOR-OTT:2;TOR-OTT:3;TOR-OTT:4;TOR-OTT:5;VAN-KAM:1;VAN-KAM:2;VAN-KAM:3;VAN-KAM:4;VAN-KEL:1;VAN-KEL:2;VAN-KEL:3;VAN-KEL:4,5.818181818181818,0.7937204516464198
0.9590000000000001,0.725,0.007405684692262435,2512.9227012300507,optimal,39.45743295491591,53,11,18,0,0.030017743045081,367,0.04963059999863617,CAL-EDM:1;CAL-EDM:2;CAL-EDM:3;CAL-SAS:1;CAL-SAS:2;CAL-SAS:3;CAL-SAS:4;CAL-SAS:5;CAL-SAS:6;CAL-SAS:7;EDM-SAS:1;EDM-SAS:2;EDM-SAS:3;EDM-SAS:4;EDM-SAS:5;EDM-SAS:6;KAM-CAL:1;KAM-CAL:2;KAM-CAL:3;KAM-CAL:4;KAM-CAL:5;KAM-CAL:6;KAM-CAL:7;KAM-KEL:1;KAM-KEL:2;KEL-CAL:1;KEL-CAL:2;KEL-CAL:3;KEL-CAL:4;KEL-CAL:5;KEL-CAL:6;KEL-CAL:7;OTT-MON:1;OTT-MON:2;TOR-MON:1;TOR-MON:2;TOR-MON:3;TOR-MON:4;TOR-MON:5;TOR-MON:6;TOR-OTT:1;TOR-OTT:2;TOR-OTT:3;TOR-OTT:4;TOR-OTT:5;VAN-KAM:1;VAN-KAM:2;VAN-KAM:3;VAN-KAM:4;VAN-KEL:1;VAN-KEL:2;VAN-KEL:3;VAN-KEL:4,5.818181818181818,0.7937204516464198
0.9590000000000001,0.725,0.007405684692262435,3163.9084771095468,optimal,43.11319026306904,53,11,18,0,0.030017743045081,367,0.04152520000207005,CAL-EDM:1;CAL-EDM:2;CAL-EDM:3;CAL-SAS:1;CAL-SAS:2;CAL-SAS:3;CAL-SAS:4;CAL-SAS:5;CAL-SAS:6;CAL-SAS:7;EDM-SAS:1;EDM-SAS:2;EDM-SAS:3;EDM-SAS:4;EDM-SAS:5;EDM-SAS:6;KAM-CAL:1;KAM-CAL:2;KAM-CAL:3;KAM-CAL:4;KAM-CAL:5;KAM-CAL:6;KAM-CAL:7;KAM-KEL:1;KAM-KEL:2;KEL-CAL:1;KEL-CAL:2;KEL-CAL:3;KEL-CAL:4;KEL-CAL:5;KEL-CAL:6;KEL-CAL:7;OTT-MON:1;OTT-MON:2;TOR-MON:1;TOR-MON:2;TOR-MON:3;TOR-MON:4;TOR-MON:5;TOR-MON:6;TOR-OTT:1;TOR-OTT:2;TOR-OTT:3;TOR-OTT:4;TOR-OTT:5;VAN-KAM:1;VAN-KAM:2;VAN-KAM:3;VAN-KAM:4;VAN-KEL:1;VAN-KEL:2;VAN-KEL:3;VAN-KEL:4,5.818181818181818,0.7937204516464198
0.9590000000000001,0.725,0.007405684692262435,3983.5355248395426,optimal,46.76894757122217,53,11,18,0,0.030017743045081,367,0.042462800003704615,CAL-EDM:1;CAL-EDM:2;CAL-EDM:3;CAL-SAS:1;CAL-SAS:2;CAL-SAS:3;CAL-SAS:4;CAL-SAS:5;CAL-SAS:6;CAL-SAS:7;EDM-SAS:1;EDM-SAS:2;EDM-SAS:3;EDM-SAS:4;EDM-SAS:5;EDM-SAS:6;KAM-CAL:1;KAM-CAL:2;KAM-CAL:3;KAM-CAL:4;KAM-CAL:5;KAM-CAL:6;KAM-CAL:7;KAM-KEL:1;KAM-KEL:2;KEL-CAL:1;KEL-CAL:2;KEL-CAL:3;KEL-CAL:4;KEL-CAL:5;KEL-CAL:6;KEL-CAL:7;OTT-MON:1;OTT-MON:2;TOR-MON:1;TOR-MON:2;TOR-MON:3;TOR-MON:4;TOR-MON:5;TOR-MON:6;TOR-OTT:1;TOR-OTT:2;TOR-OTT:3;TOR-OTT:4;TOR-OTT:5;VAN-KAM:1;VAN-KAM:2;VAN-KAM:3;VAN-KAM:4;VAN-KEL:1;VAN-KEL:2;VAN-KEL:3;VAN-KEL:4,5.818181818181818,0.7937204516464198
0.9590000000000001,0.725,0.007405684692262435,5015.4912483927765,optimal,50.4247048793753,53,11,18,0,0.03319923187926317,367,0.039927300000272226,CAL-EDM:1;CAL-EDM:2;CAL-EDM:3;CAL-SAS:1;CAL-SAS:2;CAL-SAS:3;CAL-SAS:4;CAL-SAS:5;CAL-SAS:6;CAL-SAS:7;EDM-SAS:1;EDM-SAS:2;EDM-SAS:3;EDM-SAS:4;EDM-SAS:5;EDM-SAS:6;KAM-CAL:1;KAM-CAL:2;KAM-CAL:3;KAM-CAL:4;KAM-CAL:5;KAM-CAL:6;KAM-CAL:7;KAM-KEL:1;KAM-KEL:2;KEL-CAL:1;KEL-CAL:2;KEL-CAL:3;KEL-CAL:4;KEL-CAL:5;KEL-CAL:6;KEL-CAL:7;OTT-MON:1;OTT-MON:2;TOR-MON:1;TOR-MON:2;TOR-MON:3;TOR-MON:4;TOR-MON:5;TOR-MON:6;TOR-OTT:1;TOR-OTT:2;TOR-OTT:3;TOR-OTT:4;TOR-OTT:5;VAN-KAM:1;VAN-KAM:2;VAN-KAM:3;VAN-KAM:4;VAN-KEL:1;VAN-KEL:2;VAN-KEL:3;VAN-KEL:4,5.818181818181818,0.7937204516464198
0.9590000000000001,0.725,0.007405684692262435,6314.780502357335,optimal,54.080462187528425,53,11,18,0,0.03319923187926317,367,0.04158379999716999,CAL-EDM:1;CAL-EDM:2;CAL-EDM:3;CAL-SAS:1;CAL-SAS:2;CAL-SAS:3;CAL-SAS:4;CAL-SAS:5;CAL-SAS:6;CAL-SAS:7;EDM-SAS:1;EDM-SAS:2;EDM-SAS:3;EDM-SAS:4;EDM-SAS:5;EDM-SAS:6;KAM-CAL:1;KAM-CAL:2;KAM-CAL:3;KAM-CAL:4;KAM-CAL:5;KAM-CAL:6;KAM-CAL:7;KAM-KEL:1;KAM-KEL:2;KEL-CAL:1;KEL-CAL:2;KEL-CAL:3;KEL-CAL:4;KEL-CAL:5;KEL-CAL:6;KEL-CAL:7;OTT-MON:1;OTT-MON:2;TOR-MON:1;TOR-MON:2;TOR-MON:3;TOR-MON:4;TOR-MON:5;TOR-MON:6;TOR-OTT:1;TOR-OTT:2;TOR-OTT:3;TOR-OTT:4;TOR-OTT:5;VAN-KAM:1;VAN-KAM:2;VAN-KAM:3;VAN-KAM:4;VAN-KEL:1;VAN-KEL:2;VAN-KEL:3;VAN-KEL:4,5.818181818181818,0.7937204516464198
0.9590000000000001,0.725,0.007405684692262435,7950.657436742778,optimal,57.73621949568156,53,11,18,0,0.030017743045081,367,0.04252640000049723,CAL-EDM:1;CAL-EDM:2;CAL-EDM:3;CAL-SAS:1;CAL-SAS:2;CAL-SAS:3;CAL-SAS:4;CAL-SAS:5;CAL-SAS:6;CAL-SAS:7;EDM-SAS:1;EDM-SAS:2;EDM-SAS:3;EDM-SAS:4;EDM-SAS:5;EDM-SAS:6;KAM-CAL:1;KAM-CAL:2;KAM-CAL:3;KAM-CAL:4;KAM-CAL:5;KAM-CAL:6;KAM-CAL:7;KAM-KEL:1;KAM-KEL:2;KEL-CAL:1;KEL-CAL:2;KEL-CAL:3;KEL-CAL:4;KEL-CAL:5;KEL-CAL:6;KEL-CAL:7;OTT-MON:1;OTT-MON:2;TOR-MON:1;TOR-MON:2;TOR-MON:3;TOR-MON:4;TOR-MON:5;TOR-MON:6;TOR-OTT:1;TOR-OTT:2;TOR-OTT:3;TOR-OTT:4;TOR-OTT:5;VAN-KAM:1;VAN-KAM:2;VAN-KAM:3;VAN-KAM:4;VAN-KEL:1;VAN-KEL:2;VAN-KEL:3;VAN-KEL:4,5.818181818181818,0.7937204516464198
0.9590000000000001,0.725,0.007405684692262435,10010.316851525651,optimal,61.391976803834694,53,11,18,0,0.030017743045081,367,0.04238690000056522,CAL-EDM:1;CAL-EDM:2;CAL-EDM:3;CAL-SAS:1;CAL-SAS:2;CAL-SAS:3;CAL-SAS:4;CAL-SAS:5;CAL-SAS:6;CAL-SAS:7;EDM-SAS:1;EDM-SAS:2;EDM-SAS:3;EDM-SAS:4;EDM-SAS:5;EDM-SAS:6;KAM-CAL:1;KAM-CAL:2;KAM-CAL:3;KAM-CAL:4;KAM-CAL:5;KAM-CAL:6;KAM-CAL:7;KAM-KEL:1;KAM-KEL:2;KEL-CAL:1;KEL-CAL:2;KEL-CAL:3;KEL-CAL:4;KEL-CAL:5;KEL-CAL:6;KEL-CAL:7;OTT-MON:1;OTT-MON:2;TOR-MON:1;TOR-MON:2;TOR-MON:3;TOR-MON:4;TOR-MON:5;TOR-MON:6;TOR-OTT:1;TOR-OTT:2;TOR-OTT:3;TOR-OTT:4;TOR-OTT:5;VAN-KAM:1;VAN-KAM:2;VAN-KAM:3;VAN-KAM:4;VAN-KEL:1;VAN-KEL:2;VAN-KEL:3;VAN-KEL:4,5.818181818181818,0.7937204516464198
0.9590000000000001,0.725,0.007405684692262435,12603.541815906843,optimal,65.04773411198781,53,11,18,0,0.03319923187926317,367,0.032052499998826534,CAL-EDM:1;CAL-EDM:2;CAL-EDM:3;CAL-SAS:1;CAL-SAS:2;CAL-SAS:3;CAL-SAS:4;CAL-SAS:5;CAL-SAS:6;CAL-SAS:7;EDM-SAS:1;EDM-SAS:2;EDM-SAS:3;EDM-SAS:4;EDM-SAS:5;EDM-SAS:6;KAM-CAL:1;KAM-CAL:2;KAM-CAL:3;KAM-CAL:4;KAM-CAL:5;KAM-CAL:6;KAM-CAL:7;KAM-KEL:1;KAM-KEL:2;KEL-CAL:1;KEL-CAL:2;KEL-CAL:3;KEL-CAL:4;KEL-CAL:5;KEL-CAL:6;KEL-CAL:7;OTT-MON:1;OTT-MON:2;TOR-MON:1;TOR-MON:2;TOR-MON:3;TOR-MON:4;TOR-MON:5;TOR-MON:6;TOR-OTT:1;TOR-OTT:2;TOR-OTT:3;TOR-OTT:4;TOR-OTT:5;VAN-KAM:1;VAN-KAM:2;VAN-KAM:3;VAN-KAM:4;VAN-KEL:1;VAN-KEL:2;VAN-KEL:3;VAN-KEL:4,5.818181818181818,0.7937204516464198
0.9590000000000001,0.725,0.007405684692262435,15868.55527765865,optimal,68.70349142014095,53,11,18,0,0.03319923187926317,367,0.04488219999620924,CAL-EDM:1;CAL-EDM:2;CAL-EDM:3;CAL-SAS:1;CAL-SAS:2;CAL-SAS:3;CAL-SAS:4;CAL-SAS:5;CAL-SAS:6;CAL-SAS:7;EDM-SAS:1;EDM-SAS:2;EDM-SAS:3;EDM-SAS:4;EDM-SAS:5;EDM-SAS:6;KAM-CAL:1;KAM-CAL:2;KAM-CAL:3;KAM-CAL:4;KAM-CAL:5;KAM-CAL:6;KAM-CAL:7;KAM-KEL:1;KAM-KEL:2;KEL-CAL:1;KEL-CAL:2;KEL-CAL:3;KEL-CAL:4;KEL-CAL:5;KEL-CAL:6;KEL-CAL:7;OTT-MON:1;OTT-MON:2;TOR-MON:1;TOR-MON:2;TOR-MON:3;TOR-MON:4;TOR-MON:5;TOR-MON:6;TOR-OTT:1;TOR-OTT:2;TOR-OTT:3;TOR-OTT:4;TOR-OTT:5;VAN-KAM:1;VAN-KAM:2;VAN-KAM:3;VAN-KAM:4;VAN-KEL:1;VAN-KEL:2;VAN-KEL:3;VAN-KEL:4,5.818181818181818,0.7937204516464198
0.9590000000000001,0.725,0.007405684692262435,19979.387562494434,optimal,72.35924872829406,53,11,18,0,0.030017743045081,367,0.05367850000038743,CAL-EDM:1;CAL-EDM:2;CAL-EDM:3;CAL-SAS:1;CAL-SAS:2;CAL-SAS:3;CAL-SAS:4;CAL-SAS:5;CAL-SAS:6;CAL-SAS:7;EDM-SAS:1;EDM-SAS:2;EDM-SAS:3;EDM-SAS:4;EDM-SAS:5;EDM-SAS:6;KAM-CAL:1;KAM-CAL:2;KAM-CAL:3;KAM-CAL:4;KAM-CAL:5;KAM-CAL:6;KAM-CAL:7;KAM-KEL:1;KAM-KEL:2;KEL-CAL:1;KEL-CAL:2;KEL-CAL:3;KEL-CAL:4;KEL-CAL:5;KEL-CAL:6;KEL-CAL:7;OTT-MON:1;OTT-MON:2;TOR-MON:1;TOR-MON:2;TOR-MON:3;TOR-MON:4;TOR-MON:5;TOR-MON:6;TOR-OTT:1;TOR-OTT:2;TOR-OTT:3;TOR-OTT:4;TOR-OTT:5;VAN-KAM:1;VAN-KAM:2;VAN-KAM:3;VAN-KAM:4;VAN-KEL:1;VAN-KEL:2;VAN-KEL:3;VAN-KEL:4,5.818181818181818,0.7937204516464198
0.9590000000000001,0.725,0.007405684692262435,25155.152462704536,optimal,76.01500603644722,53,11,18,0,0.03319923187926317,367,0.04982259999815142,CAL-EDM:1;CAL-EDM:2;CAL-EDM:3;CAL-SAS:1;CAL-SAS:2;CAL-SAS:3;CAL-SAS:4;CAL-SAS:5;CAL-SAS:6;CAL-SAS:7;EDM-SAS:1;EDM-SAS:2;EDM-SAS:3;EDM-SAS:4;EDM-SAS:5;EDM-SAS:6;KAM-CAL:1;KAM-CAL:2;KAM-CAL:3;KAM-CAL:4;KAM-CAL:5;KAM-CAL:6;KAM-CAL:7;KAM-KEL:1;KAM-KEL:2;KEL-CAL:1;KEL-CAL:2;KEL-CAL:3;KEL-CAL:4;KEL-CAL:5;KEL-CAL:6;KEL-CAL:7;OTT-MON:1;OTT-MON:2;TOR-MON:1;TOR-MON:2;TOR-MON:3;TOR-MON:4;TOR-MON:5;TOR-MON:6;TOR-OTT:1;TOR-OTT:2;TOR-OTT:3;TOR-OTT:4;TOR-OTT:5;VAN-KAM:1;VAN-KAM:2;VAN-KAM:3;VAN-KAM:4;VAN-KEL:1;VAN-KEL:2;VAN-KEL:3;VAN-KEL:4,5.818181818181818,0.7937204516464198
0.9590000000000001,0.725,0.007405684692262435,31671.726345094525,optimal,79.67076334460035,53,11,18,0,0.03319923187926317,367,0.04497280000214232,CAL-EDM:1;CAL-EDM:2;CAL-EDM:3;CAL-SAS:1;CAL-SAS:2;CAL-SAS:3;CAL-SAS:4;CAL-SAS:5;CAL-SAS:6;CAL-SAS:7;EDM-SAS:1;EDM-SAS:2;EDM-SAS:3;EDM-SAS:4;EDM-SAS:5;EDM-SAS:6;KAM-CAL:1;KAM-CAL:2;KAM-CAL:3;KAM-CAL:4;KAM-CAL:5;KAM-CAL:6;KAM-CAL:7;KAM-KEL:1;KAM-KEL:2;KEL-CAL:1;KEL-CAL:2;KEL-CAL:3;KEL-CAL:4;KEL-CAL:5;KEL-CAL:6;KEL-CAL:7;OTT-MON:1;OTT-MON:2;TOR-MON:1;TOR-MON:2;TOR-MON:3;TOR-MON:4;TOR-MON:5;TOR-MON:6;TOR-OTT:1;TOR-OTT:2;TOR-OTT:3;TOR-OTT:4;TOR-OTT:5;VAN-KAM:1;VAN-KAM:2;VAN-KAM:3;VAN-KAM:4;VAN-KEL:1;VAN-KEL:2;VAN-KEL:3;VAN-KEL:4,5.818181818181818,0.7937204516464198
0.9590000000000001,0.725,0.007405684692262435,39876.452792952354,optimal,83.32652065275347,53,11,18,0,0.03319923187926317,367,0.08031189999746857,CAL-EDM:1;CAL-EDM:2;CAL-EDM:3;CAL-SAS:1;CAL-SAS:2;CAL-SAS:3;CAL-SAS:4;CAL-SAS:5;CAL-SAS:6;CAL-SAS:7;EDM-SAS:1;EDM-SAS:2;EDM-SAS:3;EDM-SAS:4;EDM-SAS:5;EDM-SAS:6;KAM-CAL:1;KAM-CAL:2;KAM-CAL:3;KAM-CAL:4;KAM-CAL:5;KAM-CAL:6;KAM-CAL:7;KAM-KEL:1;KAM-KEL:2;KEL-CAL:1;KEL-CAL:2;KEL-CAL:3;KEL-CAL:4;KEL-CAL:5;KEL-CAL:6;KEL-CAL:7;OTT-MON:1;OTT-MON:2;TOR-MON:1;TOR-MON:2;TOR-MON:3;TOR-MON:4;TOR-MON:5;TOR-MON:6;TOR-OTT:1;TOR-OTT:2;TOR-OTT:3;TOR-OTT:4;TOR-OTT:5;VAN-KAM:1;VAN-KAM:2;VAN-KAM:3;VAN-KAM:4;VAN-KEL:1;VAN-KEL:2;VAN-KEL:3;VAN-KEL:4,5.818181818181818,0.7937204516464198
0.9590000000000001,0.725,0.007405684692262435,50206.65656246559,optimal,86.98227796090659,53,11,18,0,0.03319923187926317,367,0.03722600000037346,CAL-EDM:1;CAL-EDM:2;CAL-EDM:3;CAL-SAS:1;CAL-SAS:2;CAL-SAS:3;CAL-SAS:4;CAL-SAS:5;CAL-SAS:6;CAL-SAS:7;EDM-SAS:1;EDM-SAS:2;EDM-SAS:3;EDM-SAS:4;EDM-SAS:5;EDM-SAS:6;KAM-CAL:1;KAM-CAL:2;KAM-CAL:3;KAM-CAL:4;KAM-CAL:5;KAM-CAL:6;KAM-CAL:7;KAM-KEL:1;KAM-KEL:2;KEL-CAL:1;KEL-CAL:2;KEL-CAL:3;KEL-CAL:4;KEL-CAL:5;KEL-CAL:6;KEL-CAL:7;OTT-MON:1;OTT-MON:2;TOR-MON:1;TOR-MON:2;TOR-MON:3;TOR-MON:4;TOR-MON:5;TOR-MON:6;TOR-OTT:1;TOR-OTT:2;TOR-OTT:3;TOR-OTT:4;TOR-OTT:5;VAN-KAM:1;VAN-KAM:2;VAN-KAM:3;VAN-KAM:4;VAN-KEL:1;VAN-KEL:2;VAN-KEL:3;VAN-KEL:4,5.818181818181818,0.7937204516464198
0.9590000000000001,0.725,0.007405684692262435,63212.953676433244,optimal,90.63803526905976,53,11,18,0,0.03319923187926317,367,0.08463619999383809,CAL-EDM:1;CAL-EDM:2;CAL-EDM:3;CAL-SAS:1;CAL-SAS:2;CAL-SAS:3;CAL-SAS:4;CAL-SAS:5;CAL-SAS:6;CAL-SAS:7;EDM-SAS:1;EDM-SAS:2;EDM-SAS:3;EDM-SAS:4;EDM-SAS:5;EDM-SAS:6;KAM-CAL:1;KAM-CAL:2;KAM-CAL:3;KAM-CAL:4;KAM-CAL:5;KAM-CAL:6;KAM-CAL:7;KAM-KEL:1;KAM-KEL:2;KEL-CAL:1;KEL-CAL:2;KEL-CAL:3;KEL-CAL:4;KEL-CAL:5;KEL-CAL:6;KEL-CAL:7;OTT-MON:1;OTT-MON:2;TOR-MON:1;TOR-MON:2;TOR-MON:3;TOR-MON:4;TOR-MON:5;TOR-MON:6;TOR-OTT:1;TOR-OTT:2;TOR-OTT:3;TOR-OTT:4;TOR-OTT:5;VAN-KAM:1;VAN-KAM:2;VAN-KAM:3;VAN-KAM:4;VAN-KEL:1;VAN-KEL:2;VAN-KEL:3;VAN-KEL:4,5.818181818181818,0.7937204516464198
0.9590000000000001,0.725,0.007405684692262435,79588.60011973389,optimal,94.29379257721284,53,11,18,0,0.030017743045081,367,0.06452350000472507,CAL-EDM:1;CAL-EDM:2;CAL-EDM:3;CAL-SAS:1;CAL-SAS:2;CAL-SAS:3;CAL-SAS:4;CAL-SAS:5;CAL-SAS:6;CAL-SAS:7;EDM-SAS:1;EDM-SAS:2;EDM-SAS:3;EDM-SAS:4;EDM-SAS:5;EDM-SAS:6;KAM-CAL:1;KAM-CAL:2;KAM-CAL:3;KAM-CAL:4;KAM-CAL:5;KAM-CAL:6;KAM-CAL:7;KAM-KEL:1;KAM-KEL:2;KEL-CAL:1;KEL-CAL:2;KEL-CAL:3;KEL-CAL:4;KEL-CAL:5;KEL-CAL:6;KEL-CAL:7;OTT-MON:1;OTT-MON:2;TOR-MON:1;TOR-MON:2;TOR-MON:3;TOR-MON:4;TOR-MON:5;TOR-MON:6;TOR-OTT:1;TOR-OTT:2;TOR-OTT:3;TOR-OTT:4;TOR-OTT:5;VAN-KAM:1;VAN-KAM:2;VAN-KAM:3;VAN-KAM:4;VAN-KEL:1;VAN-KEL:2;VAN-KEL:3;VAN-KEL:4,5.818181818181818,0.7937204516464198
0.9590000000000001,0.725,0.007405684692262435,100206.44346793843,optimal,97.94954988536598,53,11,18,0,0.03319923187926317,367,0.0601022999981069,CAL-EDM:1;CAL-EDM:2;CAL-EDM:3;CAL-SAS:1;CAL-SAS:2;CAL-SAS:3;CAL-SAS:4;CAL-SAS:5;CAL-SAS:6;CAL-SAS:7;EDM-SAS:1;EDM-SAS:2;EDM-SAS:3;EDM-SAS:4;EDM-SAS:5;EDM-SAS:6;KAM-CAL:1;KAM-CAL:2;KAM-CAL:3;KAM-CAL:4;KAM-CAL:5;KAM-CAL:6;KAM-CAL:7;KAM-KEL:1;KAM-KEL:2;KEL-CAL:1;KEL-CAL:2;KEL-CAL:3;KEL-CAL:4;KEL-CAL:5;KEL-CAL:6;KEL-CAL:7;OTT-MON:1;OTT-MON:2;TOR-MON:1;TOR-MON:2;TOR-MON:3;TOR-MON:4;TOR-MON:5;TOR-MON:6;TOR-OTT:1;TOR-OTT:2;TOR-OTT:3;TOR-OTT:4;TOR-OTT:5;VAN-KAM:1;VAN-KAM:2;VAN-KAM:3;VAN-KAM:4;VAN-KEL:1;VAN-KEL:2;VAN-KEL:3;VAN-KEL:4,5.818181818181818,0.7937204516464198
0.9590000000000001,0.725,0.007405684692262435,126165.44702868049,optimal,101.60530719351911,53,11,18,0,0.03319923187926317,367,0.07329860000027111,CAL-EDM:1;CAL-EDM:2;CAL-EDM:3;CAL-SAS:1;CAL-SAS:2;CAL-SAS:3;CAL-SAS:4;CAL-SAS:5;CAL-SAS:6;CAL-SAS:7;EDM-SAS:1;EDM-SAS:2;EDM-SAS:3;EDM-SAS:4;EDM-SAS:5;EDM-SAS:6;KAM-CAL:1;KAM-CAL:2;KAM-CAL:3;KAM-CAL:4;KAM-CAL:5;KAM-CAL:6;KAM-CAL:7;KAM-KEL:1;KAM-KEL:2;KEL-CAL:1;KEL-CAL:2;KEL-CAL:3;KEL-CAL:4;KEL-CAL:5;KEL-CAL:6;KEL-CAL:7;OTT-MON:1;OTT-MON:2;TOR-MON:1;TOR-MON:2;TOR-MON:3;TOR-MON:4;TOR-MON:5;TOR-MON:6;TOR-OTT:1;TOR-OTT:2;TOR-OTT:3;TOR-OTT:4;TOR-OTT:5;VAN-KAM:1;VAN-KAM:2;VAN-KAM:3;VAN-KAM:4;VAN-KEL:1;VAN-KEL:2;VAN-KEL:3;VAN-KEL:4,5.818181818181818,0.7937204516464198
0.9590000000000001,0.725,0.007405684692262435,158849.26630531237,optimal,105.26106450167221,53,11,18,0,0.030017743045081,367,0.0537484999949811,CAL-EDM:1;CAL-EDM:2;CAL-EDM:3;CAL-SAS:1;CAL-SAS:2;CAL-SAS:3;CAL-SAS:4;CAL-SAS:5;CAL-SAS:6;CAL-SAS:7;EDM-SAS:1;EDM-SAS:2;EDM-SAS:3;EDM-SAS:4;EDM-SAS:5;EDM-SAS:6;KAM-CAL:1;KAM-CAL:2;KAM-CAL:3;KAM-CAL:4;KAM-CAL:5;KAM-CAL:6;KAM-CAL:7;KAM-KEL:1;KAM-KEL:2;KEL-CAL:1;KEL-CAL:2;KEL-CAL:3;KEL-CAL:4;KEL-CAL:5;KEL-CAL:6;KEL-CAL:7;OTT-MON:1;OTT-MON:2;TOR-MON:1;TOR-MON:2;TOR-MON:3;TOR-MON:4;TOR-MON:5;TOR-MON:6;TOR-OTT:1;TOR-OTT:2;TOR-OTT:3;TOR-OTT:4;TOR-OTT:5;VAN-KAM:1;VAN-KAM:2;VAN-KAM:3;VAN-KAM:4;VAN-KEL:1;VAN-KEL:2;VAN-KEL:3;VAN-KEL:4,5.818181818181818,0.7937204516464198
0.9590000000000001,0.725,0.007405684692262435,200000.0,optimal,108.91682180982536,53,11,18,0,0.030017743045081,367,0.05943710000428837,CAL-EDM:1;CAL-EDM:2;CAL-EDM:3;CAL-SAS:1;CAL-SAS:2;CAL-SAS:3;CAL-SAS:4;CAL-SAS:5;CAL-SAS:6;CAL-SAS:7;EDM-SAS:1;EDM-SAS:2;EDM-SAS:3;EDM-SAS:4;EDM-SAS:5;EDM-SAS:6;KAM-CAL:1;KAM-CAL:2;KAM-CAL:3;KAM-CAL:4;KAM-CAL:5;KAM-CAL:6;KAM-CAL:7;KAM-KEL:1;KAM-KEL:2;KEL-CAL:1;KEL-CAL:2;KEL-CAL:3;KEL-CAL:4;KEL-CAL:5;KEL-CAL:6;KEL-CAL:7;OTT-MON:1;OTT-MON:2;TOR-MON:1;TOR-MON:2;TOR-MON:3;TOR-MON:4;TOR-MON:5;TOR-MON:6;TOR-OTT:1;TOR-OTT:2;TOR-OTT:3;TOR-OTT:4;TOR-OTT:5;VAN-KAM:1;VAN-KAM:2;VAN-KAM:3;VAN-KAM:4;VAN-KEL:1;VAN-KEL:2;VAN-KEL:3;VAN-KEL:4,5.818181818181818,0.7937204516464198
0.9590000000000001,0.725,0.009047357242349292,1000.0,optimal,25.305004111269668,46,10,18,0,0.04279211619645008,433,0.060270000001764856,CAL-EDM:1;CAL-EDM:2;CAL-EDM:3;CAL-SAS:1;CAL-SAS:2;CAL-SAS:3;CAL-SAS:4;CAL-SAS:5;CAL-SAS:6;CAL-SAS:7;EDM-SAS:1;EDM-SAS:2;EDM-SAS:3;EDM-SAS:4;EDM-SAS:5;EDM-SAS:6;KAM-CAL:1;KAM-CAL:2;KAM-CAL:3;KAM-CAL:4;KAM-CAL:5;KAM-CAL:6;KAM-CAL:7;KAM-KEL:1;KAM-KEL:2;OTT-MON:1;OTT-MON:2;TOR-MON:1;TOR-MON:2;TOR-MON:3;TOR-MON:4;TOR-MON:5;TOR-MON:6;TOR-OTT:1;TOR-OTT:2;TOR-OTT:3;TOR-OTT:4;TOR-OTT:5;VAN-KAM:1;VAN-KAM:2;VAN-KAM:3;VAN-KAM:4;VAN-KEL:1;VAN-KEL:2;VAN-KEL:3;VAN-KEL:4,5.6,0.8002580189549644
0.9590000000000001,0.725,0.009047357242349292,1259.0552330005396,optimal,28.62841984595433,46,10,18,0,0.04279211619645008,433,0.047296700002334546,CAL-EDM:1;CAL-EDM:2;CAL-EDM:3;CAL-SAS:1;CAL-SAS:2;CAL-SAS:3;CAL-SAS:4;CAL-SAS:5;CAL-SAS:6;CAL-SAS:7;EDM-SAS:1;EDM-SAS:2;EDM-SAS:3;EDM-SAS:4;EDM-SAS:5;EDM-SAS:6;KAM-CAL:1;KAM-CAL:2;KAM-CAL:3;KAM-CAL:4;KAM-CAL:5;KAM-CAL:6;KAM-CAL:7;KAM-KEL:1;KAM-KEL:2;OTT-MON:1;OTT-MON:2;TOR-MON:1;TOR-MON:2;TOR-MON:3;TOR-MON:4;TOR-MON:5;TOR-MON:6;TOR-OTT:1;TOR-OTT:2;TOR-OTT:3;TOR-OTT:4;TOR-OTT:5;VAN-KAM:1;VAN-KAM:2;VAN-KAM:3;VAN-KAM:4;VAN-KEL:1;VAN-KEL:2;VAN-KEL:3;VAN-KEL:4,5.6,0.8002580189549644
0.9590000000000001,0.725,0.009047357242349292,1585.220079746043,optimal,32.14591833860965,53,11,18,0,0.030017743045081,433,0.049564200002350844,CAL-EDM:1;CAL-EDM:2;CAL-EDM:3;CAL-SAS:1;CAL-SAS:2;CAL-SAS:3;CAL-SAS:4;CAL-SAS:5;CAL-SAS:6;CAL-SAS:7;EDM-SAS:1;EDM-SAS:2;EDM-SAS:3;EDM-SAS:4;EDM-SAS:5;EDM-SAS:6;KAM-CAL:1;KAM-CAL:2;KAM-CAL:3;KAM-CAL:4;KAM-CAL:5;KAM-CAL:6;KAM-CAL:7;KAM-KEL:1;KAM-KEL:2;KEL-CAL:1;KEL-CAL:2;KEL-CAL:3;KEL-CAL:4;KEL-CAL:5;KEL-CAL:6;KEL-CAL:7;OTT-MON:1;OTT-MON:2;TOR-MON:1;TOR-MON:2;TOR-MON:3;TOR-MON:4;TOR-MON:5;TOR-MON:6;TOR-OTT:1;TOR-OTT:2;TOR-OTT:3;TOR-OTT:4;TOR-OTT:5;VAN-KAM:1;VAN-KAM:2;VAN-KAM:3;VAN-KAM:4;VAN-KEL:1;VAN-KEL:2;VAN-KEL:3;VAN-KEL:4,5.818181818181818,0.7937204516464198
0.9590000000000001,0.725,0.009047357242349292,1995.879636861788,optimal,35.801675646762774,53,11,18,0,0.03319923187926317,433,0.04499560000112979,CAL-EDM:1;CAL-EDM:2;CAL-EDM:3;CAL-SAS:1;CAL-SAS:2;CAL-SAS:3;CAL-SAS:4;CAL-SAS:5;CAL-SAS:6;CAL-SAS:7;EDM-SAS:1;EDM-SAS:2;EDM-SAS:3;EDM-SAS:4;EDM-SAS:5;EDM-SAS:6;KAM-CAL:1;KAM-CAL:2;KAM-CAL:3;KAM-CAL:4;KAM-CAL:5;KAM-CAL:6;KAM-CAL:7;KAM-KEL:1;KAM-KEL:2;KEL-CAL:1;KEL-CAL:2;KEL-CAL:3;KEL-CAL:4;KEL-CAL:5;KEL-CAL:6;KEL-CAL:7;OTT-MON:1;OTT-MON:2;TOR-MON:1;TOR-MON:2;TOR-MON:3;TOR-MON:4;TOR-MON:5;TOR-MON:6;TOR-OTT:1;TOR-OTT:2;TOR-OTT:3;TOR-OTT:4;TOR-OTT:5;VAN-KAM:1;VAN-KAM:2;VAN-KAM:3;VAN-KAM:4;VAN-KEL:1;VAN-KEL:2;VAN-KEL:3;VAN-KEL:4,5.818181818181818,0.7937204516464198
0.9590000000000001,0.725,0.009047357242349292,2512.9227012300507,optimal,39.457432954915966,53,11,18,0,0.030017743045081,433,0.056391999998595566,CAL-EDM:1;CAL-EDM:2;CAL-EDM:3;CAL-SAS:1;CAL-SAS:2;CAL-SAS:3;CAL-SAS:4;CAL-SAS:5;CAL-SAS:6;CAL-SAS:7;EDM-SAS:1;EDM-SAS:2;EDM-SAS:3;EDM-SAS:4;EDM-SAS:5;EDM-SAS:6;KAM-CAL:1;KAM-CAL:2;KAM-CAL:3;KAM-CAL:4;KAM-CAL:5;KAM-CAL:6;KAM-CAL:7;KAM-KEL:1;KAM-KEL:2;KEL-CAL:1;KEL-CAL:2;KEL-CAL:3;KEL-CAL:4;KEL-CAL:5;KEL-CAL:6;KEL-CAL:7;OTT-MON:1;OTT-MON:2;TOR-MON:1;TOR-MON:2;TOR-MON:3;TOR-MON:4;TOR-MON:5;TOR-MON:6;TOR-OTT:1;TOR-OTT:2;TOR-OTT:3;TOR-OTT:4;TOR-OTT:5;VAN-KAM:1;VAN-KAM:2;VAN-KAM:3;VAN-KAM:4;VAN-KEL:1;VAN-KEL:2;VAN-KEL:3;VAN-KEL:4,5.818181818181818,0.7937204516464198
0.9590000000000001,0.725,0.009047357242349292,3163.9084771095468,optimal,43.113190263069036,53,11,18,0,0.030017743045081,433,0.05467959999805316,CAL-EDM:1;CAL-EDM:2;CAL-EDM:3;CAL-SAS:1;CAL-SAS:2;CAL-SAS:3;CAL-SAS:4;CAL-SAS:5;CAL-SAS:6;CAL-SAS:7;EDM-SAS:1;EDM-SAS:2;EDM-SAS:3;EDM-SAS:4;EDM-SAS:5;EDM-SAS:6;KAM-CAL:1;KAM-CAL:2;KAM-CAL:3;KAM-CAL:4;KAM-CAL:5;KAM-CAL:6;KAM-CAL:7;KAM-KEL:1;KAM-KEL:2;KEL-CAL:1;KEL-CAL:2;KEL-CAL:3;KEL-CAL:4;KEL-CAL:5;KEL-CAL:6;KEL-CAL:7;OTT-MON:1;OTT-MON:2;TOR-MON:1;TOR-MON:2;TOR-MON:3;TOR-MON:4;TOR-MON:5;TOR-MON:6;TOR-OTT:1;TOR-OTT:2;TOR-OTT:3;TOR-OTT:4;TOR-OTT:5;VAN-KAM:1;VAN-KAM:2;VAN-KAM:3;VAN-KAM:4;VAN-KEL:1;VAN-KEL:2;VAN-KEL:3;VAN-KEL:4,5.818181818181818,0.7937204516464198
0.9590000000000001,0.725,0.009047357242349292,3983.5355248395426,optimal,46.768947571222185,53,11,18,0,0.03319923187926317,433,0.07586129999981495,CAL-EDM:1;CAL-EDM:2;CAL-EDM:3;CAL-SAS:1;CAL-SAS:2;CAL-SAS:3;CAL-SAS:4;CAL-SAS:5;CAL-SAS:6;CAL-SAS:7;EDM-SAS:1;EDM-SAS:2;EDM-SAS:3;EDM-SAS:4;EDM-SAS:5;EDM-SAS:6;KAM-CAL:1;KAM-CAL:2;KAM-CAL:3;KAM-CAL:4;KAM-CAL:5;KAM-CAL:6;KAM-CAL:7;KAM-KEL:1;KAM-KEL:2;KEL-CAL:1;KEL-CAL:2;KEL-CAL:3;KEL-CAL:4;KEL-CAL:5;KEL-CAL:6;KEL-CAL:7;OTT-MON:1;OTT-MON:2;TOR-MON:1;TOR-MON:2;TOR-MON:3;TOR-MON:4;TOR-MON:5;TOR-MON:6;TOR-OTT:1;TOR-OTT:2;TOR-OTT:3;TOR-OTT:4;TOR-OTT:5;VAN-KAM:1;VAN-KAM:2;VAN-KAM:3;VAN-KAM:4;VAN-KEL:1;VAN-KEL:2;VAN-KEL:3;VAN-KEL:4,5.818181818181818,0.7937204516464198
0.9590000000000001,0.725,0.009047357242349292,5015.4912483927765,optimal,50.4247048793753,53,11,18,0,0.030017743045081,433,0.06818020000355318,CAL-EDM:1;CAL-EDM:2;CAL-EDM:3;CAL-SAS:1;CAL-SAS:2;CAL-SAS:3;CAL-SAS:4;CAL-SAS:5;CAL-SAS:6;CAL-SAS:7;EDM-SAS:1;EDM-SAS:2;EDM-SAS:3;EDM-SAS:4;EDM-SAS:5;EDM-SAS:6;KAM-CAL:1;KAM-CAL:2;KAM-CAL:3;KAM-CAL:4;KAM-CAL:5;KAM-CAL:6;KAM-CAL:7;KAM-KEL:1;KAM-KEL:2;KEL-CAL:1;KEL-CAL:2;KEL-CAL:3;KEL-CAL:4;KEL-CAL:5;KEL-CAL:6;KEL-CAL:7;OTT-MON:1;OTT-MON:2;TOR-MON:1;TOR-MON:2;TOR-MON:3;TOR-MON:4;TOR-MON:5;TOR-MON:6;TOR-OTT:1;TOR-OTT:2;TOR-OTT:3;TOR-OTT:4;TOR-OTT:5;VAN-KAM:1;VAN-KAM:2;VAN-KAM:3;VAN-KAM:4;VAN-KEL:1;VAN-KEL:2;VAN-KEL:3;VAN-KEL:4,5.818181818181818,0.7937204516464198
0.9590000000000001,0.725,0.009047357242349292,6314.780502357335,optimal,54.08046218752843,53,11,18,0,0.030017743045081,433,0.07438600000023143,CAL-EDM:1;CAL-EDM:2;CAL-EDM:3;CAL-SAS:1;CAL-SAS:2;CAL-SAS:3;CAL-SAS:4;CAL-SAS:5;CAL-SAS:6;CAL-SAS:7;EDM-SAS:1;EDM-SAS:2;EDM-SAS:3;EDM-SAS:4;EDM-SAS:5;EDM-SAS:6;KAM-CAL:1;KAM-CAL:2;KAM-CAL:3;KAM-CAL:4;KAM-CAL:5;KAM-CAL:6;KAM-CAL:7;KAM-KEL:1;KAM-KEL:2;KEL-CAL:1;KEL-CAL:2;KEL-CAL:3;KEL-CAL:4;KEL-CAL:5;KEL-CAL:6;KEL-CAL:7;OTT-MON:1;OTT-MON:2;TOR-MON:1;TOR-MON:2;TOR-MON:3;TOR-MON:4;TOR-MON:5;TOR-MON:6;TOR-OTT:1;TOR-OTT:2;TOR-OTT:3;TOR-OTT:4;TOR-OTT:5;VAN-KAM:1;VAN-KAM:2;VAN-KAM:3;VAN-KAM:4;VAN-KEL:1;VAN-KEL:2;VAN-KEL:3;VAN-KEL:4,5.818181818181818,0.7937204516464198
0.9590000000000001,0.725,0.009047357242349292,7950.657436742778,optimal,57.75573217674464,54,12,18,0,0.030017743045081,433,0.08116090000112308,CAL-EDM:1;CAL-EDM:2;CAL-EDM:3;CAL-SAS:1;CAL-SAS:2;CAL-SAS:3;CAL-SAS:4;CAL-SAS:5;CAL-SAS:6;CAL-SAS:7;Calgary;EDM-SAS:1;EDM-SAS:2;EDM-SAS:3;EDM-SAS:4;EDM-SAS:5;EDM-SAS:6;KAM-CAL:1;KAM-CAL:2;KAM-CAL:3;KAM-CAL:4;KAM-CAL:5;KAM-CAL:6;KAM-CAL:7;KAM-KEL:1;KAM-KEL:2;KEL-CAL:1;KEL-CAL:2;KEL-CAL:3;KEL-CAL:4;KEL-CAL:5;KEL-CAL:6;KEL-CAL:7;OTT-MON:1;OTT-MON:2;TOR-MON:1;TOR-MON:2;TOR-MON:3;TOR-MON:4;TOR-MON:5;TOR-MON:6;TOR-OTT:1;TOR-OTT:2;TOR-OTT:3;TOR-OTT:4;TOR-OTT:5;VAN-KAM:1;VAN-KAM:2;VAN-KAM:3;VAN-KAM:4;VAN-KEL:1;VAN-KEL:2;VAN-KEL:3;VAN-KEL:4,6.333333333333333,0.7802450346431629
0.9590000000000001,0.725,0.009047357242349292,10010.316851525651,optimal,61.74383105836623,54,12,18,0,0.03319923187926317,433,0.09231250000448199,CAL-EDM:1;CAL-EDM:2;CAL-EDM:3;CAL-SAS:1;CAL-SAS:2;CAL-SAS:3;CAL-SAS:4;CAL-SAS:5;CAL-SAS:6;CAL-SAS:7;Calgary;EDM-SAS:1;EDM-SAS:2;EDM-SAS:3;EDM-SAS:4;EDM-SAS:5;EDM-SAS:6;KAM-CAL:1;KAM-CAL:2;KAM-CAL:3;KAM-CAL:4;KAM-CAL:5;KAM-CAL:6;KAM-CAL:7;KAM-KEL:1;KAM-KEL:2;KEL-CAL:1;KEL-CAL:2;KEL-CAL:3;KEL-CAL:4;KEL-CAL:5;KEL-CAL:6;KEL-CAL:7;OTT-MON:1;OTT-MON:2;TOR-MON:1;TOR-MON:2;TOR-MON:3;TOR-MON:4;TOR-MON:5;TOR-MON:6;TOR-OTT:1;TOR-OTT:2;TOR-OTT:3;TOR-OTT:4;TOR-OTT:5;VAN-KAM:1;VAN-KAM:2;VAN-KAM:3;VAN-KAM:4;VAN-KEL:1;VAN-KEL:2;VAN-KEL:3;VAN-KEL:4,6.333333333333333,0.7802450346431629
0.9590000000000001,0.725,0.009047357242349292,12603.541815906843,optimal,65.7319299399879,54,12,18,0,0.030017743045081,433,0.04508140000689309,CAL-EDM:1;CAL-EDM:2;CAL-EDM:3;CAL-SAS:1;CAL-SAS:2;CAL-SAS:3;CAL-SAS:4;CAL-SAS:5;CAL-SAS:6;CAL-SAS:7;Calgary;EDM-SAS:1;EDM-SAS:2;EDM-SAS:3;EDM-SAS:4;EDM-SAS:5;EDM-SAS:6;KAM-CAL:1;KAM-CAL:2;KAM-CAL:3;KAM-CAL:4;KAM-CAL:5;KAM-CAL:6;KAM-CAL:7;KAM-KEL:1;KAM-KEL:2;KEL-CAL:1;KEL-CAL:2;KEL-CAL:3;KEL-CAL:4;KEL-CAL:5;KEL-CAL:6;KEL-CAL:7;OTT-MON:1;OTT-MON:2;TOR-MON:1;TOR-MON:2;TOR-MON:3;TOR-MON:4;TOR-MON:5;TOR-MON:6;TOR-OTT:1;TOR-OTT:2;TOR-OTT:3;TOR-OTT:4;TOR-OTT:5;VAN-KAM:1;VAN-KAM:2;VAN-KAM:3;VAN-KAM:4;VAN-KEL:1;VAN-KEL:2;VAN-KEL:3;VAN-KEL:4,6.333333333333333,0.7802450346431629
0.9590000000000001,0.725,0.009047357242349292,15868.55527765865,optimal,69.72002882160942,54,12,18,0,0.030017743045081,433,0.05657169999903999,CAL-EDM:1;CAL-EDM:2;CAL-EDM:3;CAL-SAS:1;CAL-SAS:2;CAL-SAS:3;CAL-SAS:4;CAL-SAS:5;CAL-SAS:6;CAL-SAS:7;Calgary;EDM-SAS:1;EDM-SAS:2;EDM-SAS:3;EDM-SAS:4;EDM-SAS:5;EDM-SAS:6;KAM-CAL:1;KAM-CAL:2;KAM-CAL:3;KAM-CAL:4;KAM-CAL:5;KAM-CAL:6;KAM-CAL:7;KAM-KEL:1;KAM-KEL:2;KEL-CAL:1;KEL-CAL:2;KEL-CAL:3;KEL-CAL:4;KEL-CAL:5;KEL-CAL:6;KEL-CAL:7;OTT-MON:1;OTT-MON:2;TOR-MON:1;TOR-MON:2;TOR-MON:3;TOR-MON:4;TOR-MON:5;TOR-MON:6;TOR-OTT:1;TOR-OTT:2;TOR-OTT:3;TOR-OTT:4;TOR-OTT:5;VAN-KAM:1;VAN-KAM:2;VAN-KAM:3;VAN-KAM:4;VAN-KEL:1;VAN-KEL:2;VAN-KEL:3;VAN-KEL:4,6.333333333333333,0.7802450346431629
0.9590000000000001,0.725,0.009047357242349292,19979.387562494434,optimal,73.708127703231,54,12,18,0,0.030017743045081,433,0.09894920000078855,CAL-EDM:1;CAL-EDM:2;CAL-EDM:3;CAL-SAS:1;CAL-SAS:2;CAL-SAS:3;CAL-SAS:4;CAL-SAS:5;CAL-SAS:6;CAL-SAS:7;Calgary;EDM-SAS:1;EDM-SAS:2;EDM-SAS:3;EDM-SAS:4;EDM-SAS:5;EDM-SAS:6;KAM-CAL:1;KAM-CAL:2;KAM-CAL:3;KAM-CAL:4;KAM-CAL:5;KAM-CAL:6;KAM-CAL:7;KAM-KEL:1;KAM-KEL:2;KEL-CAL:1;KEL-CAL:2;KEL-CAL:3;KEL-CAL:4;KEL-CAL:5;KEL-CAL:6;KEL-CAL:7;OTT-MON:1;OTT-MON:2;TOR-MON:1;TOR-MON:2;TOR-MON:3;TOR-MON:4;TOR-MON:5;TOR-MON:6;TOR-OTT:1;TOR-OTT:2;TOR-OTT:3;TOR-OTT:4;TOR-OTT:5;VAN-KAM:1;VAN-KAM:2;VAN-KAM:3;VAN-KAM:4;VAN-KEL:1;VAN-KEL:2;VAN-KEL:3;VAN-KEL:4,6.333333333333333,0.7802450346431629
0.9590000000000001,0.725,0.009047357242349292,25155.152462704536,optimal,77.69622658485262,54,12,18,0,0.030017743045081,433,0.09397110000281828,CAL-EDM:1;CAL-EDM:2;CAL-EDM:3;CAL-SAS:1;CAL-SAS:2;CAL-SAS:3;CAL-SAS:4;CAL-SAS:5;CAL-SAS:6;CAL-SAS:7;Calgary;EDM-SAS:1;EDM-SAS:2;EDM-SAS:3;EDM-SAS:4;EDM-SAS:5;EDM-SAS:6;KAM-CAL:1;KAM-CAL:2;KAM-CAL:3;KAM-CAL:4;KAM-CAL:5;KAM-CAL:6;KAM-CAL:7;KAM-KEL:1;KAM-KEL:2;KEL-CAL:1;KEL-CAL:2;KEL-CAL:3;KEL-CAL:4;KEL-CAL:5;KEL-CAL:6;KEL-CAL:7;OTT-MON:1;OTT-MON:2;TOR-MON:1;TOR-MON:2;TOR-MON:3;TOR-MON:4;TOR-MON:5;TOR-MON:6;TOR-OTT:1;TOR-OTT:2;TOR-OTT:3;TOR-OTT:4;TOR-OTT:5;VAN-KAM:1;VAN-KAM:2;VAN-KAM:3;VAN-KAM:4;VAN-KEL:1;VAN-KEL:2;VAN-KEL:3;VAN-KEL:4,6.333333333333333,0.7802450346431629
0.9590000000000001,0.725,0.009047357242349292,31671.726345094525,optimal,81.6843254664742,54,12,18,0,0.03319923187926317,433,0.05257520000304794,CAL-EDM:1;CAL-EDM:2;CAL-EDM:3;CAL-SAS:1;CAL-SAS:2;CAL-SAS:3;CAL-SAS:4;CAL-SAS:5;CAL-SAS:6;CAL-SAS:7;Calgary;EDM-SAS:1;EDM-SAS:2;EDM-SAS:3;EDM-SAS:4;EDM-SAS:5;EDM-SAS:6;KAM-CAL:1;KAM-CAL:2;KAM-CAL:3;KAM-CAL:4;KAM-CAL:5;KAM-CAL:6;KAM-CAL:7;KAM-KEL:1;KAM-KEL:2;KEL-CAL:1;KEL-CAL:2;KEL-CAL:3;KEL-CAL:4;KEL-CAL:5;KEL-CAL:6;KEL-CAL:7;OTT-MON:1;OTT-MON:2;TOR-MON:1;TOR-MON:2;TOR-MON:3;TOR-MON:4;TOR-MON:5;TOR-MON:6;TOR-OTT:1;TOR-OTT:2;TOR-OTT:3;TOR-OTT:4;TOR-OTT:5;VAN-KAM:1;VAN-KAM:2;VAN-KAM:3;VAN-KAM:4;VAN-KEL:1;VAN-KEL:2;VAN-KEL:3;VAN-KEL:4,6.333333333333333,0.7802450346431629
0.9590000000000001,0.725,0.009047357242349292,39876.452792952354,optimal,85.6724243480958,54,12,18,0,0.030017743045081,433,0.05910460000450257,CAL-EDM:1;CAL-EDM:2;CAL-EDM:3;CAL-SAS:1;CAL-SAS:2;CAL-SAS:3;CAL-SAS:4;CAL-SAS:5;CAL-SAS:6;CAL-SAS:7;Calgary;EDM-SAS:1;EDM-SAS:2;EDM-SAS:3;EDM-SAS:4;EDM-SAS:5;EDM-SAS:6;KAM-CAL:1;KAM-CAL:2;KAM-CAL:3;KAM-CAL:4;KAM-CAL:5;KAM-CAL:6;KAM-CAL:7;KAM-KEL:1;KAM-KEL:2;KEL-CAL:1;KEL-CAL:2;KEL-CAL:3;KEL-CAL:4;KEL-CAL:5;KEL-CAL:6;KEL-CAL:7;OTT-MON:1;OTT-MON:2;TOR-MON:1;TOR-MON:2;TOR-MON:3;TOR-MON:4;TOR-MON:5;TOR-MON:6;TOR-OTT:1;TOR-OTT:2;TOR-OTT:3;TOR-OTT:4;TOR-OTT:5;VAN-KAM:1;VAN-KAM:2;VAN-KAM:3;VAN-KAM:4;VAN-KEL:1;VAN-KEL:2;VAN-KEL:3;VAN-KEL:4,6.333333333333333,0.7802450346431629
0.9590000000000001,0.725,0.009047357242349292,50206.65656246559,optimal,89.66052322971738,54,12,18,0,0.03319923187926317,433,0.05788800000300398,CAL-EDM:1;CAL-EDM:2;CAL-EDM:3;CAL-SAS:1;CAL-SAS:2;CAL-SAS:3;CAL-SAS:4;CAL-SAS:5;CAL-SAS:6;CAL-SAS:7;Calgary;EDM-SAS:1;EDM-SAS:2;EDM-SAS:3;EDM-SAS:4;EDM-SAS:5;EDM-SAS:6;KAM-CAL:1;KAM-CAL:2;KAM-CAL:3;KAM-CAL:4;KAM-CAL:5;KAM-CAL:6;KAM-CAL:7;KAM-KEL:1;KAM-KEL:2;KEL-CAL:1;KEL-CAL:2;KEL-CAL:3;KEL-CAL:4;KEL-CAL:5;KEL-CAL:6;KEL-CAL:7;OTT-MON:1;OTT-MON:2;TOR-MON:1;TOR-MON:2;TOR-MON:3;TOR-MON:4;TOR-MON:5;TOR-MON:6;TOR-OTT:1;TOR-OTT:2;TOR-OTT:3;TOR-OTT:4;TOR-OTT:5;VAN-KAM:1;VAN-KAM:2;VAN-KAM:3;VAN-KAM:4;VAN-KEL:1;VAN-KEL:2;VAN-KEL:3;VAN-KEL:4,6.333333333333333,0.7802450346431629
0.9590000000000001,0.725,0.009047357242349292,63212.953676433244,optimal,93.64862211133907,54,12,18,0,0.03319923187926317,433,0.06628510000155075,CAL-EDM:1;CAL-EDM:2;CAL-EDM:3;CAL-SAS:1;CAL-SAS:2;CAL-SAS:3;CAL-SAS:4;CAL-SAS:5;CAL-SAS:6;CAL-SAS:7;Calgary;EDM-SAS:1;EDM-SAS:2;EDM-SAS:3;EDM-SAS:4;EDM-SAS:5;EDM-SAS:6;KAM-CAL:1;KAM-CAL:2;KAM-CAL:3;KAM-CAL:4;KAM-CAL:5;KAM-CAL:6;KAM-CAL:7;KAM-KEL:1;KAM-KEL:2;KEL-CAL:1;KEL-CAL:2;KEL-CAL:3;KEL-CAL:4;KEL-CAL:5;KEL-CAL:6;KEL-CAL:7;OTT-MON:1;OTT-MON:2;TOR-MON:1;TOR-MON:2;TOR-MON:3;TOR-MON:4;TOR-MON:5;TOR-MON:6;TOR-OTT:1;TOR-OTT:2;TOR-OTT:3;TOR-OTT:4;TOR-OTT:5;VAN-KAM:1;VAN-KAM:2;VAN-KAM:3;VAN-KAM:4;VAN-KEL:1;VAN-KEL:2;VAN-KEL:3;VAN-KEL:4,6.333333333333333,0.7802450346431629
0.9590000000000001,0.725,0.009047357242349292,79588.60011973389,optimal,97.63672099296058,54,12,18,0,0.03319923187926317,433,0.07543720000103349,CAL-EDM:1;CAL-EDM:2;CAL-EDM:3;CAL-SAS:1;CAL-SAS:2;CAL-SAS:3;CAL-SAS:4;CAL-SAS:5;CAL-SAS:6;CAL-SAS:7;Calgary;EDM-SAS:1;EDM-SAS:2;EDM-SAS:3;EDM-SAS:4;EDM-SAS:5;EDM-SAS:6;KAM-CAL:1;KAM-CAL:2;KAM-CAL:3;KAM-CAL:4;KAM-CAL:5;KAM-CAL:6;KAM-CAL:7;KAM-KEL:1;KAM-KEL:2;KEL-CAL:1;KEL-CAL:2;KEL-CAL:3;KEL-CAL:4;KEL-CAL:5;KEL-CAL:6;KEL-CAL:7;OTT-MON:1;OTT-MON:2;TOR-MON:1;TOR-MON:2;TOR-MON:3;TOR-MON:4;TOR-MON:5;TOR-MON:6;TOR-OTT:1;TOR-OTT:2;TOR-OTT:3;TOR-OTT:4;TOR-OTT:5;VAN-KAM:1;VAN-KAM:2;VAN-KAM:3;VAN-KAM:4;VAN-KEL:1;VAN-KEL:2;VAN-KEL:3;VAN-KEL:4,6.333333333333333,0.7802450346431629
0.9590000000000001,0.725,0.009047357242349292,100206.44346793843,optimal,101.6248198745822,54,12,18,0,0.03319923187926317,433,0.0647776000041631,CAL-EDM:1;CAL-EDM:2;CAL-EDM:3;CAL-SAS:1;CAL-SAS:2;CAL-SAS:3;CAL-SAS:4;CAL-SAS:5;CAL-SAS:6;CAL-SAS:7;Calgary;EDM-SAS:1;EDM-SAS:2;EDM-SAS:3;EDM-SAS:4;EDM-SAS:5;EDM-SAS:6;KAM-CAL:1;KAM-CAL:2;KAM-CAL:3;KAM-CAL:4;KAM-CAL:5;KAM-CAL:6;KAM-CAL:7;KAM-KEL:1;KAM-KEL:2;KEL-CAL:1;KEL-CAL:2;KEL-CAL:3;KEL-CAL:4;KEL-CAL:5;KEL-CAL:6;KEL-CAL:7;OTT-MON:1;OTT-MON:2;TOR-MON:1;TOR-MON:2;TOR-MON:3;TOR-MON:4;TOR-MON:5;TOR-MON:6;TOR-OTT:1;TOR-OTT:2;TOR-OTT:3;TOR-OTT:4;TOR-OTT:5;VAN-KAM:1;VAN-KAM:2;VAN-KAM:3;VAN-KAM:4;VAN-KEL:1;VAN-KEL:2;VAN-KEL:3;VAN-KEL:4,6.333333333333333,0.7802450346431629
0.9590000000000001,0.725,0.009047357242349292,126165.44702868049,optimal,105.61291875620381,54,12,18,0,0.03319923187926317,433,0.10103739999613026,CAL-EDM:1;CAL-EDM:2;CAL-EDM:3;CAL-SAS:1;CAL-SAS:2;CAL-SAS:3;CAL-SAS:4;CAL-SAS:5;CAL-SAS:6;CAL-SAS:7;Calgary;EDM-SAS:1;EDM-SAS:2;EDM-SAS:3;EDM-SAS:4;EDM-SAS:5;EDM-SAS:6;KAM-CAL:1;KAM-CAL:2;KAM-CAL:3;KAM-CAL:4;KAM-CAL:5;KAM-CAL:6;KAM-CAL:7;KAM-KEL:1;KAM-KEL:2;KEL-CAL:1;KEL-CAL:2;KEL-CAL:3;KEL-CAL:4;KEL-CAL:5;KEL-CAL:6;KEL-CAL:7;OTT-MON:1;OTT-MON:2;TOR-MON:1;TOR-MON:2;TOR-MON:3;TOR-MON:4;TOR-MON:5;TOR-MON:6;TOR-OTT:1;TOR-OTT:2;TOR-OTT:3;TOR-OTT:4;TOR-OTT:5;VAN-KAM:1;VAN-KAM:2;VAN-KAM:3;VAN-KAM:4;VAN-KEL:1;VAN-KEL:2;VAN-KEL:3;VAN-KEL:4,6.333333333333333,0.7802450346431629
0.9590000000000001,0.725,0.009047357242349292,158849.26630531237,optimal,109.60101763782542,54,12,18,0,0.030017743045081,433,0.09482489999936661,CAL-EDM:1;CAL-EDM:2;CAL-EDM:3;CAL-SAS:1;CAL-SAS:2;CAL-SAS:3;CAL-SAS:4;CAL-SAS:5;CAL-SAS:6;CAL-SAS:7;Calgary;EDM-SAS:1;EDM-SAS:2;EDM-SAS:3;EDM-SAS:4;EDM-SAS:5;EDM-SAS:6;KAM-CAL:1;KAM-CAL:2;KAM-CAL:3;KAM-CAL:4;KAM-CAL:5;KAM-CAL:6;KAM-CAL:7;KAM-KEL:1;KAM-KEL:2;KEL-CAL:1;KEL-CAL:2;KEL-CAL:3;KEL-CAL:4;KEL-CAL:5;KEL-CAL:6;KEL-CAL:7;OTT-MON:1;OTT-MON:2;TOR-MON:1;TOR-MON:2;TOR-MON:3;TOR-MON:4;TOR-MON:5;TOR-MON:6;TOR-OTT:1;TOR-OTT:2;TOR-OTT:3;TOR-OTT:4;TOR-OTT:5;VAN-KAM:1;VAN-KAM:2;VAN-KAM:3;VAN-KAM:4;VAN-KEL:1;VAN-KEL:2;VAN-KEL:3;VAN-KEL:4,6.333333333333333,0.7802450346431629
0.9590000000000001,0.725,0.009047357242349292,200000.0,optimal,113.58911651944703,54,12,18,0,0.030017743045081,433,0.07346659999893745,CAL-EDM:1;CAL-EDM:2;CAL-EDM:3;CAL-SAS:1;CAL-SAS:2;CAL-SAS:3;CAL-SAS:4;CAL-SAS:5;CAL-SAS:6;CAL-SAS:7;Calgary;EDM-SAS:1;EDM-SAS:2;EDM-SAS:3;EDM-SAS:4;EDM-SAS:5;EDM-SAS:6;KAM-CAL:1;KAM-CAL:2;KAM-CAL:3;KAM-CAL:4;KAM-CAL:5;KAM-CAL:6;KAM-CAL:7;KAM-KEL:1;KAM-KEL:2;KEL-CAL:1;KEL-CAL:2;KEL-CAL:3;KEL-CAL:4;KEL-CAL:5;KEL-CAL:6;KEL-CAL:7;OTT-MON:1;OTT-MON:2;TOR-MON:1;TOR-MON:2;TOR-MON:3;TOR-MON:4;TOR-MON:5;TOR-MON:6;TOR-OTT:1;TOR-OTT:2;TOR-OTT:3;TOR-OTT:4;TOR-OTT:5;VAN-KAM:1;VAN-KAM:2;VAN-KAM:3;VAN-KAM:4;VAN-KEL:1;VAN-KEL:2;VAN-KEL:3;VAN-KEL:4,6.333333333333333,0.7802450346431629
0.9590000000000001,0.725,0.011052951411260215,1000.0,optimal,25.305004111269668,46,10,18,0,0.04279211619645008,537,0.07991120000224328,CAL-EDM:1;CAL-EDM:2;CAL-EDM:3;CAL-SAS:1;CAL-SAS:2;CAL-SAS:3;CAL-SAS:4;CAL-SAS:5;CAL-SAS:6;CAL-SAS:7;EDM-SAS:1;EDM-SAS:2;EDM-SAS:3;EDM-SAS:4;EDM-SAS:5;EDM-SAS:6;KAM-CAL:1;KAM-CAL:2;KAM-CAL:3;KAM-CAL:4;KAM-CAL:5;KAM-CAL:6;KAM-CAL:7;KAM-KEL:1;KAM-KEL:2;OTT-MON:1;OTT-MON:2;TOR-MON:1;TOR-MON:2;TOR-MON:3;TOR-MON:4;TOR-MON:5;TOR-MON:6;TOR-OTT:1;TOR-OTT:2;TOR-OTT:3;TOR-OTT:4;TOR-OTT:5;VAN-KAM:1;VAN-KAM:2;VAN-KAM:3;VAN-KAM:4;VAN-KEL:1;VAN-KEL:2;VAN-KEL:3;VAN-KEL:4,5.6,0.8002580189549644
0.9590000000000001,0.725,0.011052951411260215,1259.0552330005396,optimal,28.628419845954333,46,10,18,0,0.04279211619645008,537,0.0725903999991715,CAL-EDM:1;CAL-EDM:2;CAL-EDM:3;CAL-SAS:1;CAL-SAS:2;CAL-SAS:3;CAL-SAS:4;CAL-SAS:5;CAL-SAS:6;CAL-SAS:7;EDM-SAS:1;EDM-SAS:2;EDM-SAS:3;EDM-SAS:4;EDM-SAS:5;EDM-SAS:6;KAM-CAL:1;KAM-CAL:2;KAM-CAL:3;KAM-CAL:4;KAM-CAL:5;KAM-CAL:6;KAM-CAL:7;KAM-KEL:1;KAM-KEL:2;OTT-MON:1;OTT-MON:2;TOR-MON:1;TOR-MON:2;TOR-MON:3;TOR-MON:4;TOR-MON:5;TOR-MON:6;TOR-OTT:1;TOR-OTT:2;TOR-OTT:3;TOR-OTT:4;TOR-OTT:5;VAN-KAM:1;VAN-KAM:2;VAN-KAM:3;VAN-KAM:4;VAN-KEL:1;VAN-KEL:2;VAN-KEL:3;VAN-KEL:4,5.6,0.8002580189549644
0.9590000000000001,0.725,0.011052951411260215,1585.220079746043,optimal,32.145918338609654,53,11,18,0,0.03319923187926317,537,0.07378769999922952,CAL-EDM:1;CAL-EDM:2;CAL-EDM:3;CAL-SAS:1;CAL-SAS:2;CAL-SAS:3;CAL-SAS:4;CAL-SAS:5;CAL-SAS:6;CAL-SAS:7;EDM-SAS:1;EDM-SAS:2;EDM-SAS:3;EDM-SAS:4;EDM-SAS:5;EDM-SAS:6;KAM-CAL:1;KAM-CAL:2;KAM-CAL:3;KAM-CAL:4;KAM-CAL:5;KAM-CAL:6;KAM-CAL:7;KAM-KEL:1;KAM-KEL:2;KEL-CAL:1;KEL-CAL:2;KEL-CAL:3;KEL-CAL:4;KEL-CAL:5;KEL-CAL:6;KEL-CAL:7;OTT-MON:1;OTT-MON:2;TOR-MON:1;TOR-MON:2;TOR-MON:3;TOR-MON:4;TOR-MON:5;TOR-MON:6;TOR-OTT:1;TOR-OTT:2;TOR-OTT:3;TOR-OTT:4;TOR-OTT:5;VAN-KAM:1;VAN-KAM:2;VAN-KAM:3;VAN-KAM:4;VAN-KEL:1;VAN-KEL:2;VAN-KEL:3;VAN-KEL:4,5.818181818181818,0.7937204516464198
0.9590000000000001,0.725,0.011052951411260215,1995.879636861788,optimal,35.801675646762774,53,11,18,0,0.03319923187926317,537,0.06825850000313949,CAL-EDM:1;CAL-EDM:2;CAL-EDM:3;CAL-SAS:1;CAL-SAS:2;CAL-SAS:3;CAL-SAS:4;CAL-SAS:5;CAL-SAS:6;CAL-SAS:7;EDM-SAS:1;EDM-SAS:2;EDM-SAS:3;EDM-SAS:4;EDM-SAS:5;EDM-SAS:6;KAM-CAL:1;KAM-CAL:2;KAM-CAL:3;KAM-CAL:4;KAM-CAL:5;KAM-CAL:6;KAM-CAL:7;KAM-KEL:1;KAM-KEL:2;KEL-CAL:1;KEL-CAL:2;KEL-CAL:3;KEL-CAL:4;KEL-CAL:5;KEL-CAL:6;KEL-CAL:7;OTT-MON:1;OTT-MON:2;TOR-MON:1;TOR-MON:2;TOR-MON:3;TOR-MON:4;TOR-MON:5;TOR-MON:6;TOR-OTT:1;TOR-OTT:2;TOR-OTT:3;TOR-OTT:4;TOR-OTT:5;VAN-KAM:1;VAN-KAM:2;VAN-KAM:3;VAN-KAM:4;VAN-KEL:1;VAN-KEL:2;VAN-KEL:3;VAN-KEL:4,5.818181818181818,0.7937204516464198
0.9590000000000001,0.725,0.011052951411260215,2512.9227012300507,optimal,39.45743295491591,53,11,18,0,0.030017743045081,537,0.07938370000192663,CAL-EDM:1;CAL-EDM:2;CAL-EDM:3;CAL-SAS:1;CAL-SAS:2;CAL-SAS:3;CAL-SAS:4;CAL-SAS:5;CAL-SAS:6;CAL-SAS:7;EDM-SAS:1;EDM-SAS:2;EDM-SAS:3;EDM-SAS:4;EDM-SAS:5;EDM-SAS:6;KAM-CAL:1;KAM-CAL:2;KAM-CAL:3;KAM-CAL:4;KAM-CAL:5;KAM-CAL:6;KAM-CAL:7;KAM-KEL:1;KAM-KEL:2;KEL-CAL:1;KEL-CAL:2;KEL-CAL:3;KEL-CAL:4;KEL-CAL:5;KEL-CAL:6;KEL-CAL:7;OTT-MON:1;OTT-MON:2;TOR-MON:1;TOR-MON:2;TOR-MON:3;TOR-MON:4;TOR-MON:5;TOR-MON:6;TOR-OTT:1;TOR-OTT:2;TOR-OTT:3;TOR-OTT:4;TOR-OTT:5;VAN-KAM:1;VAN-KAM:2;VAN-KAM:3;VAN-KAM:4;VAN-KEL:1;VAN-KEL:2;VAN-KEL:3;VAN-KEL:4,5.818181818181818,0.7937204516464198
0.9590000000000001,0.725,0.011052951411260215,3163.9084771095468,optimal,43.113190263069036,53,11,18,0,0.030017743045081,537,0.04871849999472033,CAL-EDM:1;CAL-EDM:2;CAL-EDM:3;CAL-SAS:1;CAL-SAS:2;CAL-SAS:3;CAL-SAS:4;CAL-SAS:5;CAL-SAS:6;CAL-SAS:7;EDM-SAS:1;EDM-SAS:2;EDM-SAS:3;EDM-SAS:4;EDM-SAS:5;EDM-SAS:6;KAM-CAL:1;KAM-CAL:2;KAM-CAL:3;KAM-CAL:4;KAM-CAL:5;KAM-CAL:6;KAM-CAL:7;KAM-KEL:1;KAM-KEL:2;KEL-CAL:1;KEL-CAL:2;KEL-CAL:3;KEL-CAL:4;KEL-CAL:5;KEL-CAL:6;KEL-CAL:7;OTT-MON:1;OTT-MON:2;TOR-MON:1;TOR-MON:2;TOR-MON:3;TOR-MON:4;TOR-MON:5;TOR-MON:6;TOR-OTT:1;TOR-OTT:2;TOR-OTT:3;TOR-OTT:4;TOR-OTT:5;VAN-KAM:1;VAN-KAM:2;VAN-KAM:3;VAN-KAM:4;VAN-KEL:1;VAN-KEL:2;VAN-KEL:3;VAN-KEL:4,5.818181818181818,0.7937204516464198
0.9590000000000001,0.725,0.011052951411260215,3983.5355248395426,optimal,46.76894757122217,53,11,18,0,0.03319923187926317,537,0.06005649999860907,CAL-EDM:1;CAL-EDM:2;CAL-EDM:3;CAL-SAS:1;CAL-SAS:2;CAL-SAS:3;CAL-SAS:4;CAL-SAS:5;CAL-SAS:6;CAL-SAS:7;EDM-SAS:1;EDM-SAS:2;EDM-SAS:3;EDM-SAS:4;EDM-SAS:5;EDM-SAS:6;KAM-CAL:1;KAM-CAL:2;KAM-CAL:3;KAM-CAL:4;KAM-CAL:5;KAM-CAL:6;KAM-CAL:7;KAM-KEL:1;KAM-KEL:2;KEL-CAL:1;KEL-CAL:2;KEL-CAL:3;KEL-CAL:4;KEL-CAL:5;KEL-CAL:6;KEL-CAL:7;OTT-MON:1;OTT-MON:2;TOR-MON:1;TOR-MON:2;TOR-MON:3;TOR-MON:4;TOR-MON:5;TOR-MON:6;TOR-OTT:1;TOR-OTT:2;TOR-OTT:3;TOR-OTT:4;TOR-OTT:5;VAN-KAM:1;VAN-KAM:2;VAN-KAM:3;VAN-KAM:4;VAN-KEL:1;VAN-KEL:2;VAN-KEL:3;VAN-KEL:4,5.818181818181818,0.7937204516464198
0.9590000000000001,0.725,0.011052951411260215,5015.4912483927765,optimal,50.424704879375305,53,11,18,0,0.03319923187926317,537,0.062075000001641456,CAL-EDM:1;CAL-EDM:2;CAL-EDM:3;CAL-SAS:1;CAL-SAS:2;CAL-SAS:3;CAL-SAS:4;CAL-SAS:5;CAL-SAS:6;CAL-SAS:7;EDM-SAS:1;EDM-SAS:2;EDM-SAS:3;EDM-SAS:4;EDM-SAS:5;EDM-SAS:6;KAM-CAL:1;KAM-CAL:2;KAM-CAL:3;KAM-CAL:4;KAM-CAL:5;KAM-CAL:6;KAM-CAL:7;KAM-KEL:1;KAM-KEL:2;KEL-CAL:1;KEL-CAL:2;KEL-CAL:3;KEL-CAL:4;KEL-CAL:5;KEL-CAL:6;KEL-CAL:7;OTT-MON:1;OTT-MON:2;TOR-MON:1;TOR-MON:2;TOR-MON:3;TOR-MON:4;TOR-MON:5;TOR-MON:6;TOR-OTT:1;TOR-OTT:2;TOR-OTT:3;TOR-OTT:4;TOR-OTT:5;VAN-KAM:1;VAN-KAM:2;VAN-KAM:3;VAN-KAM:4;VAN-KEL:1;VAN-KEL:2;VAN-KEL:3;VAN-KEL:4,5.818181818181818,0.7937204516464198
0.9590000000000001,0.725,0.011052951411260215,6314.780502357335,optimal,54.08046218752847,53,11,18,0,0.03319923187926317,537,0.10757910000393167,CAL-EDM:1;CAL-EDM:2;CAL-EDM:3;CAL-SAS:1;CAL-SAS:2;CAL-SAS:3;CAL-SAS:4;CAL-SAS:5;CAL-SAS:6;CAL-SAS:7;EDM-SAS:1;EDM-SAS:2;EDM-SAS:3;EDM-SAS:4;EDM-SAS:5;EDM-SAS:6;KAM-CAL:1;KAM-CAL:2;KAM-CAL:3;KAM-CAL:4;KAM-CAL:5;KAM-CAL:6;KAM-CAL:7;KAM-KEL:1;KAM-KEL:2;KEL-CAL:1;KEL-CAL:2;KEL-CAL:3;KEL-CAL:4;KEL-CAL:5;KEL-CAL:6;KEL-CAL:7;OTT-MON:1;OTT-MON:2;TOR-MON:1;TOR-MON:2;TOR-MON:3;TOR-MON:4;TOR-MON:5;TOR-MON:6;TOR-OTT:1;TOR-OTT:2;TOR-OTT:3;TOR-OTT:4;TOR-OTT:5;VAN-KAM:1;VAN-KAM:2;VAN-KAM:3;VAN-KAM:4;VAN-KEL:1;VAN-KEL:2;VAN-KEL:3;VAN-KEL:4,5.818181818181818,0.7937204516464198
0.9590000000000001,0.725,0.011052951411260215,7950.657436742778,optimal,57.755732176744665,54,12,18,0,0.03319923187926317,537,0.11440769999899203,CAL-EDM:1;CAL-EDM:2;CAL-EDM:3;CAL-SAS:1;CAL-SAS:2;CAL-SAS:3;CAL-SAS:4;CAL-SAS:5;CAL-SAS:6;CAL-SAS:7;Calgary;EDM-SAS:1;EDM-SAS:2;EDM-SAS:3;EDM-SAS:4;EDM-SAS:5;EDM-SAS:6;KAM-CAL:1;KAM-CAL:2;KAM-CAL:3;KAM-CAL:4;KAM-CAL:5;KAM-CAL:6;KAM-CAL:7;KAM-KEL:1;KAM-KEL:2;KEL-CAL:1;KEL-CAL:2;KEL-CAL:3;KEL-CAL:4;KEL-CAL:5;KEL-CAL:6;KEL-CAL:7;OTT-MON:1;OTT-MON:2;TOR-MON:1;TOR-MON:2;TOR-MON:3;TOR-MON:4;TOR-MON:5;TOR-MON:6;TOR-OTT:1;TOR-OTT:2;TOR-OTT:3;TOR-OTT:4;TOR-OTT:5;VAN-KAM:1;VAN-KAM:2;VAN-KAM:3;VAN-KAM:4;VAN-KEL:1;VAN-KEL:2;VAN-KEL:3;VAN-KEL:4,6.333333333333333,0.7802450346431629
0.9590000000000001,0.725,0.011052951411260215,10010.316851525651,optimal,61.743831058366226,54,12,18,0,0.03319923187926317,537,0.11144149999745423,CAL-EDM:1;CAL-EDM:2;CAL-EDM:3;CAL-SAS:1;CAL-SAS:2;CAL-SAS:3;CAL-SAS:4;CAL-SAS:5;CAL-SAS:6;CAL-SAS:7;Calgary;EDM-SAS:1;EDM-SAS:2;EDM-SAS:3;EDM-SAS:4;EDM-SAS:5;EDM-SAS:6;KAM-CAL:1;KAM-CAL:2;KAM-CAL:3;KAM-CAL:4;KAM-CAL:5;KAM-CAL:6;KAM-CAL:7;KAM-KEL:1;KAM-KEL:2;KEL-CAL:1;KEL-CAL:2;KEL-CAL:3;KEL-CAL:4;KEL-CAL:5;KEL-CAL:6;KEL-CAL:7;OTT-MON:1;OTT-MON:2;TOR-MON:1;TOR-MON:2;TOR-MON:3;TOR-MON:4;TOR-MON:5;TOR-MON:6;TOR-OTT:1;TOR-OTT:2;TOR-OTT:3;TOR-OTT:4;TOR-OTT:5;VAN-KAM:1;VAN-KAM:2;VAN-KAM:3;VAN-KAM:4;VAN-KEL:1;VAN-KEL:2;VAN-KEL:3;VAN-KEL:4,6.333333333333333,0.7802450346431629
0.9590000000000001,0.725,0.011052951411260215,12603.541815906843,optimal,65.73192993998784,54,12,18,0,0.03319923187926317,537,0.14175369999429677,CAL-EDM:1;CAL-EDM:2;CAL-EDM:3;CAL-SAS:1;CAL-SAS:2;CAL-SAS:3;CAL-SAS:4;CAL-SAS:5;CAL-SAS:6;CAL-SAS:7;Calgary;EDM-SAS:1;EDM-SAS:2;EDM-SAS:3;EDM-SAS:4;EDM-SAS:5;EDM-SAS:6;KAM-CAL:1;KAM-CAL:2;KAM-CAL:3;KAM-CAL:4;KAM-CAL:5;KAM-CAL:6;KAM-CAL:7;KAM-KEL:1;KAM-KEL:2;KEL-CAL:1;KEL-CAL:2;KEL-CAL:3;KEL-CAL:4;KEL-CAL:5;KEL-CAL:6;KEL-CAL:7;OTT-MON:1;OTT-MON:2;TOR-MON:1;TOR-MON:2;TOR-MON:3;TOR-MON:4;TOR-MON:5;TOR-MON:6;TOR-OTT:1;TOR-OTT:2;TOR-OTT:3;TOR-OTT:4;TOR-OTT:5;VAN-KAM:1;VAN-KAM:2;VAN-KAM:3;VAN-KAM:4;VAN-KEL:1;VAN-KEL:2;VAN-KEL:3;VAN-KEL:4,6.333333333333333,0.7802450346431629
0.9590000000000001,0.725,0.011052951411260215,15868.55527765865,optimal,69.95181703423911,55,14,18,0,0.030017743045081,537,0.14751979999709874,CAL-EDM:1;CAL-EDM:2;CAL-EDM:3;CAL-SAS:1;CAL-SAS:2;CAL-SAS:3;CAL-SAS:4;CAL-SAS:5;CAL-SAS:6;CAL-SAS:7;Calgary;EDM-SAS:1;EDM-SAS:2;EDM-SAS:3;EDM-SAS:4;EDM-SAS:5;EDM-SAS:6;KAM-CAL:1;KAM-CAL:2;KAM-CAL:3;KAM-CAL:4;KAM-CAL:5;KAM-CAL:6;KAM-CAL:7;KAM-KEL:1;KAM-KEL:2;KEL-CAL:1;KEL-CAL:2;KEL-CAL:3;KEL-CAL:4;KEL-CAL:5;KEL-CAL:6;KEL-CAL:7;Kamloops;OTT-MON:1;OTT-MON:2;TOR-MON:1;TOR-MON:2;TOR-MON:3;TOR-MON:4;TOR-MON:5;TOR-MON:6;TOR-OTT:1;TOR-OTT:2;TOR-OTT:3;TOR-OTT:4;TOR-OTT:5;VAN-KAM:1;VAN-KAM:2;VAN-KAM:3;VAN-KAM:4;VAN-KEL:1;VAN-KEL:2;VAN-KEL:3;VAN-KEL:4,7.214285714285714,0.7575776999854831
0.9590000000000001,0.725,0.011052951411260215,19979.387562494434,optimal,74.60459906279759,55,14,18,0,0.030017743045081,537,0.16583710000122664,CAL-EDM:1;CAL-EDM:2;CAL-EDM:3;CAL-SAS:1;CAL-SAS:2;CAL-SAS:3;CAL-SAS:4;CAL-SAS:5;CAL-SAS:6;CAL-SAS:7;Calgary;EDM-SAS:1;EDM-SAS:2;EDM-SAS:3;EDM-SAS:4;EDM-SAS:5;EDM-SAS:6;KAM-CAL:1;KAM-CAL:2;KAM-CAL:3;KAM-CAL:4;KAM-CAL:5;KAM-CAL:6;KAM-CAL:7;KAM-KEL:1;KAM-KEL:2;KEL-CAL:1;KEL-CAL:2;KEL-CAL:3;KEL-CAL:4;KEL-CAL:5;KEL-CAL:6;KEL-CAL:7;Kamloops;OTT-MON:1;OTT-MON:2;TOR-MON:1;TOR-MON:2;TOR-MON:3;TOR-MON:4;TOR-MON:5;TOR-MON:6;TOR-OTT:1;TOR-OTT:2;TOR-OTT:3;TOR-OTT:4;TOR-OTT:5;VAN-KAM:1;VAN-KAM:2;VAN-KAM:3;VAN-KAM:4;VAN-KEL:1;VAN-KEL:2;VAN-KEL:3;VAN-KEL:4,7.214285714285714,0.7575776999854831
0.9590000000000001,0.725,0.011052951411260215,25155.152462704536,optimal,79.25738109135614,55,14,18,0,0.030017743045081,537,0.12238100000104168,CAL-EDM:1;CAL-EDM:2;CAL-EDM:3;CAL-SAS:1;CAL-SAS:2;CAL-SAS:3;CAL-SAS:4;CAL-SAS:5;CAL-SAS:6;CAL-SAS:7;Calgary;EDM-SAS:1;EDM-SAS:2;EDM-SAS:3;EDM-SAS:4;EDM-SAS:5;EDM-SAS:6;KAM-CAL:1;KAM-CAL:2;KAM-CAL:3;KAM-CAL:4;KAM-CAL:5;KAM-CAL:6;KAM-CAL:7;KAM-KEL:1;KAM-KEL:2;KEL-CAL:1;KEL-CAL:2;KEL-CAL:3;KEL-CAL:4;KEL-CAL:5;KEL-CAL:6;KEL-CAL:7;Kamloops;OTT-MON:1;OTT-MON:2;TOR-MON:1;TOR-MON:2;TOR-MON:3;TOR-MON:4;TOR-MON:5;TOR-MON:6;TOR-OTT:1;TOR-OTT:2;TOR-OTT:3;TOR-OTT:4;TOR-OTT:5;VAN-KAM:1;VAN-KAM:2;VAN-KAM:3;VAN-KAM:4;VAN-KEL:1;VAN-KEL:2;VAN-KEL:3;VAN-KEL:4,7.214285714285714,0.7575776999854831
0.9590000000000001,0.725,0.011052951411260215,31671.726345094525,optimal,83.91016311991467,55,14,18,0,0.030017743045081,537,0.1316921000034199,CAL-EDM:1;CAL-EDM:2;CAL-EDM:3;CAL-SAS:1;CAL-SAS:2;CAL-SAS:3;CAL-SAS:4;CAL-SAS:5;CAL-SAS:6;CAL-SAS:7;Calgary;EDM-SAS:1;EDM-SAS:2;EDM-SAS:3;EDM-SAS:4;EDM-SAS:5;EDM-SAS:6;KAM-CAL:1;KAM-CAL:2;KAM-CAL:3;KAM-CAL:4;KAM-CAL:5;KAM-CAL:6;KAM-CAL:7;KAM-KEL:1;KAM-KEL:2;KEL-CAL:1;KEL-CAL:2;KEL-CAL:3;KEL-CAL:4;KEL-CAL:5;KEL-CAL:6;KEL-CAL:7;Kamloops;OTT-MON:1;OTT-MON:2;TOR-MON:1;TOR-MON:2;TOR-MON:3;TOR-MON:4;TOR-MON:5;TOR-MON:6;TOR-OTT:1;TOR-OTT:2;TOR-OTT:3;TOR-OTT:4;TOR-OTT:5;VAN-KAM:1;VAN-KAM:2;VAN-KAM:3;VAN-KAM:4;VAN-KEL:1;VAN-KEL:2;VAN-KEL:3;VAN-KEL:4,7.214285714285714,0.7575776999854831
0.9590000000000001,0.725,0.011052951411260215,39876.452792952354,optimal,88.56294514847322,55,14,18,0,0.030017743045081,537,0.14971949999744538,CAL-EDM:1;CAL-EDM:2;CAL-EDM:3;CAL-SAS:1;CAL-SAS:2;CAL-SAS:3;CAL-SAS:4;CAL-SAS:5;CAL-SAS:6;CAL-SAS:7;Calgary;EDM-SAS:1;EDM-SAS:2;EDM-SAS:3;EDM-SAS:4;EDM-SAS:5;EDM-SAS:6;KAM-CAL:1;KAM-CAL:2;KAM-CAL:3;KAM-CAL:4;KAM-CAL:5;KAM-CAL:6;KAM-CAL:7;KAM-KEL:1;KAM-KEL:2;KEL-CAL:1;KEL-CAL:2;KEL-CAL:3;KEL-CAL:4;KEL-CAL:5;KEL-CAL:6;KEL-CAL:7;Kamloops;OTT-MON:1;OTT-MON:2;TOR-MON:1;TOR-MON:2;TOR-MON:3;TOR-MON:4;TOR-MON:5;TOR-MON:6;TOR-OTT:1;TOR-OTT:2;TOR-OTT:3;TOR-OTT:4;TOR-OTT:5;VAN-KAM:1;VAN-KAM:2;VAN-KAM:3;VAN-KAM:4;VAN-KEL:1;VAN-KEL:2;VAN-KEL:3;VAN-KEL:4,7.214285714285714,0.7575776999854831
0.9590000000000001,0.725,0.011052951411260215,50206.65656246559,optimal,93.21572717703171,55,14,18,0,0.030017743045081,537,0.23348320000513922,CAL-EDM:1;CAL-EDM:2;CAL-EDM:3;CAL-SAS:1;CAL-SAS:2;CAL-SAS:3;CAL-SAS:4;CAL-SAS:5;CAL-SAS:6;CAL-SAS:7;Calgary;EDM-SAS:1;EDM-SAS:2;EDM-SAS:3;EDM-SAS:4;EDM-SAS:5;EDM-SAS:6;KAM-CAL:1;KAM-CAL:2;KAM-CAL:3;KAM-CAL:4;KAM-CAL:5;KAM-CAL:6;KAM-CAL:7;KAM-KEL:1;KAM-KEL:2;KEL-CAL:1;KEL-CAL:2;KEL-CAL:3;KEL-CAL:4;KEL-CAL:5;KEL-CAL:6;KEL-CAL:7;Kamloops;OTT-MON:1;OTT-MON:2;TOR-MON:1;TOR-MON:2;TOR-MON:3;TOR-MON:4;TOR-MON:5;TOR-MON:6;TOR-OTT:1;TOR-OTT:2;TOR-OTT:3;TOR-OTT:4;TOR-OTT:5;VAN-KAM:1;VAN-KAM:2;VAN-KAM:3;VAN-KAM:4;VAN-KEL:1;VAN-KEL:2;VAN-KEL:3;VAN-KEL:4,7.214285714285714,0.7575776999854831
0.9590000000000001,0.725,0.011052951411260215,63212.953676433244,optimal,97.86850920559029,55,14,18,0,0.030017743045081,537,0.15280340000026627,CAL-EDM:1;CAL-EDM:2;CAL-EDM:3;CAL-SAS:1;CAL-SAS:2;CAL-SAS:3;CAL-SAS:4;CAL-SAS:5;CAL-SAS:6;CAL-SAS:7;Calgary;EDM-SAS:1;EDM-SAS:2;EDM-SAS:3;EDM-SAS:4;EDM-SAS:5;EDM-SAS:6;KAM-CAL:1;KAM-CAL:2;KAM-CAL:3;KAM-CAL:4;KAM-CAL:5;KAM-CAL:6;KAM-CAL:7;KAM-KEL:1;KAM-KEL:2;KEL-CAL:1;KEL-CAL:2;KEL-CAL:3;KEL-CAL:4;KEL-CAL:5;KEL-CAL:6;KEL-CAL:7;Kamloops;OTT-MON:1;OTT-MON:2;TOR-MON:1;TOR-MON:2;TOR-MON:3;TOR-MON:4;TOR-MON:5;TOR-MON:6;TOR-OTT:1;TOR-OTT:2;TOR-OTT:3;TOR-OTT:4;TOR-OTT:5;VAN-KAM:1;VAN-KAM:2;VAN-KAM:3;VAN-KAM:4;VAN-KEL:1;VAN-KEL:2;VAN-KEL:3;VAN-KEL:4,7.214285714285714,0.7575776999854831
0.9590000000000001,0.725,0.011052951411260215,79588.60011973389,optimal,102.52129123414903,55,14,18,0,0.030017743045081,537,0.10602900000230875,CAL-EDM:1;CAL-EDM:2;CAL-EDM:3;CAL-SAS:1;CAL-SAS:2;CAL-SAS:3;CAL-SAS:4;CAL-SAS:5;CAL-SAS:6;CAL-SAS:7;Calgary;EDM-SAS:1;EDM-SAS:2;EDM-SAS:3;EDM-SAS:4;EDM-SAS:5;EDM-SAS:6;KAM-CAL:1;KAM-CAL:2;KAM-CAL:3;KAM-CAL:4;KAM-CAL:5;KAM-CAL:6;KAM-CAL:7;KAM-KEL:1;KAM-KEL:2;KEL-CAL:1;KEL-CAL:2;KEL-CAL:3;KEL-CAL:4;KEL-CAL:5;KEL-CAL:6;KEL-CAL:7;Kamloops;OTT-MON:1;OTT-MON:2;TOR-MON:1;TOR-MON:2;TOR-MON:3;TOR-MON:4;TOR-MON:5;TOR-MON:6;TOR-OTT:1;TOR-OTT:2;TOR-OTT:3;TOR-OTT:4;TOR-OTT:5;VAN-KAM:1;VAN-KAM:2;VAN-KAM:3;VAN-KAM:4;VAN-KEL:1;VAN-KEL:2;VAN-KEL:3;VAN-KEL:4,7.214285714285714,0.7575776999854831
0.9590000000000001,0.725,0.011052951411260215,100206.44346793843,optimal,107.17407326270732,55,14,18,0,0.030017743045081,537,0.17415550000441726,CAL-EDM:1;CAL-EDM:2;CAL-EDM:3;CAL-SAS:1;CAL-SAS:2;CAL-SAS:3;CAL-SAS:4;CAL-SAS:5;CAL-SAS:6;CAL-SAS:7;Calgary;EDM-SAS:1;EDM-SAS:2;EDM-SAS:3;EDM-SAS:4;EDM-SAS:5;EDM-SAS:6;KAM-CAL:1;KAM-CAL:2;KAM-CAL:3;KAM-CAL:4;KAM-CAL:5;KAM-CAL:6;KAM-CAL:7;KAM-KEL:1;KAM-KEL:2;KEL-CAL:1;KEL-CAL:2;KEL-CAL:3;KEL-CAL:4;KEL-CAL:5;KEL-CAL:6;KEL-CAL:7;Kamloops;OTT-MON:1;OTT-MON:2;TOR-MON:1;TOR-MON:2;TOR-MON:3;TOR-MON:4;TOR-MON:5;TOR-MON:6;TOR-OTT:1;TOR-OTT:2;TOR-OTT:3;TOR-OTT:4;TOR-OTT:5;VAN-KAM:1;VAN-KAM:2;VAN-KAM:3;VAN-KAM:4;VAN-KEL:1;VAN-KEL:2;VAN-KEL:3;VAN-KEL:4,7.214285714285714,0.7575776999854831
0.9590000000000001,0.725,0.011052951411260215,126165.44702868049,optimal,111.82685529126586,55,14,18,0,0.030017743045081,537,0.12463159999606432,CAL-EDM:1;CAL-EDM:2;CAL-EDM:3;CAL-SAS:1;CAL-SAS:2;CAL-SAS:3;CAL-SAS:4;CAL-SAS:5;CAL-SAS:6;CAL-SAS:7;Calgary;EDM-SAS:1;EDM-SAS:2;EDM-SAS:3;EDM-SAS:4;EDM-SAS:5;EDM-SAS:6;KAM-CAL:1;KAM-CAL:2;KAM-CAL:3;KAM-CAL:4;KAM-CAL:5;KAM-CAL:6;KAM-CAL:7;KAM-KEL:1;KAM-KEL:2;KEL-CAL:1;KEL-CAL:2;KEL-CAL:3;KEL-CAL:4;KEL-CAL:5;KEL-CAL:6;KEL-CAL:7;Kamloops;OTT-MON:1;OTT-MON:2;TOR-MON:1;TOR-MON:2;TOR-MON:3;TOR-MON:4;TOR-MON:5;TOR-MON:6;TOR-OTT:1;TOR-OTT:2;TOR-OTT:3;TOR-OTT:4;TOR-OTT:5;VAN-KAM:1;VAN-KAM:2;VAN-KAM:3;VAN-KAM:4;VAN-KEL:1;VAN-KEL:2;VAN-KEL:3;VAN-KEL:4,7.214285714285714,0.7575776999854831
0.9590000000000001,0.725,0.011052951411260215,158849.26630531237,optimal,116.47963731982436,55,14,18,0,0.030017743045081,537,0.15958079999836627,CAL-EDM:1;CAL-EDM:2;CAL-EDM:3;CAL-SAS:1;CAL-SAS:2;CAL-SAS:3;CAL-SAS:4;CAL-SAS:5;CAL-SAS:6;CAL-SAS:7;Calgary;EDM-SAS:1;EDM-SAS:2;EDM-SAS:3;EDM-SAS:4;EDM-SAS:5;EDM-SAS:6;KAM-CAL:1;KAM-CAL:2;KAM-CAL:3;KAM-CAL:4;KAM-CAL:5;KAM-CAL:6;KAM-CAL:7;KAM-KEL:1;KAM-KEL:2;KEL-CAL:1;KEL-CAL:2;KEL-CAL:3;KEL-CAL:4;KEL-CAL:5;KEL-CAL:6;KEL-CAL:7;Kamloops;OTT-MON:1;OTT-MON:2;TOR-MON:1;TOR-MON:2;TOR-MON:3;TOR-MON:4;TOR-MON:5;TOR-MON:6;TOR-OTT:1;TOR-OTT:2;TOR-OTT:3;TOR-OTT:4;TOR-OTT:5;VAN-KAM:1;VAN-KAM:2;VAN-KAM:3;VAN-KAM:4;VAN-KEL:1;VAN-KEL:2;VAN-KEL:3;VAN-KEL:4,7.214285714285714,0.7575776999854831
0.9590000000000001,0.725,0.011052951411260215,200000.0,optimal,121.13241934838291,55,14,18,0,0.030017743045081,537,0.12540920000174083,CAL-EDM:1;CAL-EDM:2;CAL-EDM:3;CAL-SAS:1;CAL-SAS:2;CAL-SAS:3;CAL-SAS:4;CAL-SAS:5;CAL-SAS:6;CAL-SAS:7;Calgary;EDM-SAS:1;EDM-SAS:2;EDM-SAS:3;EDM-SAS:4;EDM-SAS:5;EDM-SAS:6;KAM-CAL:1;KAM-CAL:2;KAM-CAL:3;KAM-CAL:4;KAM-CAL:5;KAM-CAL:6;KAM-CAL:7;KAM-KEL:1;KAM-KEL:2;KEL-CAL:1;KEL-CAL:2;KEL-CAL:3;KEL-CAL:4;KEL-CAL:5;KEL-CAL:6;KEL-CAL:7;Kamloops;OTT-MON:1;OTT-MON:2;TOR-MON:1;TOR-MON:2;TOR-MON:3;TOR-MON:4;TOR-MON:5;TOR-MON:6;TOR-OTT:1;TOR-OTT:2;TOR-OTT:3;TOR-OTT:4;TOR-OTT:5;VAN-KAM:1;VAN-KAM:2;VAN-KAM:3;VAN-KAM:4;VAN-KEL:1;VAN-KEL:2;VAN-KEL:3;VAN-KEL:4,7.214285714285714,0.7575776999854831
0.9590000000000001,0.725,0.013503140378698729,1000.0,optimal,25.305004111269668,46,10,18,0,0.04279211619645008,681,0.09427590000268538,CAL-EDM:1;CAL-EDM:2;CAL-EDM:3;CAL-SAS:1;CAL-SAS:2;CAL-SAS:3;CAL-SAS:4;CAL-SAS:5;CAL-SAS:6;CAL-SAS:7;EDM-SAS:1;EDM-SAS:2;EDM-SAS:3;EDM-SAS:4;EDM-SAS:5;EDM-SAS:6;KAM-CAL:1;KAM-CAL:2;KAM-CAL:3;KAM-CAL:4;KAM-CAL:5;KAM-CAL:6;KAM-CAL:7;KAM-KEL:1;KAM-KEL:2;OTT-MON:1;OTT-MON:2;TOR-MON:1;TOR-MON:2;TOR-MON:3;TOR-MON:4;TOR-MON:5;TOR-MON:6;TOR-OTT:1;TOR-OTT:2;TOR-OTT:3;TOR-OTT:4;TOR-OTT:5;VAN-KAM:1;VAN-KAM:2;VAN-KAM:3;VAN-KAM:4;VAN-KEL:1;VAN-KEL:2;VAN-KEL:3;VAN-KEL:4,5.6,0.8002580189549644
0.9590000000000001,0.725,0.013503140378698729,1259.0552330005396,optimal,28.628419845954333,46,10,18,0,0.04279211619645008,681,0.07899470000120346,CAL-EDM:1;CAL-EDM:2;CAL-EDM:3;CAL-SAS:1;CAL-SAS:2;CAL-SAS:3;CAL-SAS:4;CAL-SAS:5;CAL-SAS:6;CAL-SAS:7;EDM-SAS:1;EDM-SAS:2;EDM-SAS:3;EDM-SAS:4;EDM-SAS:5;EDM-SAS:6;KAM-CAL:1;KAM-CAL:2;KAM-CAL:3;KAM-CAL:4;KAM-CAL:5;KAM-CAL:6;KAM-CAL:7;KAM-KEL:1;KAM-KEL:2;OTT-MON:1;OTT-MON:2;TOR-MON:1;TOR-MON:2;TOR-MON:3;TOR-MON:4;TOR-MON:5;TOR-MON:6;TOR-OTT:1;TOR-OTT:2;TOR-OTT:3;TOR-OTT:4;TOR-OTT:5;VAN-KAM:1;VAN-KAM:2;VAN-KAM:3;VAN-KAM:4;VAN-KEL:1;VAN-KEL:2;VAN-KEL:3;VAN-KEL:4,5.6,0.8002580189549644
0.9590000000000001,0.725,0.013503140378698729,1585.220079746043,optimal,32.145918338609654,53,11,18,0,0.03319923187926317,681,0.09276610000233632,CAL-EDM:1;CAL-EDM:2;CAL-EDM:3;CAL-SAS:1;CAL-SAS:2;CAL-SAS:3;CAL-SAS:4;CAL-SAS:5;CAL-SAS:6;CAL-SAS:7;EDM-SAS:1;EDM-SAS:2;EDM-SAS:3;EDM-SAS:4;EDM-SAS:5;EDM-SAS:6;KAM-CAL:1;KAM-CAL:2;KAM-CAL:3;KAM-CAL:4;KAM-CAL:5;KAM-CAL:6;KAM-CAL:7;KAM-KEL:1;KAM-KEL:2;KEL-CAL:1;KEL-CAL:2;KEL-CAL:3;KEL-CAL:4;KEL-CAL:5;KEL-CAL:6;KEL-CAL:7;OTT-MON:1;OTT-MON:2;TOR-MON:1;TOR-MON:2;TOR-MON:3;TOR-MON:4;TOR-MON:5;TOR-MON:6;TOR-OTT:1;TOR-OTT:2;TOR-OTT:3;TOR-OTT:4;TOR-OTT:5;VAN-KAM:1;VAN-KAM:2;VAN-KAM:3;VAN-KAM:4;VAN-KEL:1;VAN-KEL:2;VAN-KEL:3;VAN-KEL:4,5.818181818181818,0.7937204516464198
0.9590000000000001,0.725,0.013503140378698729,1995.879636861788,optimal,35.801675646762774,53,11,18,0,0.03319923187926317,681,0.07413010000163922,CAL-EDM:1;CAL-EDM:2;CAL-EDM:3;CAL-SAS:1;CAL-SAS:2;CAL-SAS:3;CAL-SAS:4;CAL-SAS:5;CAL-SAS:6;CAL-SAS:7;EDM-SAS:1;EDM-SAS:2;EDM-SAS:3;EDM-SAS:4;EDM-SAS:5;EDM-SAS:6;KAM-CAL:1;KAM-CAL:2;KAM-CAL:3;KAM-CAL:4;KAM-CAL:5;KAM-CAL:6;KAM-CAL:7;KAM-KEL:1;KAM-KEL:2;KEL-CAL:1;KEL-CAL:2;KEL-CAL:3;KEL-CAL:4;KEL-CAL:5;KEL-CAL:6;KEL-CAL:7;OTT-MON:1;OTT-MON:2;TOR-MON:1;TOR-MON:2;TOR-MON:3;TOR-MON:4;TOR-MON:5;TOR-MON:6;TOR-OTT:1;TOR-OTT:2;TOR-OTT:3;TOR-OTT:4;TOR-OTT:5;VAN-KAM:1;VAN-KAM:2;VAN-KAM:3;VAN-KAM:4;VAN-KEL:1;VAN-KEL:2;VAN-KEL:3;VAN-KEL:4,5.818181818181818,0.7937204516464198
0.9590000000000001,0.725,0.013503140378698729,2512.9227012300507,optimal,39.45743295491591,53,11,18,0,0.030017743045081,681,0.05962300000101095,CAL-EDM:1;CAL-EDM:2;CAL-EDM:3;CAL-SAS:1;CAL-SAS:2;CAL-SAS:3;CAL-SAS:4;CAL-SAS:5;CAL-SAS:6;CAL-SAS:7;EDM-SAS:1;EDM-SAS:2;EDM-SAS:3;EDM-SAS:4;EDM-SAS:5;EDM-SAS:6;KAM-CAL:1;KAM-CAL:2;KAM-CAL:3;KAM-CAL:4;KAM-CAL:5;KAM-CAL:6;KAM-CAL:7;KAM-KEL:1;KAM-KEL:2;KEL-CAL:1;KEL-CAL:2;KEL-CAL:3;KEL-CAL:4;KEL-CAL:5;KEL-CAL:6;KEL-CAL:7;OTT-MON:1;OTT-MON:2;TOR-MON:1;TOR-MON:2;TOR-MON:3;TOR-MON:4;TOR-MON:5;TOR-MON:6;TOR-OTT:1;TOR-OTT:2;TOR-OTT:3;TOR-OTT:4;TOR-OTT:5;VAN-KAM:1;VAN-KAM:2;VAN-KAM:3;VAN-KAM:4;VAN-KEL:1;VAN-KEL:2;VAN-KEL:3;VAN-KEL:4,5.818181818181818,0.7937204516464198
0.9590000000000001,0.725,0.013503140378698729,3163.9084771095468,optimal,43.113190263069036,53,11,18,0,0.030017743045081,681,0.03987249999772757,CAL-EDM:1;CAL-EDM:2;CAL-EDM:3;CAL-SAS:1;CAL-SAS:2;CAL-SAS:3;CAL-SAS:4;CAL-SAS:5;CAL-SAS:6;CAL-SAS:7;EDM-SAS:1;EDM-SAS:2;EDM-SAS:3;EDM-SAS:4;EDM-SAS:5;EDM-SAS:6;KAM-CAL:1;KAM-CAL:2;KAM-CAL:3;KAM-CAL:4;KAM-CAL:5;KAM-CAL:6;KAM-CAL:7;KAM-KEL:1;KAM-KEL:2;KEL-CAL:1;KEL-CAL:2;KEL-CAL:3;KEL-CAL:4;KEL-CAL:5;KEL-CAL:6;KEL-CAL:7;OTT-MON:1;OTT-MON:2;TOR-MON:1;TOR-MON:2;TOR-MON:3;TOR-MON:4;TOR-MON:5;TOR-MON:6;TOR-OTT:1;TOR-OTT:2;TOR-OTT:3;TOR-OTT:4;TOR-OTT:5;VAN-KAM:1;VAN-KAM:2;VAN-KAM:3;VAN-KAM:4;VAN-KEL:1;VAN-KEL:2;VAN-KEL:3;VAN-KEL:4,5.818181818181818,0.7937204516464198
0.9590000000000001,0.725,0.013503140378698729,3983.5355248395426,optimal,46.76894757122217,53,11,18,0,0.03319923187926317,681,0.07887529999425169,CAL-EDM:1;CAL-EDM:2;CAL-EDM:3;CAL-SAS:1;CAL-SAS:2;CAL-SAS:3;CAL-SAS:4;CAL-SAS:5;CAL-SAS:6;CAL-SAS:7;EDM-SAS:1;EDM-SAS:2;EDM-SAS:3;EDM-SAS:4;EDM-SAS:5;EDM-SAS:6;KAM-CAL:1;KAM-CAL:2;KAM-CAL:3;KAM-CAL:4;KAM-CAL:5;KAM-CAL:6;KAM-CAL:7;KAM-KEL:1;KAM-KEL:2;KEL-CAL:1;KEL-CAL:2;KEL-CAL:3;KEL-CAL:4;KEL-CAL:5;KEL-CAL:6;KEL-CAL:7;OTT-MON:1;OTT-MON:2;TOR-MON:1;TOR-MON:2;TOR-MON:3;TOR-MON:4;TOR-MON:5;TOR-MON:6;TOR-OTT:1;TOR-OTT:2;TOR-OTT:3;TOR-OTT:4;TOR-OTT:5;VAN-KAM:1;VAN-KAM:2;VAN-KAM:3;VAN-KAM:4;VAN-KEL:1;VAN-KEL:2;VAN-KEL:3;VAN-KEL:4,5.818181818181818,0.7937204516464198
0.9590000000000001,0.725,0.013503140378698729,5015.4912483927765,optimal,50.424704879375305,53,11,18,0,0.03319923187926317,681,0.07982990000164136,CAL-EDM:1;CAL-EDM:2;CAL-EDM:3;CAL-SAS:1;CAL-SAS:2;CAL-SAS:3;CAL-SAS:4;CAL-SAS:5;CAL-SAS:6;CAL-SAS:7;EDM-SAS:1;EDM-SAS:2;EDM-SAS:3;EDM-SAS:4;EDM-SAS:5;EDM-SAS:6;KAM-CAL:1;KAM-CAL:2;KAM-CAL:3;KAM-CAL:4;KAM-CAL:5;KAM-CAL:6;KAM-CAL:7;KAM-KEL:1;KAM-KEL:2;KEL-CAL:1;KEL-CAL:2;KEL-CAL:3;KEL-CAL:4;KEL-CAL:5;KEL-CAL:6;KEL-CAL:7;OTT-MON:1;OTT-MON:2;TOR-MON:1;TOR-MON:2;TOR-MON:3;TOR-MON:4;TOR-MON:5;TOR-MON:6;TOR-OTT:1;TOR-OTT:2;TOR-OTT:3;TOR-OTT:4;TOR-OTT:5;VAN-KAM:1;VAN-KAM:2;VAN-KAM:3;VAN-KAM:4;VAN-KEL:1;VAN-KEL:2;VAN-KEL:3;VAN-KEL:4,5.818181818181818,0.7937204516464198
0.9590000000000001,0.725,0.013503140378698729,6314.780502357335,optimal,54.08046218752847,53,11,18,0,0.03319923187926317,681,0.10829550000198651,CAL-EDM:1;CAL-EDM:2;CAL-EDM:3;CAL-SAS:1;CAL-SAS:2;CAL-SAS:3;CAL-SAS:4;CAL-SAS:5;CAL-SAS:6;CAL-SAS:7;EDM-SAS:1;EDM-SAS:2;EDM-SAS:3;EDM-SAS:4;EDM-SAS:5;EDM-SAS:6;KAM-CAL:1;KAM-CAL:2;KAM-CAL:3;KAM-CAL:4;KAM-CAL:5;KAM-CAL:6;KAM-CAL:7;KAM-KEL:1;KAM-KEL:2;KEL-CAL:1;KEL-CAL:2;KEL-CAL:3;KEL-CAL:4;KEL-CAL:5;KEL-CAL:6;KEL-CAL:7;OTT-MON:1;OTT-MON:2;TOR-MON:1;TOR-MON:2;TOR-MON:3;TOR-MON:4;TOR-MON:5;TOR-MON:6;TOR-OTT:1;TOR-OTT:2;TOR-OTT:3;TOR-OTT:4;TOR-OTT:5;VAN-KAM:1;VAN-KAM:2;VAN-KAM:3;VAN-KAM:4;VAN-KEL:1;VAN-KEL:2;VAN-KEL:3;VAN-KEL:4,5.818181818181818,0.7937204516464198
0.9590000000000001,0.725,0.013503140378698729,7950.657436742778,optimal,57.755732176744665,54,12,18,0,0.03319923187926317,681,0.09413870000571478,CAL-EDM:1;CAL-EDM:2;CAL-EDM:3;CAL-SAS:1;CAL-SAS:2;CAL-SAS:3;CAL-SAS:4;CAL-SAS:5;CAL-SAS:6;CAL-SAS:7;Calgary;EDM-SAS:1;EDM-SAS:2;EDM-SAS:3;EDM-SAS:4;EDM-SAS:5;EDM-SAS:6;KAM-CAL:1;KAM-CAL:2;KAM-CAL:3;KAM-CAL:4;KAM-CAL:5;KAM-CAL:6;KAM-CAL:7;KAM-KEL:1;KAM-KEL:2;KEL-CAL:1;KEL-CAL:2;KEL-CAL:3;KEL-CAL:4;KEL-CAL:5;KEL-CAL:6;KEL-CAL:7;OTT-MON:1;OTT-MON:2;TOR-MON:1;TOR-MON:2;TOR-MON:3;TOR-MON:4;TOR-MON:5;TOR-MON:6;TOR-OTT:1;TOR-OTT:2;TOR-OTT:3;TOR-OTT:4;TOR-OTT:5;VAN-KAM:1;VAN-KAM:2;VAN-KAM:3;VAN-KAM:4;VAN-KEL:1;VAN-KEL:2;VAN-KEL:3;VAN-KEL:4,6.333333333333333,0.7802450346431629
0.9590000000000001,0.725,0.013503140378698729,10010.316851525651,optimal,61.743831058366226,54,12,18,0,0.03319923187926317,681,0.11281659999804106,CAL-EDM:1;CAL-EDM:2;CAL-EDM:3;CAL-SAS:1;CAL-SAS:2;CAL-SAS:3;CAL-SAS:4;CAL-SAS:5;CAL-SAS:6;CAL-SAS:7;Calgary;EDM-SAS:1;EDM-SAS:2;EDM-SAS:3;EDM-SAS:4;EDM-SAS:5;EDM-SAS:6;KAM-CAL:1;KAM-CAL:2;KAM-CAL:3;KAM-CAL:4;KAM-CAL:5;KAM-CAL:6;KAM-CAL:7;KAM-KEL:1;KAM-KEL:2;KEL-CAL:1;KEL-CAL:2;KEL-CAL:3;KEL-CAL:4;KEL-CAL:5;KEL-CAL:6;KEL-CAL:7;OTT-MON:1;OTT-MON:2;TOR-MON:1;TOR-MON:2;TOR-MON:3;TOR-MON:4;TOR-MON:5;TOR-MON:6;TOR-OTT:1;TOR-OTT:2;TOR-OTT:3;TOR-OTT:4;TOR-OTT:5;VAN-KAM:1;VAN-KAM:2;VAN-KAM:3;VAN-KAM:4;VAN-KEL:1;VAN-KEL:2;VAN-KEL:3;VAN-KEL:4,6.333333333333333,0.7802450346431629
0.9590000000000001,0.725,0.013503140378698729,12603.541815906843,optimal,65.73192993998784,54,12,18,0,0.03319923187926317,681,0.15159390000189887,CAL-EDM:1;CAL-EDM:2;CAL-EDM:3;CAL-SAS:1;CAL-SAS:2;CAL-SAS:3;CAL-SAS:4;CAL-SAS:5;CAL-SAS:6;CAL-SAS:7;Calgary;EDM-SAS:1;EDM-SAS:2;EDM-SAS:3;EDM-SAS:4;EDM-SAS:5;EDM-SAS:6;KAM-CAL:1;KAM-CAL:2;KAM-CAL:3;KAM-CAL:4;KAM-CAL:5;KAM-CAL:6;KAM-CAL:7;KAM-KEL:1;KAM-KEL:2;KEL-CAL:1;KEL-CAL:2;KEL-CAL:3;KEL-CAL:4;KEL-CAL:5;KEL-CAL:6;KEL-CAL:7;OTT-MON:1;OTT-MON:2;TOR-MON:1;TOR-MON:2;TOR-MON:3;TOR-MON:4;TOR-MON:5;TOR-MON:6;TOR-OTT:1;TOR-OTT:2;TOR-OTT:3;TOR-OTT:4;TOR-OTT:5;VAN-KAM:1;VAN-KAM:2;VAN-KAM:3;VAN-KAM:4;VAN-KEL:1;VAN-KEL:2;VAN-KEL:3;VAN-KEL:4,6.333333333333333,0.7802450346431629
0.9590000000000001,0.725,0.013503140378698729,15868.55527765865,optimal,69.9518170342391,55,14,18,0,0.030017743045081,681,0.13792810000450118,CAL-EDM:1;CAL-EDM:2;CAL-EDM:3;CAL-SAS:1;CAL-SAS:2;CAL-SAS:3;CAL-SAS:4;CAL-SAS:5;CAL-SAS:6;CAL-SAS:7;Calgary;EDM-SAS:1;EDM-SAS:2;EDM-SAS:3;EDM-SAS:4;EDM-SAS:5;EDM-SAS:6;KAM-CAL:1;KAM-CAL:2;KAM-CAL:3;KAM-CAL:4;KAM-CAL:5;KAM-CAL:6;KAM-CAL:7;KAM-KEL:1;KAM-KEL:2;KEL-CAL:1;KEL-CAL:2;KEL-CAL:3;KEL-CAL:4;KEL-CAL:5;KEL-CAL:6;KEL-CAL:7;Kamloops;OTT-MON:1;OTT-MON:2;TOR-MON:1;TOR-MON:2;TOR-MON:3;TOR-MON:4;TOR-MON:5;TOR-MON:6;TOR-OTT:1;TOR-OTT:2;TOR-OTT:3;TOR-OTT:4;TOR-OTT:5;VAN-KAM:1;VAN-KAM:2;VAN-KAM:3;VAN-KAM:4;VAN-KEL:1;VAN-KEL:2;VAN-KEL:3;VAN-KEL:4,7.214285714285714,0.7575776999854831
0.9590000000000001,0.725,0.013503140378698729,19979.387562494434,optimal,74.60459906279762,55,14,18,0,0.030017743045081,681,0.11266950000572251,CAL-EDM:1;CAL-EDM:2;CAL-EDM:3;CAL-SAS:1;CAL-SAS:2;CAL-SAS:3;CAL-SAS:4;CAL-SAS:5;CAL-SAS:6;CAL-SAS:7;Calgary;EDM-SAS:1;EDM-SAS:2;EDM-SAS:3;EDM-SAS:4;EDM-SAS:5;EDM-SAS:6;KAM-CAL:1;KAM-CAL:2;KAM-CAL:3;KAM-CAL:4;KAM-CAL:5;KAM-CAL:6;KAM-CAL:7;KAM-KEL:1;KAM-KEL:2;KEL-CAL:1;KEL-CAL:2;KEL-CAL:3;KEL-CAL:4;KEL-CAL:5;KEL-CAL:6;KEL-CAL:7;Kamloops;OTT-MON:1;OTT-MON:2;TOR-MON:1;TOR-MON:2;TOR-MON:3;TOR-MON:4;TOR-MON:5;TOR-MON:6;TOR-OTT:1;TOR-OTT:2;TOR-OTT:3;TOR-OTT:4;TOR-OTT:5;VAN-KAM:1;VAN-KAM:2;VAN-KAM:3;VAN-KAM:4;VAN-KEL:1;VAN-KEL:2;VAN-KEL:3;VAN-KEL:4,7.214285714285714,0.7575776999854831
0.9590000000000001,0.725,0.013503140378698729,25155.152462704536,optimal,79.25738109135618,55,14,18,0,0.030017743045081,681,0.14257399999769405,CAL-EDM:1;CAL-EDM:2;CAL-EDM:3;CAL-SAS:1;CAL-SAS:2;CAL-SAS:3;CAL-SAS:4;CAL-SAS:5;CAL-SAS:6;CAL-SAS:7;Calgary;EDM-SAS:1;EDM-SAS:2;EDM-SAS:3;EDM-SAS:4;EDM-SAS:5;EDM-SAS:6;KAM-CAL:1;KAM-CAL:2;KAM-CAL:3;KAM-CAL:4;KAM-CAL:5;KAM-CAL:6;KAM-CAL:7;KAM-KEL:1;KAM-KEL:2;KEL-CAL:1;KEL-CAL:2;KEL-CAL:3;KEL-CAL:4;KEL-CAL:5;KEL-CAL:6;KEL-CAL:7;Kamloops;OTT-MON:1;OTT-MON:2;TOR-MON:1;TOR-MON:2;TOR-MON:3;TOR-MON:4;TOR-MON:5;TOR-MON:6;TOR-OTT:1;TOR-OTT:2;TOR-OTT:3;TOR-OTT:4;TOR-OTT:5;VAN-KAM:1;VAN-KAM:2;VAN-KAM:3;VAN-KAM:4;VAN-KEL:1;VAN-KEL:2;VAN-KEL:3;VAN-KEL:4,7.214285714285714,0.7575776999854831
0.9590000000000001,0.725,0.013503140378698729,31671.726345094525,optimal,83.91016311991466,55,14,18,0,0.030017743045081,681,0.14579419999790844,CAL-EDM:1;CAL-EDM:2;CAL-EDM:3;CAL-SAS:1;CAL-SAS:2;CAL-SAS:3;CAL-SAS:4;CAL-SAS:5;CAL-SAS:6;CAL-SAS:7;Calgary;EDM-SAS:1;EDM-SAS:2;EDM-SAS:3;EDM-SAS:4;EDM-SAS:5;EDM-SAS:6;KAM-CAL:1;KAM-CAL:2;KAM-CAL:3;KAM-CAL:4;KAM-CAL:5;KAM-CAL:6;KAM-CAL:7;KAM-KEL:1;KAM-KEL:2;KEL-CAL:1;KEL-CAL:2;KEL-CAL:3;KEL-CAL:4;KEL-CAL:5;KEL-CAL:6;KEL-CAL:7;Kamloops;OTT-MON:1;OTT-MON:2;TOR-MON:1;TOR-MON:2;TOR-MON:3;TOR-MON:4;TOR-MON:5;TOR-MON:6;TOR-OTT:1;TOR-OTT:2;TOR-OTT:3;TOR-OTT:4;TOR-OTT:5;VAN-KAM:1;VAN-KAM:2;VAN-KAM:3;VAN-KAM:4;VAN-KEL:1;VAN-KEL:2;VAN-KEL:3;VAN-KEL:4,7.214285714285714,0.7575776999854831
0.9590000000000001,0.725,0.013503140378698729,39876.452792952354,optimal,88.5629451484732,55,14,18,0,0.030017743045081,681,0.1531457999954,CAL-EDM:1;CAL-EDM:2;CAL-EDM:3;CAL-SAS:1;CAL-SAS:2;CAL-SAS:3;CAL-SAS:4;CAL-SAS:5;CAL-SAS:6;CAL-SAS:7;Calgary;EDM-SAS:1;EDM-SAS:2;EDM-SAS:3;EDM-SAS:4;EDM-SAS:5;EDM-SAS:6;KAM-CAL:1;KAM-CAL:2;KAM-CAL:3;KAM-CAL:4;KAM-CAL:5;KAM-CAL:6;KAM-CAL:7;KAM-KEL:1;KAM-KEL:2;KEL-CAL:1;KEL-CAL:2;KEL-CAL:3;KEL-CAL:4;KEL-CAL:5;KEL-CAL:6;KEL-CAL:7;Kamloops;OTT-MON:1;OTT-MON:2;TOR-MON:1;TOR-MON:2;TOR-MON:3;TOR-MON:4;TOR-MON:5;TOR-MON:6;TOR-OTT:1;TOR-OTT:2;TOR-OTT:3;TOR-OTT:4;TOR-OTT:5;VAN-KAM:1;VAN-KAM:2;VAN-KAM:3;VAN-KAM:4;VAN-KEL:1;VAN-KEL:2;VAN-KEL:3;VAN-KEL:4,7.214285714285714,0.7575776999854831
0.9590000000000001,0.725,0.013503140378698729,50206.65656246559,optimal,93.21572717703177,55,14,18,0,0.030017743045081,681,0.11738649999460904,CAL-EDM:1;CAL-EDM:2;CAL-EDM:3;CAL-SAS:1;CAL-SAS:2;CAL-SAS:3;CAL-SAS:4;CAL-SAS:5;CAL-SAS:6;CAL-SAS:7;Calgary;EDM-SAS:1;EDM-SAS:2;EDM-SAS:3;EDM-SAS:4;EDM-SAS:5;EDM-SAS:6;KAM-CAL:1;KAM-CAL:2;KAM-CAL:3;KAM-CAL:4;KAM-CAL:5;KAM-CAL:6;KAM-CAL:7;KAM-KEL:1;KAM-KEL:2;KEL-CAL:1;KEL-CAL:2;KEL-CAL:3;KEL-CAL:4;KEL-CAL:5;KEL-CAL:6;KEL-CAL:7;Kamloops;OTT-MON:1;OTT-MON:2;TOR-MON:1;TOR-MON:2;TOR-MON:3;TOR-MON:4;TOR-MON:5;TOR-MON:6;TOR-OTT:1;TOR-OTT:2;TOR-OTT:3;TOR-OTT:4;TOR-OTT:5;VAN-KAM:1;VAN-KAM:2;VAN-KAM:3;VAN-KAM:4;VAN-KEL:1;VAN-KEL:2;VAN-KEL:3;VAN-KEL:4,7.214285714285714,0.7575776999854831
0.9590000000000001,0.725,0.013503140378698729,63212.953676433244,optimal,97.86850920559041,55,14,18,0,0.030017743045081,681,0.10217779999948107,CAL-EDM:1;CAL-EDM:2;CAL-EDM:3;CAL-SAS:1;CAL-SAS:2;CAL-SAS:3;CAL-SAS:4;CAL-SAS:5;CAL-SAS:6;CAL-SAS:7;Calgary;EDM-SAS:1;EDM-SAS:2;EDM-SAS:3;EDM-SAS:4;EDM-SAS:5;EDM-SAS:6;KAM-CAL:1;KAM-CAL:2;KAM-CAL:3;KAM-CAL:4;KAM-CAL:5;KAM-CAL:6;KAM-CAL:7;KAM-KEL:1;KAM-KEL:2;KEL-CAL:1;KEL-CAL:2;KEL-CAL:3;KEL-CAL:4;KEL-CAL:5;KEL-CAL:6;KEL-CAL:7;Kamloops;OTT-MON:1;OTT-MON:2;TOR-MON:1;TOR-MON:2;TOR-MON:3;TOR-MON:4;TOR-MON:5;TOR-MON:6;TOR-OTT:1;TOR-OTT:2;TOR-OTT:3;TOR-OTT:4;TOR-OTT:5;VAN-KAM:1;VAN-KAM:2;VAN-KAM:3;VAN-KAM:4;VAN-KEL:1;VAN-KEL:2;VAN-KEL:3;VAN-KEL:4,7.214285714285714,0.7575776999854831
0.9590000000000001,0.725,0.013503140378698729,79588.60011973389,optimal,102.52129123414878,55,14,18,0,0.030017743045081,681,0.17579099999420578,CAL-EDM:1;CAL-EDM:2;CAL-EDM:3;CAL-SAS:1;CAL-SAS:2;CAL-SAS:3;CAL-SAS:4;CAL-SAS:5;CAL-SAS:6;CAL-SAS:7;Calgary;EDM-SAS:1;EDM-SAS:2;EDM-SAS:3;EDM-SAS:4;EDM-SAS:5;EDM-SAS:6;KAM-CAL:1;KAM-CAL:2;KAM-CAL:3;KAM-CAL:4;KAM-CAL:5;KAM-CAL:6;KAM-CAL:7;KAM-KEL:1;KAM-KEL:2;KEL-CAL:1;KEL-CAL:2;KEL-CAL:3;KEL-CAL:4;KEL-CAL:5;KEL-CAL:6;KEL-CAL:7;Kamloops;OTT-MON:1;OTT-MON:2;TOR-MON:1;TOR-MON:2;TOR-MON:3;TOR-MON:4;TOR-MON:5;TOR-MON:6;TOR-OTT:1;TOR-OTT:2;TOR-OTT:3;TOR-OTT:4;TOR-OTT:5;VAN-KAM:1;VAN-KAM:2;VAN-KAM:3;VAN-KAM:4;VAN-KEL:1;VAN-KEL:2;VAN-KEL:3;VAN-KEL:4,7.214285714285714,0.7575776999854831
0.9590000000000001,0.725,0.013503140378698729,100206.44346793843,optimal,107.17407326270954,55,14,18,0,0.030017743045081,681,0.19093460000294726,CAL-EDM:1;CAL-EDM:2;CAL-EDM:3;CAL-SAS:1;CAL-SAS:2;CAL-SAS:3;CAL-SAS:4;CAL-SAS:5;CAL-SAS:6;CAL-SAS:7;Calgary;EDM-SAS:1;EDM-SAS:2;EDM-SAS:3;EDM-SAS:4;EDM-SAS:5;EDM-SAS:6;KAM-CAL:1;KAM-CAL:2;KAM-CAL:3;KAM-CAL:4;KAM-CAL:5;KAM-CAL:6;KAM-CAL:7;KAM-KEL:1;KAM-KEL:2;KEL-CAL:1;KEL-CAL:2;KEL-CAL:3;KEL-CAL:4;KEL-CAL:5;KEL-CAL:6;KEL-CAL:7;Kamloops;OTT-MON:1;OTT-MON:2;TOR-MON:1;TOR-MON:2;TOR-MON:3;TOR-MON:4;TOR-MON:5;TOR-MON:6;TOR-OTT:1;TOR-OTT:2;TOR-OTT:3;TOR-OTT:4;TOR-OTT:5;VAN-KAM:1;VAN-KAM:2;VAN-KAM:3;VAN-KAM:4;VAN-KEL:1;VAN-KEL:2;VAN-KEL:3;VAN-KEL:4,7.214285714285714,0.7575776999854831
0.9590000000000001,0.725,0.013503140378698729,126165.44702868049,optimal,111.82685529132041,55,14,18,0,0.030017743045081,681,0.4038362999999663,CAL-EDM:1;CAL-EDM:2;CAL-EDM:3;CAL-SAS:1;CAL-SAS:2;CAL-SAS:3;CAL-SAS:4;CAL-SAS:5;CAL-SAS:6;CAL-SAS:7;Calgary;EDM-SAS:1;EDM-SAS:2;EDM-SAS:3;EDM-SAS:4;EDM-SAS:5;EDM-SAS:6;KAM-CAL:1;KAM-CAL:2;KAM-CAL:3;KAM-CAL:4;KAM-CAL:5;KAM-CAL:6;KAM-CAL:7;KAM-KEL:1;KAM-KEL:2;KEL-CAL:1;KEL-CAL:2;KEL-CAL:3;KEL-CAL:4;KEL-CAL:5;KEL-CAL:6;KEL-CAL:7;Kamloops;OTT-MON:1;OTT-MON:2;TOR-MON:1;TOR-MON:2;TOR-MON:3;TOR-MON:4;TOR-MON:5;TOR-MON:6;TOR-OTT:1;TOR-OTT:2;TOR-OTT:3;TOR-OTT:4;TOR-OTT:5;VAN-KAM:1;VAN-KAM:2;VAN-KAM:3;VAN-KAM:4;VAN-KEL:1;VAN-KEL:2;VAN-KEL:3;VAN-KEL:4,7.214285714285714,0.7575776999854831
0.9590000000000001,0.725,0.013503140378698729,158849.26630531237,optimal,117.05475885924359,55,17,18,0,0.0221885046944556,681,0.3486020999989705,CAL-EDM:1;CAL-EDM:2;CAL-EDM:3;CAL-SAS:1;CAL-SAS:2;CAL-SAS:3;CAL-SAS:4;CAL-SAS:5;CAL-SAS:6;CAL-SAS:7;Calgary;EDM-SAS:1;EDM-SAS:2;EDM-SAS:3;EDM-SAS:4;EDM-SAS:5;EDM-SAS:6;KAM-CAL:1;KAM-CAL:2;KAM-CAL:3;KAM-CAL:4;KAM-CAL:5;KAM-CAL:6;KAM-CAL:7;KAM-KEL:1;KAM-KEL:2;KEL-CAL:1;KEL-CAL:2;KEL-CAL:3;KEL-CAL:4;KEL-CAL:5;KEL-CAL:6;KEL-CAL:7;Kamloops;OTT-MON:1;OTT-MON:2;TOR-MON:1;TOR-MON:2;TOR-MON:3;TOR-MON:4;TOR-MON:5;TOR-MON:6;TOR-OTT:1;TOR-OTT:2;TOR-OTT:3;TOR-OTT:4;TOR-OTT:5;VAN-KAM:1;VAN-KAM:2;VAN-KAM:3;VAN-KAM:4;VAN-KEL:1;VAN-KEL:2;VAN-KEL:3;VAN-KEL:4,8.823529411764707,0.720862631186266
0.9590000000000001,0.725,0.013503140378698729,200000.0,optimal,122.70456560820645,55,17,18,0,0.0221885046944556,681,0.13997519999975339,CAL-EDM:1;CAL-EDM:2;CAL-EDM:3;CAL-SAS:1;CAL-SAS:2;CAL-SAS:3;CAL-SAS:4;CAL-SAS:5;CAL-SAS:6;CAL-SAS:7;Calgary;EDM-SAS:1;EDM-SAS:2;EDM-SAS:3;EDM-SAS:4;EDM-SAS:5;EDM-SAS:6;KAM-CAL:1;KAM-CAL:2;KAM-CAL:3;KAM-CAL:4;KAM-CAL:5;KAM-CAL:6;KAM-CAL:7;KAM-KEL:1;KAM-KEL:2;KEL-CAL:1;KEL-CAL:2;KEL-CAL:3;KEL-CAL:4;KEL-CAL:5;KEL-CAL:6;KEL-CAL:7;Kamloops;OTT-MON:1;OTT-MON:2;TOR-MON:1;TOR-MON:2;TOR-MON:3;TOR-MON:4;TOR-MON:5;TOR-MON:6;TOR-OTT:1;TOR-OTT:2;TOR-OTT:3;TOR-OTT:4;TOR-OTT:5;VAN-KAM:1;VAN-KAM:2;VAN-KAM:3;VAN-KAM:4;VAN-KEL:1;VAN-KEL:2;VAN-KEL:3;VAN-KEL:4,8.823529411764707,0.720862631186266
0.9590000000000001,0.725,0.016496480740980205,1000.0,optimal,25.305004111269668,46,10,18,0,0.04279211619645008,793,0.07859210000606254,CAL-EDM:1;CAL-EDM:2;CAL-EDM:3;CAL-SAS:1;CAL-SAS:2;CAL-SAS:3;CAL-SAS:4;CAL-SAS:5;CAL-SAS:6;CAL-SAS:7;EDM-SAS:1;EDM-SAS:2;EDM-SAS:3;EDM-SAS:4;EDM-SAS:5;EDM-SAS:6;KAM-CAL:1;KAM-CAL:2;KAM-CAL:3;KAM-CAL:4;KAM-CAL:5;KAM-CAL:6;KAM-CAL:7;KAM-KEL:1;KAM-KEL:2;OTT-MON:1;OTT-MON:2;TOR-MON:1;TOR-MON:2;TOR-MON:3;TOR-MON:4;TOR-MON:5;TOR-MON:6;TOR-OTT:1;TOR-OTT:2;TOR-OTT:3;TOR-OTT:4;TOR-OTT:5;VAN-KAM:1;VAN-KAM:2;VAN-KAM:3;VAN-KAM:4;VAN-KEL:1;VAN-KEL:2;VAN-KEL:3;VAN-KEL:4,5.6,0.8002580189549644
0.9590000000000001,0.725,0.016496480740980205,1259.0552330005396,optimal,28.628419845954333,46,10,18,0,0.04279211619645008,793,0.07673400000203401,CAL-EDM:1;CAL-EDM:2;CAL-EDM:3;CAL-SAS:1;CAL-SAS:2;CAL-SAS:3;CAL-SAS:4;CAL-SAS:5;CAL-SAS:6;CAL-SAS:7;EDM-SAS:1;EDM-SAS:2;EDM-SAS:3;EDM-SAS:4;EDM-SAS:5;EDM-SAS:6;KAM-CAL:1;KAM-CAL:2;KAM-CAL:3;KAM-CAL:4;KAM-CAL:5;KAM-CAL:6;KAM-CAL:7;KAM-KEL:1;KAM-KEL:2;OTT-MON:1;OTT-MON:2;TOR-MON:1;TOR-MON:2;TOR-MON:3;TOR-MON:4;TOR-MON:5;TOR-MON:6;TOR-OTT:1;TOR-OTT:2;TOR-OTT:3;TOR-OTT:4;TOR-OTT:5;VAN-KAM:1;VAN-KAM:2;VAN-KAM:3;VAN-KAM:4;VAN-KEL:1;VAN-KEL:2;VAN-KEL:3;VAN-KEL:4,5.6,0.8002580189549644
0.9590000000000001,0.725,0.016496480740980205,1585.220079746043,optimal,32.145918338609654,53,11,18,0,0.03319923187926317,793,0.06593979999888688,CAL-EDM:1;CAL-EDM:2;CAL-EDM:3;CAL-SAS:1;CAL-SAS:2;CAL-SAS:3;CAL-SAS:4;CAL-SAS:5;CAL-SAS:6;CAL-SAS:7;EDM-SAS:1;EDM-SAS:2;EDM-SAS:3;EDM-SAS:4;EDM-SAS:5;EDM-SAS:6;KAM-CAL:1;KAM-CAL:2;KAM-CAL:3;KAM-CAL:4;KAM-CAL:5;KAM-CAL:6;KAM-CAL:7;KAM-KEL:1;KAM-KEL:2;KEL-CAL:1;KEL-CAL:2;KEL-CAL:3;KEL-CAL:4;KEL-CAL:5;KEL-CAL:6;KEL-CAL:7;OTT-MON:1;OTT-MON:2;TOR-MON:1;TOR-MON:2;TOR-MON:3;TOR-MON:4;TOR-MON:5;TOR-MON:6;TOR-OTT:1;TOR-OTT:2;TOR-OTT:3;TOR-OTT:4;TOR-OTT:5;VAN-KAM:1;VAN-KAM:2;VAN-KAM:3;VAN-KAM:4;VAN-KEL:1;VAN-KEL:2;VAN-KEL:3;VAN-KEL:4,5.818181818181818,0.7937204516464198
0.9590000000000001,0.725,0.016496480740980205,1995.879636861788,optimal,35.801675646762774,53,11,18,0,0.03319923187926317,793,0.054214600000705104,CAL-EDM:1;CAL-EDM:2;CAL-EDM:3;CAL-SAS:1;CAL-SAS:2;CAL-SAS:3;CAL-SAS:4;CAL-SAS:5;CAL-SAS:6;CAL-SAS:7;EDM-SAS:1;EDM-SAS:2;EDM-SAS:3;EDM-SAS:4;EDM-SAS:5;EDM-SAS:6;KAM-CAL:1;KAM-CAL:2;KAM-CAL:3;KAM-CAL:4;KAM-CAL:5;KAM-CAL:6;KAM-CAL:7;KAM-KEL:1;KAM-KEL:2;KEL-CAL:1;KEL-CAL:2;KEL-CAL:3;KEL-CAL:4;KEL-CAL:5;KEL-CAL:6;KEL-CAL:7;OTT-MON:1;OTT-MON:2;TOR-MON:1;TOR-MON:2;TOR-MON:3;TOR-MON:4;TOR-MON:5;TOR-MON:6;TOR-OTT:1;TOR-OTT:2;TOR-OTT:3;TOR-OTT:4;TOR-OTT:5;VAN-KAM:1;VAN-KAM:2;VAN-KAM:3;VAN-KAM:4;VAN-KEL:1;VAN-KEL:2;VAN-KEL:3;VAN-KEL:4,5.818181818181818,0.7937204516464198
0.9590000000000001,0.725,0.016496480740980205,2512.9227012300507,optimal,39.45743295491591,53,11,18,0,0.030017743045081,793,0.06945879999693716,CAL-EDM:1;CAL-EDM:2;CAL-EDM:3;CAL-SAS:1;CAL-SAS:2;CAL-SAS:3;CAL-SAS:4;CAL-SAS:5;CAL-SAS:6;CAL-SAS:7;EDM-SAS:1;EDM-SAS:2;EDM-SAS:3;EDM-SAS:4;EDM-SAS:5;EDM-SAS:6;KAM-CAL:1;KAM-CAL:2;KAM-CAL:3;KAM-CAL:4;KAM-CAL:5;KAM-CAL:6;KAM-CAL:7;KAM-KEL:1;KAM-KEL:2;KEL-CAL:1;KEL-CAL:2;KEL-CAL:3;KEL-CAL:4;KEL-CAL:5;KEL-CAL:6;KEL-CAL:7;OTT-MON:1;OTT-MON:2;TOR-MON:1;TOR-MON:2;TOR-MON:3;TOR-MON:4;TOR-MON:5;TOR-MON:6;TOR-OTT:1;TOR-OTT:2;TOR-OTT:3;TOR-OTT:4;TOR-OTT:5;VAN-KAM:1;VAN-KAM:2;VAN-KAM:3;VAN-KAM:4;VAN-KEL:1;VAN-KEL:2;VAN-KEL:3;VAN-KEL:4,5.818181818181818,0.7937204516464198
0.9590000000000001,0.725,0.016496480740980205,3163.9084771095468,optimal,43.113190263069036,53,11,18,0,0.030017743045081,793,0.0778820999985328,CAL-EDM:1;CAL-EDM:2;CAL-EDM:3;CAL-SAS:1;CAL-SAS:2;CAL-SAS:3;CAL-SAS:4;CAL-SAS:5;CAL-SAS:6;CAL-SAS:7;EDM-SAS:1;EDM-SAS:2;EDM-SAS:3;EDM-SAS:4;EDM-SAS:5;EDM-SAS:6;KAM-CAL:1;KAM-CAL:2;KAM-CAL:3;KAM-CAL:4;KAM-CAL:5;KAM-CAL:6;KAM-CAL:7;KAM-KEL:1;KAM-KEL:2;KEL-CAL:1;KEL-CAL:2;KEL-CAL:3;KEL-CAL:4;KEL-CAL:5;KEL-CAL:6;KEL-CAL:7;OTT-MON:1;OTT-MON:2;TOR-MON:1;TOR-MON:2;TOR-MON:3;TOR-MON:4;TOR-MON:5;TOR-MON:6;TOR-OTT:1;TOR-OTT:2;TOR-OTT:3;TOR-OTT:4;TOR-OTT:5;VAN-KAM:1;VAN-KAM:2;VAN-KAM:3;VAN-KAM:4;VAN-KEL:1;VAN-KEL:2;VAN-KEL:3;VAN-KEL:4,5.818181818181818,0.7937204516464198
0.9590000000000001,0.725,0.016496480740980205,3983.5355248395426,optimal,46.76894757122217,53,11,18,0,0.03319923187926317,793,0.09340650000376627,CAL-EDM:1;CAL-EDM:2;CAL-EDM:3;CAL-SAS:1;CAL-SAS:2;CAL-SAS:3;CAL-SAS:4;CAL-SAS:5;CAL-SAS:6;CAL-SAS:7;EDM-SAS:1;EDM-SAS:2;EDM-SAS:3;EDM-SAS:4;EDM-SAS:5;EDM-SAS:6;KAM-CAL:1;KAM-CAL:2;KAM-CAL:3;KAM-CAL:4;KAM-CAL:5;KAM-CAL:6;KAM-CAL:7;KAM-KEL:1;KAM-KEL:2;KEL-CAL:1;KEL-CAL:2;KEL-CAL:3;KEL-CAL:4;KEL-CAL:5;KEL-CAL:6;KEL-CAL:7;OTT-MON:1;OTT-MON:2;TOR-MON:1;TOR-MON:2;TOR-MON:3;TOR-MON:4;TOR-MON:5;TOR-MON:6;TOR-OTT:1;TOR-OTT:2;TOR-OTT:3;TOR-OTT:4;TOR-OTT:5;VAN-KAM:1;VAN-KAM:2;VAN-KAM:3;VAN-KAM:4;VAN-KEL:1;VAN-KEL:2;VAN-KEL:3;VAN-KEL:4,5.818181818181818,0.7937204516464198
0.9590000000000001,0.725,0.016496480740980205,5015.4912483927765,optimal,50.424704879375305,53,11,18,0,0.03319923187926317,793,0.09152439999888884,CAL-EDM:1;CAL-EDM:2;CAL-EDM:3;CAL-SAS:1;CAL-SAS:2;CAL-SAS:3;CAL-SAS:4;CAL-SAS:5;CAL-SAS:6;CAL-SAS:7;EDM-SAS:1;EDM-SAS:2;EDM-SAS:3;EDM-SAS:4;EDM-SAS:5;EDM-SAS:6;KAM-CAL:1;KAM-CAL:2;KAM-CAL:3;KAM-CAL:4;KAM-CAL:5;KAM-CAL:6;KAM-CAL:7;KAM-KEL:1;KAM-KEL:2;KEL-CAL:1;KEL-CAL:2;KEL-CAL:3;KEL-CAL:4;KEL-CAL:5;KEL-CAL:6;KEL-CAL:7;OTT-MON:1;OTT-MON:2;TOR-MON:1;TOR-MON:2;TOR-MON:3;TOR-MON:4;TOR-MON:5;TOR-MON:6;TOR-OTT:1;TOR-OTT:2;TOR-OTT:3;TOR-OTT:4;TOR-OTT:5;VAN-KAM:1;VAN-KAM:2;VAN-KAM:3;VAN-KAM:4;VAN-KEL:1;VAN-KEL:2;VAN-KEL:3;VAN-KEL:4,5.818181818181818,0.7937204516464198
0.9590000000000001,0.725,0.016496480740980205,6314.780502357335,optimal,54.08046218752847,53,11,18,0,0.03319923187926317,793,0.12829639999836218,CAL-EDM:1;CAL-EDM:2;CAL-EDM:3;CAL-SAS:1;CAL-SAS:2;CAL-SAS:3;CAL-SAS:4;CAL-SAS:5;CAL-SAS:6;CAL-SAS:7;EDM-SAS:1;EDM-SAS:2;EDM-SAS:3;EDM-SAS:4;EDM-SAS:5;EDM-SAS:6;KAM-CAL:1;KAM-CAL:2;KAM-CAL:3;KAM-CAL:4;KAM-CAL:5;KAM-CAL:6;KAM-CAL:7;KAM-KEL:1;KAM-KEL:2;KEL-CAL:1;KEL-CAL:2;KEL-CAL:3;KEL-CAL:4;KEL-CAL:5;KEL-CAL:6;KEL-CAL:7;OTT-MON:1;OTT-MON:2;TOR-MON:1;TOR-MON:2;TOR-MON:3;TOR-MON:4;TOR-MON:5;TOR-MON:6;TOR-OTT:1;TOR-OTT:2;TOR-OTT:3;TOR-OTT:4;TOR-OTT:5;VAN-KAM:1;VAN-KAM:2;VAN-KAM:3;VAN-KAM:4;VAN-KEL:1;VAN-KEL:2;VAN-KEL:3;VAN-KEL:4,5.818181818181818,0.7937204516464198
0.9590000000000001,0.725,0.016496480740980205,7950.657436742778,optimal,57.755732176744665,54,12,18,0,0.03319923187926317,793,0.1038364999985788,CAL-EDM:1;CAL-EDM:2;CAL-EDM:3;CAL-SAS:1;CAL-SAS:2;CAL-SAS:3;CAL-SAS:4;CAL-SAS:5;CAL-SAS:6;CAL-SAS:7;Calgary;EDM-SAS:1;EDM-SAS:2;EDM-SAS:3;EDM-SAS:4;EDM-SAS:5;EDM-SAS:6;KAM-CAL:1;KAM-CAL:2;KAM-CAL:3;KAM-CAL:4;KAM-CAL:5;KAM-CAL:6;KAM-CAL:7;KAM-KEL:1;KAM-KEL:2;KEL-CAL:1;KEL-CAL:2;KEL-CAL:3;KEL-CAL:4;KEL-CAL:5;KEL-CAL:6;KEL-CAL:7;OTT-MON:1;OTT-MON:2;TOR-MON:1;TOR-MON:2;TOR-MON:3;TOR-MON:4;TOR-MON:5;TOR-MON:6;TOR-OTT:1;TOR-OTT:2;TOR-OTT:3;TOR-OTT:4;TOR-OTT:5;VAN-KAM:1;VAN-KAM:2;VAN-KAM:3;VAN-KAM:4;VAN-KEL:1;VAN-KEL:2;VAN-KEL:3;VAN-KEL:4,6.333333333333333,0.7802450346431629
0.9590000000000001,0.725,0.016496480740980205,10010.316851525651,optimal,61.743831058366226,54,12,18,0,0.03319923187926317,793,0.12506690000009257,CAL-EDM:1;CAL-EDM:2;CAL-EDM:3;CAL-SAS:1;CAL-SAS:2;CAL-SAS:3;CAL-SAS:4;CAL-SAS:5;CAL-SAS:6;CAL-SAS:7;Calgary;EDM-SAS:1;EDM-SAS:2;EDM-SAS:3;EDM-SAS:4;EDM-SAS:5;EDM-SAS:6;KAM-CAL:1;KAM-CAL:2;KAM-CAL:3;KAM-CAL:4;KAM-CAL:5;KAM-CAL:6;KAM-CAL:7;KAM-KEL:1;KAM-KEL:2;KEL-CAL:1;KEL-CAL:2;KEL-CAL:3;KEL-CAL:4;KEL-CAL:5;KEL-CAL:6;KEL-CAL:7;OTT-MON:1;OTT-MON:2;TOR-MON:1;TOR-MON:2;TOR-MON:3;TOR-MON:4;TOR-MON:5;TOR-MON:6;TOR-OTT:1;TOR-OTT:2;TOR-OTT:3;TOR-OTT:4;TOR-OTT:5;VAN-KAM:1;VAN-KAM:2;VAN-KAM:3;VAN-KAM:4;VAN-KEL:1;VAN-KEL:2;VAN-KEL:3;VAN-KEL:4,6.333333333333333,0.7802450346431629
0.9590000000000001,0.725,0.016496480740980205,12603.541815906843,optimal,65.73192993998784,54,12,18,0,0.03319923187926317,793,0.14210279999679187,CAL-EDM:1;CAL-EDM:2;CAL-EDM:3;CAL-SAS:1;CAL-SAS:2;CAL-SAS:3;CAL-SAS:4;CAL-SAS:5;CAL-SAS:6;CAL-SAS:7;Calgary;EDM-SAS:1;EDM-SAS:2;EDM-SAS:3;EDM-SAS:4;EDM-SAS:5;EDM-SAS:6;KAM-CAL:1;KAM-CAL:2;KAM-CAL:3;KAM-CAL:4;KAM-CAL:5;KAM-CAL:6;KAM-CAL:7;KAM-KEL:1;KAM-KEL:2;KEL-CAL:1;KEL-CAL:2;KEL-CAL:3;KEL-CAL:4;KEL-CAL:5;KEL-CAL:6;KEL-CAL:7;OTT-MON:1;OTT-MON:2;TOR-MON:1;TOR-MON:2;TOR-MON:3;TOR-MON:4;TOR-MON:5;TOR-MON:6;TOR-OTT:1;TOR-OTT:2;TOR-OTT:3;TOR-OTT:4;TOR-OTT:5;VAN-KAM:1;VAN-KAM:2;VAN-KAM:3;VAN-KAM:4;VAN-KEL:1;VAN-KEL:2;VAN-KEL:3;VAN-KEL:4,6.333333333333333,0.7802450346431629
0.9590000000000001,0.725,0.016496480740980205,15868.55527765865,optimal,69.9518170342391,55,14,18,0,0.030017743045081,793,0.13791829999536276,CAL-EDM:1;CAL-EDM:2;CAL-EDM:3;CAL-SAS:1;CAL-SAS:2;CAL-SAS:3;CAL-SAS:4;CAL-SAS:5;CAL-SAS:6;CAL-SAS:7;Calgary;EDM-SAS:1;EDM-SAS:2;EDM-SAS:3;EDM-SAS:4;EDM-SAS:5;EDM-SAS:6;KAM-CAL:1;KAM-CAL:2;KAM-CAL:3;KAM-CAL:4;KAM-CAL:5;KAM-CAL:6;KAM-CAL:7;KAM-KEL:1;KAM-KEL:2;KEL-CAL:1;KEL-CAL:2;KEL-CAL:3;KEL-CAL:4;KEL-CAL:5;KEL-CAL:6;KEL-CAL:7;Kamloops;OTT-MON:1;OTT-MON:2;TOR-MON:1;TOR-MON:2;TOR-MON:3;TOR-MON:4;TOR-MON:5;TOR-MON:6;TOR-OTT:1;TOR-OTT:2;TOR-OTT:3;TOR-OTT:4;TOR-OTT:5;VAN-KAM:1;VAN-KAM:2;VAN-KAM:3;VAN-KAM:4;VAN-KEL:1;VAN-KEL:2;VAN-KEL:3;VAN-KEL:4,7.214285714285714,0.7575776999854831
0.9590000000000001,0.725,0.016496480740980205,19979.387562494434,optimal,74.60459906279762,55,14,18,0,0.030017743045081,793,0.07480880000366597,CAL-EDM:1;CAL-EDM:2;CAL-EDM:3;CAL-SAS:1;CAL-SAS:2;CAL-SAS:3;CAL-SAS:4;CAL-SAS:5;CAL-SAS:6;CAL-SAS:7;Calgary;EDM-SAS:1;EDM-SAS:2;EDM-SAS:3;EDM-SAS:4;EDM-SAS:5;EDM-SAS:6;KAM-CAL:1;KAM-CAL:2;KAM-CAL:3;KAM-CAL:4;KAM-CAL:5;KAM-CAL:6;KAM-CAL:7;KAM-KEL:1;KAM-KEL:2;KEL-CAL:1;KEL-CAL:2;KEL-CAL:3;KEL-CAL:4;KEL-CAL:5;KEL-CAL:6;KEL-CAL:7;Kamloops;OTT-MON:1;OTT-MON:2;TOR-MON:1;TOR-MON:2;TOR-MON:3;TOR-MON:4;TOR-MON:5;TOR-MON:6;TOR-OTT:1;TOR-OTT:2;TOR-OTT:3;TOR-OTT:4;TOR-OTT:5;VAN-KAM:1;VAN-KAM:2;VAN-KAM:3;VAN-KAM:4;VAN-KEL:1;VAN-KEL:2;VAN-KEL:3;VAN-KEL:4,7.214285714285714,0.7575776999854831
0.9590000000000001,0.725,0.016496480740980205,25155.152462704536,optimal,79.25738109135618,55,14,18,0,0.030017743045081,793,0.1178732000043965,CAL-EDM:1;CAL-EDM:2;CAL-EDM:3;CAL-SAS:1;CAL-SAS:2;CAL-SAS:3;CAL-SAS:4;CAL-SAS:5;CAL-SAS:6;CAL-SAS:7;Calgary;EDM-SAS:1;EDM-SAS:2;EDM-SAS:3;EDM-SAS:4;EDM-SAS:5;EDM-SAS:6;KAM-CAL:1;KAM-CAL:2;KAM-CAL:3;KAM-CAL:4;KAM-CAL:5;KAM-CAL:6;KAM-CAL:7;KAM-KEL:1;KAM-KEL:2;KEL-CAL:1;KEL-CAL:2;KEL-CAL:3;KEL-CAL:4;KEL-CAL:5;KEL-CAL:6;KEL-CAL:7;Kamloops;OTT-MON:1;OTT-MON:2;TOR-MON:1;TOR-MON:2;TOR-MON:3;TOR-MON:4;TOR-MON:5;TOR-MON:6;TOR-OTT:1;TOR-OTT:2;TOR-OTT:3;TOR-OTT:4;TOR-OTT:5;VAN-KAM:1;VAN-KAM:2;VAN-KAM:3;VAN-KAM:4;VAN-KEL:1;VAN-KEL:2;VAN-KEL:3;VAN-KEL:4,7.214285714285714,0.7575776999854831
0.9590000000000001,0.725,0.016496480740980205,31671.726345094525,optimal,83.91016311991466,55,14,18,0,0.030017743045081,793,0.1691417999973055,CAL-EDM:1;CAL-EDM:2;CAL-EDM:3;CAL-SAS:1;CAL-SAS:2;CAL-SAS:3;CAL-SAS:4;CAL-SAS:5;CAL-SAS:6;CAL-SAS:7;Calgary;EDM-SAS:1;EDM-SAS:2;EDM-SAS:3;EDM-SAS:4;EDM-SAS:5;EDM-SAS:6;KAM-CAL:1;KAM-CAL:2;KAM-CAL:3;KAM-CAL:4;KAM-CAL:5;KAM-CAL:6;KAM-CAL:7;KAM-KEL:1;KAM-KEL:2;KEL-CAL:1;KEL-CAL:2;KEL-CAL:3;KEL-CAL:4;KEL-CAL:5;KEL-CAL:6;KEL-CAL:7;Kamloops;OTT-MON:1;OTT-MON:2;TOR-MON:1;TOR-MON:2;TOR-MON:3;TOR-MON:4;TOR-MON:5;TOR-MON:6;TOR-OTT:1;TOR-OTT:2;TOR-OTT:3;TOR-OTT:4;TOR-OTT:5;VAN-KAM:1;VAN-KAM:2;VAN-KAM:3;VAN-KAM:4;VAN-KEL:1;VAN-KEL:2;VAN-KEL:3;VAN-KEL:4,7.214285714285714,0.7575776999854831
0.9590000000000001,0.725,0.016496480740980205,39876.452792952354,optimal,88.5629451484732,55,14,18,0,0.030017743045081,793,0.14044139999896288,CAL-EDM:1;CAL-EDM:2;CAL-EDM:3;CAL-SAS:1;CAL-SAS:2;CAL-SAS:3;CAL-SAS:4;CAL-SAS:5;CAL-SAS:6;CAL-SAS:7;Calgary;EDM-SAS:1;EDM-SAS:2;EDM-SAS:3;EDM-SAS:4;EDM-SAS:5;EDM-SAS:6;KAM-CAL:1;KAM-CAL:2;KAM-CAL:3;KAM-CAL:4;KAM-CAL:5;KAM-CAL:6;KAM-CAL:7;KAM-KEL:1;KAM-KEL:2;KEL-CAL:1;KEL-CAL:2;KEL-CAL:3;KEL-CAL:4;KEL-CAL:5;KEL-CAL:6;KEL-CAL:7;Kamloops;OTT-MON:1;OTT-MON:2;TOR-MON:1;TOR-MON:2;TOR-MON:3;TOR-MON:4;TOR-MON:5;TOR-MON:6;TOR-OTT:1;TOR-OTT:2;TOR-OTT:3;TOR-OTT:4;TOR-OTT:5;VAN-KAM:1;VAN-KAM:2;VAN-KAM:3;VAN-KAM:4;VAN-KEL:1;VAN-KEL:2;VAN-KEL:3;VAN-KEL:4,7.214285714285714,0.7575776999854831
0.9590000000000001,0.725,0.016496480740980205,50206.65656246559,optimal,93.21572717703177,55,14,18,0,0.030017743045081,793,0.13480400000116788,CAL-EDM:1;CAL-EDM:2;CAL-EDM:3;CAL-SAS:1;CAL-SAS:2;CAL-SAS:3;CAL-SAS:4;CAL-SAS:5;CAL-SAS:6;CAL-SAS:7;Calgary;EDM-SAS:1;EDM-SAS:2;EDM-SAS:3;EDM-SAS:4;EDM-SAS:5;EDM-SAS:6;KAM-CAL:1;KAM-CAL:2;KAM-CAL:3;KAM-CAL:4;KAM-CAL:5;KAM-CAL:6;KAM-CAL:7;KAM-KEL:1;KAM-KEL:2;KEL-CAL:1;KEL-CAL:2;KEL-CAL:3;KEL-CAL:4;KEL-CAL:5;KEL-CAL:6;KEL-CAL:7;Kamloops;OTT-MON:1;OTT-MON:2;TOR-MON:1;TOR-MON:2;TOR-MON:3;TOR-MON:4;TOR-MON:5;TOR-MON:6;TOR-OTT:1;TOR-OTT:2;TOR-OTT:3;TOR-OTT:4;TOR-OTT:5;VAN-KAM:1;VAN-KAM:2;VAN-KAM:3;VAN-KAM:4;VAN-KEL:1;VAN-KEL:2;VAN-KEL:3;VAN-KEL:4,7.214285714285714,0.7575776999854831
0.9590000000000001,0.725,0.016496480740980205,63212.953676433244,optimal,97.86850920559041,55,14,18,0,0.030017743045081,793,0.13377150000451365,CAL-EDM:1;CAL-EDM:2;CAL-EDM:3;CAL-SAS:1;CAL-SAS:2;CAL-SAS:3;CAL-SAS:4;CAL-SAS:5;CAL-SAS:6;CAL-SAS:7;Calgary;EDM-SAS:1;EDM-SAS:2;EDM-SAS:3;EDM-SAS:4;EDM-SAS:5;EDM-SAS:6;KAM-CAL:1;KAM-CAL:2;KAM-CAL:3;KAM-CAL:4;KAM-CAL:5;KAM-CAL:6;KAM-CAL:7;KAM-KEL:1;KAM-KEL:2;KEL-CAL:1;KEL-CAL:2;KEL-CAL:3;KEL-CAL:4;KEL-CAL:5;KEL-CAL:6;KEL-CAL:7;Kamloops;OTT-MON:1;OTT-MON:2;TOR-MON:1;TOR-MON:2;TOR-MON:3;TOR-MON:4;TOR-MON:5;TOR-MON:6;TOR-OTT:1;TOR-OTT:2;TOR-OTT:3;TOR-OTT:4;TOR-OTT:5;VAN-KAM:1;VAN-KAM:2;VAN-KAM:3;VAN-KAM:4;VAN-KEL:1;VAN-KEL:2;VAN-KEL:3;VAN-KEL:4,7.214285714285714,0.7575776999854831
0.9590000000000001,0.725,0.016496480740980205,79588.60011973389,optimal,102.52129123414878,55,14,18,0,0.030017743045081,793,0.1660072000013315,CAL-EDM:1;CAL-EDM:2;CAL-EDM:3;CAL-SAS:1;CAL-SAS:2;CAL-SAS:3;CAL-SAS:4;CAL-SAS:5;CAL-SAS:6;CAL-SAS:7;Calgary;EDM-SAS:1;EDM-SAS:2;EDM-SAS:3;EDM-SAS:4;EDM-SAS:5;EDM-SAS:6;KAM-CAL:1;KAM-CAL:2;KAM-CAL:3;KAM-CAL:4;KAM-CAL:5;KAM-CAL:6;KAM-CAL:7;KAM-KEL:1;KAM-KEL:2;KEL-CAL:1;KEL-CAL:2;KEL-CAL:3;KEL-CAL:4;KEL-CAL:5;KEL-CAL:6;KEL-CAL:7;Kamloops;OTT-MON:1;OTT-MON:2;TOR-MON:1;TOR-MON:2;TOR-MON:3;TOR-MON:4;TOR-MON:5;TOR-MON:6;TOR-OTT:1;TOR-OTT:2;TOR-OTT:3;TOR-OTT:4;TOR-OTT:5;VAN-KAM:1;VAN-KAM:2;VAN-KAM:3;VAN-KAM:4;VAN-KEL:1;VAN-KEL:2;VAN-KEL:3;VAN-KEL:4,7.214285714285714,0.7575776999854831
0.9590000000000001,0.725,0.016496480740980205,100206.44346793843,optimal,107.17407326270954,55,14,18,0,0.030017743045081,793,0.22039960000256542,CAL-EDM:1;CAL-EDM:2;CAL-EDM:3;CAL-SAS:1;CAL-SAS:2;CAL-SAS:3;CAL-SAS:4;CAL-SAS:5;CAL-SAS:6;CAL-SAS:7;Calgary;EDM-SAS:1;EDM-SAS:2;EDM-SAS:3;EDM-SAS:4;EDM-SAS:5;EDM-SAS:6;KAM-CAL:1;KAM-CAL:2;KAM-CAL:3;KAM-CAL:4;KAM-CAL:5;KAM-CAL:6;KAM-CAL:7;KAM-KEL:1;KAM-KEL:2;KEL-CAL:1;KEL-CAL:2;KEL-CAL:3;KEL-CAL:4;KEL-CAL:5;KEL-CAL:6;KEL-CAL:7;Kamloops;OTT-MON:1;OTT-MON:2;TOR-MON:1;TOR-MON:2;TOR-MON:3;TOR-MON:4;TOR-MON:5;TOR-MON:6;TOR-OTT:1;TOR-OTT:2;TOR-OTT:3;TOR-OTT:4;TOR-OTT:5;VAN-KAM:1;VAN-KAM:2;VAN-KAM:3;VAN-KAM:4;VAN-KEL:1;VAN-KEL:2;VAN-KEL:3;VAN-KEL:4,7.214285714285714,0.7575776999854831
0.9590000000000001,0.725,0.016496480740980205,126165.44702868049,optimal,111.82685529132041,55,14,18,0,0.030017743045081,793,0.33448349999525817,CAL-EDM:1;CAL-EDM:2;CAL-EDM:3;CAL-SAS:1;CAL-SAS:2;CAL-SAS:3;CAL-SAS:4;CAL-SAS:5;CAL-SAS:6;CAL-SAS:7;Calgary;EDM-SAS:1;EDM-SAS:2;EDM-SAS:3;EDM-SAS:4;EDM-SAS:5;EDM-SAS:6;KAM-CAL:1;KAM-CAL:2;KAM-CAL:3;KAM-CAL:4;KAM-CAL:5;KAM-CAL:6;KAM-CAL:7;KAM-KEL:1;KAM-KEL:2;KEL-CAL:1;KEL-CAL:2;KEL-CAL:3;KEL-CAL:4;KEL-CAL:5;KEL-CAL:6;KEL-CAL:7;Kamloops;OTT-MON:1;OTT-MON:2;TOR-MON:1;TOR-MON:2;TOR-MON:3;TOR-MON:4;TOR-MON:5;TOR-MON:6;TOR-OTT:1;TOR-OTT:2;TOR-OTT:3;TOR-OTT:4;TOR-OTT:5;VAN-KAM:1;VAN-KAM:2;VAN-KAM:3;VAN-KAM:4;VAN-KEL:1;VAN-KEL:2;VAN-KEL:3;VAN-KEL:4,7.214285714285714,0.7575776999854831
0.9590000000000001,0.725,0.016496480740980205,158849.26630531237,optimal,117.05475885924359,55,17,18,0,0.0221885046944556,793,0.3524517999976524,CAL-EDM:1;CAL-EDM:2;CAL-EDM:3;CAL-SAS:1;CAL-SAS:2;CAL-SAS:3;CAL-SAS:4;CAL-SAS:5;CAL-SAS:6;CAL-SAS:7;Calgary;EDM-SAS:1;EDM-SAS:2;EDM-SAS:3;EDM-SAS:4;EDM-SAS:5;EDM-SAS:6;KAM-CAL:1;KAM-CAL:2;KAM-CAL:3;KAM-CAL:4;KAM-CAL:5;KAM-CAL:6;KAM-CAL:7;KAM-KEL:1;KAM-KEL:2;KEL-CAL:1;KEL-CAL:2;KEL-CAL:3;KEL-CAL:4;KEL-CAL:5;KEL-CAL:6;KEL-CAL:7;Kamloops;OTT-MON:1;OTT-MON:2;TOR-MON:1;TOR-MON:2;TOR-MON:3;TOR-MON:4;TOR-MON:5;TOR-MON:6;TOR-OTT:1;TOR-OTT:2;TOR-OTT:3;TOR-OTT:4;TOR-OTT:5;VAN-KAM:1;VAN-KAM:2;VAN-KAM:3;VAN-KAM:4;VAN-KEL:1;VAN-KEL:2;VAN-KEL:3;VAN-KEL:4,8.823529411764707,0.720862631186266
0.9590000000000001,0.725,0.016496480740980205,200000.0,optimal,122.70456560820647,55,17,18,0,0.0221885046944556,793,0.16363840000121854,CAL-EDM:1;CAL-EDM:2;CAL-EDM:3;CAL-SAS:1;CAL-SAS:2;CAL-SAS:3;CAL-SAS:4;CAL-SAS:5;CAL-SAS:6;CAL-SAS:7;Calgary;EDM-SAS:1;EDM-SAS:2;EDM-SAS:3;EDM-SAS:4;EDM-SAS:5;EDM-SAS:6;KAM-CAL:1;KAM-CAL:2;KAM-CAL:3;KAM-CAL:4;KAM-CAL:5;KAM-CAL:6;KAM-CAL:7;KAM-KEL:1;KAM-KEL:2;KEL-CAL:1;KEL-CAL:2;KEL-CAL:3;KEL-CAL:4;KEL-CAL:5;KEL-CAL:6;KEL-CAL:7;Kamloops;OTT-MON:1;OTT-MON:2;TOR-MON:1;TOR-MON:2;TOR-MON:3;TOR-MON:4;TOR-MON:5;TOR-MON:6;TOR-OTT:1;TOR-OTT:2;TOR-OTT:3;TOR-OTT:4;TOR-OTT:5;VAN-KAM:1;VAN-KAM:2;VAN-KAM:3;VAN-KAM:4;VAN-KEL:1;VAN-KEL:2;VAN-KEL:3;VAN-KEL:4,8.823529411764707,0.720862631186266
0.9590000000000001,0.725,0.02015337685941733,1000.0,optimal,25.305004111269668,46,10,18,0,0.04279211619645008,809,0.09552740000071935,CAL-EDM:1;CAL-EDM:2;CAL-EDM:3;CAL-SAS:1;CAL-SAS:2;CAL-SAS:3;CAL-SAS:4;CAL-SAS:5;CAL-SAS:6;CAL-SAS:7;EDM-SAS:1;EDM-SAS:2;EDM-SAS:3;EDM-SAS:4;EDM-SAS:5;EDM-SAS:6;KAM-CAL:1;KAM-CAL:2;KAM-CAL:3;KAM-CAL:4;KAM-CAL:5;KAM-CAL:6;KAM-CAL:7;KAM-KEL:1;KAM-KEL:2;OTT-MON:1;OTT-MON:2;TOR-MON:1;TOR-MON:2;TOR-MON:3;TOR-MON:4;TOR-MON:5;TOR-MON:6;TOR-OTT:1;TOR-OTT:2;TOR-OTT:3;TOR-OTT:4;TOR-OTT:5;VAN-KAM:1;VAN-KAM:2;VAN-KAM:3;VAN-KAM:4;VAN-KEL:1;VAN-KEL:2;VAN-KEL:3;VAN-KEL:4,5.6,0.8002580189549644
0.9590000000000001,0.725,0.02015337685941733,1259.0552330005396,optimal,28.628419845954333,46,10,18,0,0.04279211619645008,809,0.10755179999978282,CAL-EDM:1;CAL-EDM:2;CAL-EDM:3;CAL-SAS:1;CAL-SAS:2;CAL-SAS:3;CAL-SAS:4;CAL-SAS:5;CAL-SAS:6;CAL-SAS:7;EDM-SAS:1;EDM-SAS:2;EDM-SAS:3;EDM-SAS:4;EDM-SAS:5;EDM-SAS:6;KAM-CAL:1;KAM-CAL:2;KAM-CAL:3;KAM-CAL:4;KAM-CAL:5;KAM-CAL:6;KAM-CAL:7;KAM-KEL:1;KAM-KEL:2;OTT-MON:1;OTT-MON:2;TOR-MON:1;TOR-MON:2;TOR-MON:3;TOR-MON:4;TOR-MON:5;TOR-MON:6;TOR-OTT:1;TOR-OTT:2;TOR-OTT:3;TOR-OTT:4;TOR-OTT:5;VAN-KAM:1;VAN-KAM:2;VAN-KAM:3;VAN-KAM:4;VAN-KEL:1;VAN-KEL:2;VAN-KEL:3;VAN-KEL:4,5.6,0.8002580189549644
0.9590000000000001,0.725,0.02015337685941733,1585.220079746043,optimal,32.145918338609654,53,11,18,0,0.03319923187926317,809,0.09397210000315681,CAL-EDM:1;CAL-EDM:2;CAL-EDM:3;CAL-SAS:1;CAL-SAS:2;CAL-SAS:3;CAL-SAS:4;CAL-SAS:5;CAL-SAS:6;CAL-SAS:7;EDM-SAS:1;EDM-SAS:2;EDM-SAS:3;EDM-SAS:4;EDM-SAS:5;EDM-SAS:6;KAM-CAL:1;KAM-CAL:2;KAM-CAL:3;KAM-CAL:4;KAM-CAL:5;KAM-CAL:6;KAM-CAL:7;KAM-KEL:1;KAM-KEL:2;KEL-CAL:1;KEL-CAL:2;KEL-CAL:3;KEL-CAL:4;KEL-CAL:5;KEL-CAL:6;KEL-CAL:7;OTT-MON:1;OTT-MON:2;TOR-MON:1;TOR-MON:2;TOR-MON:3;TOR-MON:4;TOR-MON:5;TOR-MON:6;TOR-OTT:1;TOR-OTT:2;TOR-OTT:3;TOR-OTT:4;TOR-OTT:5;VAN-KAM:1;VAN-KAM:2;VAN-KAM:3;VAN-KAM:4;VAN-KEL:1;VAN-KEL:2;VAN-KEL:3;VAN-KEL:4,5.818181818181818,0.7937204516464198
0.9590000000000001,0.725,0.02015337685941733,1995.879636861788,optimal,35.801675646762774,53,11,18,0,0.03319923187926317,809,0.08626680000452325,CAL-EDM:1;CAL-EDM:2;CAL-EDM:3;CAL-SAS:1;CAL-SAS:2;CAL-SAS:3;CAL-SAS:4;CAL-SAS:5;CAL-SAS:6;CAL-SAS:7;EDM-SAS:1;EDM-SAS:2;EDM-SAS:3;EDM-SAS:4;EDM-SAS:5;EDM-SAS:6;KAM-CAL:1;KAM-CAL:2;KAM-CAL:3;KAM-CAL:4;KAM-CAL:5;KAM-CAL:6;KAM-CAL:7;KAM-KEL:1;KAM-KEL:2;KEL-CAL:1;KEL-CAL:2;KEL-CAL:3;KEL-CAL:4;KEL-CAL:5;KEL-CAL:6;KEL-CAL:7;OTT-MON:1;OTT-MON:2;TOR-MON:1;TOR-MON:2;TOR-MON:3;TOR-MON:4;TOR-MON:5;TOR-MON:6;TOR-OTT:1;TOR-OTT:2;TOR-OTT:3;TOR-OTT:4;TOR-OTT:5;VAN-KAM:1;VAN-KAM:2;VAN-KAM:3;VAN-KAM:4;VAN-KEL:1;VAN-KEL:2;VAN-KEL:3;VAN-KEL:4,5.818181818181818,0.7937204516464198
0.9590000000000001,0.725,0.02015337685941733,2512.9227012300507,optimal,39.45743295491591,53,11,18,0,0.030017743045081,809,0.08293499999854248,CAL-EDM:1;CAL-EDM:2;CAL-EDM:3;CAL-SAS:1;CAL-SAS:2;CAL-SAS:3;CAL-SAS:4;CAL-SAS:5;CAL-SAS:6;CAL-SAS:7;EDM-SAS:1;EDM-SAS:2;EDM-SAS:3;EDM-SAS:4;EDM-SAS:5;EDM-SAS:6;KAM-CAL:1;KAM-CAL:2;KAM-CAL:3;KAM-CAL:4;KAM-CAL:5;KAM-CAL:6;KAM-CAL:7;KAM-KEL:1;KAM-KEL:2;KEL-CAL:1;KEL-CAL:2;KEL-CAL:3;KEL-CAL:4;KEL-CAL:5;KEL-CAL:6;KEL-CAL:7;OTT-MON:1;OTT-MON:2;TOR-MON:1;TOR-MON:2;TOR-MON:3;TOR-MON:4;TOR-MON:5;TOR-MON:6;TOR-OTT:1;TOR-OTT:2;TOR-OTT:3;TOR-OTT:4;TOR-OTT:5;VAN-KAM:1;VAN-KAM:2;VAN-KAM:3;VAN-KAM:4;VAN-KEL:1;VAN-KEL:2;VAN-KEL:3;VAN-KEL:4,5.818181818181818,0.7937204516464198
0.9590000000000001,0.725,0.02015337685941733,3163.9084771095468,optimal,43.113190263069036,53,11,18,0,0.030017743045081,809,0.076364199994714,CAL-EDM:1;CAL-EDM:2;CAL-EDM:3;CAL-SAS:1;CAL-SAS:2;CAL-SAS:3;CAL-SAS:4;CAL-SAS:5;CAL-SAS:6;CAL-SAS:7;EDM-SAS:1;EDM-SAS:2;EDM-SAS:3;EDM-SAS:4;EDM-SAS:5;EDM-SAS:6;KAM-CAL:1;KAM-CAL:2;KAM-CAL:3;KAM-CAL:4;KAM-CAL:5;KAM-CAL:6;KAM-CAL:7;KAM-KEL:1;KAM-KEL:2;KEL-CAL:1;KEL-CAL:2;KEL-CAL:3;KEL-CAL:4;KEL-CAL:5;KEL-CAL:6;KEL-CAL:7;OTT-MON:1;OTT-MON:2;TOR-MON:1;TOR-MON:2;TOR-MON:3;TOR-MON:4;TOR-MON:5;TOR-MON:6;TOR-OTT:1;TOR-OTT:2;TOR-OTT:3;TOR-OTT:4;TOR-OTT:5;VAN-KAM:1;VAN-KAM:2;VAN-KAM:3;VAN-KAM:4;VAN-KEL:1;VAN-KEL:2;VAN-KEL:3;VAN-KEL:4,5.818181818181818,0.7937204516464198
0.9590000000000001,0.725,0.02015337685941733,3983.5355248395426,optimal,46.76894757122217,53,11,18,0,0.03319923187926317,809,0.07767329999478534,CAL-EDM:1;CAL-EDM:2;CAL-EDM:3;CAL-SAS:1;CAL-SAS:2;CAL-SAS:3;CAL-SAS:4;CAL-SAS:5;CAL-SAS:6;CAL-SAS:7;EDM-SAS:1;EDM-SAS:2;EDM-SAS:3;EDM-SAS:4;EDM-SAS:5;EDM-SAS:6;KAM-CAL:1;KAM-CAL:2;KAM-CAL:3;KAM-CAL:4;KAM-CAL:5;KAM-CAL:6;KAM-CAL:7;KAM-KEL:1;KAM-KEL:2;KEL-CAL:1;KEL-CAL:2;KEL-CAL:3;KEL-CAL:4;KEL-CAL:5;KEL-CAL:6;KEL-CAL:7;OTT-MON:1;OTT-MON:2;TOR-MON:1;TOR-MON:2;TOR-MON:3;TOR-MON:4;TOR-MON:5;TOR-MON:6;TOR-OTT:1;TOR-OTT:2;TOR-OTT:3;TOR-OTT:4;TOR-OTT:5;VAN-KAM:1;VAN-KAM:2;VAN-KAM:3;VAN-KAM:4;VAN-KEL:1;VAN-KEL:2;VAN-KEL:3;VAN-KEL:4,5.818181818181818,0.7937204516464198
0.9590000000000001,0.725,0.02015337685941733,5015.4912483927765,optimal,50.424704879375305,53,11,18,0,0.03319923187926317,809,0.059580699999060016,CAL-EDM:1;CAL-EDM:2;CAL-EDM:3;CAL-SAS:1;CAL-SAS:2;CAL-SAS:3;CAL-SAS:4;CAL-SAS:5;CAL-SAS:6;CAL-SAS:7;EDM-SAS:1;EDM-SAS:2;EDM-SAS:3;EDM-SAS:4;EDM-SAS:5;EDM-SAS:6;KAM-CAL:1;KAM-CAL:2;KAM-CAL:3;KAM-CAL:4;KAM-CAL:5;KAM-CAL:6;KAM-CAL:7;KAM-KEL:1;KAM-KEL:2;KEL-CAL:1;KEL-CAL:2;KEL-CAL:3;KEL-CAL:4;KEL-CAL:5;KEL-CAL:6;KEL-CAL:7;OTT-MON:1;OTT-MON:2;TOR-MON:1;TOR-MON:2;TOR-MON:3;TOR-MON:4;TOR-MON:5;TOR-MON:6;TOR-OTT:1;TOR-OTT:2;TOR-OTT:3;TOR-OTT:4;TOR-OTT:5;VAN-KAM:1;VAN-KAM:2;VAN-KAM:3;VAN-KAM:4;VAN-KEL:1;VAN-KEL:2;VAN-KEL:3;VAN-KEL:4,5.818181818181818,0.7937204516464198
0.9590000000000001,0.725,0.02015337685941733,6314.780502357335,optimal,54.08046218752847,53,11,18,0,0.03319923187926317,809,0.11546220000309404,CAL-EDM:1;CAL-EDM:2;CAL-EDM:3;CAL-SAS:1;CAL-SAS:2;CAL-SAS:3;CAL-SAS:4;CAL-SAS:5;CAL-SAS:6;CAL-SAS:7;EDM-SAS:1;EDM-SAS:2;EDM-SAS:3;EDM-SAS:4;EDM-SAS:5;EDM-SAS:6;KAM-CAL:1;KAM-CAL:2;KAM-CAL:3;KAM-CAL:4;KAM-CAL:5;KAM-CAL:6;KAM-CAL:7;KAM-KEL:1;KAM-KEL:2;KEL-CAL:1;KEL-CAL:2;KEL-CAL:3;KEL-CAL:4;KEL-CAL:5;KEL-CAL:6;KEL-CAL:7;OTT-MON:1;OTT-MON:2;TOR-MON:1;TOR-MON:2;TOR-MON:3;TOR-MON:4;TOR-MON:5;TOR-MON:6;TOR-OTT:1;TOR-OTT:2;TOR-OTT:3;TOR-OTT:4;TOR-OTT:5;VAN-KAM:1;VAN-KAM:2;VAN-KAM:3;VAN-KAM:4;VAN-KEL:1;VAN-KEL:2;VAN-KEL:3;VAN-KEL:4,5.818181818181818,0.7937204516464198
0.9590000000000001,0.725,0.02015337685941733,7950.657436742778,optimal,57.755732176744665,54,12,18,0,0.03319923187926317,809,0.09007009999913862,CAL-EDM:1;CAL-EDM:2;CAL-EDM:3;CAL-SAS:1;CAL-SAS:2;CAL-SAS:3;CAL-SAS:4;CAL-SAS:5;CAL-SAS:6;CAL-SAS:7;Calgary;EDM-SAS:1;EDM-SAS:2;EDM-SAS:3;EDM-SAS:4;EDM-SAS:5;EDM-SAS:6;KAM-CAL:1;KAM-CAL:2;KAM-CAL:3;KAM-CAL:4;KAM-CAL:5;KAM-CAL:6;KAM-CAL:7;KAM-KEL:1;KAM-KEL:2;KEL-CAL:1;KEL-CAL:2;KEL-CAL:3;KEL-CAL:4;KEL-CAL:5;KEL-CAL:6;KEL-CAL:7;OTT-MON:1;OTT-MON:2;TOR-MON:1;TOR-MON:2;TOR-MON:3;TOR-MON:4;TOR-MON:5;TOR-MON:6;TOR-OTT:1;TOR-OTT:2;TOR-OTT:3;TOR-OTT:4;TOR-OTT:5;VAN-KAM:1;VAN-KAM:2;VAN-KAM:3;VAN-KAM:4;VAN-KEL:1;VAN-KEL:2;VAN-KEL:3;VAN-KEL:4,6.333333333333333,0.7802450346431629
0.9590000000000001,0.725,0.02015337685941733,10010.316851525651,optimal,61.743831058366226,54,12,18,0,0.03319923187926317,809,0.1326651000053971,CAL-EDM:1;CAL-EDM:2;CAL-EDM:3;CAL-SAS:1;CAL-SAS:2;CAL-SAS:3;CAL-SAS:4;CAL-SAS:5;CAL-SAS:6;CAL-SAS:7;Calgary;EDM-SAS:1;EDM-SAS:2;EDM-SAS:3;EDM-SAS:4;EDM-SAS:5;EDM-SAS:6;KAM-CAL:1;KAM-CAL:2;KAM-CAL:3;KAM-CAL:4;KAM-CAL:5;KAM-CAL:6;KAM-CAL:7;KAM-KEL:1;KAM-KEL:2;KEL-CAL:1;KEL-CAL:2;KEL-CAL:3;KEL-CAL:4;KEL-CAL:5;KEL-CAL:6;KEL-CAL:7;OTT-MON:1;OTT-MON:2;TOR-MON:1;TOR-MON:2;TOR-MON:3;TOR-MON:4;TOR-MON:5;TOR-MON:6;TOR-OTT:1;TOR-OTT:2;TOR-OTT:3;TOR-OTT:4;TOR-OTT:5;VAN-KAM:1;VAN-KAM:2;VAN-KAM:3;VAN-KAM:4;VAN-KEL:1;VAN-KEL:2;VAN-KEL:3;VAN-KEL:4,6.333333333333333,0.7802450346431629
0.9590000000000001,0.725,0.02015337685941733,12603.541815906843,optimal,65.73192993998784,54,12,18,0,0.03319923187926317,809,0.12292590000288328,CAL-EDM:1;CAL-EDM:2;CAL-EDM:3;CAL-SAS:1;CAL-SAS:2;CAL-SAS:3;CAL-SAS:4;CAL-SAS:5;CAL-SAS:6;CAL-SAS:7;Calgary;EDM-SAS:1;EDM-SAS:2;EDM-SAS:3;EDM-SAS:4;EDM-SAS:5;EDM-SAS:6;KAM-CAL:1;KAM-CAL:2;KAM-CAL:3;KAM-CAL:4;KAM-CAL:5;KAM-CAL:6;KAM-CAL:7;KAM-KEL:1;KAM-KEL:2;KEL-CAL:1;KEL-CAL:2;KEL-CAL:3;KEL-CAL:4;KEL-CAL:5;KEL-CAL:6;KEL-CAL:7;OTT-MON:1;OTT-MON:2;TOR-MON:1;TOR-MON:2;TOR-MON:3;TOR-MON:4;TOR-MON:5;TOR-MON:6;TOR-OTT:1;TOR-OTT:2;TOR-OTT:3;TOR-OTT:4;TOR-OTT:5;VAN-KAM:1;VAN-KAM:2;VAN-KAM:3;VAN-KAM:4;VAN-KEL:1;VAN-KEL:2;VAN-KEL:3;VAN-KEL:4,6.333333333333333,0.7802450346431629
0.9590000000000001,0.725,0.02015337685941733,15868.55527765865,optimal,69.9518170342391,55,14,18,0,0.030017743045081,809,0.15349399999831803,CAL-EDM:1;CAL-EDM:2;CAL-EDM:3;CAL-SAS:1;CAL-SAS:2;CAL-SAS:3;CAL-SAS:4;CAL-SAS:5;CAL-SAS:6;CAL-SAS:7;Calgary;EDM-SAS:1;EDM-SAS:2;EDM-SAS:3;EDM-SAS:4;EDM-SAS:5;EDM-SAS:6;KAM-CAL:1;KAM-CAL:2;KAM-CAL:3;KAM-CAL:4;KAM-CAL:5;KAM-CAL:6;KAM-CAL:7;KAM-KEL:1;KAM-KEL:2;KEL-CAL:1;KEL-CAL:2;KEL-CAL:3;KEL-CAL:4;KEL-CAL:5;KEL-CAL:6;KEL-CAL:7;Kamloops;OTT-MON:1;OTT-MON:2;TOR-MON:1;TOR-MON:2;TOR-MON:3;TOR-MON:4;TOR-MON:5;TOR-MON:6;TOR-OTT:1;TOR-OTT:2;TOR-OTT:3;TOR-OTT:4;TOR-OTT:5;VAN-KAM:1;VAN-KAM:2;VAN-KAM:3;VAN-KAM:4;VAN-KEL:1;VAN-KEL:2;VAN-KEL:3;VAN-KEL:4,7.214285714285714,0.7575776999854831
0.9590000000000001,0.725,0.02015337685941733,19979.387562494434,optimal,74.60459906279762,55,14,18,0,0.030017743045081,809,0.1134747000032803,CAL-EDM:1;CAL-EDM:2;CAL-EDM:3;CAL-SAS:1;CAL-SAS:2;CAL-SAS:3;CAL-SAS:4;CAL-SAS:5;CAL-SAS:6;CAL-SAS:7;Calgary;EDM-SAS:1;EDM-SAS:2;EDM-SAS:3;EDM-SAS:4;EDM-SAS:5;EDM-SAS:6;KAM-CAL:1;KAM-CAL:2;KAM-CAL:3;KAM-CAL:4;KAM-CAL:5;KAM-CAL:6;KAM-CAL:7;KAM-KEL:1;KAM-KEL:2;KEL-CAL:1;KEL-CAL:2;KEL-CAL:3;KEL-CAL:4;KEL-CAL:5;KEL-CAL:6;KEL-CAL:7;Kamloops;OTT-MON:1;OTT-MON:2;TOR-MON:1;TOR-MON:2;TOR-MON:3;TOR-MON:4;TOR-MON:5;TOR-MON:6;TOR-OTT:1;TOR-OTT:2;TOR-OTT:3;TOR-OTT:4;TOR-OTT:5;VAN-KAM:1;VAN-KAM:2;VAN-KAM:3;VAN-KAM:4;VAN-KEL:1;VAN-KEL:2;VAN-KEL:3;VAN-KEL:4,7.214285714285714,0.7575776999854831
0.9590000000000001,0.725,0.02015337685941733,25155.152462704536,optimal,79.25738109135618,55,14,18,0,0.030017743045081,809,0.1360019999992801,CAL-EDM:1;CAL-EDM:2;CAL-EDM:3;CAL-SAS:1;CAL-SAS:2;CAL-SAS:3;CAL-SAS:4;CAL-SAS:5;CAL-SAS:6;CAL-SAS:7;Calgary;EDM-SAS:1;EDM-SAS:2;EDM-SAS:3;EDM-SAS:4;EDM-SAS:5;EDM-SAS:6;KAM-CAL:1;KAM-CAL:2;KAM-CAL:3;KAM-CAL:4;KAM-CAL:5;KAM-CAL:6;KAM-CAL:7;KAM-KEL:1;KAM-KEL:2;KEL-CAL:1;KEL-CAL:2;KEL-CAL:3;KEL-CAL:4;KEL-CAL:5;KEL-CAL:6;KEL-CAL:7;Kamloops;OTT-MON:1;OTT-MON:2;TOR-MON:1;TOR-MON:2;TOR-MON:3;TOR-MON:4;TOR-MON:5;TOR-MON:6;TOR-OTT:1;TOR-OTT:2;TOR-OTT:3;TOR-OTT:4;TOR-OTT:5;VAN-KAM:1;VAN-KAM:2;VAN-KAM:3;VAN-KAM:4;VAN-KEL:1;VAN-KEL:2;VAN-KEL:3;VAN-KEL:4,7.214285714285714,0.7575776999854831
0.9590000000000001,0.725,0.02015337685941733,31671.726345094525,optimal,83.91016311991466,55,14,18,0,0.030017743045081,809,0.16184960000100546,CAL-EDM:1;CAL-EDM:2;CAL-EDM:3;CAL-SAS:1;CAL-SAS:2;CAL-SAS:3;CAL-SAS:4;CAL-SAS:5;CAL-SAS:6;CAL-SAS:7;Calgary;EDM-SAS:1;EDM-SAS:2;EDM-SAS:3;EDM-SAS:4;EDM-SAS:5;EDM-SAS:6;KAM-CAL:1;KAM-CAL:2;KAM-CAL:3;KAM-CAL:4;KAM-CAL:5;KAM-CAL:6;KAM-CAL:7;KAM-KEL:1;KAM-KEL:2;KEL-CAL:1;KEL-CAL:2;KEL-CAL:3;KEL-CAL:4;KEL-CAL:5;KEL-CAL:6;KEL-CAL:7;Kamloops;OTT-MON:1;OTT-MON:2;TOR-MON:1;TOR-MON:2;TOR-MON:3;TOR-MON:4;TOR-MON:5;TOR-MON:6;TOR-OTT:1;TOR-OTT:2;TOR-OTT:3;TOR-OTT:4;TOR-OTT:5;VAN-KAM:1;VAN-KAM:2;VAN-KAM:3;VAN-KAM:4;VAN-KEL:1;VAN-KEL:2;VAN-KEL:3;VAN-KEL:4,7.214285714285714,0.7575776999854831
0.9590000000000001,0.725,0.02015337685941733,39876.452792952354,optimal,88.5629451484732,55,14,18,0,0.030017743045081,809,0.14822790000471286,CAL-EDM:1;CAL-EDM:2;CAL-EDM:3;CAL-SAS:1;CAL-SAS:2;CAL-SAS:3;CAL-SAS:4;CAL-SAS:5;CAL-SAS:6;CAL-SAS:7;Calgary;EDM-SAS:1;EDM-SAS:2;EDM-SAS:3;EDM-SAS:4;EDM-SAS:5;EDM-SAS:6;KAM-CAL:1;KAM-CAL:2;KAM-CAL:3;KAM-CAL:4;KAM-CAL:5;KAM-CAL:6;KAM-CAL:7;KAM-KEL:1;KAM-KEL:2;KEL-CAL:1;KEL-CAL:2;KEL-CAL:3;KEL-CAL:4;KEL-CAL:5;KEL-CAL:6;KEL-CAL:7;Kamloops;OTT-MON:1;OTT-MON:2;TOR-MON:1;TOR-MON:2;TOR-MON:3;TOR-MON:4;TOR-MON:5;TOR-MON:6;TOR-OTT:1;TOR-OTT:2;TOR-OTT:3;TOR-OTT:4;TOR-OTT:5;VAN-KAM:1;VAN-KAM:2;VAN-KAM:3;VAN-KAM:4;VAN-KEL:1;VAN-KEL:2;VAN-KEL:3;VAN-KEL:4,7.214285714285714,0.7575776999854831
0.9590000000000001,0.725,0.02015337685941733,50206.65656246559,optimal,93.21572717703177,55,14,18,0,0.030017743045081,809,0.12650140000187093,CAL-EDM:1;CAL-EDM:2;CAL-EDM:3;CAL-SAS:1;CAL-SAS:2;CAL-SAS:3;CAL-SAS:4;CAL-SAS:5;CAL-SAS:6;CAL-SAS:7;Calgary;EDM-SAS:1;EDM-SAS:2;EDM-SAS:3;EDM-SAS:4;EDM-SAS:5;EDM-SAS:6;KAM-CAL:1;KAM-CAL:2;KAM-CAL:3;KAM-CAL:4;KAM-CAL:5;KAM-CAL:6;KAM-CAL:7;KAM-KEL:1;KAM-KEL:2;KEL-CAL:1;KEL-CAL:2;KEL-CAL:3;KEL-CAL:4;KEL-CAL:5;KEL-CAL:6;KEL-CAL:7;Kamloops;OTT-MON:1;OTT-MON:2;TOR-MON:1;TOR-MON:2;TOR-MON:3;TOR-MON:4;TOR-MON:5;TOR-MON:6;TOR-OTT:1;TOR-OTT:2;TOR-OTT:3;TOR-OTT:4;TOR-OTT:5;VAN-KAM:1;VAN-KAM:2;VAN-KAM:3;VAN-KAM:4;VAN-KEL:1;VAN-KEL:2;VAN-KEL:3;VAN-KEL:4,7.214285714285714,0.7575776999854831
0.9590000000000001,0.725,0.02015337685941733,63212.953676433244,optimal,97.86850920559041,55,14,18,0,0.030017743045081,809,0.12588440000399714,CAL-EDM:1;CAL-EDM:2;CAL-EDM:3;CAL-SAS:1;CAL-SAS:2;CAL-SAS:3;CAL-SAS:4;CAL-SAS:5;CAL-SAS:6;CAL-SAS:7;Calgary;EDM-SAS:1;EDM-SAS:2;EDM-SAS:3;EDM-SAS:4;EDM-SAS:5;EDM-SAS:6;KAM-CAL:1;KAM-CAL:2;KAM-CAL:3;KAM-CAL:4;KAM-CAL:5;KAM-CAL:6;KAM-CAL:7;KAM-KEL:1;KAM-KEL:2;KEL-CAL:1;KEL-CAL:2;KEL-CAL:3;KEL-CAL:4;KEL-CAL:5;KEL-CAL:6;KEL-CAL:7;Kamloops;OTT-MON:1;OTT-MON:2;TOR-MON:1;TOR-MON:2;TOR-MON:3;TOR-MON:4;TOR-MON:5;TOR-MON:6;TOR-OTT:1;TOR-OTT:2;TOR-OTT:3;TOR-OTT:4;TOR-OTT:5;VAN-KAM:1;VAN-KAM:2;VAN-KAM:3;VAN-KAM:4;VAN-KEL:1;VAN-KEL:2;VAN-KEL:3;VAN-KEL:4,7.214285714285714,0.7575776999854831
0.9590000000000001,0.725,0.02015337685941733,79588.60011973389,optimal,102.52129123414878,55,14,18,0,0.030017743045081,809,0.16849029999866616,CAL-EDM:1;CAL-EDM:2;CAL-EDM:3;CAL-SAS:1;CAL-SAS:2;CAL-SAS:3;CAL-SAS:4;CAL-SAS:5;CAL-SAS:6;CAL-SAS:7;Calgary;EDM-SAS:1;EDM-SAS:2;EDM-SAS:3;EDM-SAS:4;EDM-SAS:5;EDM-SAS:6;KAM-CAL:1;KAM-CAL:2;KAM-CAL:3;KAM-CAL:4;KAM-CAL:5;KAM-CAL:6;KAM-CAL:7;KAM-KEL:1;KAM-KEL:2;KEL-CAL:1;KEL-CAL:2;KEL-CAL:3;KEL-CAL:4;KEL-CAL:5;KEL-CAL:6;KEL-CAL:7;Kamloops;OTT-MON:1;OTT-MON:2;TOR-MON:1;TOR-MON:2;TOR-MON:3;TOR-MON:4;TOR-MON:5;TOR-MON:6;TOR-OTT:1;TOR-OTT:2;TOR-OTT:3;TOR-OTT:4;TOR-OTT:5;VAN-KAM:1;VAN-KAM:2;VAN-KAM:3;VAN-KAM:4;VAN-KEL:1;VAN-KEL:2;VAN-KEL:3;VAN-KEL:4,7.214285714285714,0.7575776999854831
0.9590000000000001,0.725,0.02015337685941733,100206.44346793843,optimal,107.17407326270954,55,14,18,0,0.030017743045081,809,0.1948508000059519,CAL-EDM:1;CAL-EDM:2;CAL-EDM:3;CAL-SAS:1;CAL-SAS:2;CAL-SAS:3;CAL-SAS:4;CAL-SAS:5;CAL-SAS:6;CAL-SAS:7;Calgary;EDM-SAS:1;EDM-SAS:2;EDM-SAS:3;EDM-SAS:4;EDM-SAS:5;EDM-SAS:6;KAM-CAL:1;KAM-CAL:2;KAM-CAL:3;KAM-CAL:4;KAM-CAL:5;KAM-CAL:6;KAM-CAL:7;KAM-KEL:1;KAM-KEL:2;KEL-CAL:1;KEL-CAL:2;KEL-CAL:3;KEL-CAL:4;KEL-CAL:5;KEL-CAL:6;KEL-CAL:7;Kamloops;OTT-MON:1;OTT-MON:2;TOR-MON:1;TOR-MON:2;TOR-MON:3;TOR-MON:4;TOR-MON:5;TOR-MON:6;TOR-OTT:1;TOR-OTT:2;TOR-OTT:3;TOR-OTT:4;TOR-OTT:5;VAN-KAM:1;VAN-KAM:2;VAN-KAM:3;VAN-KAM:4;VAN-KEL:1;VAN-KEL:2;VAN-KEL:3;VAN-KEL:4,7.214285714285714,0.7575776999854831
0.9590000000000001,0.725,0.02015337685941733,126165.44702868049,optimal,111.82685529132041,55,14,18,0,0.030017743045081,809,0.40561979999620235,CAL-EDM:1;CAL-EDM:2;CAL-EDM:3;CAL-SAS:1;CAL-SAS:2;CAL-SAS:3;CAL-SAS:4;CAL-SAS:5;CAL-SAS:6;CAL-SAS:7;Calgary;EDM-SAS:1;EDM-SAS:2;EDM-SAS:3;EDM-SAS:4;EDM-SAS:5;EDM-SAS:6;KAM-CAL:1;KAM-CAL:2;KAM-CAL:3;KAM-CAL:4;KAM-CAL:5;KAM-CAL:6;KAM-CAL:7;KAM-KEL:1;KAM-KEL:2;KEL-CAL:1;KEL-CAL:2;KEL-CAL:3;KEL-CAL:4;KEL-CAL:5;KEL-CAL:6;KEL-CAL:7;Kamloops;OTT-MON:1;OTT-MON:2;TOR-MON:1;TOR-MON:2;TOR-MON:3;TOR-MON:4;TOR-MON:5;TOR-MON:6;TOR-OTT:1;TOR-OTT:2;TOR-OTT:3;TOR-OTT:4;TOR-OTT:5;VAN-KAM:1;VAN-KAM:2;VAN-KAM:3;VAN-KAM:4;VAN-KEL:1;VAN-KEL:2;VAN-KEL:3;VAN-KEL:4,7.214285714285714,0.7575776999854831
0.9590000000000001,0.725,0.02015337685941733,158849.26630531237,optimal,117.05475885924359,55,17,18,0,0.0221885046944556,809,0.3409603000036441,CAL-EDM:1;CAL-EDM:2;CAL-EDM:3;CAL-SAS:1;CAL-SAS:2;CAL-SAS:3;CAL-SAS:4;CAL-SAS:5;CAL-SAS:6;CAL-SAS:7;Calgary;EDM-SAS:1;EDM-SAS:2;EDM-SAS:3;EDM-SAS:4;EDM-SAS:5;EDM-SAS:6;KAM-CAL:1;KAM-CAL:2;KAM-CAL:3;KAM-CAL:4;KAM-CAL:5;KAM-CAL:6;KAM-CAL:7;KAM-KEL:1;KAM-KEL:2;KEL-CAL:1;KEL-CAL:2;KEL-CAL:3;KEL-CAL:4;KEL-CAL:5;KEL-CAL:6;KEL-CAL:7;Kamloops;OTT-MON:1;OTT-MON:2;TOR-MON:1;TOR-MON:2;TOR-MON:3;TOR-MON:4;TOR-MON:5;TOR-MON:6;TOR-OTT:1;TOR-OTT:2;TOR-OTT:3;TOR-OTT:4;TOR-OTT:5;VAN-KAM:1;VAN-KAM:2;VAN-KAM:3;VAN-KAM:4;VAN-KEL:1;VAN-KEL:2;VAN-KEL:3;VAN-KEL:4,8.823529411764707,0.720862631186266
0.9590000000000001,0.725,0.02015337685941733,200000.0,optimal,122.70456560820647,55,17,18,0,0.0221885046944556,809,0.17631770000298275,CAL-EDM:1;CAL-EDM:2;CAL-EDM:3;CAL-SAS:1;CAL-SAS:2;CAL-SAS:3;CAL-SAS:4;CAL-SAS:5;CAL-SAS:6;CAL-SAS:7;Calgary;EDM-SAS:1;EDM-SAS:2;EDM-SAS:3;EDM-SAS:4;EDM-SAS:5;EDM-SAS:6;KAM-CAL:1;KAM-CAL:2;KAM-CAL:3;KAM-CAL:4;KAM-CAL:5;KAM-CAL:6;KAM-CAL:7;KAM-KEL:1;KAM-KEL:2;KEL-CAL:1;KEL-CAL:2;KEL-CAL:3;KEL-CAL:4;KEL-CAL:5;KEL-CAL:6;KEL-CAL:7;Kamloops;OTT-MON:1;OTT-MON:2;TOR-MON:1;TOR-MON:2;TOR-MON:3;TOR-MON:4;TOR-MON:5;TOR-MON:6;TOR-OTT:1;TOR-OTT:2;TOR-OTT:3;TOR-OTT:4;TOR-OTT:5;VAN-KAM:1;VAN-KAM:2;VAN-KAM:3;VAN-KAM:4;VAN-KEL:1;VAN-KEL:2;VAN-KEL:3;VAN-KEL:4,8.823529411764707,0.720862631186266
0.9590000000000001,0.725,0.024620924014946255,1000.0,optimal,25.305004111269668,46,10,18,0,0.04279211619645008,809,0.08492560000013327,CAL-EDM:1;CAL-EDM:2;CAL-EDM:3;CAL-SAS:1;CAL-SAS:2;CAL-SAS:3;CAL-SAS:4;CAL-SAS:5;CAL-SAS:6;CAL-SAS:7;EDM-SAS:1;EDM-SAS:2;EDM-SAS:3;EDM-SAS:4;EDM-SAS:5;EDM-SAS:6;KAM-CAL:1;KAM-CAL:2;KAM-CAL:3;KAM-CAL:4;KAM-CAL:5;KAM-CAL:6;KAM-CAL:7;KAM-KEL:1;KAM-KEL:2;OTT-MON:1;OTT-MON:2;TOR-MON:1;TOR-MON:2;TOR-MON:3;TOR-MON:4;TOR-MON:5;TOR-MON:6;TOR-OTT:1;TOR-OTT:2;TOR-OTT:3;TOR-OTT:4;TOR-OTT:5;VAN-KAM:1;VAN-KAM:2;VAN-KAM:3;VAN-KAM:4;VAN-KEL:1;VAN-KEL:2;VAN-KEL:3;VAN-KEL:4,5.6,0.8002580189549644
0.9590000000000001,0.725,0.024620924014946255,1259.0552330005396,optimal,28.628419845954333,46,10,18,0,0.04279211619645008,809,0.094455200000084,CAL-EDM:1;CAL-EDM:2;CAL-EDM:3;CAL-SAS:1;CAL-SAS:2;CAL-SAS:3;CAL-SAS:4;CAL-SAS:5;CAL-SAS:6;CAL-SAS:7;EDM-SAS:1;EDM-SAS:2;EDM-SAS:3;EDM-SAS:4;EDM-SAS:5;EDM-SAS:6;KAM-CAL:1;KAM-CAL:2;KAM-CAL:3;KAM-CAL:4;KAM-CAL:5;KAM-CAL:6;KAM-CAL:7;KAM-KEL:1;KAM-KEL:2;OTT-MON:1;OTT-MON:2;TOR-MON:1;TOR-MON:2;TOR-MON:3;TOR-MON:4;TOR-MON:5;TOR-MON:6;TOR-OTT:1;TOR-OTT:2;TOR-OTT:3;TOR-OTT:4;TOR-OTT:5;VAN-KAM:1;VAN-KAM:2;VAN-KAM:3;VAN-KAM:4;VAN-KEL:1;VAN-KEL:2;VAN-KEL:3;VAN-KEL:4,5.6,0.8002580189549644
0.9590000000000001,0.725,0.024620924014946255,1585.220079746043,optimal,32.145918338609654,53,11,18,0,0.03319923187926317,809,0.090612299994973,CAL-EDM:1;CAL-EDM:2;CAL-EDM:3;CAL-SAS:1;CAL-SAS:2;CAL-SAS:3;CAL-SAS:4;CAL-SAS:5;CAL-SAS:6;CAL-SAS:7;EDM-SAS:1;EDM-SAS:2;EDM-SAS:3;EDM-SAS:4;EDM-SAS:5;EDM-SAS:6;KAM-CAL:1;KAM-CAL:2;KAM-CAL:3;KAM-CAL:4;KAM-CAL:5;KAM-CAL:6;KAM-CAL:7;KAM-KEL:1;KAM-KEL:2;KEL-CAL:1;KEL-CAL:2;KEL-CAL:3;KEL-CAL:4;KEL-CAL:5;KEL-CAL:6;KEL-CAL:7;OTT-MON:1;OTT-MON:2;TOR-MON:1;TOR-MON:2;TOR-MON:3;TOR-MON:4;TOR-MON:5;TOR-MON:6;TOR-OTT:1;TOR-OTT:2;TOR-OTT:3;TOR-OTT:4;TOR-OTT:5;VAN-KAM:1;VAN-KAM:2;VAN-KAM:3;VAN-KAM:4;VAN-KEL:1;VAN-KEL:2;VAN-KEL:3;VAN-KEL:4,5.818181818181818,0.7937204516464198
0.9590000000000001,0.725,0.024620924014946255,1995.879636861788,optimal,35.801675646762774,53,11,18,0,0.03319923187926317,809,0.06610150000051362,CAL-EDM:1;CAL-EDM:2;CAL-EDM:3;CAL-SAS:1;CAL-SAS:2;CAL-SAS:3;CAL-SAS:4;CAL-SAS:5;CAL-SAS:6;CAL-SAS:7;EDM-SAS:1;EDM-SAS:2;EDM-SAS:3;EDM-SAS:4;EDM-SAS:5;EDM-SAS:6;KAM-CAL:1;KAM-CAL:2;KAM-CAL:3;KAM-CAL:4;KAM-CAL:5;KAM-CAL:6;KAM-CAL:7;KAM-KEL:1;KAM-KEL:2;KEL-CAL:1;KEL-CAL:2;KEL-CAL:3;KEL-CAL:4;KEL-CAL:5;KEL-CAL:6;KEL-CAL:7;OTT-MON:1;OTT-MON:2;TOR-MON:1;TOR-MON:2;TOR-MON:3;TOR-MON:4;TOR-MON:5;TOR-MON:6;TOR-OTT:1;TOR-OTT:2;TOR-OTT:3;TOR-OTT:4;TOR-OTT:5;VAN-KAM:1;VAN-KAM:2;VAN-KAM:3;VAN-KAM:4;VAN-KEL:1;VAN-KEL:2;VAN-KEL:3;VAN-KEL:4,5.818181818181818,0.7937204516464198
0.9590000000000001,0.725,0.024620924014946255,2512.9227012300507,optimal,39.45743295491591,53,11,18,0,0.030017743045081,809,0.07071120000182418,CAL-EDM:1;CAL-EDM:2;CAL-EDM:3;CAL-SAS:1;CAL-SAS:2;CAL-SAS:3;CAL-SAS:4;CAL-SAS:5;CAL-SAS:6;CAL-SAS:7;EDM-SAS:1;EDM-SAS:2;EDM-SAS:3;EDM-SAS:4;EDM-SAS:5;EDM-SAS:6;KAM-CAL:1;KAM-CAL:2;KAM-CAL:3;KAM-CAL:4;KAM-CAL:5;KAM-CAL:6;KAM-CAL:7;KAM-KEL:1;KAM-KEL:2;KEL-CAL:1;KEL-CAL:2;KEL-CAL:3;KEL-CAL:4;KEL-CAL:5;KEL-CAL:6;KEL-CAL:7;OTT-MON:1;OTT-MON:2;TOR-MON:1;TOR-MON:2;TOR-MON:3;TOR-MON:4;TOR-MON:5;TOR-MON:6;TOR-OTT:1;TOR-OTT:2;TOR-OTT:3;TOR-OTT:4;TOR-OTT:5;VAN-KAM:1;VAN-KAM:2;VAN-KAM:3;VAN-KAM:4;VAN-KEL:1;VAN-KEL:2;VAN-KEL:3;VAN-KEL:4,5.818181818181818,0.7937204516464198
0.9590000000000001,0.725,0.024620924014946255,3163.9084771095468,optimal,43.113190263069036,53,11,18,0,0.030017743045081,809,0.07470150000153808,CAL-EDM:1;CAL-EDM:2;CAL-EDM:3;CAL-SAS:1;CAL-SAS:2;CAL-SAS:3;CAL-SAS:4;CAL-SAS:5;CAL-SAS:6;CAL-SAS:7;EDM-SAS:1;EDM-SAS:2;EDM-SAS:3;EDM-SAS:4;EDM-SAS:5;EDM-SAS:6;KAM-CAL:1;KAM-CAL:2;KAM-CAL:3;KAM-CAL:4;KAM-CAL:5;KAM-CAL:6;KAM-CAL:7;KAM-KEL:1;KAM-KEL:2;KEL-CAL:1;KEL-CAL:2;KEL-CAL:3;KEL-CAL:4;KEL-CAL:5;KEL-CAL:6;KEL-CAL:7;OTT-MON:1;OTT-MON:2;TOR-MON:1;TOR-MON:2;TOR-MON:3;TOR-MON:4;TOR-MON:5;TOR-MON:6;TOR-OTT:1;TOR-OTT:2;TOR-OTT:3;TOR-OTT:4;TOR-OTT:5;VAN-KAM:1;VAN-KAM:2;VAN-KAM:3;VAN-KAM:4;VAN-KEL:1;VAN-KEL:2;VAN-KEL:3;VAN-KEL:4,5.818181818181818,0.7937204516464198
0.9590000000000001,0.725,0.024620924014946255,3983.5355248395426,optimal,46.76894757122217,53,11,18,0,0.03319923187926317,809,0.09184700000332668,CAL-EDM:1;CAL-EDM:2;CAL-EDM:3;CAL-SAS:1;CAL-SAS:2;CAL-SAS:3;CAL-SAS:4;CAL-SAS:5;CAL-SAS:6;CAL-SAS:7;EDM-SAS:1;EDM-SAS:2;EDM-SAS:3;EDM-SAS:4;EDM-SAS:5;EDM-SAS:6;KAM-CAL:1;KAM-CAL:2;KAM-CAL:3;KAM-CAL:4;KAM-CAL:5;KAM-CAL:6;KAM-CAL:7;KAM-KEL:1;KAM-KEL:2;KEL-CAL:1;KEL-CAL:2;KEL-CAL:3;KEL-CAL:4;KEL-CAL:5;KEL-CAL:6;KEL-CAL:7;OTT-MON:1;OTT-MON:2;TOR-MON:1;TOR-MON:2;TOR-MON:3;TOR-MON:4;TOR-MON:5;TOR-MON:6;TOR-OTT:1;TOR-OTT:2;TOR-OTT:3;TOR-OTT:4;TOR-OTT:5;VAN-KAM:1;VAN-KAM:2;VAN-KAM:3;VAN-KAM:4;VAN-KEL:1;VAN-KEL:2;VAN-KEL:3;VAN-KEL:4,5.818181818181818,0.7937204516464198
0.9590000000000001,0.725,0.024620924014946255,5015.4912483927765,optimal,50.424704879375305,53,11,18,0,0.03319923187926317,809,0.11934029999974882,CAL-EDM:1;CAL-EDM:2;CAL-EDM:3;CAL-SAS:1;CAL-SAS:2;CAL-SAS:3;CAL-SAS:4;CAL-SAS:5;CAL-SAS:6;CAL-SAS:7;EDM-SAS:1;EDM-SAS:2;EDM-SAS:3;EDM-SAS:4;EDM-SAS:5;EDM-SAS:6;KAM-CAL:1;KAM-CAL:2;KAM-CAL:3;KAM-CAL:4;KAM-CAL:5;KAM-CAL:6;KAM-CAL:7;KAM-KEL:1;KAM-KEL:2;KEL-CAL:1;KEL-CAL:2;KEL-CAL:3;KEL-CAL:4;KEL-CAL:5;KEL-CAL:6;KEL-CAL:7;OTT-MON:1;OTT-MON:2;TOR-MON:1;TOR-MON:2;TOR-MON:3;TOR-MON:4;TOR-MON:5;TOR-MON:6;TOR-OTT:1;TOR-OTT:2;TOR-OTT:3;TOR-OTT:4;TOR-OTT:5;VAN-KAM:1;VAN-KAM:2;VAN-KAM:3;VAN-KAM:4;VAN-KEL:1;VAN-KEL:2;VAN-KEL:3;VAN-KEL:4,5.818181818181818,0.7937204516464198
0.9590000000000001,0.725,0.024620924014946255,6314.780502357335,optimal,54.08046218752847,53,11,18,0,0.03319923187926317,809,0.15840990000288002,CAL-EDM:1;CAL-EDM:2;CAL-EDM:3;CAL-SAS:1;CAL-SAS:2;CAL-SAS:3;CAL-SAS:4;CAL-SAS:5;CAL-SAS:6;CAL-SAS:7;EDM-SAS:1;EDM-SAS:2;EDM-SAS:3;EDM-SAS:4;EDM-SAS:5;EDM-SAS:6;KAM-CAL:1;KAM-CAL:2;KAM-CAL:3;KAM-CAL:4;KAM-CAL:5;KAM-CAL:6;KAM-CAL:7;KAM-KEL:1;KAM-KEL:2;KEL-CAL:1;KEL-CAL:2;KEL-CAL:3;KEL-CAL:4;KEL-CAL:5;KEL-CAL:6;KEL-CAL:7;OTT-MON:1;OTT-MON:2;TOR-MON:1;TOR-MON:2;TOR-MON:3;TOR-MON:4;TOR-MON:5;TOR-MON:6;TOR-OTT:1;TOR-OTT:2;TOR-OTT:3;TOR-OTT:4;TOR-OTT:5;VAN-KAM:1;VAN-KAM:2;VAN-KAM:3;VAN-KAM:4;VAN-KEL:1;VAN-KEL:2;VAN-KEL:3;VAN-KEL:4,5.818181818181818,0.7937204516464198
0.9590000000000001,0.725,0.024620924014946255,7950.657436742778,optimal,57.755732176744665,54,12,18,0,0.03319923187926317,809,0.11451729999680538,CAL-EDM:1;CAL-EDM:2;CAL-EDM:3;CAL-SAS:1;CAL-SAS:2;CAL-SAS:3;CAL-SAS:4;CAL-SAS:5;CAL-SAS:6;CAL-SAS:7;Calgary;EDM-SAS:1;EDM-SAS:2;EDM-SAS:3;EDM-SAS:4;EDM-SAS:5;EDM-SAS:6;KAM-CAL:1;KAM-CAL:2;KAM-CAL:3;KAM-CAL:4;KAM-CAL:5;KAM-CAL:6;KAM-CAL:7;KAM-KEL:1;KAM-KEL:2;KEL-CAL:1;KEL-CAL:2;KEL-CAL:3;KEL-CAL:4;KEL-CAL:5;KEL-CAL:6;KEL-CAL:7;OTT-MON:1;OTT-MON:2;TOR-MON:1;TOR-MON:2;TOR-MON:3;TOR-MON:4;TOR-MON:5;TOR-MON:6;TOR-OTT:1;TOR-OTT:2;TOR-OTT:3;TOR-OTT:4;TOR-OTT:5;VAN-KAM:1;VAN-KAM:2;VAN-KAM:3;VAN-KAM:4;VAN-KEL:1;VAN-KEL:2;VAN-KEL:3;VAN-KEL:4,6.333333333333333,0.7802450346431629
0.9590000000000001,0.725,0.024620924014946255,10010.316851525651,optimal,61.743831058366226,54,12,18,0,0.03319923187926317,809,0.12414100000023609,CAL-EDM:1;CAL-EDM:2;CAL-EDM:3;CAL-SAS:1;CAL-SAS:2;CAL-SAS:3;CAL-SAS:4;CAL-SAS:5;CAL-SAS:6;CAL-SAS:7;Calgary;EDM-SAS:1;EDM-SAS:2;EDM-SAS:3;EDM-SAS:4;EDM-SAS:5;EDM-SAS:6;KAM-CAL:1;KAM-CAL:2;KAM-CAL:3;KAM-CAL:4;KAM-CAL:5;KAM-CAL:6;KAM-CAL:7;KAM-KEL:1;KAM-KEL:2;KEL-CAL:1;KEL-CAL:2;KEL-CAL:3;KEL-CAL:4;KEL-CAL:5;KEL-CAL:6;KEL-CAL:7;OTT-MON:1;OTT-MON:2;TOR-MON:1;TOR-MON:2;TOR-MON:3;TOR-MON:4;TOR-MON:5;TOR-MON:6;TOR-OTT:1;TOR-OTT:2;TOR-OTT:3;TOR-OTT:4;TOR-OTT:5;VAN-KAM:1;VAN-KAM:2;VAN-KAM:3;VAN-KAM:4;VAN-KEL:1;VAN-KEL:2;VAN-KEL:3;VAN-KEL:4,6.333333333333333,0.7802450346431629
0.9590000000000001,0.725,0.024620924014946255,12603.541815906843,optimal,65.73192993998784,54,12,18,0,0.03319923187926317,809,0.12686449999455363,CAL-EDM:1;CAL-EDM:2;CAL-EDM:3;CAL-SAS:1;CAL-SAS:2;CAL-SAS:3;CAL-SAS:4;CAL-SAS:5;CAL-SAS:6;CAL-SAS:7;Calgary;EDM-SAS:1;EDM-SAS:2;EDM-SAS:3;EDM-SAS:4;EDM-SAS:5;EDM-SAS:6;KAM-CAL:1;KAM-CAL:2;KAM-CAL:3;KAM-CAL:4;KAM-CAL:5;KAM-CAL:6;KAM-CAL:7;KAM-KEL:1;KAM-KEL:2;KEL-CAL:1;KEL-CAL:2;KEL-CAL:3;KEL-CAL:4;KEL-CAL:5;KEL-CAL:6;KEL-CAL:7;OTT-MON:1;OTT-MON:2;TOR-MON:1;TOR-MON:2;TOR-MON:3;TOR-MON:4;TOR-MON:5;TOR-MON:6;TOR-OTT:1;TOR-OTT:2;TOR-OTT:3;TOR-OTT:4;TOR-OTT:5;VAN-KAM:1;VAN-KAM:2;VAN-KAM:3;VAN-KAM:4;VAN-KEL:1;VAN-KEL:2;VAN-KEL:3;VAN-KEL:4,6.333333333333333,0.7802450346431629
0.9590000000000001,0.725,0.024620924014946255,15868.55527765865,optimal,69.9518170342391,55,14,18,0,0.030017743045081,809,0.1553797000015038,CAL-EDM:1;CAL-EDM:2;CAL-EDM:3;CAL-SAS:1;CAL-SAS:2;CAL-SAS:3;CAL-SAS:4;CAL-SAS:5;CAL-SAS:6;CAL-SAS:7;Calgary;EDM-SAS:1;EDM-SAS:2;EDM-SAS:3;EDM-SAS:4;EDM-SAS:5;EDM-SAS:6;KAM-CAL:1;KAM-CAL:2;KAM-CAL:3;KAM-CAL:4;KAM-CAL:5;KAM-CAL:6;KAM-CAL:7;KAM-KEL:1;KAM-KEL:2;KEL-CAL:1;KEL-CAL:2;KEL-CAL:3;KEL-CAL:4;KEL-CAL:5;KEL-CAL:6;KEL-CAL:7;Kamloops;OTT-MON:1;OTT-MON:2;TOR-MON:1;TOR-MON:2;TOR-MON:3;TOR-MON:4;TOR-MON:5;TOR-MON:6;TOR-OTT:1;TOR-OTT:2;TOR-OTT:3;TOR-OTT:4;TOR-OTT:5;VAN-KAM:1;VAN-KAM:2;VAN-KAM:3;VAN-KAM:4;VAN-KEL:1;VAN-KEL:2;VAN-KEL:3;VAN-KEL:4,7.214285714285714,0.7575776999854831
0.9590000000000001,0.725,0.024620924014946255,19979.387562494434,optimal,74.60459906279762,55,14,18,0,0.030017743045081,809,0.10819389999960549,CAL-EDM:1;CAL-EDM:2;CAL-EDM:3;CAL-SAS:1;CAL-SAS:2;CAL-SAS:3;CAL-SAS:4;CAL-SAS:5;CAL-SAS:6;CAL-SAS:7;Calgary;EDM-SAS:1;EDM-SAS:2;EDM-SAS:3;EDM-SAS:4;EDM-SAS:5;EDM-SAS:6;KAM-CAL:1;KAM-CAL:2;KAM-CAL:3;KAM-CAL:4;KAM-CAL:5;KAM-CAL:6;KAM-CAL:7;KAM-KEL:1;KAM-KEL:2;KEL-CAL:1;KEL-CAL:2;KEL-CAL:3;KEL-CAL:4;KEL-CAL:5;KEL-CAL:6;KEL-CAL:7;Kamloops;OTT-MON:1;OTT-MON:2;TOR-MON:1;TOR-MON:2;TOR-MON:3;TOR-MON:4;TOR-MON:5;TOR-MON:6;TOR-OTT:1;TOR-OTT:2;TOR-OTT:3;TOR-OTT:4;TOR-OTT:5;VAN-KAM:1;VAN-KAM:2;VAN-KAM:3;VAN-KAM:4;VAN-KEL:1;VAN-KEL:2;VAN-KEL:3;VAN-KEL:4,7.214285714285714,0.7575776999854831
0.9590000000000001,0.725,0.024620924014946255,25155.152462704536,optimal,79.25738109135618,55,14,18,0,0.030017743045081,809,0.11531269999977667,CAL-EDM:1;CAL-EDM:2;CAL-EDM:3;CAL-SAS:1;CAL-SAS:2;CAL-SAS:3;CAL-SAS:4;CAL-SAS:5;CAL-SAS:6;CAL-SAS:7;Calgary;EDM-SAS:1;EDM-SAS:2;EDM-SAS:3;EDM-SAS:4;EDM-SAS:5;EDM-SAS:6;KAM-CAL:1;KAM-CAL:2;KAM-CAL:3;KAM-CAL:4;KAM-CAL:5;KAM-CAL:6;KAM-CAL:7;KAM-KEL:1;KAM-KEL:2;KEL-CAL:1;KEL-CAL:2;KEL-CAL:3;KEL-CAL:4;KEL-CAL:5;KEL-CAL:6;KEL-CAL:7;Kamloops;OTT-MON:1;OTT-MON:2;TOR-MON:1;TOR-MON:2;TOR-MON:3;TOR-MON:4;TOR-MON:5;TOR-MON:6;TOR-OTT:1;TOR-OTT:2;TOR-OTT:3;TOR-OTT:4;TOR-OTT:5;VAN-KAM:1;VAN-KAM:2;VAN-KAM:3;VAN-KAM:4;VAN-KEL:1;VAN-KEL:2;VAN-KEL:3;VAN-KEL:4,7.214285714285714,0.7575776999854831
0.9590000000000001,0.725,0.024620924014946255,31671.726345094525,optimal,83.91016311991466,55,14,18,0,0.030017743045081,809,0.17236959999718238,CAL-EDM:1;CAL-EDM:2;CAL-EDM:3;CAL-SAS:1;CAL-SAS:2;CAL-SAS:3;CAL-SAS:4;CAL-SAS:5;CAL-SAS:6;CAL-SAS:7;Calgary;EDM-SAS:1;EDM-SAS:2;EDM-SAS:3;EDM-SAS:4;EDM-SAS:5;EDM-SAS:6;KAM-CAL:1;KAM-CAL:2;KAM-CAL:3;KAM-CAL:4;KAM-CAL:5;KAM-CAL:6;KAM-CAL:7;KAM-KEL:1;KAM-KEL:2;KEL-CAL:1;KEL-CAL:2;KEL-CAL:3;KEL-CAL:4;KEL-CAL:5;KEL-CAL:6;KEL-CAL:7;Kamloops;OTT-MON:1;OTT-MON:2;TOR-MON:1;TOR-MON:2;TOR-MON:3;TOR-MON:4;TOR-MON:5;TOR-MON:6;TOR-OTT:1;TOR-OTT:2;TOR-OTT:3;TOR-OTT:4;TOR-OTT:5;VAN-KAM:1;VAN-KAM:2;VAN-KAM:3;VAN-KAM:4;VAN-KEL:1;VAN-KEL:2;VAN-KEL:3;VAN-KEL:4,7.214285714285714,0.7575776999854831
0.9590000000000001,0.725,0.024620924014946255,39876.452792952354,optimal,88.5629451484732,55,14,18,0,0.030017743045081,809,0.17406469999696128,CAL-EDM:1;CAL-EDM:2;CAL-EDM:3;CAL-SAS:1;CAL-SAS:2;CAL-SAS:3;CAL-SAS:4;CAL-SAS:5;CAL-SAS:6;CAL-SAS:7;Calgary;EDM-SAS:1;EDM-SAS:2;EDM-SAS:3;EDM-SAS:4;EDM-SAS:5;EDM-SAS:6;KAM-CAL:1;KAM-CAL:2;KAM-CAL:3;KAM-CAL:4;KAM-CAL:5;KAM-CAL:6;KAM-CAL:7;KAM-KEL:1;KAM-KEL:2;KEL-CAL:1;KEL-CAL:2;KEL-CAL:3;KEL-CAL:4;KEL-CAL:5;KEL-CAL:6;KEL-CAL:7;Kamloops;OTT-MON:1;OTT-MON:2;TOR-MON:1;TOR-MON:2;TOR-MON:3;TOR-MON:4;TOR-MON:5;TOR-MON:6;TOR-OTT:1;TOR-OTT:2;TOR-OTT:3;TOR-OTT:4;TOR-OTT:5;VAN-KAM:1;VAN-KAM:2;VAN-KAM:3;VAN-KAM:4;VAN-KEL:1;VAN-KEL:2;VAN-KEL:3;VAN-KEL:4,7.214285714285714,0.7575776999854831
0.9590000000000001,0.725,0.024620924014946255,50206.65656246559,optimal,93.21572717703177,55,14,18,0,0.030017743045081,809,0.1338564999969094,CAL-EDM:1;CAL-EDM:2;CAL-EDM:3;CAL-SAS:1;CAL-SAS:2;CAL-SAS:3;CAL-SAS:4;CAL-SAS:5;CAL-SAS:6;CAL-SAS:7;Calgary;EDM-SAS:1;EDM-SAS:2;EDM-SAS:3;EDM-SAS:4;EDM-SAS:5;EDM-SAS:6;KAM-CAL:1;KAM-CAL:2;KAM-CAL:3;KAM-CAL:4;KAM-CAL:5;KAM-CAL:6;KAM-CAL:7;KAM-KEL:1;KAM-KEL:2;KEL-CAL:1;KEL-CAL:2;KEL-CAL:3;KEL-CAL:4;KEL-CAL:5;KEL-CAL:6;KEL-CAL:7;Kamloops;OTT-MON:1;OTT-MON:2;TOR-MON:1;TOR-MON:2;TOR-MON:3;TOR-MON:4;TOR-MON:5;TOR-MON:6;TOR-OTT:1;TOR-OTT:2;TOR-OTT:3;TOR-OTT:4;TOR-OTT:5;VAN-KAM:1;VAN-KAM:2;VAN-KAM:3;VAN-KAM:4;VAN-KEL:1;VAN-KEL:2;VAN-KEL:3;VAN-KEL:4,7.214285714285714,0.7575776999854831
0.9590000000000001,0.725,0.024620924014946255,63212.953676433244,optimal,97.86850920559041,55,14,18,0,0.030017743045081,809,0.14172400000097696,CAL-EDM:1;CAL-EDM:2;CAL-EDM:3;CAL-SAS:1;CAL-SAS:2;CAL-SAS:3;CAL-SAS:4;CAL-SAS:5;CAL-SAS:6;CAL-SAS:7;Calgary;EDM-SAS:1;EDM-SAS:2;EDM-SAS:3;EDM-SAS:4;EDM-SAS:5;EDM-SAS:6;KAM-CAL:1;KAM-CAL:2;KAM-CAL:3;KAM-CAL:4;KAM-CAL:5;KAM-CAL:6;KAM-CAL:7;KAM-KEL:1;KAM-KEL:2;KEL-CAL:1;KEL-CAL:2;KEL-CAL:3;KEL-CAL:4;KEL-CAL:5;KEL-CAL:6;KEL-CAL:7;Kamloops;OTT-MON:1;OTT-MON:2;TOR-MON:1;TOR-MON:2;TOR-MON:3;TOR-MON:4;TOR-MON:5;TOR-MON:6;TOR-OTT:1;TOR-OTT:2;TOR-OTT:3;TOR-OTT:4;TOR-OTT:5;VAN-KAM:1;VAN-KAM:2;VAN-KAM:3;VAN-KAM:4;VAN-KEL:1;VAN-KEL:2;VAN-KEL:3;VAN-KEL:4,7.214285714285714,0.7575776999854831
0.9590000000000001,0.725,0.024620924014946255,79588.60011973389,optimal,102.52129123414878,55,14,18,0,0.030017743045081,809,0.15058259999932488,CAL-EDM:1;CAL-EDM:2;CAL-EDM:3;CAL-SAS:1;CAL-SAS:2;CAL-SAS:3;CAL-SAS:4;CAL-SAS:5;CAL-SAS:6;CAL-SAS:7;Calgary;EDM-SAS:1;EDM-SAS:2;EDM-SAS:3;EDM-SAS:4;EDM-SAS:5;EDM-SAS:6;KAM-CAL:1;KAM-CAL:2;KAM-CAL:3;KAM-CAL:4;KAM-CAL:5;KAM-CAL:6;KAM-CAL:7;KAM-KEL:1;KAM-KEL:2;KEL-CAL:1;KEL-CAL:2;KEL-CAL:3;KEL-CAL:4;KEL-CAL:5;KEL-CAL:6;KEL-CAL:7;Kamloops;OTT-MON:1;OTT-MON:2;TOR-MON:1;TOR-MON:2;TOR-MON:3;TOR-MON:4;TOR-MON:5;TOR-MON:6;TOR-OTT:1;TOR-OTT:2;TOR-OTT:3;TOR-OTT:4;TOR-OTT:5;VAN-KAM:1;VAN-KAM:2;VAN-KAM:3;VAN-KAM:4;VAN-KEL:1;VAN-KEL:2;VAN-KEL:3;VAN-KEL:4,7.214285714285714,0.7575776999854831
0.9590000000000001,0.725,0.024620924014946255,100206.44346793843,optimal,107.17407326270954,55,14,18,0,0.030017743045081,809,0.19194859999697655,CAL-EDM:1;CAL-EDM:2;CAL-EDM:3;CAL-SAS:1;CAL-SAS:2;CAL-SAS:3;CAL-SAS:4;CAL-SAS:5;CAL-SAS:6;CAL-SAS:7;Calgary;EDM-SAS:1;EDM-SAS:2;EDM-SAS:3;EDM-SAS:4;EDM-SAS:5;EDM-SAS:6;KAM-CAL:1;KAM-CAL:2;KAM-CAL:3;KAM-CAL:4;KAM-CAL:5;KAM-CAL:6;KAM-CAL:7;KAM-KEL:1;KAM-KEL:2;KEL-CAL:1;KEL-CAL:2;KEL-CAL:3;KEL-CAL:4;KEL-CAL:5;KEL-CAL:6;KEL-CAL:7;Kamloops;OTT-MON:1;OTT-MON:2;TOR-MON:1;TOR-MON:2;TOR-MON:3;TOR-MON:4;TOR-MON:5;TOR-MON:6;TOR-OTT:1;TOR-OTT:2;TOR-OTT:3;TOR-OTT:4;TOR-OTT:5;VAN-KAM:1;VAN-KAM:2;VAN-KAM:3;VAN-KAM:4;VAN-KEL:1;VAN-KEL:2;VAN-KEL:3;VAN-KEL:4,7.214285714285714,0.7575776999854831
0.9590000000000001,0.725,0.024620924014946255,126165.44702868049,optimal,111.82685529132041,55,14,18,0,0.030017743045081,809,0.3473210999945877,CAL-EDM:1;CAL-EDM:2;CAL-EDM:3;CAL-SAS:1;CAL-SAS:2;CAL-SAS:3;CAL-SAS:4;CAL-SAS:5;CAL-SAS:6;CAL-SAS:7;Calgary;EDM-SAS:1;EDM-SAS:2;EDM-SAS:3;EDM-SAS:4;EDM-SAS:5;EDM-SAS:6;KAM-CAL:1;KAM-CAL:2;KAM-CAL:3;KAM-CAL:4;KAM-CAL:5;KAM-CAL:6;KAM-CAL:7;KAM-KEL:1;KAM-KEL:2;KEL-CAL:1;KEL-CAL:2;KEL-CAL:3;KEL-CAL:4;KEL-CAL:5;KEL-CAL:6;KEL-CAL:7;Kamloops;OTT-MON:1;OTT-MON:2;TOR-MON:1;TOR-MON:2;TOR-MON:3;TOR-MON:4;TOR-MON:5;TOR-MON:6;TOR-OTT:1;TOR-OTT:2;TOR-OTT:3;TOR-OTT:4;TOR-OTT:5;VAN-KAM:1;VAN-KAM:2;VAN-KAM:3;VAN-KAM:4;VAN-KEL:1;VAN-KEL:2;VAN-KEL:3;VAN-KEL:4,7.214285714285714,0.7575776999854831
0.9590000000000001,0.725,0.024620924014946255,158849.26630531237,optimal,117.05475885924359,55,17,18,0,0.0221885046944556,809,0.3564542999956757,CAL-EDM:1;CAL-EDM:2;CAL-EDM:3;CAL-SAS:1;CAL-SAS:2;CAL-SAS:3;CAL-SAS:4;CAL-SAS:5;CAL-SAS:6;CAL-SAS:7;Calgary;EDM-SAS:1;EDM-SAS:2;EDM-SAS:3;EDM-SAS:4;EDM-SAS:5;EDM-SAS:6;KAM-CAL:1;KAM-CAL:2;KAM-CAL:3;KAM-CAL:4;KAM-CAL:5;KAM-CAL:6;KAM-CAL:7;KAM-KEL:1;KAM-KEL:2;KEL-CAL:1;KEL-CAL:2;KEL-CAL:3;KEL-CAL:4;KEL-CAL:5;KEL-CAL:6;KEL-CAL:7;Kamloops;OTT-MON:1;OTT-MON:2;TOR-MON:1;TOR-MON:2;TOR-MON:3;TOR-MON:4;TOR-MON:5;TOR-MON:6;TOR-OTT:1;TOR-OTT:2;TOR-OTT:3;TOR-OTT:4;TOR-OTT:5;VAN-KAM:1;VAN-KAM:2;VAN-KAM:3;VAN-KAM:4;VAN-KEL:1;VAN-KEL:2;VAN-KEL:3;VAN-KEL:4,8.823529411764707,0.720862631186266
0.9590000000000001,0.725,0.024620924014946255,200000.0,optimal,122.70456560820647,55,17,18,0,0.0221885046944556,809,0.15780069999891566,CAL-EDM:1;CAL-EDM:2;CAL-EDM:3;CAL-SAS:1;CAL-SAS:2;CAL-SAS:3;CAL-SAS:4;CAL-SAS:5;CAL-SAS:6;CAL-SAS:7;Calgary;EDM-SAS:1;EDM-SAS:2;EDM-SAS:3;EDM-SAS:4;EDM-SAS:5;EDM-SAS:6;KAM-CAL:1;KAM-CAL:2;KAM-CAL:3;KAM-CAL:4;KAM-CAL:5;KAM-CAL:6;KAM-CAL:7;KAM-KEL:1;KAM-KEL:2;KEL-CAL:1;KEL-CAL:2;KEL-CAL:3;KEL-CAL:4;KEL-CAL:5;KEL-CAL:6;KEL-CAL:7;Kamloops;OTT-MON:1;OTT-MON:2;TOR-MON:1;TOR-MON:2;TOR-MON:3;TOR-MON:4;TOR-MON:5;TOR-MON:6;TOR-OTT:1;TOR-OTT:2;TOR-OTT:3;TOR-OTT:4;TOR-OTT:5;VAN-KAM:1;VAN-KAM:2;VAN-KAM:3;VAN-KAM:4;VAN-KEL:1;VAN-KEL:2;VAN-KEL:3;VAN-KEL:4,8.823529411764707,0.720862631186266
0.9590000000000001,0.725,0.03007882518043099,1000.0,optimal,25.305004111269668,46,10,18,0,0.04279211619645008,809,0.08926490000158083,CAL-EDM:1;CAL-EDM:2;CAL-EDM:3;CAL-SAS:1;CAL-SAS:2;CAL-SAS:3;CAL-SAS:4;CAL-SAS:5;CAL-SAS:6;CAL-SAS:7;EDM-SAS:1;EDM-SAS:2;EDM-SAS:3;EDM-SAS:4;EDM-SAS:5;EDM-SAS:6;KAM-CAL:1;KAM-CAL:2;KAM-CAL:3;KAM-CAL:4;KAM-CAL:5;KAM-CAL:6;KAM-CAL:7;KAM-KEL:1;KAM-KEL:2;OTT-MON:1;OTT-MON:2;TOR-MON:1;TOR-MON:2;TOR-MON:3;TOR-MON:4;TOR-MON:5;TOR-MON:6;TOR-OTT:1;TOR-OTT:2;TOR-OTT:3;TOR-OTT:4;TOR-OTT:5;VAN-KAM:1;VAN-KAM:2;VAN-KAM:3;VAN-KAM:4;VAN-KEL:1;VAN-KEL:2;VAN-KEL:3;VAN-KEL:4,5.6,0.8002580189549644
0.9590000000000001,0.725,0.03007882518043099,1259.0552330005396,optimal,28.628419845954333,46,10,18,0,0.04279211619645008,809,0.09212480000132928,CAL-EDM:1;CAL-EDM:2;CAL-EDM:3;CAL-SAS:1;CAL-SAS:2;CAL-SAS:3;CAL-SAS:4;CAL-SAS:5;CAL-SAS:6;CAL-SAS:7;EDM-SAS:1;EDM-SAS:2;EDM-SAS:3;EDM-SAS:4;EDM-SAS:5;EDM-SAS:6;KAM-CAL:1;KAM-CAL:2;KAM-CAL:3;KAM-CAL:4;KAM-CAL:5;KAM-CAL:6;KAM-CAL:7;KAM-KEL:1;KAM-KEL:2;OTT-MON:1;OTT-MON:2;TOR-MON:1;TOR-MON:2;TOR-MON:3;TOR-MON:4;TOR-MON:5;TOR-MON:6;TOR-OTT:1;TOR-OTT:2;TOR-OTT:3;TOR-OTT:4;TOR-OTT:5;VAN-KAM:1;VAN-KAM:2;VAN-KAM:3;VAN-KAM:4;VAN-KEL:1;VAN-KEL:2;VAN-KEL:3;VAN-KEL:4,5.6,0.8002580189549644
0.9590000000000001,0.725,0.03007882518043099,1585.220079746043,optimal,32.145918338609654,53,11,18,0,0.03319923187926317,809,0.08650420000049053,CAL-EDM:1;CAL-EDM:2;CAL-EDM:3;CAL-SAS:1;CAL-SAS:2;CAL-SAS:3;CAL-SAS:4;CAL-SAS:5;CAL-SAS:6;CAL-SAS:7;EDM-SAS:1;EDM-SAS:2;EDM-SAS:3;EDM-SAS:4;EDM-SAS:5;EDM-SAS:6;KAM-CAL:1;KAM-CAL:2;KAM-CAL:3;KAM-CAL:4;KAM-CAL:5;KAM-CAL:6;KAM-CAL:7;KAM-KEL:1;KAM-KEL:2;KEL-CAL:1;KEL-CAL:2;KEL-CAL:3;KEL-CAL:4;KEL-CAL:5;KEL-CAL:6;KEL-CAL:7;OTT-MON:1;OTT-MON:2;TOR-MON:1;TOR-MON:2;TOR-MON:3;TOR-MON:4;TOR-MON:5;TOR-MON:6;TOR-OTT:1;TOR-OTT:2;TOR-OTT:3;TOR-OTT:4;TOR-OTT:5;VAN-KAM:1;VAN-KAM:2;VAN-KAM:3;VAN-KAM:4;VAN-KEL:1;VAN-KEL:2;VAN-KEL:3;VAN-KEL:4,5.818181818181818,0.7937204516464198
0.9590000000000001,0.725,0.03007882518043099,1995.879636861788,optimal,35.801675646762774,53,11,18,0,0.03319923187926317,809,0.061369700000796,CAL-EDM:1;CAL-EDM:2;CAL-EDM:3;CAL-SAS:1;CAL-SAS:2;CAL-SAS:3;CAL-SAS:4;CAL-SAS:5;CAL-SAS:6;CAL-SAS:7;EDM-SAS:1;EDM-SAS:2;EDM-SAS:3;EDM-SAS:4;EDM-SAS:5;EDM-SAS:6;KAM-CAL:1;KAM-CAL:2;KAM-CAL:3;KAM-CAL:4;KAM-CAL:5;KAM-CAL:6;KAM-CAL:7;KAM-KEL:1;KAM-KEL:2;KEL-CAL:1;KEL-CAL:2;KEL-CAL:3;KEL-CAL:4;KEL-CAL:5;KEL-CAL:6;KEL-CAL:7;OTT-MON:1;OTT-MON:2;TOR-MON:1;TOR-MON:2;TOR-MON:3;TOR-MON:4;TOR-MON:5;TOR-MON:6;TOR-OTT:1;TOR-OTT:2;TOR-OTT:3;TOR-OTT:4;TOR-OTT:5;VAN-KAM:1;VAN-KAM:2;VAN-KAM:3;VAN-KAM:4;VAN-KEL:1;VAN-KEL:2;VAN-KEL:3;VAN-KEL:4,5.818181818181818,0.7937204516464198
0.9590000000000001,0.725,0.03007882518043099,2512.9227012300507,optimal,39.45743295491591,53,11,18,0,0.030017743045081,809,0.0634834000011324,CAL-EDM:1;CAL-EDM:2;CAL-EDM:3;CAL-SAS:1;CAL-SAS:2;CAL-SAS:3;CAL-SAS:4;CAL-SAS:5;CAL-SAS:6;CAL-SAS:7;EDM-SAS:1;EDM-SAS:2;EDM-SAS:3;EDM-SAS:4;EDM-SAS:5;EDM-SAS:6;KAM-CAL:1;KAM-CAL:2;KAM-CAL:3;KAM-CAL:4;KAM-CAL:5;KAM-CAL:6;KAM-CAL:7;KAM-KEL:1;KAM-KEL:2;KEL-CAL:1;KEL-CAL:2;KEL-CAL:3;KEL-CAL:4;KEL-CAL:5;KEL-CAL:6;KEL-CAL:7;OTT-MON:1;OTT-MON:2;TOR-MON:1;TOR-MON:2;TOR-MON:3;TOR-MON:4;TOR-MON:5;TOR-MON:6;TOR-OTT:1;TOR-OTT:2;TOR-OTT:3;TOR-OTT:4;TOR-OTT:5;VAN-KAM:1;VAN-KAM:2;VAN-KAM:3;VAN-KAM:4;VAN-KEL:1;VAN-KEL:2;VAN-KEL:3;VAN-KEL:4,5.818181818181818,0.7937204516464198
0.9590000000000001,0.725,0.03007882518043099,3163.9084771095468,optimal,43.113190263069036,53,11,18,0,0.030017743045081,809,0.07046169999375707,CAL-EDM:1;CAL-EDM:2;CAL-EDM:3;CAL-SAS:1;CAL-SAS:2;CAL-SAS:3;CAL-SAS:4;CAL-SAS:5;CAL-SAS:6;CAL-SAS:7;EDM-SAS:1;EDM-SAS:2;EDM-SAS:3;EDM-SAS:4;EDM-SAS:5;EDM-SAS:6;KAM-CAL:1;KAM-CAL:2;KAM-CAL:3;KAM-CAL:4;KAM-CAL:5;KAM-CAL:6;KAM-CAL:7;KAM-KEL:1;KAM-KEL:2;KEL-CAL:1;KEL-CAL:2;KEL-CAL:3;KEL-CAL:4;KEL-CAL:5;KEL-CAL:6;KEL-CAL:7;OTT-MON:1;OTT-MON:2;TOR-MON:1;TOR-MON:2;TOR-MON:3;TOR-MON:4;TOR-MON:5;TOR-MON:6;TOR-OTT:1;TOR-OTT:2;TOR-OTT:3;TOR-OTT:4;TOR-OTT:5;VAN-KAM:1;VAN-KAM:2;VAN-KAM:3;VAN-KAM:4;VAN-KEL:1;VAN-KEL:2;VAN-KEL:3;VAN-KEL:4,5.818181818181818,0.7937204516464198
0.9590000000000001,0.725,0.03007882518043099,3983.5355248395426,optimal,46.76894757122217,53,11,18,0,0.03319923187926317,809,0.07071459999860963,CAL-EDM:1;CAL-EDM:2;CAL-EDM:3;CAL-SAS:1;CAL-SAS:2;CAL-SAS:3;CAL-SAS:4;CAL-SAS:5;CAL-SAS:6;CAL-SAS:7;EDM-SAS:1;EDM-SAS:2;EDM-SAS:3;EDM-SAS:4;EDM-SAS:5;EDM-SAS:6;KAM-CAL:1;KAM-CAL:2;KAM-CAL:3;KAM-CAL:4;KAM-CAL:5;KAM-CAL:6;KAM-CAL:7;KAM-KEL:1;KAM-KEL:2;KEL-CAL:1;KEL-CAL:2;KEL-CAL:3;KEL-CAL:4;KEL-CAL:5;KEL-CAL:6;KEL-CAL:7;OTT-MON:1;OTT-MON:2;TOR-MON:1;TOR-MON:2;TOR-MON:3;TOR-MON:4;TOR-MON:5;TOR-MON:6;TOR-OTT:1;TOR-OTT:2;TOR-OTT:3;TOR-OTT:4;TOR-OTT:5;VAN-KAM:1;VAN-KAM:2;VAN-KAM:3;VAN-KAM:4;VAN-KEL:1;VAN-KEL:2;VAN-KEL:3;VAN-KEL:4,5.818181818181818,0.7937204516464198
0.9590000000000001,0.725,0.03007882518043099,5015.4912483927765,optimal,50.424704879375305,53,11,18,0,0.03319923187926317,809,0.08266229999571806,CAL-EDM:1;CAL-EDM:2;CAL-EDM:3;CAL-SAS:1;CAL-SAS:2;CAL-SAS:3;CAL-SAS:4;CAL-SAS:5;CAL-SAS:6;CAL-SAS:7;EDM-SAS:1;EDM-SAS:2;EDM-SAS:3;EDM-SAS:4;EDM-SAS:5;EDM-SAS:6;KAM-CAL:1;KAM-CAL:2;KAM-CAL:3;KAM-CAL:4;KAM-CAL:5;KAM-CAL:6;KAM-CAL:7;KAM-KEL:1;KAM-KEL:2;KEL-CAL:1;KEL-CAL:2;KEL-CAL:3;KEL-CAL:4;KEL-CAL:5;KEL-CAL:6;KEL-CAL:7;OTT-MON:1;OTT-MON:2;TOR-MON:1;TOR-MON:2;TOR-MON:3;TOR-MON:4;TOR-MON:5;TOR-MON:6;TOR-OTT:1;TOR-OTT:2;TOR-OTT:3;TOR-OTT:4;TOR-OTT:5;VAN-KAM:1;VAN-KAM:2;VAN-KAM:3;VAN-KAM:4;VAN-KEL:1;VAN-KEL:2;VAN-KEL:3;VAN-KEL:4,5.818181818181818,0.7937204516464198
0.9590000000000001,0.725,0.03007882518043099,6314.780502357335,optimal,54.08046218752847,53,11,18,0,0.03319923187926317,809,0.11884709999867482,CAL-EDM:1;CAL-EDM:2;CAL-EDM:3;CAL-SAS:1;CAL-SAS:2;CAL-SAS:3;CAL-SAS:4;CAL-SAS:5;CAL-SAS:6;CAL-SAS:7;EDM-SAS:1;EDM-SAS:2;EDM-SAS:3;EDM-SAS:4;EDM-SAS:5;EDM-SAS:6;KAM-CAL:1;KAM-CAL:2;KAM-CAL:3;KAM-CAL:4;KAM-CAL:5;KAM-CAL:6;KAM-CAL:7;KAM-KEL:1;KAM-KEL:2;KEL-CAL:1;KEL-CAL:2;KEL-CAL:3;KEL-CAL:4;KEL-CAL:5;KEL-CAL:6;KEL-CAL:7;OTT-MON:1;OTT-MON:2;TOR-MON:1;TOR-MON:2;TOR-MON:3;TOR-MON:4;TOR-MON:5;TOR-MON:6;TOR-OTT:1;TOR-OTT:2;TOR-OTT:3;TOR-OTT:4;TOR-OTT:5;VAN-KAM:1;VAN-KAM:2;VAN-KAM:3;VAN-KAM:4;VAN-KEL:1;VAN-KEL:2;VAN-KEL:3;VAN-KEL:4,5.818181818181818,0.7937204516464198
0.9590000000000001,0.725,0.03007882518043099,7950.657436742778,optimal,57.755732176744665,54,12,18,0,0.03319923187926317,809,0.09624459999758983,CAL-EDM:1;CAL-EDM:2;CAL-EDM:3;CAL-SAS:1;CAL-SAS:2;CAL-SAS:3;CAL-SAS:4;CAL-SAS:5;CAL-SAS:6;CAL-SAS:7;Calgary;EDM-SAS:1;EDM-SAS:2;EDM-SAS:3;EDM-SAS:4;EDM-SAS:5;EDM-SAS:6;KAM-CAL:1;KAM-CAL:2;KAM-CAL:3;KAM-CAL:4;KAM-CAL:5;KAM-CAL:6;KAM-CAL:7;KAM-KEL:1;KAM-KEL:2;KEL-CAL:1;KEL-CAL:2;KEL-CAL:3;KEL-CAL:4;KEL-CAL:5;KEL-CAL:6;KEL-CAL:7;OTT-MON:1;OTT-MON:2;TOR-MON:1;TOR-MON:2;TOR-MON:3;TOR-MON:4;TOR-MON:5;TOR-MON:6;TOR-OTT:1;TOR-OTT:2;TOR-OTT:3;TOR-OTT:4;TOR-OTT:5;VAN-KAM:1;VAN-KAM:2;VAN-KAM:3;VAN-KAM:4;VAN-KEL:1;VAN-KEL:2;VAN-KEL:3;VAN-KEL:4,6.333333333333333,0.7802450346431629
0.9590000000000001,0.725,0.03007882518043099,10010.316851525651,optimal,61.743831058366226,54,12,18,0,0.03319923187926317,809,0.1246160000009695,CAL-EDM:1;CAL-EDM:2;CAL-EDM:3;CAL-SAS:1;CAL-SAS:2;CAL-SAS:3;CAL-SAS:4;CAL-SAS:5;CAL-SAS:6;CAL-SAS:7;Calgary;EDM-SAS:1;EDM-SAS:2;EDM-SAS:3;EDM-SAS:4;EDM-SAS:5;EDM-SAS:6;KAM-CAL:1;KAM-CAL:2;KAM-CAL:3;KAM-CAL:4;KAM-CAL:5;KAM-CAL:6;KAM-CAL:7;KAM-KEL:1;KAM-KEL:2;KEL-CAL:1;KEL-CAL:2;KEL-CAL:3;KEL-CAL:4;KEL-CAL:5;KEL-CAL:6;KEL-CAL:7;OTT-MON:1;OTT-MON:2;TOR-MON:1;TOR-MON:2;TOR-MON:3;TOR-MON:4;TOR-MON:5;TOR-MON:6;TOR-OTT:1;TOR-OTT:2;TOR-OTT:3;TOR-OTT:4;TOR-OTT:5;VAN-KAM:1;VAN-KAM:2;VAN-KAM:3;VAN-KAM:4;VAN-KEL:1;VAN-KEL:2;VAN-KEL:3;VAN-KEL:4,6.333333333333333,0.7802450346431629
0.9590000000000001,0.725,0.03007882518043099,12603.541815906843,optimal,65.73192993998784,54,12,18,0,0.03319923187926317,809,0.13052199999947334,CAL-EDM:1;CAL-EDM:2;CAL-EDM:3;CAL-SAS:1;CAL-SAS:2;CAL-SAS:3;CAL-SAS:4;CAL-SAS:5;CAL-SAS:6;CAL-SAS:7;Calgary;EDM-SAS:1;EDM-SAS:2;EDM-SAS:3;EDM-SAS:4;EDM-SAS:5;EDM-SAS:6;KAM-CAL:1;KAM-CAL:2;KAM-CAL:3;KAM-CAL:4;KAM-CAL:5;KAM-CAL:6;KAM-CAL:7;KAM-KEL:1;KAM-KEL:2;KEL-CAL:1;KEL-CAL:2;KEL-CAL:3;KEL-CAL:4;KEL-CAL:5;KEL-CAL:6;KEL-CAL:7;OTT-MON:1;OTT-MON:2;TOR-MON:1;TOR-MON:2;TOR-MON:3;TOR-MON:4;TOR-MON:5;TOR-MON:6;TOR-OTT:1;TOR-OTT:2;TOR-OTT:3;TOR-OTT:4;TOR-OTT:5;VAN-KAM:1;VAN-KAM:2;VAN-KAM:3;VAN-KAM:4;VAN-KEL:1;VAN-KEL:2;VAN-KEL:3;VAN-KEL:4,6.333333333333333,0.7802450346431629
0.9590000000000001,0.725,0.03007882518043099,15868.55527765865,optimal,69.9518170342391,55,14,18,0,0.030017743045081,809,0.14060289999906672,CAL-EDM:1;CAL-EDM:2;CAL-EDM:3;CAL-SAS:1;CAL-SAS:2;CAL-SAS:3;CAL-SAS:4;CAL-SAS:5;CAL-SAS:6;CAL-SAS:7;Calgary;EDM-SAS:1;EDM-SAS:2;EDM-SAS:3;EDM-SAS:4;EDM-SAS:5;EDM-SAS:6;KAM-CAL:1;KAM-CAL:2;KAM-CAL:3;KAM-CAL:4;KAM-CAL:5;KAM-CAL:6;KAM-CAL:7;KAM-KEL:1;KAM-KEL:2;KEL-CAL:1;KEL-CAL:2;KEL-CAL:3;KEL-CAL:4;KEL-CAL:5;KEL-CAL:6;KEL-CAL:7;Kamloops;OTT-MON:1;OTT-MON:2;TOR-MON:1;TOR-MON:2;TOR-MON:3;TOR-MON:4;TOR-MON:5;TOR-MON:6;TOR-OTT:1;TOR-OTT:2;TOR-OTT:3;TOR-OTT:4;TOR-OTT:5;VAN-KAM:1;VAN-KAM:2;VAN-KAM:3;VAN-KAM:4;VAN-KEL:1;VAN-KEL:2;VAN-KEL:3;VAN-KEL:4,7.214285714285714,0.7575776999854831
0.9590000000000001,0.725,0.03007882518043099,19979.387562494434,optimal,74.60459906279762,55,14,18,0,0.030017743045081,809,0.12299789999815403,CAL-EDM:1;CAL-EDM:2;CAL-EDM:3;CAL-SAS:1;CAL-SAS:2;CAL-SAS:3;CAL-SAS:4;CAL-SAS:5;CAL-SAS:6;CAL-SAS:7;Calgary;EDM-SAS:1;EDM-SAS:2;EDM-SAS:3;EDM-SAS:4;EDM-SAS:5;EDM-SAS:6;KAM-CAL:1;KAM-CAL:2;KAM-CAL:3;KAM-CAL:4;KAM-CAL:5;KAM-CAL:6;KAM-CAL:7;KAM-KEL:1;KAM-KEL:2;KEL-CAL:1;KEL-CAL:2;KEL-CAL:3;KEL-CAL:4;KEL-CAL:5;KEL-CAL:6;KEL-CAL:7;Kamloops;OTT-MON:1;OTT-MON:2;TOR-MON:1;TOR-MON:2;TOR-MON:3;TOR-MON:4;TOR-MON:5;TOR-MON:6;TOR-OTT:1;TOR-OTT:2;TOR-OTT:3;TOR-OTT:4;TOR-OTT:5;VAN-KAM:1;VAN-KAM:2;VAN-KAM:3;VAN-KAM:4;VAN-KEL:1;VAN-KEL:2;VAN-KEL:3;VAN-KEL:4,7.214285714285714,0.7575776999854831
0.9590000000000001,0.725,0.03007882518043099,25155.152462704536,optimal,79.25738109135618,55,14,18,0,0.030017743045081,809,0.10110079999867594,CAL-EDM:1;CAL-EDM:2;CAL-EDM:3;CAL-SAS:1;CAL-SAS:2;CAL-SAS:3;CAL-SAS:4;CAL-SAS:5;CAL-SAS:6;CAL-SAS:7;Calgary;EDM-SAS:1;EDM-SAS:2;EDM-SAS:3;EDM-SAS:4;EDM-SAS:5;EDM-SAS:6;KAM-CAL:1;KAM-CAL:2;KAM-CAL:3;KAM-CAL:4;KAM-CAL:5;KAM-CAL:6;KAM-CAL:7;KAM-KEL:1;KAM-KEL:2;KEL-CAL:1;KEL-CAL:2;KEL-CAL:3;KEL-CAL:4;KEL-CAL:5;KEL-CAL:6;KEL-CAL:7;Kamloops;OTT-MON:1;OTT-MON:2;TOR-MON:1;TOR-MON:2;TOR-MON:3;TOR-MON:4;TOR-MON:5;TOR-MON:6;TOR-OTT:1;TOR-OTT:2;TOR-OTT:3;TOR-OTT:4;TOR-OTT:5;VAN-KAM:1;VAN-KAM:2;VAN-KAM:3;VAN-KAM:4;VAN-KEL:1;VAN-KEL:2;VAN-KEL:3;VAN-KEL:4,7.214285714285714,0.7575776999854831
0.9590000000000001,0.725,0.03007882518043099,31671.726345094525,optimal,83.91016311991466,55,14,18,0,0.030017743045081,809,0.17154179999488406,CAL-EDM:1;CAL-EDM:2;CAL-EDM:3;CAL-SAS:1;CAL-SAS:2;CAL-SAS:3;CAL-SAS:4;CAL-SAS:5;CAL-SAS:6;CAL-SAS:7;Calgary;EDM-SAS:1;EDM-SAS:2;EDM-SAS:3;EDM-SAS:4;EDM-SAS:5;EDM-SAS:6;KAM-CAL:1;KAM-CAL:2;KAM-CAL:3;KAM-CAL:4;KAM-CAL:5;KAM-CAL:6;KAM-CAL:7;KAM-KEL:1;KAM-KEL:2;KEL-CAL:1;KEL-CAL:2;KEL-CAL:3;KEL-CAL:4;KEL-CAL:5;KEL-CAL:6;KEL-CAL:7;Kamloops;OTT-MON:1;OTT-MON:2;TOR-MON:1;TOR-MON:2;TOR-MON:3;TOR-MON:4;TOR-MON:5;TOR-MON:6;TOR-OTT:1;TOR-OTT:2;TOR-OTT:3;TOR-OTT:4;TOR-OTT:5;VAN-KAM:1;VAN-KAM:2;VAN-KAM:3;VAN-KAM:4;VAN-KEL:1;VAN-KEL:2;VAN-KEL:3;VAN-KEL:4,7.214285714285714,0.7575776999854831
0.9590000000000001,0.725,0.03007882518043099,39876.452792952354,optimal,88.5629451484732,55,14,18,0,0.030017743045081,809,0.1615343000012217,CAL-EDM:1;CAL-EDM:2;CAL-EDM:3;CAL-SAS:1;CAL-SAS:2;CAL-SAS:3;CAL-SAS:4;CAL-SAS:5;CAL-SAS:6;CAL-SAS:7;Calgary;EDM-SAS:1;EDM-SAS:2;EDM-SAS:3;EDM-SAS:4;EDM-SAS:5;EDM-SAS:6;KAM-CAL:1;KAM-CAL:2;KAM-CAL:3;KAM-CAL:4;KAM-CAL:5;KAM-CAL:6;KAM-CAL:7;KAM-KEL:1;KAM-KEL:2;KEL-CAL:1;KEL-CAL:2;KEL-CAL:3;KEL-CAL:4;KEL-CAL:5;KEL-CAL:6;KEL-CAL:7;Kamloops;OTT-MON:1;OTT-MON:2;TOR-MON:1;TOR-MON:2;TOR-MON:3;TOR-MON:4;TOR-MON:5;TOR-MON:6;TOR-OTT:1;TOR-OTT:2;TOR-OTT:3;TOR-OTT:4;TOR-OTT:5;VAN-KAM:1;VAN-KAM:2;VAN-KAM:3;VAN-KAM:4;VAN-KEL:1;VAN-KEL:2;VAN-KEL:3;VAN-KEL:4,7.214285714285714,0.7575776999854831
0.9590000000000001,0.725,0.03007882518043099,50206.65656246559,optimal,93.21572717703177,55,14,18,0,0.030017743045081,809,0.1295271999988472,CAL-EDM:1;CAL-EDM:2;CAL-EDM:3;CAL-SAS:1;CAL-SAS:2;CAL-SAS:3;CAL-SAS:4;CAL-SAS:5;CAL-SAS:6;CAL-SAS:7;Calgary;EDM-SAS:1;EDM-SAS:2;EDM-SAS:3;EDM-SAS:4;EDM-SAS:5;EDM-SAS:6;KAM-CAL:1;KAM-CAL:2;KAM-CAL:3;KAM-CAL:4;KAM-CAL:5;KAM-CAL:6;KAM-CAL:7;KAM-KEL:1;KAM-KEL:2;KEL-CAL:1;KEL-CAL:2;KEL-CAL:3;KEL-CAL:4;KEL-CAL:5;KEL-CAL:6;KEL-CAL:7;Kamloops;OTT-MON:1;OTT-MON:2;TOR-MON:1;TOR-MON:2;TOR-MON:3;TOR-MON:4;TOR-MON:5;TOR-MON:6;TOR-OTT:1;TOR-OTT:2;TOR-OTT:3;TOR-OTT:4;TOR-OTT:5;VAN-KAM:1;VAN-KAM:2;VAN-KAM:3;VAN-KAM:4;VAN-KEL:1;VAN-KEL:2;VAN-KEL:3;VAN-KEL:4,7.214285714285714,0.7575776999854831
0.9590000000000001,0.725,0.03007882518043099,63212.953676433244,optimal,97.86850920559041,55,14,18,0,0.030017743045081,809,0.12872600000264356,CAL-EDM:1;CAL-EDM:2;CAL-EDM:3;CAL-SAS:1;CAL-SAS:2;CAL-SAS:3;CAL-SAS:4;CAL-SAS:5;CAL-SAS:6;CAL-SAS:7;Calgary;EDM-SAS:1;EDM-SAS:2;EDM-SAS:3;EDM-SAS:4;EDM-SAS:5;EDM-SAS:6;KAM-CAL:1;KAM-CAL:2;KAM-CAL:3;KAM-CAL:4;KAM-CAL:5;KAM-CAL:6;KAM-CAL:7;KAM-KEL:1;KAM-KEL:2;KEL-CAL:1;KEL-CAL:2;KEL-CAL:3;KEL-CAL:4;KEL-CAL:5;KEL-CAL:6;KEL-CAL:7;Kamloops;OTT-MON:1;OTT-MON:2;TOR-MON:1;TOR-MON:2;TOR-MON:3;TOR-MON:4;TOR-MON:5;TOR-MON:6;TOR-OTT:1;TOR-OTT:2;TOR-OTT:3;TOR-OTT:4;TOR-OTT:5;VAN-KAM:1;VAN-KAM:2;VAN-KAM:3;VAN-KAM:4;VAN-KEL:1;VAN-KEL:2;VAN-KEL:3;VAN-KEL:4,7.214285714285714,0.7575776999854831
0.9590000000000001,0.725,0.03007882518043099,79588.60011973389,optimal,102.52129123414878,55,14,18,0,0.030017743045081,809,0.14652760000171838,CAL-EDM:1;CAL-EDM:2;CAL-EDM:3;CAL-SAS:1;CAL-SAS:2;CAL-SAS:3;CAL-SAS:4;CAL-SAS:5;CAL-SAS:6;CAL-SAS:7;Calgary;EDM-SAS:1;EDM-SAS:2;EDM-SAS:3;EDM-SAS:4;EDM-SAS:5;EDM-SAS:6;KAM-CAL:1;KAM-CAL:2;KAM-CAL:3;KAM-CAL:4;KAM-CAL:5;KAM-CAL:6;KAM-CAL:7;KAM-KEL:1;KAM-KEL:2;KEL-CAL:1;KEL-CAL:2;KEL-CAL:3;KEL-CAL:4;KEL-CAL:5;KEL-CAL:6;KEL-CAL:7;Kamloops;OTT-MON:1;OTT-MON:2;TOR-MON:1;TOR-MON:2;TOR-MON:3;TOR-MON:4;TOR-MON:5;TOR-MON:6;TOR-OTT:1;TOR-OTT:2;TOR-OTT:3;TOR-OTT:4;TOR-OTT:5;VAN-KAM:1;VAN-KAM:2;VAN-KAM:3;VAN-KAM:4;VAN-KEL:1;VAN-KEL:2;VAN-KEL:3;VAN-KEL:4,7.214285714285714,0.7575776999854831
0.9590000000000001,0.725,0.03007882518043099,100206.44346793843,optimal,107.17407326270954,55,14,18,0,0.030017743045081,809,0.1787495000025956,CAL-EDM:1;CAL-EDM:2;CAL-EDM:3;CAL-SAS:1;CAL-SAS:2;CAL-SAS:3;CAL-SAS:4;CAL-SAS:5;CAL-SAS:6;CAL-SAS:7;Calgary;EDM-SAS:1;EDM-SAS:2;EDM-SAS:3;EDM-SAS:4;EDM-SAS:5;EDM-SAS:6;KAM-CAL:1;KAM-CAL:2;KAM-CAL:3;KAM-CAL:4;KAM-CAL:5;KAM-CAL:6;KAM-CAL:7;KAM-KEL:1;KAM-KEL:2;KEL-CAL:1;KEL-CAL:2;KEL-CAL:3;KEL-CAL:4;KEL-CAL:5;KEL-CAL:6;KEL-CAL:7;Kamloops;OTT-MON:1;OTT-MON:2;TOR-MON:1;TOR-MON:2;TOR-MON:3;TOR-MON:4;TOR-MON:5;TOR-MON:6;TOR-OTT:1;TOR-OTT:2;TOR-OTT:3;TOR-OTT:4;TOR-OTT:5;VAN-KAM:1;VAN-KAM:2;VAN-KAM:3;VAN-KAM:4;VAN-KEL:1;VAN-KEL:2;VAN-KEL:3;VAN-KEL:4,7.214285714285714,0.7575776999854831
0.9590000000000001,0.725,0.03007882518043099,126165.44702868049,optimal,111.82685529132041,55,14,18,0,0.030017743045081,809,0.3669235999986995,CAL-EDM:1;CAL-EDM:2;CAL-EDM:3;CAL-SAS:1;CAL-SAS:2;CAL-SAS:3;CAL-SAS:4;CAL-SAS:5;CAL-SAS:6;CAL-SAS:7;Calgary;EDM-SAS:1;EDM-SAS:2;EDM-SAS:3;EDM-SAS:4;EDM-SAS:5;EDM-SAS:6;KAM-CAL:1;KAM-CAL:2;KAM-CAL:3;KAM-CAL:4;KAM-CAL:5;KAM-CAL:6;KAM-CAL:7;KAM-KEL:1;KAM-KEL:2;KEL-CAL:1;KEL-CAL:2;KEL-CAL:3;KEL-CAL:4;KEL-CAL:5;KEL-CAL:6;KEL-CAL:7;Kamloops;OTT-MON:1;OTT-MON:2;TOR-MON:1;TOR-MON:2;TOR-MON:3;TOR-MON:4;TOR-MON:5;TOR-MON:6;TOR-OTT:1;TOR-OTT:2;TOR-OTT:3;TOR-OTT:4;TOR-OTT:5;VAN-KAM:1;VAN-KAM:2;VAN-KAM:3;VAN-KAM:4;VAN-KEL:1;VAN-KEL:2;VAN-KEL:3;VAN-KEL:4,7.214285714285714,0.7575776999854831
0.9590000000000001,0.725,0.03007882518043099,158849.26630531237,optimal,117.05475885924359,55,17,18,0,0.0221885046944556,809,0.3483715999973356,CAL-EDM:1;CAL-EDM:2;CAL-EDM:3;CAL-SAS:1;CAL-SAS:2;CAL-SAS:3;CAL-SAS:4;CAL-SAS:5;CAL-SAS:6;CAL-SAS:7;Calgary;EDM-SAS:1;EDM-SAS:2;EDM-SAS:3;EDM-SAS:4;EDM-SAS:5;EDM-SAS:6;KAM-CAL:1;KAM-CAL:2;KAM-CAL:3;KAM-CAL:4;KAM-CAL:5;KAM-CAL:6;KAM-CAL:7;KAM-KEL:1;KAM-KEL:2;KEL-CAL:1;KEL-CAL:2;KEL-CAL:3;KEL-CAL:4;KEL-CAL:5;KEL-CAL:6;KEL-CAL:7;Kamloops;OTT-MON:1;OTT-MON:2;TOR-MON:1;TOR-MON:2;TOR-MON:3;TOR-MON:4;TOR-MON:5;TOR-MON:6;TOR-OTT:1;TOR-OTT:2;TOR-OTT:3;TOR-OTT:4;TOR-OTT:5;VAN-KAM:1;VAN-KAM:2;VAN-KAM:3;VAN-KAM:4;VAN-KEL:1;VAN-KEL:2;VAN-KEL:3;VAN-KEL:4,8.823529411764707,0.720862631186266
0.9590000000000001,0.725,0.03007882518043099,200000.0,optimal,122.70456560820647,55,17,18,0,0.0221885046944556,809,0.18073639999784064,CAL-EDM:1;CAL-EDM:2;CAL-EDM:3;CAL-SAS:1;CAL-SAS:2;CAL-SAS:3;CAL-SAS:4;CAL-SAS:5;CAL-SAS:6;CAL-SAS:7;Calgary;EDM-SAS:1;EDM-SAS:2;EDM-SAS:3;EDM-SAS:4;EDM-SAS:5;EDM-SAS:6;KAM-CAL:1;KAM-CAL:2;KAM-CAL:3;KAM-CAL:4;KAM-CAL:5;KAM-CAL:6;KAM-CAL:7;KAM-KEL:1;KAM-KEL:2;KEL-CAL:1;KEL-CAL:2;KEL-CAL:3;KEL-CAL:4;KEL-CAL:5;KEL-CAL:6;KEL-CAL:7;Kamloops;OTT-MON:1;OTT-MON:2;TOR-MON:1;TOR-MON:2;TOR-MON:3;TOR-MON:4;TOR-MON:5;TOR-MON:6;TOR-OTT:1;TOR-OTT:2;TOR-OTT:3;TOR-OTT:4;TOR-OTT:5;VAN-KAM:1;VAN-KAM:2;VAN-KAM:3;VAN-KAM:4;VAN-KEL:1;VAN-KEL:2;VAN-KEL:3;VAN-KEL:4,8.823529411764707,0.720862631186266
0.9590000000000001,0.725,0.03674661940736688,1000.0,optimal,25.305004111269668,46,10,18,0,0.04279211619645008,809,0.09962200000154553,CAL-EDM:1;CAL-EDM:2;CAL-EDM:3;CAL-SAS:1;CAL-SAS:2;CAL-SAS:3;CAL-SAS:4;CAL-SAS:5;CAL-SAS:6;CAL-SAS:7;EDM-SAS:1;EDM-SAS:2;EDM-SAS:3;EDM-SAS:4;EDM-SAS:5;EDM-SAS:6;KAM-CAL:1;KAM-CAL:2;KAM-CAL:3;KAM-CAL:4;KAM-CAL:5;KAM-CAL:6;KAM-CAL:7;KAM-KEL:1;KAM-KEL:2;OTT-MON:1;OTT-MON:2;TOR-MON:1;TOR-MON:2;TOR-MON:3;TOR-MON:4;TOR-MON:5;TOR-MON:6;TOR-OTT:1;TOR-OTT:2;TOR-OTT:3;TOR-OTT:4;TOR-OTT:5;VAN-KAM:1;VAN-KAM:2;VAN-KAM:3;VAN-KAM:4;VAN-KEL:1;VAN-KEL:2;VAN-KEL:3;VAN-KEL:4,5.6,0.8002580189549644
0.9590000000000001,0.725,0.03674661940736688,1259.0552330005396,optimal,28.628419845954333,46,10,18,0,0.04279211619645008,809,0.0869232999975793,CAL-EDM:1;CAL-EDM:2;CAL-EDM:3;CAL-SAS:1;CAL-SAS:2;CAL-SAS:3;CAL-SAS:4;CAL-SAS:5;CAL-SAS:6;CAL-SAS:7;EDM-SAS:1;EDM-SAS:2;EDM-SAS:3;EDM-SAS:4;EDM-SAS:5;EDM-SAS:6;KAM-CAL:1;KAM-CAL:2;KAM-CAL:3;KAM-CAL:4;KAM-CAL:5;KAM-CAL:6;KAM-CAL:7;KAM-KEL:1;KAM-KEL:2;OTT-MON:1;OTT-MON:2;TOR-MON:1;TOR-MON:2;TOR-MON:3;TOR-MON:4;TOR-MON:5;TOR-MON:6;TOR-OTT:1;TOR-OTT:2;TOR-OTT:3;TOR-OTT:4;TOR-OTT:5;VAN-KAM:1;VAN-KAM:2;VAN-KAM:3;VAN-KAM:4;VAN-KEL:1;VAN-KEL:2;VAN-KEL:3;VAN-KEL:4,5.6,0.8002580189549644
0.9590000000000001,0.725,0.03674661940736688,1585.220079746043,optimal,32.145918338609654,53,11,18,0,0.03319923187926317,809,0.08070990000123857,CAL-EDM:1;CAL-EDM:2;CAL-EDM:3;CAL-SAS:1;CAL-SAS:2;CAL-SAS:3;CAL-SAS:4;CAL-SAS:5;CAL-SAS:6;CAL-SAS:7;EDM-SAS:1;EDM-SAS:2;EDM-SAS:3;EDM-SAS:4;EDM-SAS:5;EDM-SAS:6;KAM-CAL:1;KAM-CAL:2;KAM-CAL:3;KAM-CAL:4;KAM-CAL:5;KAM-CAL:6;KAM-CAL:7;KAM-KEL:1;KAM-KEL:2;KEL-CAL:1;KEL-CAL:2;KEL-CAL:3;KEL-CAL:4;KEL-CAL:5;KEL-CAL:6;KEL-CAL:7;OTT-MON:1;OTT-MON:2;TOR-MON:1;TOR-MON:2;TOR-MON:3;TOR-MON:4;TOR-MON:5;TOR-MON:6;TOR-OTT:1;TOR-OTT:2;TOR-OTT:3;TOR-OTT:4;TOR-OTT:5;VAN-KAM:1;VAN-KAM:2;VAN-KAM:3;VAN-KAM:4;VAN-KEL:1;VAN-KEL:2;VAN-KEL:3;VAN-KEL:4,5.818181818181818,0.7937204516464198
0.9590000000000001,0.725,0.03674661940736688,1995.879636861788,optimal,35.801675646762774,53,11,18,0,0.03319923187926317,809,0.05460639999364503,CAL-EDM:1;CAL-EDM:2;CAL-EDM:3;CAL-SAS:1;CAL-SAS:2;CAL-SAS:3;CAL-SAS:4;CAL-SAS:5;CAL-SAS:6;CAL-SAS:7;EDM-SAS:1;EDM-SAS:2;EDM-SAS:3;EDM-SAS:4;EDM-SAS:5;EDM-SAS:6;KAM-CAL:1;KAM-CAL:2;KAM-CAL:3;KAM-CAL:4;KAM-CAL:5;KAM-CAL:6;KAM-CAL:7;KAM-KEL:1;KAM-KEL:2;KEL-CAL:1;KEL-CAL:2;KEL-CAL:3;KEL-CAL:4;KEL-CAL:5;KEL-CAL:6;KEL-CAL:7;OTT-MON:1;OTT-MON:2;TOR-MON:1;TOR-MON:2;TOR-MON:3;TOR-MON:4;TOR-MON:5;TOR-MON:6;TOR-OTT:1;TOR-OTT:2;TOR-OTT:3;TOR-OTT:4;TOR-OTT:5;VAN-KAM:1;VAN-KAM:2;VAN-KAM:3;VAN-KAM:4;VAN-KEL:1;VAN-KEL:2;VAN-KEL:3;VAN-KEL:4,5.818181818181818,0.7937204516464198
0.9590000000000001,0.725,0.03674661940736688,2512.9227012300507,optimal,39.45743295491591,53,11,18,0,0.030017743045081,809,0.08242780000000494,CAL-EDM:1;CAL-EDM:2;CAL-EDM:3;CAL-SAS:1;CAL-SAS:2;CAL-SAS:3;CAL-SAS:4;CAL-SAS:5;CAL-SAS:6;CAL-SAS:7;EDM-SAS:1;EDM-SAS:2;EDM-SAS:3;EDM-SAS:4;EDM-SAS:5;EDM-SAS:6;KAM-CAL:1;KAM-CAL:2;KAM-CAL:3;KAM-CAL:4;KAM-CAL:5;KAM-CAL:6;KAM-CAL:7;KAM-KEL:1;KAM-KEL:2;KEL-CAL:1;KEL-CAL:2;KEL-CAL:3;KEL-CAL:4;KEL-CAL:5;KEL-CAL:6;KEL-CAL:7;OTT-MON:1;OTT-MON:2;TOR-MON:1;TOR-MON:2;TOR-MON:3;TOR-MON:4;TOR-MON:5;TOR-MON:6;TOR-OTT:1;TOR-OTT:2;TOR-OTT:3;TOR-OTT:4;TOR-OTT:5;VAN-KAM:1;VAN-KAM:2;VAN-KAM:3;VAN-KAM:4;VAN-KEL:1;VAN-KEL:2;VAN-KEL:3;VAN-KEL:4,5.818181818181818,0.7937204516464198
0.9590000000000001,0.725,0.03674661940736688,3163.9084771095468,optimal,43.113190263069036,53,11,18,0,0.030017743045081,809,0.07305300000007264,CAL-EDM:1;CAL-EDM:2;CAL-EDM:3;CAL-SAS:1;CAL-SAS:2;CAL-SAS:3;CAL-SAS:4;CAL-SAS:5;CAL-SAS:6;CAL-SAS:7;EDM-SAS:1;EDM-SAS:2;EDM-SAS:3;EDM-SAS:4;EDM-SAS:5;EDM-SAS:6;KAM-CAL:1;KAM-CAL:2;KAM-CAL:3;KAM-CAL:4;KAM-CAL:5;KAM-CAL:6;KAM-CAL:7;KAM-KEL:1;KAM-KEL:2;KEL-CAL:1;KEL-CAL:2;KEL-CAL:3;KEL-CAL:4;KEL-CAL:5;KEL-CAL:6;KEL-CAL:7;OTT-MON:1;OTT-MON:2;TOR-MON:1;TOR-MON:2;TOR-MON:3;TOR-MON:4;TOR-MON:5;TOR-MON:6;TOR-OTT:1;TOR-OTT:2;TOR-OTT:3;TOR-OTT:4;TOR-OTT:5;VAN-KAM:1;VAN-KAM:2;VAN-KAM:3;VAN-KAM:4;VAN-KEL:1;VAN-KEL:2;VAN-KEL:3;VAN-KEL:4,5.818181818181818,0.7937204516464198
0.9590000000000001,0.725,0.03674661940736688,3983.5355248395426,optimal,46.76894757122217,53,11,18,0,0.03319923187926317,809,0.08149109999794746,CAL-EDM:1;CAL-EDM:2;CAL-EDM:3;CAL-SAS:1;CAL-SAS:2;CAL-SAS:3;CAL-SAS:4;CAL-SAS:5;CAL-SAS:6;CAL-SAS:7;EDM-SAS:1;EDM-SAS:2;EDM-SAS:3;EDM-SAS:4;EDM-SAS:5;EDM-SAS:6;KAM-CAL:1;KAM-CAL:2;KAM-CAL:3;KAM-CAL:4;KAM-CAL:5;KAM-CAL:6;KAM-CAL:7;KAM-KEL:1;KAM-KEL:2;KEL-CAL:1;KEL-CAL:2;KEL-CAL:3;KEL-CAL:4;KEL-CAL:5;KEL-CAL:6;KEL-CAL:7;OTT-MON:1;OTT-MON:2;TOR-MON:1;TOR-MON:2;TOR-MON:3;TOR-MON:4;TOR-MON:5;TOR-MON:6;TOR-OTT:1;TOR-OTT:2;TOR-OTT:3;TOR-OTT:4;TOR-OTT:5;VAN-KAM:1;VAN-KAM:2;VAN-KAM:3;VAN-KAM:4;VAN-KEL:1;VAN-KEL:2;VAN-KEL:3;VAN-KEL:4,5.818181818181818,0.7937204516464198
0.9590000000000001,0.725,0.03674661940736688,5015.4912483927765,optimal,50.424704879375305,53,11,18,0,0.03319923187926317,809,0.09037569999782136,CAL-EDM:1;CAL-EDM:2;CAL-EDM:3;CAL-SAS:1;CAL-SAS:2;CAL-SAS:3;CAL-SAS:4;CAL-SAS:5;CAL-SAS:6;CAL-SAS:7;EDM-SAS:1;EDM-SAS:2;EDM-SAS:3;EDM-SAS:4;EDM-SAS:5;EDM-SAS:6;KAM-CAL:1;KAM-CAL:2;KAM-CAL:3;KAM-CAL:4;KAM-CAL:5;KAM-CAL:6;KAM-CAL:7;KAM-KEL:1;KAM-KEL:2;KEL-CAL:1;KEL-CAL:2;KEL-CAL:3;KEL-CAL:4;KEL-CAL:5;KEL-CAL:6;KEL-CAL:7;OTT-MON:1;OTT-MON:2;TOR-MON:1;TOR-MON:2;TOR-MON:3;TOR-MON:4;TOR-MON:5;TOR-MON:6;TOR-OTT:1;TOR-OTT:2;TOR-OTT:3;TOR-OTT:4;TOR-OTT:5;VAN-KAM:1;VAN-KAM:2;VAN-KAM:3;VAN-KAM:4;VAN-KEL:1;VAN-KEL:2;VAN-KEL:3;VAN-KEL:4,5.818181818181818,0.7937204516464198
0.9590000000000001,0.725,0.03674661940736688,6314.780502357335,optimal,54.08046218752847,53,11,18,0,0.03319923187926317,809,0.12262370000098599,CAL-EDM:1;CAL-EDM:2;CAL-EDM:3;CAL-SAS:1;CAL-SAS:2;CAL-SAS:3;CAL-SAS:4;CAL-SAS:5;CAL-SAS:6;CAL-SAS:7;EDM-SAS:1;EDM-SAS:2;EDM-SAS:3;EDM-SAS:4;EDM-SAS:5;EDM-SAS:6;KAM-CAL:1;KAM-CAL:2;KAM-CAL:3;KAM-CAL:4;KAM-CAL:5;KAM-CAL:6;KAM-CAL:7;KAM-KEL:1;KAM-KEL:2;KEL-CAL:1;KEL-CAL:2;KEL-CAL:3;KEL-CAL:4;KEL-CAL:5;KEL-CAL:6;KEL-CAL:7;OTT-MON:1;OTT-MON:2;TOR-MON:1;TOR-MON:2;TOR-MON:3;TOR-MON:4;TOR-MON:5;TOR-MON:6;TOR-OTT:1;TOR-OTT:2;TOR-OTT:3;TOR-OTT:4;TOR-OTT:5;VAN-KAM:1;VAN-KAM:2;VAN-KAM:3;VAN-KAM:4;VAN-KEL:1;VAN-KEL:2;VAN-KEL:3;VAN-KEL:4,5.818181818181818,0.7937204516464198
0.9590000000000001,0.725,0.03674661940736688,7950.657436742778,optimal,57.755732176744665,54,12,18,0,0.03319923187926317,809,0.10180940000282135,CAL-EDM:1;CAL-EDM:2;CAL-EDM:3;CAL-SAS:1;CAL-SAS:2;CAL-SAS:3;CAL-SAS:4;CAL-SAS:5;CAL-SAS:6;CAL-SAS:7;Calgary;EDM-SAS:1;EDM-SAS:2;EDM-SAS:3;EDM-SAS:4;EDM-SAS:5;EDM-SAS:6;KAM-CAL:1;KAM-CAL:2;KAM-CAL:3;KAM-CAL:4;KAM-CAL:5;KAM-CAL:6;KAM-CAL:7;KAM-KEL:1;KAM-KEL:2;KEL-CAL:1;KEL-CAL:2;KEL-CAL:3;KEL-CAL:4;KEL-CAL:5;KEL-CAL:6;KEL-CAL:7;OTT-MON:1;OTT-MON:2;TOR-MON:1;TOR-MON:2;TOR-MON:3;TOR-MON:4;TOR-MON:5;TOR-MON:6;TOR-OTT:1;TOR-OTT:2;TOR-OTT:3;TOR-OTT:4;TOR-OTT:5;VAN-KAM:1;VAN-KAM:2;VAN-KAM:3;VAN-KAM:4;VAN-KEL:1;VAN-KEL:2;VAN-KEL:3;VAN-KEL:4,6.333333333333333,0.7802450346431629
0.9590000000000001,0.725,0.03674661940736688,10010.316851525651,optimal,61.743831058366226,54,12,18,0,0.03319923187926317,809,0.12617450000107056,CAL-EDM:1;CAL-EDM:2;CAL-EDM:3;CAL-SAS:1;CAL-SAS:2;CAL-SAS:3;CAL-SAS:4;CAL-SAS:5;CAL-SAS:6;CAL-SAS:7;Calgary;EDM-SAS:1;EDM-SAS:2;EDM-SAS:3;EDM-SAS:4;EDM-SAS:5;EDM-SAS:6;KAM-CAL:1;KAM-CAL:2;KAM-CAL:3;KAM-CAL:4;KAM-CAL:5;KAM-CAL:6;KAM-CAL:7;KAM-KEL:1;KAM-KEL:2;KEL-CAL:1;KEL-CAL:2;KEL-CAL:3;KEL-CAL:4;KEL-CAL:5;KEL-CAL:6;KEL-CAL:7;OTT-MON:1;OTT-MON:2;TOR-MON:1;TOR-MON:2;TOR-MON:3;TOR-MON:4;TOR-MON:5;TOR-MON:6;TOR-OTT:1;TOR-OTT:2;TOR-OTT:3;TOR-OTT:4;TOR-OTT:5;VAN-KAM:1;VAN-KAM:2;VAN-KAM:3;VAN-KAM:4;VAN-KEL:1;VAN-KEL:2;VAN-KEL:3;VAN-KEL:4,6.333333333333333,0.7802450346431629
0.9590000000000001,0.725,0.03674661940736688,12603.541815906843,optimal,65.73192993998784,54,12,18,0,0.03319923187926317,809,0.13652860000001965,CAL-EDM:1;CAL-EDM:2;CAL-EDM:3;CAL-SAS:1;CAL-SAS:2;CAL-SAS:3;CAL-SAS:4;CAL-SAS:5;CAL-SAS:6;CAL-SAS:7;Calgary;EDM-SAS:1;EDM-SAS:2;EDM-SAS:3;EDM-SAS:4;EDM-SAS:5;EDM-SAS:6;KAM-CAL:1;KAM-CAL:2;KAM-CAL:3;KAM-CAL:4;KAM-CAL:5;KAM-CAL:6;KAM-CAL:7;KAM-KEL:1;KAM-KEL:2;KEL-CAL:1;KEL-CAL:2;KEL-CAL:3;KEL-CAL:4;KEL-CAL:5;KEL-CAL:6;KEL-CAL:7;OTT-MON:1;OTT-MON:2;TOR-MON:1;TOR-MON:2;TOR-MON:3;TOR-MON:4;TOR-MON:5;TOR-MON:6;TOR-OTT:1;TOR-OTT:2;TOR-OTT:3;TOR-OTT:4;TOR-OTT:5;VAN-KAM:1;VAN-KAM:2;VAN-KAM:3;VAN-KAM:4;VAN-KEL:1;VAN-KEL:2;VAN-KEL:3;VAN-KEL:4,6.333333333333333,0.7802450346431629
0.9590000000000001,0.725,0.03674661940736688,15868.55527765865,optimal,69.9518170342391,55,14,18,0,0.030017743045081,809,0.17109920000075363,CAL-EDM:1;CAL-EDM:2;CAL-EDM:3;CAL-SAS:1;CAL-SAS:2;CAL-SAS:3;CAL-SAS:4;CAL-SAS:5;CAL-SAS:6;CAL-SAS:7;Calgary;EDM-SAS:1;EDM-SAS:2;EDM-SAS:3;EDM-SAS:4;EDM-SAS:5;EDM-SAS:6;KAM-CAL:1;KAM-CAL:2;KAM-CAL:3;KAM-CAL:4;KAM-CAL:5;KAM-CAL:6;KAM-CAL:7;KAM-KEL:1;KAM-KEL:2;KEL-CAL:1;KEL-CAL:2;KEL-CAL:3;KEL-CAL:4;KEL-CAL:5;KEL-CAL:6;KEL-CAL:7;Kamloops;OTT-MON:1;OTT-MON:2;TOR-MON:1;TOR-MON:2;TOR-MON:3;TOR-MON:4;TOR-MON:5;TOR-MON:6;TOR-OTT:1;TOR-OTT:2;TOR-OTT:3;TOR-OTT:4;TOR-OTT:5;VAN-KAM:1;VAN-KAM:2;VAN-KAM:3;VAN-KAM:4;VAN-KEL:1;VAN-KEL:2;VAN-KEL:3;VAN-KEL:4,7.214285714285714,0.7575776999854831
0.9590000000000001,0.725,0.03674661940736688,19979.387562494434,optimal,74.60459906279762,55,14,18,0,0.030017743045081,809,0.13186500000301749,CAL-EDM:1;CAL-EDM:2;CAL-EDM:3;CAL-SAS:1;CAL-SAS:2;CAL-SAS:3;CAL-SAS:4;CAL-SAS:5;CAL-SAS:6;CAL-SAS:7;Calgary;EDM-SAS:1;EDM-SAS:2;EDM-SAS:3;EDM-SAS:4;EDM-SAS:5;EDM-SAS:6;KAM-CAL:1;KAM-CAL:2;KAM-CAL:3;KAM-CAL:4;KAM-CAL:5;KAM-CAL:6;KAM-CAL:7;KAM-KEL:1;KAM-KEL:2;KEL-CAL:1;KEL-CAL:2;KEL-CAL:3;KEL-CAL:4;KEL-CAL:5;KEL-CAL:6;KEL-CAL:7;Kamloops;OTT-MON:1;OTT-MON:2;TOR-MON:1;TOR-MON:2;TOR-MON:3;TOR-MON:4;TOR-MON:5;TOR-MON:6;TOR-OTT:1;TOR-OTT:2;TOR-OTT:3;TOR-OTT:4;TOR-OTT:5;VAN-KAM:1;VAN-KAM:2;VAN-KAM:3;VAN-KAM:4;VAN-KEL:1;VAN-KEL:2;VAN-KEL:3;VAN-KEL:4,7.214285714285714,0.7575776999854831
0.9590000000000001,0.725,0.03674661940736688,25155.152462704536,optimal,79.25738109135618,55,14,18,0,0.030017743045081,809,0.1366801000040141,CAL-EDM:1;CAL-EDM:2;CAL-EDM:3;CAL-SAS:1;CAL-SAS:2;CAL-SAS:3;CAL-SAS:4;CAL-SAS:5;CAL-SAS:6;CAL-SAS:7;Calgary;EDM-SAS:1;EDM-SAS:2;EDM-SAS:3;EDM-SAS:4;EDM-SAS:5;EDM-SAS:6;KAM-CAL:1;KAM-CAL:2;KAM-CAL:3;KAM-CAL:4;KAM-CAL:5;KAM-CAL:6;KAM-CAL:7;KAM-KEL:1;KAM-KEL:2;KEL-CAL:1;KEL-CAL:2;KEL-CAL:3;KEL-CAL:4;KEL-CAL:5;KEL-CAL:6;KEL-CAL:7;Kamloops;OTT-MON:1;OTT-MON:2;TOR-MON:1;TOR-MON:2;TOR-MON:3;TOR-MON:4;TOR-MON:5;TOR-MON:6;TOR-OTT:1;TOR-OTT:2;TOR-OTT:3;TOR-OTT:4;TOR-OTT:5;VAN-KAM:1;VAN-KAM:2;VAN-KAM:3;VAN-KAM:4;VAN-KEL:1;VAN-KEL:2;VAN-KEL:3;VAN-KEL:4,7.214285714285714,0.7575776999854831
0.9590000000000001,0.725,0.03674661940736688,31671.726345094525,optimal,83.91016311991466,55,14,18,0,0.030017743045081,809,0.1502844999995432,CAL-EDM:1;CAL-EDM:2;CAL-EDM:3;CAL-SAS:1;CAL-SAS:2;CAL-SAS:3;CAL-SAS:4;CAL-SAS:5;CAL-SAS:6;CAL-SAS:7;Calgary;EDM-SAS:1;EDM-SAS:2;EDM-SAS:3;EDM-SAS:4;EDM-SAS:5;EDM-SAS:6;KAM-CAL:1;KAM-CAL:2;KAM-CAL:3;KAM-CAL:4;KAM-CAL:5;KAM-CAL:6;KAM-CAL:7;KAM-KEL:1;KAM-KEL:2;KEL-CAL:1;KEL-CAL:2;KEL-CAL:3;KEL-CAL:4;KEL-CAL:5;KEL-CAL:6;KEL-CAL:7;Kamloops;OTT-MON:1;OTT-MON:2;TOR-MON:1;TOR-MON:2;TOR-MON:3;TOR-MON:4;TOR-MON:5;TOR-MON:6;TOR-OTT:1;TOR-OTT:2;TOR-OTT:3;TOR-OTT:4;TOR-OTT:5;VAN-KAM:1;VAN-KAM:2;VAN-KAM:3;VAN-KAM:4;VAN-KEL:1;VAN-KEL:2;VAN-KEL:3;VAN-KEL:4,7.214285714285714,0.7575776999854831
0.9590000000000001,0.725,0.03674661940736688,39876.452792952354,optimal,88.5629451484732,55,14,18,0,0.030017743045081,809,0.1283049999983632,CAL-EDM:1;CAL-EDM:2;CAL-EDM:3;CAL-SAS:1;CAL-SAS:2;CAL-SAS:3;CAL-SAS:4;CAL-SAS:5;CAL-SAS:6;CAL-SAS:7;Calgary;EDM-SAS:1;EDM-SAS:2;EDM-SAS:3;EDM-SAS:4;EDM-SAS:5;EDM-SAS:6;KAM-CAL:1;KAM-CAL:2;KAM-CAL:3;KAM-CAL:4;KAM-CAL:5;KAM-CAL:6;KAM-CAL:7;KAM-KEL:1;KAM-KEL:2;KEL-CAL:1;KEL-CAL:2;KEL-CAL:3;KEL-CAL:4;KEL-CAL:5;KEL-CAL:6;KEL-CAL:7;Kamloops;OTT-MON:1;OTT-MON:2;TOR-MON:1;TOR-MON:2;TOR-MON:3;TOR-MON:4;TOR-MON:5;TOR-MON:6;TOR-OTT:1;TOR-OTT:2;TOR-OTT:3;TOR-OTT:4;TOR-OTT:5;VAN-KAM:1;VAN-KAM:2;VAN-KAM:3;VAN-KAM:4;VAN-KEL:1;VAN-KEL:2;VAN-KEL:3;VAN-KEL:4,7.214285714285714,0.7575776999854831
0.9590000000000001,0.725,0.03674661940736688,50206.65656246559,optimal,93.21572717703177,55,14,18,0,0.030017743045081,809,0.12503220000508009,CAL-EDM:1;CAL-EDM:2;CAL-EDM:3;CAL-SAS:1;CAL-SAS:2;CAL-SAS:3;CAL-SAS:4;CAL-SAS:5;CAL-SAS:6;CAL-SAS:7;Calgary;EDM-SAS:1;EDM-SAS:2;EDM-SAS:3;EDM-SAS:4;EDM-SAS:5;EDM-SAS:6;KAM-CAL:1;KAM-CAL:2;KAM-CAL:3;KAM-CAL:4;KAM-CAL:5;KAM-CAL:6;KAM-CAL:7;KAM-KEL:1;KAM-KEL:2;KEL-CAL:1;KEL-CAL:2;KEL-CAL:3;KEL-CAL:4;KEL-CAL:5;KEL-CAL:6;KEL-CAL:7;Kamloops;OTT-MON:1;OTT-MON:2;TOR-MON:1;TOR-MON:2;TOR-MON:3;TOR-MON:4;TOR-MON:5;TOR-MON:6;TOR-OTT:1;TOR-OTT:2;TOR-OTT:3;TOR-OTT:4;TOR-OTT:5;VAN-KAM:1;VAN-KAM:2;VAN-KAM:3;VAN-KAM:4;VAN-KEL:1;VAN-KEL:2;VAN-KEL:3;VAN-KEL:4,7.214285714285714,0.7575776999854831
0.9590000000000001,0.725,0.03674661940736688,63212.953676433244,optimal,97.86850920559041,55,14,18,0,0.030017743045081,809,0.11493530000007013,CAL-EDM:1;CAL-EDM:2;CAL-EDM:3;CAL-SAS:1;CAL-SAS:2;CAL-SAS:3;CAL-SAS:4;CAL-SAS:5;CAL-SAS:6;CAL-SAS:7;Calgary;EDM-SAS:1;EDM-SAS:2;EDM-SAS:3;EDM-SAS:4;EDM-SAS:5;EDM-SAS:6;KAM-CAL:1;KAM-CAL:2;KAM-CAL:3;KAM-CAL:4;KAM-CAL:5;KAM-CAL:6;KAM-CAL:7;KAM-KEL:1;KAM-KEL:2;KEL-CAL:1;KEL-CAL:2;KEL-CAL:3;KEL-CAL:4;KEL-CAL:5;KEL-CAL:6;KEL-CAL:7;Kamloops;OTT-MON:1;OTT-MON:2;TOR-MON:1;TOR-MON:2;TOR-MON:3;TOR-MON:4;TOR-MON:5;TOR-MON:6;TOR-OTT:1;TOR-OTT:2;TOR-OTT:3;TOR-OTT:4;TOR-OTT:5;VAN-KAM:1;VAN-KAM:2;VAN-KAM:3;VAN-KAM:4;VAN-KEL:1;VAN-KEL:2;VAN-KEL:3;VAN-KEL:4,7.214285714285714,0.7575776999854831
0.9590000000000001,0.725,0.03674661940736688,79588.60011973389,optimal,102.52129123414878,55,14,18,0,0.030017743045081,809,0.15182350000395672,CAL-EDM:1;CAL-EDM:2;CAL-EDM:3;CAL-SAS:1;CAL-SAS:2;CAL-SAS:3;CAL-SAS:4;CAL-SAS:5;CAL-SAS:6;CAL-SAS:7;Calgary;EDM-SAS:1;EDM-SAS:2;EDM-SAS:3;EDM-SAS:4;EDM-SAS:5;EDM-SAS:6;KAM-CAL:1;KAM-CAL:2;KAM-CAL:3;KAM-CAL:4;KAM-CAL:5;KAM-CAL:6;KAM-CAL:7;KAM-KEL:1;KAM-KEL:2;KEL-CAL:1;KEL-CAL:2;KEL-CAL:3;KEL-CAL:4;KEL-CAL:5;KEL-CAL:6;KEL-CAL:7;Kamloops;OTT-MON:1;OTT-MON:2;TOR-MON:1;TOR-MON:2;TOR-MON:3;TOR-MON:4;TOR-MON:5;TOR-MON:6;TOR-OTT:1;TOR-OTT:2;TOR-OTT:3;TOR-OTT:4;TOR-OTT:5;VAN-KAM:1;VAN-KAM:2;VAN-KAM:3;VAN-KAM:4;VAN-KEL:1;VAN-KEL:2;VAN-KEL:3;VAN-KEL:4,7.214285714285714,0.7575776999854831
0.9590000000000001,0.725,0.03674661940736688,100206.44346793843,optimal,107.17407326270954,55,14,18,0,0.030017743045081,809,0.21682850000070175,CAL-EDM:1;CAL-EDM:2;CAL-EDM:3;CAL-SAS:1;CAL-SAS:2;CAL-SAS:3;CAL-SAS:4;CAL-SAS:5;CAL-SAS:6;CAL-SAS:7;Calgary;EDM-SAS:1;EDM-SAS:2;EDM-SAS:3;EDM-SAS:4;EDM-SAS:5;EDM-SAS:6;KAM-CAL:1;KAM-CAL:2;KAM-CAL:3;KAM-CAL:4;KAM-CAL:5;KAM-CAL:6;KAM-CAL:7;KAM-KEL:1;KAM-KEL:2;KEL-CAL:1;KEL-CAL:2;KEL-CAL:3;KEL-CAL:4;KEL-CAL:5;KEL-CAL:6;KEL-CAL:7;Kamloops;OTT-MON:1;OTT-MON:2;TOR-MON:1;TOR-MON:2;TOR-MON:3;TOR-MON:4;TOR-MON:5;TOR-MON:6;TOR-OTT:1;TOR-OTT:2;TOR-OTT:3;TOR-OTT:4;TOR-OTT:5;VAN-KAM:1;VAN-KAM:2;VAN-KAM:3;VAN-KAM:4;VAN-KEL:1;VAN-KEL:2;VAN-KEL:3;VAN-KEL:4,7.214285714285714,0.7575776999854831
0.9590000000000001,0.725,0.03674661940736688,126165.44702868049,optimal,111.82685529132041,55,14,18,0,0.030017743045081,809,0.387672199998633,CAL-EDM:1;CAL-EDM:2;CAL-EDM:3;CAL-SAS:1;CAL-SAS:2;CAL-SAS:3;CAL-SAS:4;CAL-SAS:5;CAL-SAS:6;CAL-SAS:7;Calgary;EDM-SAS:1;EDM-SAS:2;EDM-SAS:3;EDM-SAS:4;EDM-SAS:5;EDM-SAS:6;KAM-CAL:1;KAM-CAL:2;KAM-CAL:3;KAM-CAL:4;KAM-CAL:5;KAM-CAL:6;KAM-CAL:7;KAM-KEL:1;KAM-KEL:2;KEL-CAL:1;KEL-CAL:2;KEL-CAL:3;KEL-CAL:4;KEL-CAL:5;KEL-CAL:6;KEL-CAL:7;Kamloops;OTT-MON:1;OTT-MON:2;TOR-MON:1;TOR-MON:2;TOR-MON:3;TOR-MON:4;TOR-MON:5;TOR-MON:6;TOR-OTT:1;TOR-OTT:2;TOR-OTT:3;TOR-OTT:4;TOR-OTT:5;VAN-KAM:1;VAN-KAM:2;VAN-KAM:3;VAN-KAM:4;VAN-KEL:1;VAN-KEL:2;VAN-KEL:3;VAN-KEL:4,7.214285714285714,0.7575776999854831
0.9590000000000001,0.725,0.03674661940736688,158849.26630531237,optimal,117.05475885924359,55,17,18,0,0.0221885046944556,809,0.35145689999626484,CAL-EDM:1;CAL-EDM:2;CAL-EDM:3;CAL-SAS:1;CAL-SAS:2;CAL-SAS:3;CAL-SAS:4;CAL-SAS:5;CAL-SAS:6;CAL-SAS:7;Calgary;EDM-SAS:1;EDM-SAS:2;EDM-SAS:3;EDM-SAS:4;EDM-SAS:5;EDM-SAS:6;KAM-CAL:1;KAM-CAL:2;KAM-CAL:3;KAM-CAL:4;KAM-CAL:5;KAM-CAL:6;KAM-CAL:7;KAM-KEL:1;KAM-KEL:2;KEL-CAL:1;KEL-CAL:2;KEL-CAL:3;KEL-CAL:4;KEL-CAL:5;KEL-CAL:6;KEL-CAL:7;Kamloops;OTT-MON:1;OTT-MON:2;TOR-MON:1;TOR-MON:2;TOR-MON:3;TOR-MON:4;TOR-MON:5;TOR-MON:6;TOR-OTT:1;TOR-OTT:2;TOR-OTT:3;TOR-OTT:4;TOR-OTT:5;VAN-KAM:1;VAN-KAM:2;VAN-KAM:3;VAN-KAM:4;VAN-KEL:1;VAN-KEL:2;VAN-KEL:3;VAN-KEL:4,8.823529411764707,0.720862631186266
0.9590000000000001,0.725,0.03674661940736688,200000.0,optimal,122.70456560820647,55,17,18,0,0.0221885046944556,809,0.1617742000016733,CAL-EDM:1;CAL-EDM:2;CAL-EDM:3;CAL-SAS:1;CAL-SAS:2;CAL-SAS:3;CAL-SAS:4;CAL-SAS:5;CAL-SAS:6;CAL-SAS:7;Calgary;EDM-SAS:1;EDM-SAS:2;EDM-SAS:3;EDM-SAS:4;EDM-SAS:5;EDM-SAS:6;KAM-CAL:1;KAM-CAL:2;KAM-CAL:3;KAM-CAL:4;KAM-CAL:5;KAM-CAL:6;KAM-CAL:7;KAM-KEL:1;KAM-KEL:2;KEL-CAL:1;KEL-CAL:2;KEL-CAL:3;KEL-CAL:4;KEL-CAL:5;KEL-CAL:6;KEL-CAL:7;Kamloops;OTT-MON:1;OTT-MON:2;TOR-MON:1;TOR-MON:2;TOR-MON:3;TOR-MON:4;TOR-MON:5;TOR-MON:6;TOR-OTT:1;TOR-OTT:2;TOR-OTT:3;TOR-OTT:4;TOR-OTT:5;VAN-KAM:1;VAN-KAM:2;VAN-KAM:3;VAN-KAM:4;VAN-KEL:1;VAN-KEL:2;VAN-KEL:3;VAN-KEL:4,8.823529411764707,0.720862631186266
0.9590000000000001,0.725,0.04489251258218605,1000.0,optimal,25.305004111269668,46,10,18,0,0.04279211619645008,809,0.08147530000132974,CAL-EDM:1;CAL-EDM:2;CAL-EDM:3;CAL-SAS:1;CAL-SAS:2;CAL-SAS:3;CAL-SAS:4;CAL-SAS:5;CAL-SAS:6;CAL-SAS:7;EDM-SAS:1;EDM-SAS:2;EDM-SAS:3;EDM-SAS:4;EDM-SAS:5;EDM-SAS:6;KAM-CAL:1;KAM-CAL:2;KAM-CAL:3;KAM-CAL:4;KAM-CAL:5;KAM-CAL:6;KAM-CAL:7;KAM-KEL:1;KAM-KEL:2;OTT-MON:1;OTT-MON:2;TOR-MON:1;TOR-MON:2;TOR-MON:3;TOR-MON:4;TOR-MON:5;TOR-MON:6;TOR-OTT:1;TOR-OTT:2;TOR-OTT:3;TOR-OTT:4;TOR-OTT:5;VAN-KAM:1;VAN-KAM:2;VAN-KAM:3;VAN-KAM:4;VAN-KEL:1;VAN-KEL:2;VAN-KEL:3;VAN-KEL:4,5.6,0.8002580189549644
0.9590000000000001,0.725,0.04489251258218605,1259.0552330005396,optimal,28.628419845954333,46,10,18,0,0.04279211619645008,809,0.10095220000221161,CAL-EDM:1;CAL-EDM:2;CAL-EDM:3;CAL-SAS:1;CAL-SAS:2;CAL-SAS:3;CAL-SAS:4;CAL-SAS:5;CAL-SAS:6;CAL-SAS:7;EDM-SAS:1;EDM-SAS:2;EDM-SAS:3;EDM-SAS:4;EDM-SAS:5;EDM-SAS:6;KAM-CAL:1;KAM-CAL:2;KAM-CAL:3;KAM-CAL:4;KAM-CAL:5;KAM-CAL:6;KAM-CAL:7;KAM-KEL:1;KAM-KEL:2;OTT-MON:1;OTT-MON:2;TOR-MON:1;TOR-MON:2;TOR-MON:3;TOR-MON:4;TOR-MON:5;TOR-MON:6;TOR-OTT:1;TOR-OTT:2;TOR-OTT:3;TOR-OTT:4;TOR-OTT:5;VAN-KAM:1;VAN-KAM:2;VAN-KAM:3;VAN-KAM:4;VAN-KEL:1;VAN-KEL:2;VAN-KEL:3;VAN-KEL:4,5.6,0.8002580189549644
0.9590000000000001,0.725,0.04489251258218605,1585.220079746043,optimal,32.145918338609654,53,11,18,0,0.03319923187926317,809,0.06332830000610556,CAL-EDM:1;CAL-EDM:2;CAL-EDM:3;CAL-SAS:1;CAL-SAS:2;CAL-SAS:3;CAL-SAS:4;CAL-SAS:5;CAL-SAS:6;CAL-SAS:7;EDM-SAS:1;EDM-SAS:2;EDM-SAS:3;EDM-SAS:4;EDM-SAS:5;EDM-SAS:6;KAM-CAL:1;KAM-CAL:2;KAM-CAL:3;KAM-CAL:4;KAM-CAL:5;KAM-CAL:6;KAM-CAL:7;KAM-KEL:1;KAM-KEL:2;KEL-CAL:1;KEL-CAL:2;KEL-CAL:3;KEL-CAL:4;KEL-CAL:5;KEL-CAL:6;KEL-CAL:7;OTT-MON:1;OTT-MON:2;TOR-MON:1;TOR-MON:2;TOR-MON:3;TOR-MON:4;TOR-MON:5;TOR-MON:6;TOR-OTT:1;TOR-OTT:2;TOR-OTT:3;TOR-OTT:4;TOR-OTT:5;VAN-KAM:1;VAN-KAM:2;VAN-KAM:3;VAN-KAM:4;VAN-KEL:1;VAN-KEL:2;VAN-KEL:3;VAN-KEL:4,5.818181818181818,0.7937204516464198
0.9590000000000001,0.725,0.04489251258218605,1995.879636861788,optimal,35.801675646762774,53,11,18,0,0.03319923187926317,809,0.06621630000154255,CAL-EDM:1;CAL-EDM:2;CAL-EDM:3;CAL-SAS:1;CAL-SAS:2;CAL-SAS:3;CAL-SAS:4;CAL-SAS:5;CAL-SAS:6;CAL-SAS:7;EDM-SAS:1;EDM-SAS:2;EDM-SAS:3;EDM-SAS:4;EDM-SAS:5;EDM-SAS:6;KAM-CAL:1;KAM-CAL:2;KAM-CAL:3;KAM-CAL:4;KAM-CAL:5;KAM-CAL:6;KAM-CAL:7;KAM-KEL:1;KAM-KEL:2;KEL-CAL:1;KEL-CAL:2;KEL-CAL:3;KEL-CAL:4;KEL-CAL:5;KEL-CAL:6;KEL-CAL:7;OTT-MON:1;OTT-MON:2;TOR-MON:1;TOR-MON:2;TOR-MON:3;TOR-MON:4;TOR-MON:5;TOR-MON:6;TOR-OTT:1;TOR-OTT:2;TOR-OTT:3;TOR-OTT:4;TOR-OTT:5;VAN-KAM:1;VAN-KAM:2;VAN-KAM:3;VAN-KAM:4;VAN-KEL:1;VAN-KEL:2;VAN-KEL:3;VAN-KEL:4,5.818181818181818,0.7937204516464198
0.9590000000000001,0.725,0.04489251258218605,2512.9227012300507,optimal,39.45743295491591,53,11,18,0,0.030017743045081,809,0.07847369999944931,CAL-EDM:1;CAL-EDM:2;CAL-EDM:3;CAL-SAS:1;CAL-SAS:2;CAL-SAS:3;CAL-SAS:4;CAL-SAS:5;CAL-SAS:6;CAL-SAS:7;EDM-SAS:1;EDM-SAS:2;EDM-SAS:3;EDM-SAS:4;EDM-SAS:5;EDM-SAS:6;KAM-CAL:1;KAM-CAL:2;KAM-CAL:3;KAM-CAL:4;KAM-CAL:5;KAM-CAL:6;KAM-CAL:7;KAM-KEL:1;KAM-KEL:2;KEL-CAL:1;KEL-CAL:2;KEL-CAL:3;KEL-CAL:4;KEL-CAL:5;KEL-CAL:6;KEL-CAL:7;OTT-MON:1;OTT-MON:2;TOR-MON:1;TOR-MON:2;TOR-MON:3;TOR-MON:4;TOR-MON:5;TOR-MON:6;TOR-OTT:1;TOR-OTT:2;TOR-OTT:3;TOR-OTT:4;TOR-OTT:5;VAN-KAM:1;VAN-KAM:2;VAN-KAM:3;VAN-KAM:4;VAN-KEL:1;VAN-KEL:2;VAN-KEL:3;VAN-KEL:4,5.818181818181818,0.7937204516464198
0.9590000000000001,0.725,0.04489251258218605,3163.9084771095468,optimal,43.113190263069036,53,11,18,0,0.030017743045081,809,0.0647880999968038,CAL-EDM:1;CAL-EDM:2;CAL-EDM:3;CAL-SAS:1;CAL-SAS:2;CAL-SAS:3;CAL-SAS:4;CAL-SAS:5;CAL-SAS:6;CAL-SAS:7;EDM-SAS:1;EDM-SAS:2;EDM-SAS:3;EDM-SAS:4;EDM-SAS:5;EDM-SAS:6;KAM-CAL:1;KAM-CAL:2;KAM-CAL:3;KAM-CAL:4;KAM-CAL:5;KAM-CAL:6;KAM-CAL:7;KAM-KEL:1;KAM-KEL:2;KEL-CAL:1;KEL-CAL:2;KEL-CAL:3;KEL-CAL:4;KEL-CAL:5;KEL-CAL:6;KEL-CAL:7;OTT-MON:1;OTT-MON:2;TOR-MON:1;TOR-MON:2;TOR-MON:3;TOR-MON:4;TOR-MON:5;TOR-MON:6;TOR-OTT:1;TOR-OTT:2;TOR-OTT:3;TOR-OTT:4;TOR-OTT:5;VAN-KAM:1;VAN-KAM:2;VAN-KAM:3;VAN-KAM:4;VAN-KEL:1;VAN-KEL:2;VAN-KEL:3;VAN-KEL:4,5.818181818181818,0.7937204516464198
0.9590000000000001,0.725,0.04489251258218605,3983.5355248395426,optimal,46.76894757122217,53,11,18,0,0.03319923187926317,809,0.08964099999866448,CAL-EDM:1;CAL-EDM:2;CAL-EDM:3;CAL-SAS:1;CAL-SAS:2;CAL-SAS:3;CAL-SAS:4;CAL-SAS:5;CAL-SAS:6;CAL-SAS:7;EDM-SAS:1;EDM-SAS:2;EDM-SAS:3;EDM-SAS:4;EDM-SAS:5;EDM-SAS:6;KAM-CAL:1;KAM-CAL:2;KAM-CAL:3;KAM-CAL:4;KAM-CAL:5;KAM-CAL:6;KAM-CAL:7;KAM-KEL:1;KAM-KEL:2;KEL-CAL:1;KEL-CAL:2;KEL-CAL:3;KEL-CAL:4;KEL-CAL:5;KEL-CAL:6;KEL-CAL:7;OTT-MON:1;OTT-MON:2;TOR-MON:1;TOR-MON:2;TOR-MON:3;TOR-MON:4;TOR-MON:5;TOR-MON:6;TOR-OTT:1;TOR-OTT:2;TOR-OTT:3;TOR-OTT:4;TOR-OTT:5;VAN-KAM:1;VAN-KAM:2;VAN-KAM:3;VAN-KAM:4;VAN-KEL:1;VAN-KEL:2;VAN-KEL:3;VAN-KEL:4,5.818181818181818,0.7937204516464198
0.9590000000000001,0.725,0.04489251258218605,5015.4912483927765,optimal,50.424704879375305,53,11,18,0,0.03319923187926317,809,0.08706189999793423,CAL-EDM:1;CAL-EDM:2;CAL-EDM:3;CAL-SAS:1;CAL-SAS:2;CAL-SAS:3;CAL-SAS:4;CAL-SAS:5;CAL-SAS:6;CAL-SAS:7;EDM-SAS:1;EDM-SAS:2;EDM-SAS:3;EDM-SAS:4;EDM-SAS:5;EDM-SAS:6;KAM-CAL:1;KAM-CAL:2;KAM-CAL:3;KAM-CAL:4;KAM-CAL:5;KAM-CAL:6;KAM-CAL:7;KAM-KEL:1;KAM-KEL:2;KEL-CAL:1;KEL-CAL:2;KEL-CAL:3;KEL-CAL:4;KEL-CAL:5;KEL-CAL:6;KEL-CAL:7;OTT-MON:1;OTT-MON:2;TOR-MON:1;TOR-MON:2;TOR-MON:3;TOR-MON:4;TOR-MON:5;TOR-MON:6;TOR-OTT:1;TOR-OTT:2;TOR-OTT:3;TOR-OTT:4;TOR-OTT:5;VAN-KAM:1;VAN-KAM:2;VAN-KAM:3;VAN-KAM:4;VAN-KEL:1;VAN-KEL:2;VAN-KEL:3;VAN-KEL:4,5.818181818181818,0.7937204516464198
0.9590000000000001,0.725,0.04489251258218605,6314.780502357335,optimal,54.08046218752847,53,11,18,0,0.03319923187926317,809,0.0896305000060238,CAL-EDM:1;CAL-EDM:2;CAL-EDM:3;CAL-SAS:1;CAL-SAS:2;CAL-SAS:3;CAL-SAS:4;CAL-SAS:5;CAL-SAS:6;CAL-SAS:7;EDM-SAS:1;EDM-SAS:2;EDM-SAS:3;EDM-SAS:4;EDM-SAS:5;EDM-SAS:6;KAM-CAL:1;KAM-CAL:2;KAM-CAL:3;KAM-CAL:4;KAM-CAL:5;KAM-CAL:6;KAM-CAL:7;KAM-KEL:1;KAM-KEL:2;KEL-CAL:1;KEL-CAL:2;KEL-CAL:3;KEL-CAL:4;KEL-CAL:5;KEL-CAL:6;KEL-CAL:7;OTT-MON:1;OTT-MON:2;TOR-MON:1;TOR-MON:2;TOR-MON:3;TOR-MON:4;TOR-MON:5;TOR-MON:6;TOR-OTT:1;TOR-OTT:2;TOR-OTT:3;TOR-OTT:4;TOR-OTT:5;VAN-KAM:1;VAN-KAM:2;VAN-KAM:3;VAN-KAM:4;VAN-KEL:1;VAN-KEL:2;VAN-KEL:3;VAN-KEL:4,5.818181818181818,0.7937204516464198
0.9590000000000001,0.725,0.04489251258218605,7950.657436742778,optimal,57.755732176744665,54,12,18,0,0.03319923187926317,809,0.08440279999922495,CAL-EDM:1;CAL-EDM:2;CAL-EDM:3;CAL-SAS:1;CAL-SAS:2;CAL-SAS:3;CAL-SAS:4;CAL-SAS:5;CAL-SAS:6;CAL-SAS:7;Calgary;EDM-SAS:1;EDM-SAS:2;EDM-SAS:3;EDM-SAS:4;EDM-SAS:5;EDM-SAS:6;KAM-CAL:1;KAM-CAL:2;KAM-CAL:3;KAM-CAL:4;KAM-CAL:5;KAM-CAL:6;KAM-CAL:7;KAM-KEL:1;KAM-KEL:2;KEL-CAL:1;KEL-CAL:2;KEL-CAL:3;KEL-CAL:4;KEL-CAL:5;KEL-CAL:6;KEL-CAL:7;OTT-MON:1;OTT-MON:2;TOR-MON:1;TOR-MON:2;TOR-MON:3;TOR-MON:4;TOR-MON:5;TOR-MON:6;TOR-OTT:1;TOR-OTT:2;TOR-OTT:3;TOR-OTT:4;TOR-OTT:5;VAN-KAM:1;VAN-KAM:2;VAN-KAM:3;VAN-KAM:4;VAN-KEL:1;VAN-KEL:2;VAN-KEL:3;VAN-KEL:4,6.333333333333333,0.7802450346431629
0.9590000000000001,0.725,0.04489251258218605,10010.316851525651,optimal,61.743831058366226,54,12,18,0,0.03319923187926317,809,0.12051570000039646,CAL-EDM:1;CAL-EDM:2;CAL-EDM:3;CAL-SAS:1;CAL-SAS:2;CAL-SAS:3;CAL-SAS:4;CAL-SAS:5;CAL-SAS:6;CAL-SAS:7;Calgary;EDM-SAS:1;EDM-SAS:2;EDM-SAS:3;EDM-SAS:4;EDM-SAS:5;EDM-SAS:6;KAM-CAL:1;KAM-CAL:2;KAM-CAL:3;KAM-CAL:4;KAM-CAL:5;KAM-CAL:6;KAM-CAL:7;KAM-KEL:1;KAM-KEL:2;KEL-CAL:1;KEL-CAL:2;KEL-CAL:3;KEL-CAL:4;KEL-CAL:5;KEL-CAL:6;KEL-CAL:7;OTT-MON:1;OTT-MON:2;TOR-MON:1;TOR-MON:2;TOR-MON:3;TOR-MON:4;TOR-MON:5;TOR-MON:6;TOR-OTT:1;TOR-OTT:2;TOR-OTT:3;TOR-OTT:4;TOR-OTT:5;VAN-KAM:1;VAN-KAM:2;VAN-KAM:3;VAN-KAM:4;VAN-KEL:1;VAN-KEL:2;VAN-KEL:3;VAN-KEL:4,6.333333333333333,0.7802450346431629
0.9590000000000001,0.725,0.04489251258218605,12603.541815906843,optimal,65.73192993998784,54,12,18,0,0.03319923187926317,809,0.1311881000001449,CAL-EDM:1;CAL-EDM:2;CAL-EDM:3;CAL-SAS:1;CAL-SAS:2;CAL-SAS:3;CAL-SAS:4;CAL-SAS:5;CAL-SAS:6;CAL-SAS:7;Calgary;EDM-SAS:1;EDM-SAS:2;EDM-SAS:3;EDM-SAS:4;EDM-SAS:5;EDM-SAS:6;KAM-CAL:1;KAM-CAL:2;KAM-CAL:3;KAM-CAL:4;KAM-CAL:5;KAM-CAL:6;KAM-CAL:7;KAM-KEL:1;KAM-KEL:2;KEL-CAL:1;KEL-CAL:2;KEL-CAL:3;KEL-CAL:4;KEL-CAL:5;KEL-CAL:6;KEL-CAL:7;OTT-MON:1;OTT-MON:2;TOR-MON:1;TOR-MON:2;TOR-MON:3;TOR-MON:4;TOR-MON:5;TOR-MON:6;TOR-OTT:1;TOR-OTT:2;TOR-OTT:3;TOR-OTT:4;TOR-OTT:5;VAN-KAM:1;VAN-KAM:2;VAN-KAM:3;VAN-KAM:4;VAN-KEL:1;VAN-KEL:2;VAN-KEL:3;VAN-KEL:4,6.333333333333333,0.7802450346431629
0.9590000000000001,0.725,0.04489251258218605,15868.55527765865,optimal,69.9518170342391,55,14,18,0,0.030017743045081,809,0.1580753000016557,CAL-EDM:1;CAL-EDM:2;CAL-EDM:3;CAL-SAS:1;CAL-SAS:2;CAL-SAS:3;CAL-SAS:4;CAL-SAS:5;CAL-SAS:6;CAL-SAS:7;Calgary;EDM-SAS:1;EDM-SAS:2;EDM-SAS:3;EDM-SAS:4;EDM-SAS:5;EDM-SAS:6;KAM-CAL:1;KAM-CAL:2;KAM-CAL:3;KAM-CAL:4;KAM-CAL:5;KAM-CAL:6;KAM-CAL:7;KAM-KEL:1;KAM-KEL:2;KEL-CAL:1;KEL-CAL:2;KEL-CAL:3;KEL-CAL:4;KEL-CAL:5;KEL-CAL:6;KEL-CAL:7;Kamloops;OTT-MON:1;OTT-MON:2;TOR-MON:1;TOR-MON:2;TOR-MON:3;TOR-MON:4;TOR-MON:5;TOR-MON:6;TOR-OTT:1;TOR-OTT:2;TOR-OTT:3;TOR-OTT:4;TOR-OTT:5;VAN-KAM:1;VAN-KAM:2;VAN-KAM:3;VAN-KAM:4;VAN-KEL:1;VAN-KEL:2;VAN-KEL:3;VAN-KEL:4,7.214285714285714,0.7575776999854831
0.9590000000000001,0.725,0.04489251258218605,19979.387562494434,optimal,74.60459906279762,55,14,18,0,0.030017743045081,809,0.10574379999889061,CAL-EDM:1;CAL-EDM:2;CAL-EDM:3;CAL-SAS:1;CAL-SAS:2;CAL-SAS:3;CAL-SAS:4;CAL-SAS:5;CAL-SAS:6;CAL-SAS:7;Calgary;EDM-SAS:1;EDM-SAS:2;EDM-SAS:3;EDM-SAS:4;EDM-SAS:5;EDM-SAS:6;KAM-CAL:1;KAM-CAL:2;KAM-CAL:3;KAM-CAL:4;KAM-CAL:5;KAM-CAL:6;KAM-CAL:7;KAM-KEL:1;KAM-KEL:2;KEL-CAL:1;KEL-CAL:2;KEL-CAL:3;KEL-CAL:4;KEL-CAL:5;KEL-CAL:6;KEL-CAL:7;Kamloops;OTT-MON:1;OTT-MON:2;TOR-MON:1;TOR-MON:2;TOR-MON:3;TOR-MON:4;TOR-MON:5;TOR-MON:6;TOR-OTT:1;TOR-OTT:2;TOR-OTT:3;TOR-OTT:4;TOR-OTT:5;VAN-KAM:1;VAN-KAM:2;VAN-KAM:3;VAN-KAM:4;VAN-KEL:1;VAN-KEL:2;VAN-KEL:3;VAN-KEL:4,7.214285714285714,0.7575776999854831
0.9590000000000001,0.725,0.04489251258218605,25155.152462704536,optimal,79.25738109135618,55,14,18,0,0.030017743045081,809,0.11744680000265362,CAL-EDM:1;CAL-EDM:2;CAL-EDM:3;CAL-SAS:1;CAL-SAS:2;CAL-SAS:3;CAL-SAS:4;CAL-SAS:5;CAL-SAS:6;CAL-SAS:7;Calgary;EDM-SAS:1;EDM-SAS:2;EDM-SAS:3;EDM-SAS:4;EDM-SAS:5;EDM-SAS:6;KAM-CAL:1;KAM-CAL:2;KAM-CAL:3;KAM-CAL:4;KAM-CAL:5;KAM-CAL:6;KAM-CAL:7;KAM-KEL:1;KAM-KEL:2;KEL-CAL:1;KEL-CAL:2;KEL-CAL:3;KEL-CAL:4;KEL-CAL:5;KEL-CAL:6;KEL-CAL:7;Kamloops;OTT-MON:1;OTT-MON:2;TOR-MON:1;TOR-MON:2;TOR-MON:3;TOR-MON:4;TOR-MON:5;TOR-MON:6;TOR-OTT:1;TOR-OTT:2;TOR-OTT:3;TOR-OTT:4;TOR-OTT:5;VAN-KAM:1;VAN-KAM:2;VAN-KAM:3;VAN-KAM:4;VAN-KEL:1;VAN-KEL:2;VAN-KEL:3;VAN-KEL:4,7.214285714285714,0.7575776999854831
0.9590000000000001,0.725,0.04489251258218605,31671.726345094525,optimal,83.91016311991466,55,14,18,0,0.030017743045081,809,0.1737317000006442,CAL-EDM:1;CAL-EDM:2;CAL-EDM:3;CAL-SAS:1;CAL-SAS:2;CAL-SAS:3;CAL-SAS:4;CAL-SAS:5;CAL-SAS:6;CAL-SAS:7;Calgary;EDM-SAS:1;EDM-SAS:2;EDM-SAS:3;EDM-SAS:4;EDM-SAS:5;EDM-SAS:6;KAM-CAL:1;KAM-CAL:2;KAM-CAL:3;KAM-CAL:4;KAM-CAL:5;KAM-CAL:6;KAM-CAL:7;KAM-KEL:1;KAM-KEL:2;KEL-CAL:1;KEL-CAL:2;KEL-CAL:3;KEL-CAL:4;KEL-CAL:5;KEL-CAL:6;KEL-CAL:7;Kamloops;OTT-MON:1;OTT-MON:2;TOR-MON:1;TOR-MON:2;TOR-MON:3;TOR-MON:4;TOR-MON:5;TOR-MON:6;TOR-OTT:1;TOR-OTT:2;TOR-OTT:3;TOR-OTT:4;TOR-OTT:5;VAN-KAM:1;VAN-KAM:2;VAN-KAM:3;VAN-KAM:4;VAN-KEL:1;VAN-KEL:2;VAN-KEL:3;VAN-KEL:4,7.214285714285714,0.7575776999854831
0.9590000000000001,0.725,0.04489251258218605,39876.452792952354,optimal,88.5629451484732,55,14,18,0,0.030017743045081,809,0.14923219999764115,CAL-EDM:1;CAL-EDM:2;CAL-EDM:3;CAL-SAS:1;CAL-SAS:2;CAL-SAS:3;CAL-SAS:4;CAL-SAS:5;CAL-SAS:6;CAL-SAS:7;Calgary;EDM-SAS:1;EDM-SAS:2;EDM-SAS:3;EDM-SAS:4;EDM-SAS:5;EDM-SAS:6;KAM-CAL:1;KAM-CAL:2;KAM-CAL:3;KAM-CAL:4;KAM-CAL:5;KAM-CAL:6;KAM-CAL:7;KAM-KEL:1;KAM-KEL:2;KEL-CAL:1;KEL-CAL:2;KEL-CAL:3;KEL-CAL:4;KEL-CAL:5;KEL-CAL:6;KEL-CAL:7;Kamloops;OTT-MON:1;OTT-MON:2;TOR-MON:1;TOR-MON:2;TOR-MON:3;TOR-MON:4;TOR-MON:5;TOR-MON:6;TOR-OTT:1;TOR-OTT:2;TOR-OTT:3;TOR-OTT:4;TOR-OTT:5;VAN-KAM:1;VAN-KAM:2;VAN-KAM:3;VAN-KAM:4;VAN-KEL:1;VAN-KEL:2;VAN-KEL:3;VAN-KEL:4,7.214285714285714,0.7575776999854831
0.9590000000000001,0.725,0.04489251258218605,50206.65656246559,optimal,93.21572717703177,55,14,18,0,0.030017743045081,809,0.1313942000051611,CAL-EDM:1;CAL-EDM:2;CAL-EDM:3;CAL-SAS:1;CAL-SAS:2;CAL-SAS:3;CAL-SAS:4;CAL-SAS:5;CAL-SAS:6;CAL-SAS:7;Calgary;EDM-SAS:1;EDM-SAS:2;EDM-SAS:3;EDM-SAS:4;EDM-SAS:5;EDM-SAS:6;KAM-CAL:1;KAM-CAL:2;KAM-CAL:3;KAM-CAL:4;KAM-CAL:5;KAM-CAL:6;KAM-CAL:7;KAM-KEL:1;KAM-KEL:2;KEL-CAL:1;KEL-CAL:2;KEL-CAL:3;KEL-CAL:4;KEL-CAL:5;KEL-CAL:6;KEL-CAL:7;Kamloops;OTT-MON:1;OTT-MON:2;TOR-MON:1;TOR-MON:2;TOR-MON:3;TOR-MON:4;TOR-MON:5;TOR-MON:6;TOR-OTT:1;TOR-OTT:2;TOR-OTT:3;TOR-OTT:4;TOR-OTT:5;VAN-KAM:1;VAN-KAM:2;VAN-KAM:3;VAN-KAM:4;VAN-KEL:1;VAN-KEL:2;VAN-KEL:3;VAN-KEL:4,7.214285714285714,0.7575776999854831
0.9590000000000001,0.725,0.04489251258218605,63212.953676433244,optimal,97.86850920559041,55,14,18,0,0.030017743045081,809,0.13530790000368143,CAL-EDM:1;CAL-EDM:2;CAL-EDM:3;CAL-SAS:1;CAL-SAS:2;CAL-SAS:3;CAL-SAS:4;CAL-SAS:5;CAL-SAS:6;CAL-SAS:7;Calgary;EDM-SAS:1;EDM-SAS:2;EDM-SAS:3;EDM-SAS:4;EDM-SAS:5;EDM-SAS:6;KAM-CAL:1;KAM-CAL:2;KAM-CAL:3;KAM-CAL:4;KAM-CAL:5;KAM-CAL:6;KAM-CAL:7;KAM-KEL:1;KAM-KEL:2;KEL-CAL:1;KEL-CAL:2;KEL-CAL:3;KEL-CAL:4;KEL-CAL:5;KEL-CAL:6;KEL-CAL:7;Kamloops;OTT-MON:1;OTT-MON:2;TOR-MON:1;TOR-MON:2;TOR-MON:3;TOR-MON:4;TOR-MON:5;TOR-MON:6;TOR-OTT:1;TOR-OTT:2;TOR-OTT:3;TOR-OTT:4;TOR-OTT:5;VAN-KAM:1;VAN-KAM:2;VAN-KAM:3;VAN-KAM:4;VAN-KEL:1;VAN-KEL:2;VAN-KEL:3;VAN-KEL:4,7.214285714285714,0.7575776999854831
0.9590000000000001,0.725,0.04489251258218605,79588.60011973389,optimal,102.52129123414878,55,14,18,0,0.030017743045081,809,0.1655142999952659,CAL-EDM:1;CAL-EDM:2;CAL-EDM:3;CAL-SAS:1;CAL-SAS:2;CAL-SAS:3;CAL-SAS:4;CAL-SAS:5;CAL-SAS:6;CAL-SAS:7;Calgary;EDM-SAS:1;EDM-SAS:2;EDM-SAS:3;EDM-SAS:4;EDM-SAS:5;EDM-SAS:6;KAM-CAL:1;KAM-CAL:2;KAM-CAL:3;KAM-CAL:4;KAM-CAL:5;KAM-CAL:6;KAM-CAL:7;KAM-KEL:1;KAM-KEL:2;KEL-CAL:1;KEL-CAL:2;KEL-CAL:3;KEL-CAL:4;KEL-CAL:5;KEL-CAL:6;KEL-CAL:7;Kamloops;OTT-MON:1;OTT-MON:2;TOR-MON:1;TOR-MON:2;TOR-MON:3;TOR-MON:4;TOR-MON:5;TOR-MON:6;TOR-OTT:1;TOR-OTT:2;TOR-OTT:3;TOR-OTT:4;TOR-OTT:5;VAN-KAM:1;VAN-KAM:2;VAN-KAM:3;VAN-KAM:4;VAN-KEL:1;VAN-KEL:2;VAN-KEL:3;VAN-KEL:4,7.214285714285714,0.7575776999854831
0.9590000000000001,0.725,0.04489251258218605,100206.44346793843,optimal,107.17407326270954,55,14,18,0,0.030017743045081,809,0.19890940000186674,CAL-EDM:1;CAL-EDM:2;CAL-EDM:3;CAL-SAS:1;CAL-SAS:2;CAL-SAS:3;CAL-SAS:4;CAL-SAS:5;CAL-SAS:6;CAL-SAS:7;Calgary;EDM-SAS:1;EDM-SAS:2;EDM-SAS:3;EDM-SAS:4;EDM-SAS:5;EDM-SAS:6;KAM-CAL:1;KAM-CAL:2;KAM-CAL:3;KAM-CAL:4;KAM-CAL:5;KAM-CAL:6;KAM-CAL:7;KAM-KEL:1;KAM-KEL:2;KEL-CAL:1;KEL-CAL:2;KEL-CAL:3;KEL-CAL:4;KEL-CAL:5;KEL-CAL:6;KEL-CAL:7;Kamloops;OTT-MON:1;OTT-MON:2;TOR-MON:1;TOR-MON:2;TOR-MON:3;TOR-MON:4;TOR-MON:5;TOR-MON:6;TOR-OTT:1;TOR-OTT:2;TOR-OTT:3;TOR-OTT:4;TOR-OTT:5;VAN-KAM:1;VAN-KAM:2;VAN-KAM:3;VAN-KAM:4;VAN-KEL:1;VAN-KEL:2;VAN-KEL:3;VAN-KEL:4,7.214285714285714,0.7575776999854831
0.9590000000000001,0.725,0.04489251258218605,126165.44702868049,optimal,111.82685529132041,55,14,18,0,0.030017743045081,809,0.38716109999950277,CAL-EDM:1;CAL-EDM:2;CAL-EDM:3;CAL-SAS:1;CAL-SAS:2;CAL-SAS:3;CAL-SAS:4;CAL-SAS:5;CAL-SAS:6;CAL-SAS:7;Calgary;EDM-SAS:1;EDM-SAS:2;EDM-SAS:3;EDM-SAS:4;EDM-SAS:5;EDM-SAS:6;KAM-CAL:1;KAM-CAL:2;KAM-CAL:3;KAM-CAL:4;KAM-CAL:5;KAM-CAL:6;KAM-CAL:7;KAM-KEL:1;KAM-KEL:2;KEL-CAL:1;KEL-CAL:2;KEL-CAL:3;KEL-CAL:4;KEL-CAL:5;KEL-CAL:6;KEL-CAL:7;Kamloops;OTT-MON:1;OTT-MON:2;TOR-MON:1;TOR-MON:2;TOR-MON:3;TOR-MON:4;TOR-MON:5;TOR-MON:6;TOR-OTT:1;TOR-OTT:2;TOR-OTT:3;TOR-OTT:4;TOR-OTT:5;VAN-KAM:1;VAN-KAM:2;VAN-KAM:3;VAN-KAM:4;VAN-KEL:1;VAN-KEL:2;VAN-KEL:3;VAN-KEL:4,7.214285714285714,0.7575776999854831
0.9590000000000001,0.725,0.04489251258218605,158849.26630531237,optimal,117.05475885924359,55,17,18,0,0.0221885046944556,809,0.31918549999682,CAL-EDM:1;CAL-EDM:2;CAL-EDM:3;CAL-SAS:1;CAL-SAS:2;CAL-SAS:3;CAL-SAS:4;CAL-SAS:5;CAL-SAS:6;CAL-SAS:7;Calgary;EDM-SAS:1;EDM-SAS:2;EDM-SAS:3;EDM-SAS:4;EDM-SAS:5;EDM-SAS:6;KAM-CAL:1;KAM-CAL:2;KAM-CAL:3;KAM-CAL:4;KAM-CAL:5;KAM-CAL:6;KAM-CAL:7;KAM-KEL:1;KAM-KEL:2;KEL-CAL:1;KEL-CAL:2;KEL-CAL:3;KEL-CAL:4;KEL-CAL:5;KEL-CAL:6;KEL-CAL:7;Kamloops;OTT-MON:1;OTT-MON:2;TOR-MON:1;TOR-MON:2;TOR-MON:3;TOR-MON:4;TOR-MON:5;TOR-MON:6;TOR-OTT:1;TOR-OTT:2;TOR-OTT:3;TOR-OTT:4;TOR-OTT:5;VAN-KAM:1;VAN-KAM:2;VAN-KAM:3;VAN-KAM:4;VAN-KEL:1;VAN-KEL:2;VAN-KEL:3;VAN-KEL:4,8.823529411764707,0.720862631186266
0.9590000000000001,0.725,0.04489251258218605,200000.0,optimal,122.70456560820647,55,17,18,0,0.0221885046944556,809,0.1302514000053634,CAL-EDM:1;CAL-EDM:2;CAL-EDM:3;CAL-SAS:1;CAL-SAS:2;CAL-SAS:3;CAL-SAS:4;CAL-SAS:5;CAL-SAS:6;CAL-SAS:7;Calgary;EDM-SAS:1;EDM-SAS:2;EDM-SAS:3;EDM-SAS:4;EDM-SAS:5;EDM-SAS:6;KAM-CAL:1;KAM-CAL:2;KAM-CAL:3;KAM-CAL:4;KAM-CAL:5;KAM-CAL:6;KAM-CAL:7;KAM-KEL:1;KAM-KEL:2;KEL-CAL:1;KEL-CAL:2;KEL-CAL:3;KEL-CAL:4;KEL-CAL:5;KEL-CAL:6;KEL-CAL:7;Kamloops;OTT-MON:1;OTT-MON:2;TOR-MON:1;TOR-MON:2;TOR-MON:3;TOR-MON:4;TOR-MON:5;TOR-MON:6;TOR-OTT:1;TOR-OTT:2;TOR-OTT:3;TOR-OTT:4;TOR-OTT:5;VAN-KAM:1;VAN-KAM:2;VAN-KAM:3;VAN-KAM:4;VAN-KEL:1;VAN-KEL:2;VAN-KEL:3;VAN-KEL:4,8.823529411764707,0.720862631186266
0.9590000000000001,0.725,0.05484416576121018,1000.0,optimal,25.305004111269668,46,10,18,0,0.04279211619645008,809,0.07646629999362631,CAL-EDM:1;CAL-EDM:2;CAL-EDM:3;CAL-SAS:1;CAL-SAS:2;CAL-SAS:3;CAL-SAS:4;CAL-SAS:5;CAL-SAS:6;CAL-SAS:7;EDM-SAS:1;EDM-SAS:2;EDM-SAS:3;EDM-SAS:4;EDM-SAS:5;EDM-SAS:6;KAM-CAL:1;KAM-CAL:2;KAM-CAL:3;KAM-CAL:4;KAM-CAL:5;KAM-CAL:6;KAM-CAL:7;KAM-KEL:1;KAM-KEL:2;OTT-MON:1;OTT-MON:2;TOR-MON:1;TOR-MON:2;TOR-MON:3;TOR-MON:4;TOR-MON:5;TOR-MON:6;TOR-OTT:1;TOR-OTT:2;TOR-OTT:3;TOR-OTT:4;TOR-OTT:5;VAN-KAM:1;VAN-KAM:2;VAN-KAM:3;VAN-KAM:4;VAN-KEL:1;VAN-KEL:2;VAN-KEL:3;VAN-KEL:4,5.6,0.8002580189549644
0.9590000000000001,0.725,0.05484416576121018,1259.0552330005396,optimal,28.628419845954333,46,10,18,0,0.04279211619645008,809,0.08543400000053225,CAL-EDM:1;CAL-EDM:2;CAL-EDM:3;CAL-SAS:1;CAL-SAS:2;CAL-SAS:3;CAL-SAS:4;CAL-SAS:5;CAL-SAS:6;CAL-SAS:7;EDM-SAS:1;EDM-SAS:2;EDM-SAS:3;EDM-SAS:4;EDM-SAS:5;EDM-SAS:6;KAM-CAL:1;KAM-CAL:2;KAM-CAL:3;KAM-CAL:4;KAM-CAL:5;KAM-CAL:6;KAM-CAL:7;KAM-KEL:1;KAM-KEL:2;OTT-MON:1;OTT-MON:2;TOR-MON:1;TOR-MON:2;TOR-MON:3;TOR-MON:4;TOR-MON:5;TOR-MON:6;TOR-OTT:1;TOR-OTT:2;TOR-OTT:3;TOR-OTT:4;TOR-OTT:5;VAN-KAM:1;VAN-KAM:2;VAN-KAM:3;VAN-KAM:4;VAN-KEL:1;VAN-KEL:2;VAN-KEL:3;VAN-KEL:4,5.6,0.8002580189549644
0.9590000000000001,0.725,0.05484416576121018,1585.220079746043,optimal,32.145918338609654,53,11,18,0,0.03319923187926317,809,0.10404900000139605,CAL-EDM:1;CAL-EDM:2;CAL-EDM:3;CAL-SAS:1;CAL-SAS:2;CAL-SAS:3;CAL-SAS:4;CAL-SAS:5;CAL-SAS:6;CAL-SAS:7;EDM-SAS:1;EDM-SAS:2;EDM-SAS:3;EDM-SAS:4;EDM-SAS:5;EDM-SAS:6;KAM-CAL:1;KAM-CAL:2;KAM-CAL:3;KAM-CAL:4;KAM-CAL:5;KAM-CAL:6;KAM-CAL:7;KAM-KEL:1;KAM-KEL:2;KEL-CAL:1;KEL-CAL:2;KEL-CAL:3;KEL-CAL:4;KEL-CAL:5;KEL-CAL:6;KEL-CAL:7;OTT-MON:1;OTT-MON:2;TOR-MON:1;TOR-MON:2;TOR-MON:3;TOR-MON:4;TOR-MON:5;TOR-MON:6;TOR-OTT:1;TOR-OTT:2;TOR-OTT:3;TOR-OTT:4;TOR-OTT:5;VAN-KAM:1;VAN-KAM:2;VAN-KAM:3;VAN-KAM:4;VAN-KEL:1;VAN-KEL:2;VAN-KEL:3;VAN-KEL:4,5.818181818181818,0.7937204516464198
0.9590000000000001,0.725,0.05484416576121018,1995.879636861788,optimal,35.801675646762774,53,11,18,0,0.03319923187926317,809,0.056960400004754774,CAL-EDM:1;CAL-EDM:2;CAL-EDM:3;CAL-SAS:1;CAL-SAS:2;CAL-SAS:3;CAL-SAS:4;CAL-SAS:5;CAL-SAS:6;CAL-SAS:7;EDM-SAS:1;EDM-SAS:2;EDM-SAS:3;EDM-SAS:4;EDM-SAS:5;EDM-SAS:6;KAM-CAL:1;KAM-CAL:2;KAM-CAL:3;KAM-CAL:4;KAM-CAL:5;KAM-CAL:6;KAM-CAL:7;KAM-KEL:1;KAM-KEL:2;KEL-CAL:1;KEL-CAL:2;KEL-CAL:3;KEL-CAL:4;KEL-CAL:5;KEL-CAL:6;KEL-CAL:7;OTT-MON:1;OTT-MON:2;TOR-MON:1;TOR-MON:2;TOR-MON:3;TOR-MON:4;TOR-MON:5;TOR-MON:6;TOR-OTT:1;TOR-OTT:2;TOR-OTT:3;TOR-OTT:4;TOR-OTT:5;VAN-KAM:1;VAN-KAM:2;VAN-KAM:3;VAN-KAM:4;VAN-KEL:1;VAN-KEL:2;VAN-KEL:3;VAN-KEL:4,5.818181818181818,0.7937204516464198
0.9590000000000001,0.725,0.05484416576121018,2512.9227012300507,optimal,39.45743295491591,53,11,18,0,0.030017743045081,809,0.07241400000202702,CAL-EDM:1;CAL-EDM:2;CAL-EDM:3;CAL-SAS:1;CAL-SAS:2;CAL-SAS:3;CAL-SAS:4;CAL-SAS:5;CAL-SAS:6;CAL-SAS:7;EDM-SAS:1;EDM-SAS:2;EDM-SAS:3;EDM-SAS:4;EDM-SAS:5;EDM-SAS:6;KAM-CAL:1;KAM-CAL:2;KAM-CAL:3;KAM-CAL:4;KAM-CAL:5;KAM-CAL:6;KAM-CAL:7;KAM-KEL:1;KAM-KEL:2;KEL-CAL:1;KEL-CAL:2;KEL-CAL:3;KEL-CAL:4;KEL-CAL:5;KEL-CAL:6;KEL-CAL:7;OTT-MON:1;OTT-MON:2;TOR-MON:1;TOR-MON:2;TOR-MON:3;TOR-MON:4;TOR-MON:5;TOR-MON:6;TOR-OTT:1;TOR-OTT:2;TOR-OTT:3;TOR-OTT:4;TOR-OTT:5;VAN-KAM:1;VAN-KAM:2;VAN-KAM:3;VAN-KAM:4;VAN-KEL:1;VAN-KEL:2;VAN-KEL:3;VAN-KEL:4,5.818181818181818,0.7937204516464198
0.9590000000000001,0.725,0.05484416576121018,3163.9084771095468,optimal,43.113190263069036,53,11,18,0,0.030017743045081,809,0.06669390000024578,CAL-EDM:1;CAL-EDM:2;CAL-EDM:3;CAL-SAS:1;CAL-SAS:2;CAL-SAS:3;CAL-SAS:4;CAL-SAS:5;CAL-SAS:6;CAL-SAS:7;EDM-SAS:1;EDM-SAS:2;EDM-SAS:3;EDM-SAS:4;EDM-SAS:5;EDM-SAS:6;KAM-CAL:1;KAM-CAL:2;KAM-CAL:3;KAM-CAL:4;KAM-CAL:5;KAM-CAL:6;KAM-CAL:7;KAM-KEL:1;KAM-KEL:2;KEL-CAL:1;KEL-CAL:2;KEL-CAL:3;KEL-CAL:4;KEL-CAL:5;KEL-CAL:6;KEL-CAL:7;OTT-MON:1;OTT-MON:2;TOR-MON:1;TOR-MON:2;TOR-MON:3;TOR-MON:4;TOR-MON:5;TOR-MON:6;TOR-OTT:1;TOR-OTT:2;TOR-OTT:3;TOR-OTT:4;TOR-OTT:5;VAN-KAM:1;VAN-KAM:2;VAN-KAM:3;VAN-KAM:4;VAN-KEL:1;VAN-KEL:2;VAN-KEL:3;VAN-KEL:4,5.818181818181818,0.7937204516464198
0.9590000000000001,0.725,0.05484416576121018,3983.5355248395426,optimal,46.76894757122217,53,11,18,0,0.03319923187926317,809,0.09455410000373377,CAL-EDM:1;CAL-EDM:2;CAL-EDM:3;CAL-SAS:1;CAL-SAS:2;CAL-SAS:3;CAL-SAS:4;CAL-SAS:5;CAL-SAS:6;CAL-SAS:7;EDM-SAS:1;EDM-SAS:2;EDM-SAS:3;EDM-SAS:4;EDM-SAS:5;EDM-SAS:6;KAM-CAL:1;KAM-CAL:2;KAM-CAL:3;KAM-CAL:4;KAM-CAL:5;KAM-CAL:6;KAM-CAL:7;KAM-KEL:1;KAM-KEL:2;KEL-CAL:1;KEL-CAL:2;KEL-CAL:3;KEL-CAL:4;KEL-CAL:5;KEL-CAL:6;KEL-CAL:7;OTT-MON:1;OTT-MON:2;TOR-MON:1;TOR-MON:2;TOR-MON:3;TOR-MON:4;TOR-MON:5;TOR-MON:6;TOR-OTT:1;TOR-OTT:2;TOR-OTT:3;TOR-OTT:4;TOR-OTT:5;VAN-KAM:1;VAN-KAM:2;VAN-KAM:3;VAN-KAM:4;VAN-KEL:1;VAN-KEL:2;VAN-KEL:3;VAN-KEL:4,5.818181818181818,0.7937204516464198
0.9590000000000001,0.725,0.05484416576121018,5015.4912483927765,optimal,50.424704879375305,53,11,18,0,0.03319923187926317,809,0.08354099999996834,CAL-EDM:1;CAL-EDM:2;CAL-EDM:3;CAL-SAS:1;CAL-SAS:2;CAL-SAS:3;CAL-SAS:4;CAL-SAS:5;CAL-SAS:6;CAL-SAS:7;EDM-SAS:1;EDM-SAS:2;EDM-SAS:3;EDM-SAS:4;EDM-SAS:5;EDM-SAS:6;KAM-CAL:1;KAM-CAL:2;KAM-CAL:3;KAM-CAL:4;KAM-CAL:5;KAM-CAL:6;KAM-CAL:7;KAM-KEL:1;KAM-KEL:2;KEL-CAL:1;KEL-CAL:2;KEL-CAL:3;KEL-CAL:4;KEL-CAL:5;KEL-CAL:6;KEL-CAL:7;OTT-MON:1;OTT-MON:2;TOR-MON:1;TOR-MON:2;TOR-MON:3;TOR-MON:4;TOR-MON:5;TOR-MON:6;TOR-OTT:1;TOR-OTT:2;TOR-OTT:3;TOR-OTT:4;TOR-OTT:5;VAN-KAM:1;VAN-KAM:2;VAN-KAM:3;VAN-KAM:4;VAN-KEL:1;VAN-KEL:2;VAN-KEL:3;VAN-KEL:4,5.818181818181818,0.7937204516464198
0.9590000000000001,0.725,0.05484416576121018,6314.780502357335,optimal,54.08046218752847,53,11,18,0,0.03319923187926317,809,0.11218660000304226,CAL-EDM:1;CAL-EDM:2;CAL-EDM:3;CAL-SAS:1;CAL-SAS:2;CAL-SAS:3;CAL-SAS:4;CAL-SAS:5;CAL-SAS:6;CAL-SAS:7;EDM-SAS:1;EDM-SAS:2;EDM-SAS:3;EDM-SAS:4;EDM-SAS:5;EDM-SAS:6;KAM-CAL:1;KAM-CAL:2;KAM-CAL:3;KAM-CAL:4;KAM-CAL:5;KAM-CAL:6;KAM-CAL:7;KAM-KEL:1;KAM-KEL:2;KEL-CAL:1;KEL-CAL:2;KEL-CAL:3;KEL-CAL:4;KEL-CAL:5;KEL-CAL:6;KEL-CAL:7;OTT-MON:1;OTT-MON:2;TOR-MON:1;TOR-MON:2;TOR-MON:3;TOR-MON:4;TOR-MON:5;TOR-MON:6;TOR-OTT:1;TOR-OTT:2;TOR-OTT:3;TOR-OTT:4;TOR-OTT:5;VAN-KAM:1;VAN-KAM:2;VAN-KAM:3;VAN-KAM:4;VAN-KEL:1;VAN-KEL:2;VAN-KEL:3;VAN-KEL:4,5.818181818181818,0.7937204516464198
0.9590000000000001,0.725,0.05484416576121018,7950.657436742778,optimal,57.755732176744665,54,12,18,0,0.03319923187926317,809,0.10494979999930365,CAL-EDM:1;CAL-EDM:2;CAL-EDM:3;CAL-SAS:1;CAL-SAS:2;CAL-SAS:3;CAL-SAS:4;CAL-SAS:5;CAL-SAS:6;CAL-SAS:7;Calgary;EDM-SAS:1;EDM-SAS:2;EDM-SAS:3;EDM-SAS:4;EDM-SAS:5;EDM-SAS:6;KAM-CAL:1;KAM-CAL:2;KAM-CAL:3;KAM-CAL:4;KAM-CAL:5;KAM-CAL:6;KAM-CAL:7;KAM-KEL:1;KAM-KEL:2;KEL-CAL:1;KEL-CAL:2;KEL-CAL:3;KEL-CAL:4;KEL-CAL:5;KEL-CAL:6;KEL-CAL:7;OTT-MON:1;OTT-MON:2;TOR-MON:1;TOR-MON:2;TOR-MON:3;TOR-MON:4;TOR-MON:5;TOR-MON:6;TOR-OTT:1;TOR-OTT:2;TOR-OTT:3;TOR-OTT:4;TOR-OTT:5;VAN-KAM:1;VAN-KAM:2;VAN-KAM:3;VAN-KAM:4;VAN-KEL:1;VAN-KEL:2;VAN-KEL:3;VAN-KEL:4,6.333333333333333,0.7802450346431629
0.9590000000000001,0.725,0.05484416576121018,10010.316851525651,optimal,61.743831058366226,54,12,18,0,0.03319923187926317,809,0.12432650000118883,CAL-EDM:1;CAL-EDM:2;CAL-EDM:3;CAL-SAS:1;CAL-SAS:2;CAL-SAS:3;CAL-SAS:4;CAL-SAS:5;CAL-SAS:6;CAL-SAS:7;Calgary;EDM-SAS:1;EDM-SAS:2;EDM-SAS:3;EDM-SAS:4;EDM-SAS:5;EDM-SAS:6;KAM-CAL:1;KAM-CAL:2;KAM-CAL:3;KAM-CAL:4;KAM-CAL:5;KAM-CAL:6;KAM-CAL:7;KAM-KEL:1;KAM-KEL:2;KEL-CAL:1;KEL-CAL:2;KEL-CAL:3;KEL-CAL:4;KEL-CAL:5;KEL-CAL:6;KEL-CAL:7;OTT-MON:1;OTT-MON:2;TOR-MON:1;TOR-MON:2;TOR-MON:3;TOR-MON:4;TOR-MON:5;TOR-MON:6;TOR-OTT:1;TOR-OTT:2;TOR-OTT:3;TOR-OTT:4;TOR-OTT:5;VAN-KAM:1;VAN-KAM:2;VAN-KAM:3;VAN-KAM:4;VAN-KEL:1;VAN-KEL:2;VAN-KEL:3;VAN-KEL:4,6.333333333333333,0.7802450346431629
0.9590000000000001,0.725,0.05484416576121018,12603.541815906843,optimal,65.73192993998784,54,12,18,0,0.03319923187926317,809,0.15493299999798182,CAL-EDM:1;CAL-EDM:2;CAL-EDM:3;CAL-SAS:1;CAL-SAS:2;CAL-SAS:3;CAL-SAS:4;CAL-SAS:5;CAL-SAS:6;CAL-SAS:7;Calgary;EDM-SAS:1;EDM-SAS:2;EDM-SAS:3;EDM-SAS:4;EDM-SAS:5;EDM-SAS:6;KAM-CAL:1;KAM-CAL:2;KAM-CAL:3;KAM-CAL:4;KAM-CAL:5;KAM-CAL:6;KAM-CAL:7;KAM-KEL:1;KAM-KEL:2;KEL-CAL:1;KEL-CAL:2;KEL-CAL:3;KEL-CAL:4;KEL-CAL:5;KEL-CAL:6;KEL-CAL:7;OTT-MON:1;OTT-MON:2;TOR-MON:1;TOR-MON:2;TOR-MON:3;TOR-MON:4;TOR-MON:5;TOR-MON:6;TOR-OTT:1;TOR-OTT:2;TOR-OTT:3;TOR-OTT:4;TOR-OTT:5;VAN-KAM:1;VAN-KAM:2;VAN-KAM:3;VAN-KAM:4;VAN-KEL:1;VAN-KEL:2;VAN-KEL:3;VAN-KEL:4,6.333333333333333,0.7802450346431629
0.9590000000000001,0.725,0.05484416576121018,15868.55527765865,optimal,69.9518170342391,55,14,18,0,0.030017743045081,809,0.1433139000000665,CAL-EDM:1;CAL-EDM:2;CAL-EDM:3;CAL-SAS:1;CAL-SAS:2;CAL-SAS:3;CAL-SAS:4;CAL-SAS:5;CAL-SAS:6;CAL-SAS:7;Calgary;EDM-SAS:1;EDM-SAS:2;EDM-SAS:3;EDM-SAS:4;EDM-SAS:5;EDM-SAS:6;KAM-CAL:1;KAM-CAL:2;KAM-CAL:3;KAM-CAL:4;KAM-CAL:5;KAM-CAL:6;KAM-CAL:7;KAM-KEL:1;KAM-KEL:2;KEL-CAL:1;KEL-CAL:2;KEL-CAL:3;KEL-CAL:4;KEL-CAL:5;KEL-CAL:6;KEL-CAL:7;Kamloops;OTT-MON:1;OTT-MON:2;TOR-MON:1;TOR-MON:2;TOR-MON:3;TOR-MON:4;TOR-MON:5;TOR-MON:6;TOR-OTT:1;TOR-OTT:2;TOR-OTT:3;TOR-OTT:4;TOR-OTT:5;VAN-KAM:1;VAN-KAM:2;VAN-KAM:3;VAN-KAM:4;VAN-KEL:1;VAN-KEL:2;VAN-KEL:3;VAN-KEL:4,7.214285714285714,0.7575776999854831
0.9590000000000001,0.725,0.05484416576121018,19979.387562494434,optimal,74.60459906279762,55,14,18,0,0.030017743045081,809,0.10361620000185212,CAL-EDM:1;CAL-EDM:2;CAL-EDM:3;CAL-SAS:1;CAL-SAS:2;CAL-SAS:3;CAL-SAS:4;CAL-SAS:5;CAL-SAS:6;CAL-SAS:7;Calgary;EDM-SAS:1;EDM-SAS:2;EDM-SAS:3;EDM-SAS:4;EDM-SAS:5;EDM-SAS:6;KAM-CAL:1;KAM-CAL:2;KAM-CAL:3;KAM-CAL:4;KAM-CAL:5;KAM-CAL:6;KAM-CAL:7;KAM-KEL:1;KAM-KEL:2;KEL-CAL:1;KEL-CAL:2;KEL-CAL:3;KEL-CAL:4;KEL-CAL:5;KEL-CAL:6;KEL-CAL:7;Kamloops;OTT-MON:1;OTT-MON:2;TOR-MON:1;TOR-MON:2;TOR-MON:3;TOR-MON:4;TOR-MON:5;TOR-MON:6;TOR-OTT:1;TOR-OTT:2;TOR-OTT:3;TOR-OTT:4;TOR-OTT:5;VAN-KAM:1;VAN-KAM:2;VAN-KAM:3;VAN-KAM:4;VAN-KEL:1;VAN-KEL:2;VAN-KEL:3;VAN-KEL:4,7.214285714285714,0.7575776999854831
0.9590000000000001,0.725,0.05484416576121018,25155.152462704536,optimal,79.25738109135618,55,14,18,0,0.030017743045081,809,0.1376906000004965,CAL-EDM:1;CAL-EDM:2;CAL-EDM:3;CAL-SAS:1;CAL-SAS:2;CAL-SAS:3;CAL-SAS:4;CAL-SAS:5;CAL-SAS:6;CAL-SAS:7;Calgary;EDM-SAS:1;EDM-SAS:2;EDM-SAS:3;EDM-SAS:4;EDM-SAS:5;EDM-SAS:6;KAM-CAL:1;KAM-CAL:2;KAM-CAL:3;KAM-CAL:4;KAM-CAL:5;KAM-CAL:6;KAM-CAL:7;KAM-KEL:1;KAM-KEL:2;KEL-CAL:1;KEL-CAL:2;KEL-CAL:3;KEL-CAL:4;KEL-CAL:5;KEL-CAL:6;KEL-CAL:7;Kamloops;OTT-MON:1;OTT-MON:2;TOR-MON:1;TOR-MON:2;TOR-MON:3;TOR-MON:4;TOR-MON:5;TOR-MON:6;TOR-OTT:1;TOR-OTT:2;TOR-OTT:3;TOR-OTT:4;TOR-OTT:5;VAN-KAM:1;VAN-KAM:2;VAN-KAM:3;VAN-KAM:4;VAN-KEL:1;VAN-KEL:2;VAN-KEL:3;VAN-KEL:4,7.214285714285714,0.7575776999854831
0.9590000000000001,0.725,0.05484416576121018,31671.726345094525,optimal,83.91016311991466,55,14,18,0,0.030017743045081,809,0.1670795000027283,CAL-EDM:1;CAL-EDM:2;CAL-EDM:3;CAL-SAS:1;CAL-SAS:2;CAL-SAS:3;CAL-SAS:4;CAL-SAS:5;CAL-SAS:6;CAL-SAS:7;Calgary;EDM-SAS:1;EDM-SAS:2;EDM-SAS:3;EDM-SAS:4;EDM-SAS:5;EDM-SAS:6;KAM-CAL:1;KAM-CAL:2;KAM-CAL:3;KAM-CAL:4;KAM-CAL:5;KAM-CAL:6;KAM-CAL:7;KAM-KEL:1;KAM-KEL:2;KEL-CAL:1;KEL-CAL:2;KEL-CAL:3;KEL-CAL:4;KEL-CAL:5;KEL-CAL:6;KEL-CAL:7;Kamloops;OTT-MON:1;OTT-MON:2;TOR-MON:1;TOR-MON:2;TOR-MON:3;TOR-MON:4;TOR-MON:5;TOR-MON:6;TOR-OTT:1;TOR-OTT:2;TOR-OTT:3;TOR-OTT:4;TOR-OTT:5;VAN-KAM:1;VAN-KAM:2;VAN-KAM:3;VAN-KAM:4;VAN-KEL:1;VAN-KEL:2;VAN-KEL:3;VAN-KEL:4,7.214285714285714,0.7575776999854831
0.9590000000000001,0.725,0.05484416576121018,39876.452792952354,optimal,88.5629451484732,55,14,18,0,0.030017743045081,809,0.13003020000178367,CAL-EDM:1;CAL-EDM:2;CAL-EDM:3;CAL-SAS:1;CAL-SAS:2;CAL-SAS:3;CAL-SAS:4;CAL-SAS:5;CAL-SAS:6;CAL-SAS:7;Calgary;EDM-SAS:1;EDM-SAS:2;EDM-SAS:3;EDM-SAS:4;EDM-SAS:5;EDM-SAS:6;KAM-CAL:1;KAM-CAL:2;KAM-CAL:3;KAM-CAL:4;KAM-CAL:5;KAM-CAL:6;KAM-CAL:7;KAM-KEL:1;KAM-KEL:2;KEL-CAL:1;KEL-CAL:2;KEL-CAL:3;KEL-CAL:4;KEL-CAL:5;KEL-CAL:6;KEL-CAL:7;Kamloops;OTT-MON:1;OTT-MON:2;TOR-MON:1;TOR-MON:2;TOR-MON:3;TOR-MON:4;TOR-MON:5;TOR-MON:6;TOR-OTT:1;TOR-OTT:2;TOR-OTT:3;TOR-OTT:4;TOR-OTT:5;VAN-KAM:1;VAN-KAM:2;VAN-KAM:3;VAN-KAM:4;VAN-KEL:1;VAN-KEL:2;VAN-KEL:3;VAN-KEL:4,7.214285714285714,0.7575776999854831
0.9590000000000001,0.725,0.05484416576121018,50206.65656246559,optimal,93.21572717703177,55,14,18,0,0.030017743045081,809,0.1545609999957378,CAL-EDM:1;CAL-EDM:2;CAL-EDM:3;CAL-SAS:1;CAL-SAS:2;CAL-SAS:3;CAL-SAS:4;CAL-SAS:5;CAL-SAS:6;CAL-SAS:7;Calgary;EDM-SAS:1;EDM-SAS:2;EDM-SAS:3;EDM-SAS:4;EDM-SAS:5;EDM-SAS:6;KAM-CAL:1;KAM-CAL:2;KAM-CAL:3;KAM-CAL:4;KAM-CAL:5;KAM-CAL:6;KAM-CAL:7;KAM-KEL:1;KAM-KEL:2;KEL-CAL:1;KEL-CAL:2;KEL-CAL:3;KEL-CAL:4;KEL-CAL:5;KEL-CAL:6;KEL-CAL:7;Kamloops;OTT-MON:1;OTT-MON:2;TOR-MON:1;TOR-MON:2;TOR-MON:3;TOR-MON:4;TOR-MON:5;TOR-MON:6;TOR-OTT:1;TOR-OTT:2;TOR-OTT:3;TOR-OTT:4;TOR-OTT:5;VAN-KAM:1;VAN-KAM:2;VAN-KAM:3;VAN-KAM:4;VAN-KEL:1;VAN-KEL:2;VAN-KEL:3;VAN-KEL:4,7.214285714285714,0.7575776999854831
0.9590000000000001,0.725,0.05484416576121018,63212.953676433244,optimal,97.86850920559041,55,14,18,0,0.030017743045081,809,0.1414976000014576,CAL-EDM:1;CAL-EDM:2;CAL-EDM:3;CAL-SAS:1;CAL-SAS:2;CAL-SAS:3;CAL-SAS:4;CAL-SAS:5;CAL-SAS:6;CAL-SAS:7;Calgary;EDM-SAS:1;EDM-SAS:2;EDM-SAS:3;EDM-SAS:4;EDM-SAS:5;EDM-SAS:6;KAM-CAL:1;KAM-CAL:2;KAM-CAL:3;KAM-CAL:4;KAM-CAL:5;KAM-CAL:6;KAM-CAL:7;KAM-KEL:1;KAM-KEL:2;KEL-CAL:1;KEL-CAL:2;KEL-CAL:3;KEL-CAL:4;KEL-CAL:5;KEL-CAL:6;KEL-CAL:7;Kamloops;OTT-MON:1;OTT-MON:2;TOR-MON:1;TOR-MON:2;TOR-MON:3;TOR-MON:4;TOR-MON:5;TOR-MON:6;TOR-OTT:1;TOR-OTT:2;TOR-OTT:3;TOR-OTT:4;TOR-OTT:5;VAN-KAM:1;VAN-KAM:2;VAN-KAM:3;VAN-KAM:4;VAN-KEL:1;VAN-KEL:2;VAN-KEL:3;VAN-KEL:4,7.214285714285714,0.7575776999854831
0.9590000000000001,0.725,0.05484416576121018,79588.60011973389,optimal,102.52129123414878,55,14,18,0,0.030017743045081,809,0.13419170000270242,CAL-EDM:1;CAL-EDM:2;CAL-EDM:3;CAL-SAS:1;CAL-SAS:2;CAL-SAS:3;CAL-SAS:4;CAL-SAS:5;CAL-SAS:6;CAL-SAS:7;Calgary;EDM-SAS:1;EDM-SAS:2;EDM-SAS:3;EDM-SAS:4;EDM-SAS:5;EDM-SAS:6;KAM-CAL:1;KAM-CAL:2;KAM-CAL:3;KAM-CAL:4;KAM-CAL:5;KAM-CAL:6;KAM-CAL:7;KAM-KEL:1;KAM-KEL:2;KEL-CAL:1;KEL-CAL:2;KEL-CAL:3;KEL-CAL:4;KEL-CAL:5;KEL-CAL:6;KEL-CAL:7;Kamloops;OTT-MON:1;OTT-MON:2;TOR-MON:1;TOR-MON:2;TOR-MON:3;TOR-MON:4;TOR-MON:5;TOR-MON:6;TOR-OTT:1;TOR-OTT:2;TOR-OTT:3;TOR-OTT:4;TOR-OTT:5;VAN-KAM:1;VAN-KAM:2;VAN-KAM:3;VAN-KAM:4;VAN-KEL:1;VAN-KEL:2;VAN-KEL:3;VAN-KEL:4,7.214285714285714,0.7575776999854831
0.9590000000000001,0.725,0.05484416576121018,100206.44346793843,optimal,107.17407326270954,55,14,18,0,0.030017743045081,809,0.1689163999981247,CAL-EDM:1;CAL-EDM:2;CAL-EDM:3;CAL-SAS:1;CAL-SAS:2;CAL-SAS:3;CAL-SAS:4;CAL-SAS:5;CAL-SAS:6;CAL-SAS:7;Calgary;EDM-SAS:1;EDM-SAS:2;EDM-SAS:3;EDM-SAS:4;EDM-SAS:5;EDM-SAS:6;KAM-CAL:1;KAM-CAL:2;KAM-CAL:3;KAM-CAL:4;KAM-CAL:5;KAM-CAL:6;KAM-CAL:7;KAM-KEL:1;KAM-KEL:2;KEL-CAL:1;KEL-CAL:2;KEL-CAL:3;KEL-CAL:4;KEL-CAL:5;KEL-CAL:6;KEL-CAL:7;Kamloops;OTT-MON:1;OTT-MON:2;TOR-MON:1;TOR-MON:2;TOR-MON:3;TOR-MON:4;TOR-MON:5;TOR-MON:6;TOR-OTT:1;TOR-OTT:2;TOR-OTT:3;TOR-OTT:4;TOR-OTT:5;VAN-KAM:1;VAN-KAM:2;VAN-KAM:3;VAN-KAM:4;VAN-KEL:1;VAN-KEL:2;VAN-KEL:3;VAN-KEL:4,7.214285714285714,0.7575776999854831
0.9590000000000001,0.725,0.05484416576121018,126165.44702868049,optimal,111.82685529132041,55,14,18,0,0.030017743045081,809,0.39200439999694936,CAL-EDM:1;CAL-EDM:2;CAL-EDM:3;CAL-SAS:1;CAL-SAS:2;CAL-SAS:3;CAL-SAS:4;CAL-SAS:5;CAL-SAS:6;CAL-SAS:7;Calgary;EDM-SAS:1;EDM-SAS:2;EDM-SAS:3;EDM-SAS:4;EDM-SAS:5;EDM-SAS:6;KAM-CAL:1;KAM-CAL:2;KAM-CAL:3;KAM-CAL:4;KAM-CAL:5;KAM-CAL:6;KAM-CAL:7;KAM-KEL:1;KAM-KEL:2;KEL-CAL:1;KEL-CAL:2;KEL-CAL:3;KEL-CAL:4;KEL-CAL:5;KEL-CAL:6;KEL-CAL:7;Kamloops;OTT-MON:1;OTT-MON:2;TOR-MON:1;TOR-MON:2;TOR-MON:3;TOR-MON:4;TOR-MON:5;TOR-MON:6;TOR-OTT:1;TOR-OTT:2;TOR-OTT:3;TOR-OTT:4;TOR-OTT:5;VAN-KAM:1;VAN-KAM:2;VAN-KAM:3;VAN-KAM:4;VAN-KEL:1;VAN-KEL:2;VAN-KEL:3;VAN-KEL:4,7.214285714285714,0.7575776999854831
0.9590000000000001,0.725,0.05484416576121018,158849.26630531237,optimal,117.05475885924359,55,17,18,0,0.0221885046944556,809,0.40690920000633923,CAL-EDM:1;CAL-EDM:2;CAL-EDM:3;CAL-SAS:1;CAL-SAS:2;CAL-SAS:3;CAL-SAS:4;CAL-SAS:5;CAL-SAS:6;CAL-SAS:7;Calgary;EDM-SAS:1;EDM-SAS:2;EDM-SAS:3;EDM-SAS:4;EDM-SAS:5;EDM-SAS:6;KAM-CAL:1;KAM-CAL:2;KAM-CAL:3;KAM-CAL:4;KAM-CAL:5;KAM-CAL:6;KAM-CAL:7;KAM-KEL:1;KAM-KEL:2;KEL-CAL:1;KEL-CAL:2;KEL-CAL:3;KEL-CAL:4;KEL-CAL:5;KEL-CAL:6;KEL-CAL:7;Kamloops;OTT-MON:1;OTT-MON:2;TOR-MON:1;TOR-MON:2;TOR-MON:3;TOR-MON:4;TOR-MON:5;TOR-MON:6;TOR-OTT:1;TOR-OTT:2;TOR-OTT:3;TOR-OTT:4;TOR-OTT:5;VAN-KAM:1;VAN-KAM:2;VAN-KAM:3;VAN-KAM:4;VAN-KEL:1;VAN-KEL:2;VAN-KEL:3;VAN-KEL:4,8.823529411764707,0.720862631186266
0.9590000000000001,0.725,0.05484416576121018,200000.0,optimal,122.70456560820647,55,17,18,0,0.0221885046944556,809,0.20122689999698196,CAL-EDM:1;CAL-EDM:2;CAL-EDM:3;CAL-SAS:1;CAL-SAS:2;CAL-SAS:3;CAL-SAS:4;CAL-SAS:5;CAL-SAS:6;CAL-SAS:7;Calgary;EDM-SAS:1;EDM-SAS:2;EDM-SAS:3;EDM-SAS:4;EDM-SAS:5;EDM-SAS:6;KAM-CAL:1;KAM-CAL:2;KAM-CAL:3;KAM-CAL:4;KAM-CAL:5;KAM-CAL:6;KAM-CAL:7;KAM-KEL:1;KAM-KEL:2;KEL-CAL:1;KEL-CAL:2;KEL-CAL:3;KEL-CAL:4;KEL-CAL:5;KEL-CAL:6;KEL-CAL:7;Kamloops;OTT-MON:1;OTT-MON:2;TOR-MON:1;TOR-MON:2;TOR-MON:3;TOR-MON:4;TOR-MON:5;TOR-MON:6;TOR-OTT:1;TOR-OTT:2;TOR-OTT:3;TOR-OTT:4;TOR-OTT:5;VAN-KAM:1;VAN-KAM:2;VAN-KAM:3;VAN-KAM:4;VAN-KEL:1;VAN-KEL:2;VAN-KEL:3;VAN-KEL:4,8.823529411764707,0.720862631186266
0.9590000000000001,0.725,0.06700187503509587,1000.0,optimal,25.305004111269668,46,10,18,0,0.04279211619645008,809,0.10215539999626344,CAL-EDM:1;CAL-EDM:2;CAL-EDM:3;CAL-SAS:1;CAL-SAS:2;CAL-SAS:3;CAL-SAS:4;CAL-SAS:5;CAL-SAS:6;CAL-SAS:7;EDM-SAS:1;EDM-SAS:2;EDM-SAS:3;EDM-SAS:4;EDM-SAS:5;EDM-SAS:6;KAM-CAL:1;KAM-CAL:2;KAM-CAL:3;KAM-CAL:4;KAM-CAL:5;KAM-CAL:6;KAM-CAL:7;KAM-KEL:1;KAM-KEL:2;OTT-MON:1;OTT-MON:2;TOR-MON:1;TOR-MON:2;TOR-MON:3;TOR-MON:4;TOR-MON:5;TOR-MON:6;TOR-OTT:1;TOR-OTT:2;TOR-OTT:3;TOR-OTT:4;TOR-OTT:5;VAN-KAM:1;VAN-KAM:2;VAN-KAM:3;VAN-KAM:4;VAN-KEL:1;VAN-KEL:2;VAN-KEL:3;VAN-KEL:4,5.6,0.8002580189549644
0.9590000000000001,0.725,0.06700187503509587,1259.0552330005396,optimal,28.628419845954333,46,10,18,0,0.04279211619645008,809,0.08820600000035483,CAL-EDM:1;CAL-EDM:2;CAL-EDM:3;CAL-SAS:1;CAL-SAS:2;CAL-SAS:3;CAL-SAS:4;CAL-SAS:5;CAL-SAS:6;CAL-SAS:7;EDM-SAS:1;EDM-SAS:2;EDM-SAS:3;EDM-SAS:4;EDM-SAS:5;EDM-SAS:6;KAM-CAL:1;KAM-CAL:2;KAM-CAL:3;KAM-CAL:4;KAM-CAL:5;KAM-CAL:6;KAM-CAL:7;KAM-KEL:1;KAM-KEL:2;OTT-MON:1;OTT-MON:2;TOR-MON:1;TOR-MON:2;TOR-MON:3;TOR-MON:4;TOR-MON:5;TOR-MON:6;TOR-OTT:1;TOR-OTT:2;TOR-OTT:3;TOR-OTT:4;TOR-OTT:5;VAN-KAM:1;VAN-KAM:2;VAN-KAM:3;VAN-KAM:4;VAN-KEL:1;VAN-KEL:2;VAN-KEL:3;VAN-KEL:4,5.6,0.8002580189549644
0.9590000000000001,0.725,0.06700187503509587,1585.220079746043,optimal,32.145918338609654,53,11,18,0,0.03319923187926317,809,0.08599279999907594,CAL-EDM:1;CAL-EDM:2;CAL-EDM:3;CAL-SAS:1;CAL-SAS:2;CAL-SAS:3;CAL-SAS:4;CAL-SAS:5;CAL-SAS:6;CAL-SAS:7;EDM-SAS:1;EDM-SAS:2;EDM-SAS:3;EDM-SAS:4;EDM-SAS:5;EDM-SAS:6;KAM-CAL:1;KAM-CAL:2;KAM-CAL:3;KAM-CAL:4;KAM-CAL:5;KAM-CAL:6;KAM-CAL:7;KAM-KEL:1;KAM-KEL:2;KEL-CAL:1;KEL-CAL:2;KEL-CAL:3;KEL-CAL:4;KEL-CAL:5;KEL-CAL:6;KEL-CAL:7;OTT-MON:1;OTT-MON:2;TOR-MON:1;TOR-MON:2;TOR-MON:3;TOR-MON:4;TOR-MON:5;TOR-MON:6;TOR-OTT:1;TOR-OTT:2;TOR-OTT:3;TOR-OTT:4;TOR-OTT:5;VAN-KAM:1;VAN-KAM:2;VAN-KAM:3;VAN-KAM:4;VAN-KEL:1;VAN-KEL:2;VAN-KEL:3;VAN-KEL:4,5.818181818181818,0.7937204516464198
0.9590000000000001,0.725,0.06700187503509587,1995.879636861788,optimal,35.801675646762774,53,11,18,0,0.03319923187926317,809,0.06988690000434872,CAL-EDM:1;CAL-EDM:2;CAL-EDM:3;CAL-SAS:1;CAL-SAS:2;CAL-SAS:3;CAL-SAS:4;CAL-SAS:5;CAL-SAS:6;CAL-SAS:7;EDM-SAS:1;EDM-SAS:2;EDM-SAS:3;EDM-SAS:4;EDM-SAS:5;EDM-SAS:6;KAM-CAL:1;KAM-CAL:2;KAM-CAL:3;KAM-CAL:4;KAM-CAL:5;KAM-CAL:6;KAM-CAL:7;KAM-KEL:1;KAM-KEL:2;KEL-CAL:1;KEL-CAL:2;KEL-CAL:3;KEL-CAL:4;KEL-CAL:5;KEL-CAL:6;KEL-CAL:7;OTT-MON:1;OTT-MON:2;TOR-MON:1;TOR-MON:2;TOR-MON:3;TOR-MON:4;TOR-MON:5;TOR-MON:6;TOR-OTT:1;TOR-OTT:2;TOR-OTT:3;TOR-OTT:4;TOR-OTT:5;VAN-KAM:1;VAN-KAM:2;VAN-KAM:3;VAN-KAM:4;VAN-KEL:1;VAN-KEL:2;VAN-KEL:3;VAN-KEL:4,5.818181818181818,0.7937204516464198
0.9590000000000001,0.725,0.06700187503509587,2512.9227012300507,optimal,39.45743295491591,53,11,18,0,0.030017743045081,809,0.05988539999816567,CAL-EDM:1;CAL-EDM:2;CAL-EDM:3;CAL-SAS:1;CAL-SAS:2;CAL-SAS:3;CAL-SAS:4;CAL-SAS:5;CAL-SAS:6;CAL-SAS:7;EDM-SAS:1;EDM-SAS:2;EDM-SAS:3;EDM-SAS:4;EDM-SAS:5;EDM-SAS:6;KAM-CAL:1;KAM-CAL:2;KAM-CAL:3;KAM-CAL:4;KAM-CAL:5;KAM-CAL:6;KAM-CAL:7;KAM-KEL:1;KAM-KEL:2;KEL-CAL:1;KEL-CAL:2;KEL-CAL:3;KEL-CAL:4;KEL-CAL:5;KEL-CAL:6;KEL-CAL:7;OTT-MON:1;OTT-MON:2;TOR-MON:1;TOR-MON:2;TOR-MON:3;TOR-MON:4;TOR-MON:5;TOR-MON:6;TOR-OTT:1;TOR-OTT:2;TOR-OTT:3;TOR-OTT:4;TOR-OTT:5;VAN-KAM:1;VAN-KAM:2;VAN-KAM:3;VAN-KAM:4;VAN-KEL:1;VAN-KEL:2;VAN-KEL:3;VAN-KEL:4,5.818181818181818,0.7937204516464198
0.9590000000000001,0.725,0.06700187503509587,3163.9084771095468,optimal,43.113190263069036,53,11,18,0,0.030017743045081,809,0.04598950000217883,CAL-EDM:1;CAL-EDM:2;CAL-EDM:3;CAL-SAS:1;CAL-SAS:2;CAL-SAS:3;CAL-SAS:4;CAL-SAS:5;CAL-SAS:6;CAL-SAS:7;EDM-SAS:1;EDM-SAS:2;EDM-SAS:3;EDM-SAS:4;EDM-SAS:5;EDM-SAS:6;KAM-CAL:1;KAM-CAL:2;KAM-CAL:3;KAM-CAL:4;KAM-CAL:5;KAM-CAL:6;KAM-CAL:7;KAM-KEL:1;KAM-KEL:2;KEL-CAL:1;KEL-CAL:2;KEL-CAL:3;KEL-CAL:4;KEL-CAL:5;KEL-CAL:6;KEL-CAL:7;OTT-MON:1;OTT-MON:2;TOR-MON:1;TOR-MON:2;TOR-MON:3;TOR-MON:4;TOR-MON:5;TOR-MON:6;TOR-OTT:1;TOR-OTT:2;TOR-OTT:3;TOR-OTT:4;TOR-OTT:5;VAN-KAM:1;VAN-KAM:2;VAN-KAM:3;VAN-KAM:4;VAN-KEL:1;VAN-KEL:2;VAN-KEL:3;VAN-KEL:4,5.818181818181818,0.7937204516464198
0.9590000000000001,0.725,0.06700187503509587,3983.5355248395426,optimal,46.76894757122217,53,11,18,0,0.03319923187926317,809,0.057788199999777135,CAL-EDM:1;CAL-EDM:2;CAL-EDM:3;CAL-SAS:1;CAL-SAS:2;CAL-SAS:3;CAL-SAS:4;CAL-SAS:5;CAL-SAS:6;CAL-SAS:7;EDM-SAS:1;EDM-SAS:2;EDM-SAS:3;EDM-SAS:4;EDM-SAS:5;EDM-SAS:6;KAM-CAL:1;KAM-CAL:2;KAM-CAL:3;KAM-CAL:4;KAM-CAL:5;KAM-CAL:6;KAM-CAL:7;KAM-KEL:1;KAM-KEL:2;KEL-CAL:1;KEL-CAL:2;KEL-CAL:3;KEL-CAL:4;KEL-CAL:5;KEL-CAL:6;KEL-CAL:7;OTT-MON:1;OTT-MON:2;TOR-MON:1;TOR-MON:2;TOR-MON:3;TOR-MON:4;TOR-MON:5;TOR-MON:6;TOR-OTT:1;TOR-OTT:2;TOR-OTT:3;TOR-OTT:4;TOR-OTT:5;VAN-KAM:1;VAN-KAM:2;VAN-KAM:3;VAN-KAM:4;VAN-KEL:1;VAN-KEL:2;VAN-KEL:3;VAN-KEL:4,5.818181818181818,0.7937204516464198
0.9590000000000001,0.725,0.06700187503509587,5015.4912483927765,optimal,50.424704879375305,53,11,18,0,0.03319923187926317,809,0.09740700000111246,CAL-EDM:1;CAL-EDM:2;CAL-EDM:3;CAL-SAS:1;CAL-SAS:2;CAL-SAS:3;CAL-SAS:4;CAL-SAS:5;CAL-SAS:6;CAL-SAS:7;EDM-SAS:1;EDM-SAS:2;EDM-SAS:3;EDM-SAS:4;EDM-SAS:5;EDM-SAS:6;KAM-CAL:1;KAM-CAL:2;KAM-CAL:3;KAM-CAL:4;KAM-CAL:5;KAM-CAL:6;KAM-CAL:7;KAM-KEL:1;KAM-KEL:2;KEL-CAL:1;KEL-CAL:2;KEL-CAL:3;KEL-CAL:4;KEL-CAL:5;KEL-CAL:6;KEL-CAL:7;OTT-MON:1;OTT-MON:2;TOR-MON:1;TOR-MON:2;TOR-MON:3;TOR-MON:4;TOR-MON:5;TOR-MON:6;TOR-OTT:1;TOR-OTT:2;TOR-OTT:3;TOR-OTT:4;TOR-OTT:5;VAN-KAM:1;VAN-KAM:2;VAN-KAM:3;VAN-KAM:4;VAN-KEL:1;VAN-KEL:2;VAN-KEL:3;VAN-KEL:4,5.818181818181818,0.7937204516464198
0.9590000000000001,0.725,0.06700187503509587,6314.780502357335,optimal,54.08046218752847,53,11,18,0,0.03319923187926317,809,0.08864249999896856,CAL-EDM:1;CAL-EDM:2;CAL-EDM:3;CAL-SAS:1;CAL-SAS:2;CAL-SAS:3;CAL-SAS:4;CAL-SAS:5;CAL-SAS:6;CAL-SAS:7;EDM-SAS:1;EDM-SAS:2;EDM-SAS:3;EDM-SAS:4;EDM-SAS:5;EDM-SAS:6;KAM-CAL:1;KAM-CAL:2;KAM-CAL:3;KAM-CAL:4;KAM-CAL:5;KAM-CAL:6;KAM-CAL:7;KAM-KEL:1;KAM-KEL:2;KEL-CAL:1;KEL-CAL:2;KEL-CAL:3;KEL-CAL:4;KEL-CAL:5;KEL-CAL:6;KEL-CAL:7;OTT-MON:1;OTT-MON:2;TOR-MON:1;TOR-MON:2;TOR-MON:3;TOR-MON:4;TOR-MON:5;TOR-MON:6;TOR-OTT:1;TOR-OTT:2;TOR-OTT:3;TOR-OTT:4;TOR-OTT:5;VAN-KAM:1;VAN-KAM:2;VAN-KAM:3;VAN-KAM:4;VAN-KEL:1;VAN-KEL:2;VAN-KEL:3;VAN-KEL:4,5.818181818181818,0.7937204516464198
0.9590000000000001,0.725,0.06700187503509587,7950.657436742778,optimal,57.755732176744665,54,12,18,0,0.03319923187926317,809,0.08501470000192057,CAL-EDM:1;CAL-EDM:2;CAL-EDM:3;CAL-SAS:1;CAL-SAS:2;CAL-SAS:3;CAL-SAS:4;CAL-SAS:5;CAL-SAS:6;CAL-SAS:7;Calgary;EDM-SAS:1;EDM-SAS:2;EDM-SAS:3;EDM-SAS:4;EDM-SAS:5;EDM-SAS:6;KAM-CAL:1;KAM-CAL:2;KAM-CAL:3;KAM-CAL:4;KAM-CAL:5;KAM-CAL:6;KAM-CAL:7;KAM-KEL:1;KAM-KEL:2;KEL-CAL:1;KEL-CAL:2;KEL-CAL:3;KEL-CAL:4;KEL-CAL:5;KEL-CAL:6;KEL-CAL:7;OTT-MON:1;OTT-MON:2;TOR-MON:1;TOR-MON:2;TOR-MON:3;TOR-MON:4;TOR-MON:5;TOR-MON:6;TOR-OTT:1;TOR-OTT:2;TOR-OTT:3;TOR-OTT:4;TOR-OTT:5;VAN-KAM:1;VAN-KAM:2;VAN-KAM:3;VAN-KAM:4;VAN-KEL:1;VAN-KEL:2;VAN-KEL:3;VAN-KEL:4,6.333333333333333,0.7802450346431629
0.9590000000000001,0.725,0.06700187503509587,10010.316851525651,optimal,61.743831058366226,54,12,18,0,0.03319923187926317,809,0.12467370000376832,CAL-EDM:1;CAL-EDM:2;CAL-EDM:3;CAL-SAS:1;CAL-SAS:2;CAL-SAS:3;CAL-SAS:4;CAL-SAS:5;CAL-SAS:6;CAL-SAS:7;Calgary;EDM-SAS:1;EDM-SAS:2;EDM-SAS:3;EDM-SAS:4;EDM-SAS:5;EDM-SAS:6;KAM-CAL:1;KAM-CAL:2;KAM-CAL:3;KAM-CAL:4;KAM-CAL:5;KAM-CAL:6;KAM-CAL:7;KAM-KEL:1;KAM-KEL:2;KEL-CAL:1;KEL-CAL:2;KEL-CAL:3;KEL-CAL:4;KEL-CAL:5;KEL-CAL:6;KEL-CAL:7;OTT-MON:1;OTT-MON:2;TOR-MON:1;TOR-MON:2;TOR-MON:3;TOR-MON:4;TOR-MON:5;TOR-MON:6;TOR-OTT:1;TOR-OTT:2;TOR-OTT:3;TOR-OTT:4;TOR-OTT:5;VAN-KAM:1;VAN-KAM:2;VAN-KAM:3;VAN-KAM:4;VAN-KEL:1;VAN-KEL:2;VAN-KEL:3;VAN-KEL:4,6.333333333333333,0.7802450346431629
0.9590000000000001,0.725,0.06700187503509587,12603.541815906843,optimal,65.73192993998784,54,12,18,0,0.03319923187926317,809,0.13965420000022277,CAL-EDM:1;CAL-EDM:2;CAL-EDM:3;CAL-SAS:1;CAL-SAS:2;CAL-SAS:3;CAL-SAS:4;CAL-SAS:5;CAL-SAS:6;CAL-SAS:7;Calgary;EDM-SAS:1;EDM-SAS:2;EDM-SAS:3;EDM-SAS:4;EDM-SAS:5;EDM-SAS:6;KAM-CAL:1;KAM-CAL:2;KAM-CAL:3;KAM-CAL:4;KAM-CAL:5;KAM-CAL:6;KAM-CAL:7;KAM-KEL:1;KAM-KEL:2;KEL-CAL:1;KEL-CAL:2;KEL-CAL:3;KEL-CAL:4;KEL-CAL:5;KEL-CAL:6;KEL-CAL:7;OTT-MON:1;OTT-MON:2;TOR-MON:1;TOR-MON:2;TOR-MON:3;TOR-MON:4;TOR-MON:5;TOR-MON:6;TOR-OTT:1;TOR-OTT:2;TOR-OTT:3;TOR-OTT:4;TOR-OTT:5;VAN-KAM:1;VAN-KAM:2;VAN-KAM:3;VAN-KAM:4;VAN-KEL:1;VAN-KEL:2;VAN-KEL:3;VAN-KEL:4,6.333333333333333,0.7802450346431629
0.9590000000000001,0.725,0.06700187503509587,15868.55527765865,optimal,69.9518170342391,55,14,18,0,0.030017743045081,809,0.18612769999890588,CAL-EDM:1;CAL-EDM:2;CAL-EDM:3;CAL-SAS:1;CAL-SAS:2;CAL-SAS:3;CAL-SAS:4;CAL-SAS:5;CAL-SAS:6;CAL-SAS:7;Calgary;EDM-SAS:1;EDM-SAS:2;EDM-SAS:3;EDM-SAS:4;EDM-SAS:5;EDM-SAS:6;KAM-CAL:1;KAM-CAL:2;KAM-CAL:3;KAM-CAL:4;KAM-CAL:5;KAM-CAL:6;KAM-CAL:7;KAM-KEL:1;KAM-KEL:2;KEL-CAL:1;KEL-CAL:2;KEL-CAL:3;KEL-CAL:4;KEL-CAL:5;KEL-CAL:6;KEL-CAL:7;Kamloops;OTT-MON:1;OTT-MON:2;TOR-MON:1;TOR-MON:2;TOR-MON:3;TOR-MON:4;TOR-MON:5;TOR-MON:6;TOR-OTT:1;TOR-OTT:2;TOR-OTT:3;TOR-OTT:4;TOR-OTT:5;VAN-KAM:1;VAN-KAM:2;VAN-KAM:3;VAN-KAM:4;VAN-KEL:1;VAN-KEL:2;VAN-KEL:3;VAN-KEL:4,7.214285714285714,0.7575776999854831
0.9590000000000001,0.725,0.06700187503509587,19979.387562494434,optimal,74.60459906279762,55,14,18,0,0.030017743045081,809,0.12357409999822266,CAL-EDM:1;CAL-EDM:2;CAL-EDM:3;CAL-SAS:1;CAL-SAS:2;CAL-SAS:3;CAL-SAS:4;CAL-SAS:5;CAL-SAS:6;CAL-SAS:7;Calgary;EDM-SAS:1;EDM-SAS:2;EDM-SAS:3;EDM-SAS:4;EDM-SAS:5;EDM-SAS:6;KAM-CAL:1;KAM-CAL:2;KAM-CAL:3;KAM-CAL:4;KAM-CAL:5;KAM-CAL:6;KAM-CAL:7;KAM-KEL:1;KAM-KEL:2;KEL-CAL:1;KEL-CAL:2;KEL-CAL:3;KEL-CAL:4;KEL-CAL:5;KEL-CAL:6;KEL-CAL:7;Kamloops;OTT-MON:1;OTT-MON:2;TOR-MON:1;TOR-MON:2;TOR-MON:3;TOR-MON:4;TOR-MON:5;TOR-MON:6;TOR-OTT:1;TOR-OTT:2;TOR-OTT:3;TOR-OTT:4;TOR-OTT:5;VAN-KAM:1;VAN-KAM:2;VAN-KAM:3;VAN-KAM:4;VAN-KEL:1;VAN-KEL:2;VAN-KEL:3;VAN-KEL:4,7.214285714285714,0.7575776999854831
0.9590000000000001,0.725,0.06700187503509587,25155.152462704536,optimal,79.25738109135618,55,14,18,0,0.030017743045081,809,0.12040530000376748,CAL-EDM:1;CAL-EDM:2;CAL-EDM:3;CAL-SAS:1;CAL-SAS:2;CAL-SAS:3;CAL-SAS:4;CAL-SAS:5;CAL-SAS:6;CAL-SAS:7;Calgary;EDM-SAS:1;EDM-SAS:2;EDM-SAS:3;EDM-SAS:4;EDM-SAS:5;EDM-SAS:6;KAM-CAL:1;KAM-CAL:2;KAM-CAL:3;KAM-CAL:4;KAM-CAL:5;KAM-CAL:6;KAM-CAL:7;KAM-KEL:1;KAM-KEL:2;KEL-CAL:1;KEL-CAL:2;KEL-CAL:3;KEL-CAL:4;KEL-CAL:5;KEL-CAL:6;KEL-CAL:7;Kamloops;OTT-MON:1;OTT-MON:2;TOR-MON:1;TOR-MON:2;TOR-MON:3;TOR-MON:4;TOR-MON:5;TOR-MON:6;TOR-OTT:1;TOR-OTT:2;TOR-OTT:3;TOR-OTT:4;TOR-OTT:5;VAN-KAM:1;VAN-KAM:2;VAN-KAM:3;VAN-KAM:4;VAN-KEL:1;VAN-KEL:2;VAN-KEL:3;VAN-KEL:4,7.214285714285714,0.7575776999854831
0.9590000000000001,0.725,0.06700187503509587,31671.726345094525,optimal,83.91016311991466,55,14,18,0,0.030017743045081,809,0.15145969999866793,CAL-EDM:1;CAL-EDM:2;CAL-EDM:3;CAL-SAS:1;CAL-SAS:2;CAL-SAS:3;CAL-SAS:4;CAL-SAS:5;CAL-SAS:6;CAL-SAS:7;Calgary;EDM-SAS:1;EDM-SAS:2;EDM-SAS:3;EDM-SAS:4;EDM-SAS:5;EDM-SAS:6;KAM-CAL:1;KAM-CAL:2;KAM-CAL:3;KAM-CAL:4;KAM-CAL:5;KAM-CAL:6;KAM-CAL:7;KAM-KEL:1;KAM-KEL:2;KEL-CAL:1;KEL-CAL:2;KEL-CAL:3;KEL-CAL:4;KEL-CAL:5;KEL-CAL:6;KEL-CAL:7;Kamloops;OTT-MON:1;OTT-MON:2;TOR-MON:1;TOR-MON:2;TOR-MON:3;TOR-MON:4;TOR-MON:5;TOR-MON:6;TOR-OTT:1;TOR-OTT:2;TOR-OTT:3;TOR-OTT:4;TOR-OTT:5;VAN-KAM:1;VAN-KAM:2;VAN-KAM:3;VAN-KAM:4;VAN-KEL:1;VAN-KEL:2;VAN-KEL:3;VAN-KEL:4,7.214285714285714,0.7575776999854831
0.9590000000000001,0.725,0.06700187503509587,39876.452792952354,optimal,88.5629451484732,55,14,18,0,0.030017743045081,809,0.157105500002217,CAL-EDM:1;CAL-EDM:2;CAL-EDM:3;CAL-SAS:1;CAL-SAS:2;CAL-SAS:3;CAL-SAS:4;CAL-SAS:5;CAL-SAS:6;CAL-SAS:7;Calgary;EDM-SAS:1;EDM-SAS:2;EDM-SAS:3;EDM-SAS:4;EDM-SAS:5;EDM-SAS:6;KAM-CAL:1;KAM-CAL:2;KAM-CAL:3;KAM-CAL:4;KAM-CAL:5;KAM-CAL:6;KAM-CAL:7;KAM-KEL:1;KAM-KEL:2;KEL-CAL:1;KEL-CAL:2;KEL-CAL:3;KEL-CAL:4;KEL-CAL:5;KEL-CAL:6;KEL-CAL:7;Kamloops;OTT-MON:1;OTT-MON:2;TOR-MON:1;TOR-MON:2;TOR-MON:3;TOR-MON:4;TOR-MON:5;TOR-MON:6;TOR-OTT:1;TOR-OTT:2;TOR-OTT:3;TOR-OTT:4;TOR-OTT:5;VAN-KAM:1;VAN-KAM:2;VAN-KAM:3;VAN-KAM:4;VAN-KEL:1;VAN-KEL:2;VAN-KEL:3;VAN-KEL:4,7.214285714285714,0.7575776999854831
0.9590000000000001,0.725,0.06700187503509587,50206.65656246559,optimal,93.21572717703177,55,14,18,0,0.030017743045081,809,0.11240440000256058,CAL-EDM:1;CAL-EDM:2;CAL-EDM:3;CAL-SAS:1;CAL-SAS:2;CAL-SAS:3;CAL-SAS:4;CAL-SAS:5;CAL-SAS:6;CAL-SAS:7;Calgary;EDM-SAS:1;EDM-SAS:2;EDM-SAS:3;EDM-SAS:4;EDM-SAS:5;EDM-SAS:6;KAM-CAL:1;KAM-CAL:2;KAM-CAL:3;KAM-CAL:4;KAM-CAL:5;KAM-CAL:6;KAM-CAL:7;KAM-KEL:1;KAM-KEL:2;KEL-CAL:1;KEL-CAL:2;KEL-CAL:3;KEL-CAL:4;KEL-CAL:5;KEL-CAL:6;KEL-CAL:7;Kamloops;OTT-MON:1;OTT-MON:2;TOR-MON:1;TOR-MON:2;TOR-MON:3;TOR-MON:4;TOR-MON:5;TOR-MON:6;TOR-OTT:1;TOR-OTT:2;TOR-OTT:3;TOR-OTT:4;TOR-OTT:5;VAN-KAM:1;VAN-KAM:2;VAN-KAM:3;VAN-KAM:4;VAN-KEL:1;VAN-KEL:2;VAN-KEL:3;VAN-KEL:4,7.214285714285714,0.7575776999854831
0.9590000000000001,0.725,0.06700187503509587,63212.953676433244,optimal,97.86850920559041,55,14,18,0,0.030017743045081,809,0.14127060000464553,CAL-EDM:1;CAL-EDM:2;CAL-EDM:3;CAL-SAS:1;CAL-SAS:2;CAL-SAS:3;CAL-SAS:4;CAL-SAS:5;CAL-SAS:6;CAL-SAS:7;Calgary;EDM-SAS:1;EDM-SAS:2;EDM-SAS:3;EDM-SAS:4;EDM-SAS:5;EDM-SAS:6;KAM-CAL:1;KAM-CAL:2;KAM-CAL:3;KAM-CAL:4;KAM-CAL:5;KAM-CAL:6;KAM-CAL:7;KAM-KEL:1;KAM-KEL:2;KEL-CAL:1;KEL-CAL:2;KEL-CAL:3;KEL-CAL:4;KEL-CAL:5;KEL-CAL:6;KEL-CAL:7;Kamloops;OTT-MON:1;OTT-MON:2;TOR-MON:1;TOR-MON:2;TOR-MON:3;TOR-MON:4;TOR-MON:5;TOR-MON:6;TOR-OTT:1;TOR-OTT:2;TOR-OTT:3;TOR-OTT:4;TOR-OTT:5;VAN-KAM:1;VAN-KAM:2;VAN-KAM:3;VAN-KAM:4;VAN-KEL:1;VAN-KEL:2;VAN-KEL:3;VAN-KEL:4,7.214285714285714,0.7575776999854831
0.9590000000000001,0.725,0.06700187503509587,79588.60011973389,optimal,102.52129123414878,55,14,18,0,0.030017743045081,809,0.14450670000223909,CAL-EDM:1;CAL-EDM:2;CAL-EDM:3;CAL-SAS:1;CAL-SAS:2;CAL-SAS:3;CAL-SAS:4;CAL-SAS:5;CAL-SAS:6;CAL-SAS:7;Calgary;EDM-SAS:1;EDM-SAS:2;EDM-SAS:3;EDM-SAS:4;EDM-SAS:5;EDM-SAS:6;KAM-CAL:1;KAM-CAL:2;KAM-CAL:3;KAM-CAL:4;KAM-CAL:5;KAM-CAL:6;KAM-CAL:7;KAM-KEL:1;KAM-KEL:2;KEL-CAL:1;KEL-CAL:2;KEL-CAL:3;KEL-CAL:4;KEL-CAL:5;KEL-CAL:6;KEL-CAL:7;Kamloops;OTT-MON:1;OTT-MON:2;TOR-MON:1;TOR-MON:2;TOR-MON:3;TOR-MON:4;TOR-MON:5;TOR-MON:6;TOR-OTT:1;TOR-OTT:2;TOR-OTT:3;TOR-OTT:4;TOR-OTT:5;VAN-KAM:1;VAN-KAM:2;VAN-KAM:3;VAN-KAM:4;VAN-KEL:1;VAN-KEL:2;VAN-KEL:3;VAN-KEL:4,7.214285714285714,0.7575776999854831
0.9590000000000001,0.725,0.06700187503509587,100206.44346793843,optimal,107.17407326270954,55,14,18,0,0.030017743045081,809,0.18162170000141487,CAL-EDM:1;CAL-EDM:2;CAL-EDM:3;CAL-SAS:1;CAL-SAS:2;CAL-SAS:3;CAL-SAS:4;CAL-SAS:5;CAL-SAS:6;CAL-SAS:7;Calgary;EDM-SAS:1;EDM-SAS:2;EDM-SAS:3;EDM-SAS:4;EDM-SAS:5;EDM-SAS:6;KAM-CAL:1;KAM-CAL:2;KAM-CAL:3;KAM-CAL:4;KAM-CAL:5;KAM-CAL:6;KAM-CAL:7;KAM-KEL:1;KAM-KEL:2;KEL-CAL:1;KEL-CAL:2;KEL-CAL:3;KEL-CAL:4;KEL-CAL:5;KEL-CAL:6;KEL-CAL:7;Kamloops;OTT-MON:1;OTT-MON:2;TOR-MON:1;TOR-MON:2;TOR-MON:3;TOR-MON:4;TOR-MON:5;TOR-MON:6;TOR-OTT:1;TOR-OTT:2;TOR-OTT:3;TOR-OTT:4;TOR-OTT:5;VAN-KAM:1;VAN-KAM:2;VAN-KAM:3;VAN-KAM:4;VAN-KEL:1;VAN-KEL:2;VAN-KEL:3;VAN-KEL:4,7.214285714285714,0.7575776999854831
0.9590000000000001,0.725,0.06700187503509587,126165.44702868049,optimal,111.82685529132041,55,14,18,0,0.030017743045081,809,0.2991295000028913,CAL-EDM:1;CAL-EDM:2;CAL-EDM:3;CAL-SAS:1;CAL-SAS:2;CAL-SAS:3;CAL-SAS:4;CAL-SAS:5;CAL-SAS:6;CAL-SAS:7;Calgary;EDM-SAS:1;EDM-SAS:2;EDM-SAS:3;EDM-SAS:4;EDM-SAS:5;EDM-SAS:6;KAM-CAL:1;KAM-CAL:2;KAM-CAL:3;KAM-CAL:4;KAM-CAL:5;KAM-CAL:6;KAM-CAL:7;KAM-KEL:1;KAM-KEL:2;KEL-CAL:1;KEL-CAL:2;KEL-CAL:3;KEL-CAL:4;KEL-CAL:5;KEL-CAL:6;KEL-CAL:7;Kamloops;OTT-MON:1;OTT-MON:2;TOR-MON:1;TOR-MON:2;TOR-MON:3;TOR-MON:4;TOR-MON:5;TOR-MON:6;TOR-OTT:1;TOR-OTT:2;TOR-OTT:3;TOR-OTT:4;TOR-OTT:5;VAN-KAM:1;VAN-KAM:2;VAN-KAM:3;VAN-KAM:4;VAN-KEL:1;VAN-KEL:2;VAN-KEL:3;VAN-KEL:4,7.214285714285714,0.7575776999854831
0.9590000000000001,0.725,0.06700187503509587,158849.26630531237,optimal,117.05475885924359,55,17,18,0,0.0221885046944556,809,0.28770860000076937,CAL-EDM:1;CAL-EDM:2;CAL-EDM:3;CAL-SAS:1;CAL-SAS:2;CAL-SAS:3;CAL-SAS:4;CAL-SAS:5;CAL-SAS:6;CAL-SAS:7;Calgary;EDM-SAS:1;EDM-SAS:2;EDM-SAS:3;EDM-SAS:4;EDM-SAS:5;EDM-SAS:6;KAM-CAL:1;KAM-CAL:2;KAM-CAL:3;KAM-CAL:4;KAM-CAL:5;KAM-CAL:6;KAM-CAL:7;KAM-KEL:1;KAM-KEL:2;KEL-CAL:1;KEL-CAL:2;KEL-CAL:3;KEL-CAL:4;KEL-CAL:5;KEL-CAL:6;KEL-CAL:7;Kamloops;OTT-MON:1;OTT-MON:2;TOR-MON:1;TOR-MON:2;TOR-MON:3;TOR-MON:4;TOR-MON:5;TOR-MON:6;TOR-OTT:1;TOR-OTT:2;TOR-OTT:3;TOR-OTT:4;TOR-OTT:5;VAN-KAM:1;VAN-KAM:2;VAN-KAM:3;VAN-KAM:4;VAN-KEL:1;VAN-KEL:2;VAN-KEL:3;VAN-KEL:4,8.823529411764707,0.720862631186266
0.9590000000000001,0.725,0.06700187503509587,200000.0,optimal,122.70456560820647,55,17,18,0,0.0221885046944556,809,0.15302170000359183,CAL-EDM:1;CAL-EDM:2;CAL-EDM:3;CAL-SAS:1;CAL-SAS:2;CAL-SAS:3;CAL-SAS:4;CAL-SAS:5;CAL-SAS:6;CAL-SAS:7;Calgary;EDM-SAS:1;EDM-SAS:2;EDM-SAS:3;EDM-SAS:4;EDM-SAS:5;EDM-SAS:6;KAM-CAL:1;KAM-CAL:2;KAM-CAL:3;KAM-CAL:4;KAM-CAL:5;KAM-CAL:6;KAM-CAL:7;KAM-KEL:1;KAM-KEL:2;KEL-CAL:1;KEL-CAL:2;KEL-CAL:3;KEL-CAL:4;KEL-CAL:5;KEL-CAL:6;KEL-CAL:7;Kamloops;OTT-MON:1;OTT-MON:2;TOR-MON:1;TOR-MON:2;TOR-MON:3;TOR-MON:4;TOR-MON:5;TOR-MON:6;TOR-OTT:1;TOR-OTT:2;TOR-OTT:3;TOR-OTT:4;TOR-OTT:5;VAN-KAM:1;VAN-KAM:2;VAN-KAM:3;VAN-KAM:4;VAN-KEL:1;VAN-KEL:2;VAN-KEL:3;VAN-KEL:4,8.823529411764707,0.720862631186266
0.9590000000000001,0.725,0.08185467307069029,1000.0,optimal,25.305004111269668,46,10,18,0,0.04279211619645008,809,0.08953830000245944,CAL-EDM:1;CAL-EDM:2;CAL-EDM:3;CAL-SAS:1;CAL-SAS:2;CAL-SAS:3;CAL-SAS:4;CAL-SAS:5;CAL-SAS:6;CAL-SAS:7;EDM-SAS:1;EDM-SAS:2;EDM-SAS:3;EDM-SAS:4;EDM-SAS:5;EDM-SAS:6;KAM-CAL:1;KAM-CAL:2;KAM-CAL:3;KAM-CAL:4;KAM-CAL:5;KAM-CAL:6;KAM-CAL:7;KAM-KEL:1;KAM-KEL:2;OTT-MON:1;OTT-MON:2;TOR-MON:1;TOR-MON:2;TOR-MON:3;TOR-MON:4;TOR-MON:5;TOR-MON:6;TOR-OTT:1;TOR-OTT:2;TOR-OTT:3;TOR-OTT:4;TOR-OTT:5;VAN-KAM:1;VAN-KAM:2;VAN-KAM:3;VAN-KAM:4;VAN-KEL:1;VAN-KEL:2;VAN-KEL:3;VAN-KEL:4,5.6,0.8002580189549644
0.9590000000000001,0.725,0.08185467307069029,1259.0552330005396,optimal,28.628419845954333,46,10,18,0,0.04279211619645008,809,0.11056049999751849,CAL-EDM:1;CAL-EDM:2;CAL-EDM:3;CAL-SAS:1;CAL-SAS:2;CAL-SAS:3;CAL-SAS:4;CAL-SAS:5;CAL-SAS:6;CAL-SAS:7;EDM-SAS:1;EDM-SAS:2;EDM-SAS:3;EDM-SAS:4;EDM-SAS:5;EDM-SAS:6;KAM-CAL:1;KAM-CAL:2;KAM-CAL:3;KAM-CAL:4;KAM-CAL:5;KAM-CAL:6;KAM-CAL:7;KAM-KEL:1;KAM-KEL:2;OTT-MON:1;OTT-MON:2;TOR-MON:1;TOR-MON:2;TOR-MON:3;TOR-MON:4;TOR-MON:5;TOR-MON:6;TOR-OTT:1;TOR-OTT:2;TOR-OTT:3;TOR-OTT:4;TOR-OTT:5;VAN-KAM:1;VAN-KAM:2;VAN-KAM:3;VAN-KAM:4;VAN-KEL:1;VAN-KEL:2;VAN-KEL:3;VAN-KEL:4,5.6,0.8002580189549644
0.9590000000000001,0.725,0.08185467307069029,1585.220079746043,optimal,32.145918338609654,53,11,18,0,0.03319923187926317,809,0.08366470000328263,CAL-EDM:1;CAL-EDM:2;CAL-EDM:3;CAL-SAS:1;CAL-SAS:2;CAL-SAS:3;CAL-SAS:4;CAL-SAS:5;CAL-SAS:6;CAL-SAS:7;EDM-SAS:1;EDM-SAS:2;EDM-SAS:3;EDM-SAS:4;EDM-SAS:5;EDM-SAS:6;KAM-CAL:1;KAM-CAL:2;KAM-CAL:3;KAM-CAL:4;KAM-CAL:5;KAM-CAL:6;KAM-CAL:7;KAM-KEL:1;KAM-KEL:2;KEL-CAL:1;KEL-CAL:2;KEL-CAL:3;KEL-CAL:4;KEL-CAL:5;KEL-CAL:6;KEL-CAL:7;OTT-MON:1;OTT-MON:2;TOR-MON:1;TOR-MON:2;TOR-MON:3;TOR-MON:4;TOR-MON:5;TOR-MON:6;TOR-OTT:1;TOR-OTT:2;TOR-OTT:3;TOR-OTT:4;TOR-OTT:5;VAN-KAM:1;VAN-KAM:2;VAN-KAM:3;VAN-KAM:4;VAN-KEL:1;VAN-KEL:2;VAN-KEL:3;VAN-KEL:4,5.818181818181818,0.7937204516464198
0.9590000000000001,0.725,0.08185467307069029,1995.879636861788,optimal,35.801675646762774,53,11,18,0,0.03319923187926317,809,0.07282799999666167,CAL-EDM:1;CAL-EDM:2;CAL-EDM:3;CAL-SAS:1;CAL-SAS:2;CAL-SAS:3;CAL-SAS:4;CAL-SAS:5;CAL-SAS:6;CAL-SAS:7;EDM-SAS:1;EDM-SAS:2;EDM-SAS:3;EDM-SAS:4;EDM-SAS:5;EDM-SAS:6;KAM-CAL:1;KAM-CAL:2;KAM-CAL:3;KAM-CAL:4;KAM-CAL:5;KAM-CAL:6;KAM-CAL:7;KAM-KEL:1;KAM-KEL:2;KEL-CAL:1;KEL-CAL:2;KEL-CAL:3;KEL-CAL:4;KEL-CAL:5;KEL-CAL:6;KEL-CAL:7;OTT-MON:1;OTT-MON:2;TOR-MON:1;TOR-MON:2;TOR-MON:3;TOR-MON:4;TOR-MON:5;TOR-MON:6;TOR-OTT:1;TOR-OTT:2;TOR-OTT:3;TOR-OTT:4;TOR-OTT:5;VAN-KAM:1;VAN-KAM:2;VAN-KAM:3;VAN-KAM:4;VAN-KEL:1;VAN-KEL:2;VAN-KEL:3;VAN-KEL:4,5.818181818181818,0.7937204516464198
0.9590000000000001,0.725,0.08185467307069029,2512.9227012300507,optimal,39.45743295491591,53,11,18,0,0.030017743045081,809,0.06946420000167564,CAL-EDM:1;CAL-EDM:2;CAL-EDM:3;CAL-SAS:1;CAL-SAS:2;CAL-SAS:3;CAL-SAS:4;CAL-SAS:5;CAL-SAS:6;CAL-SAS:7;EDM-SAS:1;EDM-SAS:2;EDM-SAS:3;EDM-SAS:4;EDM-SAS:5;EDM-SAS:6;KAM-CAL:1;KAM-CAL:2;KAM-CAL:3;KAM-CAL:4;KAM-CAL:5;KAM-CAL:6;KAM-CAL:7;KAM-KEL:1;KAM-KEL:2;KEL-CAL:1;KEL-CAL:2;KEL-CAL:3;KEL-CAL:4;KEL-CAL:5;KEL-CAL:6;KEL-CAL:7;OTT-MON:1;OTT-MON:2;TOR-MON:1;TOR-MON:2;TOR-MON:3;TOR-MON:4;TOR-MON:5;TOR-MON:6;TOR-OTT:1;TOR-OTT:2;TOR-OTT:3;TOR-OTT:4;TOR-OTT:5;VAN-KAM:1;VAN-KAM:2;VAN-KAM:3;VAN-KAM:4;VAN-KEL:1;VAN-KEL:2;VAN-KEL:3;VAN-KEL:4,5.818181818181818,0.7937204516464198
0.9590000000000001,0.725,0.08185467307069029,3163.9084771095468,optimal,43.113190263069036,53,11,18,0,0.030017743045081,809,0.06939409999904456,CAL-EDM:1;CAL-EDM:2;CAL-EDM:3;CAL-SAS:1;CAL-SAS:2;CAL-SAS:3;CAL-SAS:4;CAL-SAS:5;CAL-SAS:6;CAL-SAS:7;EDM-SAS:1;EDM-SAS:2;EDM-SAS:3;EDM-SAS:4;EDM-SAS:5;EDM-SAS:6;KAM-CAL:1;KAM-CAL:2;KAM-CAL:3;KAM-CAL:4;KAM-CAL:5;KAM-CAL:6;KAM-CAL:7;KAM-KEL:1;KAM-KEL:2;KEL-CAL:1;KEL-CAL:2;KEL-CAL:3;KEL-CAL:4;KEL-CAL:5;KEL-CAL:6;KEL-CAL:7;OTT-MON:1;OTT-MON:2;TOR-MON:1;TOR-MON:2;TOR-MON:3;TOR-MON:4;TOR-MON:5;TOR-MON:6;TOR-OTT:1;TOR-OTT:2;TOR-OTT:3;TOR-OTT:4;TOR-OTT:5;VAN-KAM:1;VAN-KAM:2;VAN-KAM:3;VAN-KAM:4;VAN-KEL:1;VAN-KEL:2;VAN-KEL:3;VAN-KEL:4,5.818181818181818,0.7937204516464198
0.9590000000000001,0.725,0.08185467307069029,3983.5355248395426,optimal,46.76894757122217,53,11,18,0,0.03319923187926317,809,0.08480559999588877,CAL-EDM:1;CAL-EDM:2;CAL-EDM:3;CAL-SAS:1;CAL-SAS:2;CAL-SAS:3;CAL-SAS:4;CAL-SAS:5;CAL-SAS:6;CAL-SAS:7;EDM-SAS:1;EDM-SAS:2;EDM-SAS:3;EDM-SAS:4;EDM-SAS:5;EDM-SAS:6;KAM-CAL:1;KAM-CAL:2;KAM-CAL:3;KAM-CAL:4;KAM-CAL:5;KAM-CAL:6;KAM-CAL:7;KAM-KEL:1;KAM-KEL:2;KEL-CAL:1;KEL-CAL:2;KEL-CAL:3;KEL-CAL:4;KEL-CAL:5;KEL-CAL:6;KEL-CAL:7;OTT-MON:1;OTT-MON:2;TOR-MON:1;TOR-MON:2;TOR-MON:3;TOR-MON:4;TOR-MON:5;TOR-MON:6;TOR-OTT:1;TOR-OTT:2;TOR-OTT:3;TOR-OTT:4;TOR-OTT:5;VAN-KAM:1;VAN-KAM:2;VAN-KAM:3;VAN-KAM:4;VAN-KEL:1;VAN-KEL:2;VAN-KEL:3;VAN-KEL:4,5.818181818181818,0.7937204516464198
0.9590000000000001,0.725,0.08185467307069029,5015.4912483927765,optimal,50.424704879375305,53,11,18,0,0.03319923187926317,809,0.07979419999901438,CAL-EDM:1;CAL-EDM:2;CAL-EDM:3;CAL-SAS:1;CAL-SAS:2;CAL-SAS:3;CAL-SAS:4;CAL-SAS:5;CAL-SAS:6;CAL-SAS:7;EDM-SAS:1;EDM-SAS:2;EDM-SAS:3;EDM-SAS:4;EDM-SAS:5;EDM-SAS:6;KAM-CAL:1;KAM-CAL:2;KAM-CAL:3;KAM-CAL:4;KAM-CAL:5;KAM-CAL:6;KAM-CAL:7;KAM-KEL:1;KAM-KEL:2;KEL-CAL:1;KEL-CAL:2;KEL-CAL:3;KEL-CAL:4;KEL-CAL:5;KEL-CAL:6;KEL-CAL:7;OTT-MON:1;OTT-MON:2;TOR-MON:1;TOR-MON:2;TOR-MON:3;TOR-MON:4;TOR-MON:5;TOR-MON:6;TOR-OTT:1;TOR-OTT:2;TOR-OTT:3;TOR-OTT:4;TOR-OTT:5;VAN-KAM:1;VAN-KAM:2;VAN-KAM:3;VAN-KAM:4;VAN-KEL:1;VAN-KEL:2;VAN-KEL:3;VAN-KEL:4,5.818181818181818,0.7937204516464198
0.9590000000000001,0.725,0.08185467307069029,6314.780502357335,optimal,54.08046218752847,53,11,18,0,0.03319923187926317,809,0.12212169999838807,CAL-EDM:1;CAL-EDM:2;CAL-EDM:3;CAL-SAS:1;CAL-SAS:2;CAL-SAS:3;CAL-SAS:4;CAL-SAS:5;CAL-SAS:6;CAL-SAS:7;EDM-SAS:1;EDM-SAS:2;EDM-SAS:3;EDM-SAS:4;EDM-SAS:5;EDM-SAS:6;KAM-CAL:1;KAM-CAL:2;KAM-CAL:3;KAM-CAL:4;KAM-CAL:5;KAM-CAL:6;KAM-CAL:7;KAM-KEL:1;KAM-KEL:2;KEL-CAL:1;KEL-CAL:2;KEL-CAL:3;KEL-CAL:4;KEL-CAL:5;KEL-CAL:6;KEL-CAL:7;OTT-MON:1;OTT-MON:2;TOR-MON:1;TOR-MON:2;TOR-MON:3;TOR-MON:4;TOR-MON:5;TOR-MON:6;TOR-OTT:1;TOR-OTT:2;TOR-OTT:3;TOR-OTT:4;TOR-OTT:5;VAN-KAM:1;VAN-KAM:2;VAN-KAM:3;VAN-KAM:4;VAN-KEL:1;VAN-KEL:2;VAN-KEL:3;VAN-KEL:4,5.818181818181818,0.7937204516464198
0.9590000000000001,0.725,0.08185467307069029,7950.657436742778,optimal,57.755732176744665,54,12,18,0,0.03319923187926317,809,0.11271899999701418,CAL-EDM:1;CAL-EDM:2;CAL-EDM:3;CAL-SAS:1;CAL-SAS:2;CAL-SAS:3;CAL-SAS:4;CAL-SAS:5;CAL-SAS:6;CAL-SAS:7;Calgary;EDM-SAS:1;EDM-SAS:2;EDM-SAS:3;EDM-SAS:4;EDM-SAS:5;EDM-SAS:6;KAM-CAL:1;KAM-CAL:2;KAM-CAL:3;KAM-CAL:4;KAM-CAL:5;KAM-CAL:6;KAM-CAL:7;KAM-KEL:1;KAM-KEL:2;KEL-CAL:1;KEL-CAL:2;KEL-CAL:3;KEL-CAL:4;KEL-CAL:5;KEL-CAL:6;KEL-CAL:7;OTT-MON:1;OTT-MON:2;TOR-MON:1;TOR-MON:2;TOR-MON:3;TOR-MON:4;TOR-MON:5;TOR-MON:6;TOR-OTT:1;TOR-OTT:2;TOR-OTT:3;TOR-OTT:4;TOR-OTT:5;VAN-KAM:1;VAN-KAM:2;VAN-KAM:3;VAN-KAM:4;VAN-KEL:1;VAN-KEL:2;VAN-KEL:3;VAN-KEL:4,6.333333333333333,0.7802450346431629
0.9590000000000001,0.725,0.08185467307069029,10010.316851525651,optimal,61.743831058366226,54,12,18,0,0.03319923187926317,809,0.09774800000013784,CAL-EDM:1;CAL-EDM:2;CAL-EDM:3;CAL-SAS:1;CAL-SAS:2;CAL-SAS:3;CAL-SAS:4;CAL-SAS:5;CAL-SAS:6;CAL-SAS:7;Calgary;EDM-SAS:1;EDM-SAS:2;EDM-SAS:3;EDM-SAS:4;EDM-SAS:5;EDM-SAS:6;KAM-CAL:1;KAM-CAL:2;KAM-CAL:3;KAM-CAL:4;KAM-CAL:5;KAM-CAL:6;KAM-CAL:7;KAM-KEL:1;KAM-KEL:2;KEL-CAL:1;KEL-CAL:2;KEL-CAL:3;KEL-CAL:4;KEL-CAL:5;KEL-CAL:6;KEL-CAL:7;OTT-MON:1;OTT-MON:2;TOR-MON:1;TOR-MON:2;TOR-MON:3;TOR-MON:4;TOR-MON:5;TOR-MON:6;TOR-OTT:1;TOR-OTT:2;TOR-OTT:3;TOR-OTT:4;TOR-OTT:5;VAN-KAM:1;VAN-KAM:2;VAN-KAM:3;VAN-KAM:4;VAN-KEL:1;VAN-KEL:2;VAN-KEL:3;VAN-KEL:4,6.333333333333333,0.7802450346431629
0.9590000000000001,0.725,0.08185467307069029,12603.541815906843,optimal,65.73192993998784,54,12,18,0,0.03319923187926317,809,0.13587240000197198,CAL-EDM:1;CAL-EDM:2;CAL-EDM:3;CAL-SAS:1;CAL-SAS:2;CAL-SAS:3;CAL-SAS:4;CAL-SAS:5;CAL-SAS:6;CAL-SAS:7;Calgary;EDM-SAS:1;EDM-SAS:2;EDM-SAS:3;EDM-SAS:4;EDM-SAS:5;EDM-SAS:6;KAM-CAL:1;KAM-CAL:2;KAM-CAL:3;KAM-CAL:4;KAM-CAL:5;KAM-CAL:6;KAM-CAL:7;KAM-KEL:1;KAM-KEL:2;KEL-CAL:1;KEL-CAL:2;KEL-CAL:3;KEL-CAL:4;KEL-CAL:5;KEL-CAL:6;KEL-CAL:7;OTT-MON:1;OTT-MON:2;TOR-MON:1;TOR-MON:2;TOR-MON:3;TOR-MON:4;TOR-MON:5;TOR-MON:6;TOR-OTT:1;TOR-OTT:2;TOR-OTT:3;TOR-OTT:4;TOR-OTT:5;VAN-KAM:1;VAN-KAM:2;VAN-KAM:3;VAN-KAM:4;VAN-KEL:1;VAN-KEL:2;VAN-KEL:3;VAN-KEL:4,6.333333333333333,0.7802450346431629
0.9590000000000001,0.725,0.08185467307069029,15868.55527765865,optimal,69.9518170342391,55,14,18,0,0.030017743045081,809,0.12589980000484502,CAL-EDM:1;CAL-EDM:2;CAL-EDM:3;CAL-SAS:1;CAL-SAS:2;CAL-SAS:3;CAL-SAS:4;CAL-SAS:5;CAL-SAS:6;CAL-SAS:7;Calgary;EDM-SAS:1;EDM-SAS:2;EDM-SAS:3;EDM-SAS:4;EDM-SAS:5;EDM-SAS:6;KAM-CAL:1;KAM-CAL:2;KAM-CAL:3;KAM-CAL:4;KAM-CAL:5;KAM-CAL:6;KAM-CAL:7;KAM-KEL:1;KAM-KEL:2;KEL-CAL:1;KEL-CAL:2;KEL-CAL:3;KEL-CAL:4;KEL-CAL:5;KEL-CAL:6;KEL-CAL:7;Kamloops;OTT-MON:1;OTT-MON:2;TOR-MON:1;TOR-MON:2;TOR-MON:3;TOR-MON:4;TOR-MON:5;TOR-MON:6;TOR-OTT:1;TOR-OTT:2;TOR-OTT:3;TOR-OTT:4;TOR-OTT:5;VAN-KAM:1;VAN-KAM:2;VAN-KAM:3;VAN-KAM:4;VAN-KEL:1;VAN-KEL:2;VAN-KEL:3;VAN-KEL:4,7.214285714285714,0.7575776999854831
0.9590000000000001,0.725,0.08185467307069029,19979.387562494434,optimal,74.60459906279762,55,14,18,0,0.030017743045081,809,0.10599029999866616,CAL-EDM:1;CAL-EDM:2;CAL-EDM:3;CAL-SAS:1;CAL-SAS:2;CAL-SAS:3;CAL-SAS:4;CAL-SAS:5;CAL-SAS:6;CAL-SAS:7;Calgary;EDM-SAS:1;EDM-SAS:2;EDM-SAS:3;EDM-SAS:4;EDM-SAS:5;EDM-SAS:6;KAM-CAL:1;KAM-CAL:2;KAM-CAL:3;KAM-CAL:4;KAM-CAL:5;KAM-CAL:6;KAM-CAL:7;KAM-KEL:1;KAM-KEL:2;KEL-CAL:1;KEL-CAL:2;KEL-CAL:3;KEL-CAL:4;KEL-CAL:5;KEL-CAL:6;KEL-CAL:7;Kamloops;OTT-MON:1;OTT-MON:2;TOR-MON:1;TOR-MON:2;TOR-MON:3;TOR-MON:4;TOR-MON:5;TOR-MON:6;TOR-OTT:1;TOR-OTT:2;TOR-OTT:3;TOR-OTT:4;TOR-OTT:5;VAN-KAM:1;VAN-KAM:2;VAN-KAM:3;VAN-KAM:4;VAN-KEL:1;VAN-KEL:2;VAN-KEL:3;VAN-KEL:4,7.214285714285714,0.7575776999854831
0.9590000000000001,0.725,0.08185467307069029,25155.152462704536,optimal,79.25738109135618,55,14,18,0,0.030017743045081,809,0.12239920000138227,CAL-EDM:1;CAL-EDM:2;CAL-EDM:3;CAL-SAS:1;CAL-SAS:2;CAL-SAS:3;CAL-SAS:4;CAL-SAS:5;CAL-SAS:6;CAL-SAS:7;Calgary;EDM-SAS:1;EDM-SAS:2;EDM-SAS:3;EDM-SAS:4;EDM-SAS:5;EDM-SAS:6;KAM-CAL:1;KAM-CAL:2;KAM-CAL:3;KAM-CAL:4;KAM-CAL:5;KAM-CAL:6;KAM-CAL:7;KAM-KEL:1;KAM-KEL:2;KEL-CAL:1;KEL-CAL:2;KEL-CAL:3;KEL-CAL:4;KEL-CAL:5;KEL-CAL:6;KEL-CAL:7;Kamloops;OTT-MON:1;OTT-MON:2;TOR-MON:1;TOR-MON:2;TOR-MON:3;TOR-MON:4;TOR-MON:5;TOR-MON:6;TOR-OTT:1;TOR-OTT:2;TOR-OTT:3;TOR-OTT:4;TOR-OTT:5;VAN-KAM:1;VAN-KAM:2;VAN-KAM:3;VAN-KAM:4;VAN-KEL:1;VAN-KEL:2;VAN-KEL:3;VAN-KEL:4,7.214285714285714,0.7575776999854831
0.9590000000000001,0.725,0.08185467307069029,31671.726345094525,optimal,83.91016311991466,55,14,18,0,0.030017743045081,809,0.17126570000255015,CAL-EDM:1;CAL-EDM:2;CAL-EDM:3;CAL-SAS:1;CAL-SAS:2;CAL-SAS:3;CAL-SAS:4;CAL-SAS:5;CAL-SAS:6;CAL-SAS:7;Calgary;EDM-SAS:1;EDM-SAS:2;EDM-SAS:3;EDM-SAS:4;EDM-SAS:5;EDM-SAS:6;KAM-CAL:1;KAM-CAL:2;KAM-CAL:3;KAM-CAL:4;KAM-CAL:5;KAM-CAL:6;KAM-CAL:7;KAM-KEL:1;KAM-KEL:2;KEL-CAL:1;KEL-CAL:2;KEL-CAL:3;KEL-CAL:4;KEL-CAL:5;KEL-CAL:6;KEL-CAL:7;Kamloops;OTT-MON:1;OTT-MON:2;TOR-MON:1;TOR-MON:2;TOR-MON:3;TOR-MON:4;TOR-MON:5;TOR-MON:6;TOR-OTT:1;TOR-OTT:2;TOR-OTT:3;TOR-OTT:4;TOR-OTT:5;VAN-KAM:1;VAN-KAM:2;VAN-KAM:3;VAN-KAM:4;VAN-KEL:1;VAN-KEL:2;VAN-KEL:3;VAN-KEL:4,7.214285714285714,0.7575776999854831
0.9590000000000001,0.725,0.08185467307069029,39876.452792952354,optimal,88.5629451484732,55,14,18,0,0.030017743045081,809,0.1485469000035664,CAL-EDM:1;CAL-EDM:2;CAL-EDM:3;CAL-SAS:1;CAL-SAS:2;CAL-SAS:3;CAL-SAS:4;CAL-SAS:5;CAL-SAS:6;CAL-SAS:7;Calgary;EDM-SAS:1;EDM-SAS:2;EDM-SAS:3;EDM-SAS:4;EDM-SAS:5;EDM-SAS:6;KAM-CAL:1;KAM-CAL:2;KAM-CAL:3;KAM-CAL:4;KAM-CAL:5;KAM-CAL:6;KAM-CAL:7;KAM-KEL:1;KAM-KEL:2;KEL-CAL:1;KEL-CAL:2;KEL-CAL:3;KEL-CAL:4;KEL-CAL:5;KEL-CAL:6;KEL-CAL:7;Kamloops;OTT-MON:1;OTT-MON:2;TOR-MON:1;TOR-MON:2;TOR-MON:3;TOR-MON:4;TOR-MON:5;TOR-MON:6;TOR-OTT:1;TOR-OTT:2;TOR-OTT:3;TOR-OTT:4;TOR-OTT:5;VAN-KAM:1;VAN-KAM:2;VAN-KAM:3;VAN-KAM:4;VAN-KEL:1;VAN-KEL:2;VAN-KEL:3;VAN-KEL:4,7.214285714285714,0.7575776999854831
0.9590000000000001,0.725,0.08185467307069029,50206.65656246559,optimal,93.21572717703177,55,14,18,0,0.030017743045081,809,0.12665260000358103,CAL-EDM:1;CAL-EDM:2;CAL-EDM:3;CAL-SAS:1;CAL-SAS:2;CAL-SAS:3;CAL-SAS:4;CAL-SAS:5;CAL-SAS:6;CAL-SAS:7;Calgary;EDM-SAS:1;EDM-SAS:2;EDM-SAS:3;EDM-SAS:4;EDM-SAS:5;EDM-SAS:6;KAM-CAL:1;KAM-CAL:2;KAM-CAL:3;KAM-CAL:4;KAM-CAL:5;KAM-CAL:6;KAM-CAL:7;KAM-KEL:1;KAM-KEL:2;KEL-CAL:1;KEL-CAL:2;KEL-CAL:3;KEL-CAL:4;KEL-CAL:5;KEL-CAL:6;KEL-CAL:7;Kamloops;OTT-MON:1;OTT-MON:2;TOR-MON:1;TOR-MON:2;TOR-MON:3;TOR-MON:4;TOR-MON:5;TOR-MON:6;TOR-OTT:1;TOR-OTT:2;TOR-OTT:3;TOR-OTT:4;TOR-OTT:5;VAN-KAM:1;VAN-KAM:2;VAN-KAM:3;VAN-KAM:4;VAN-KEL:1;VAN-KEL:2;VAN-KEL:3;VAN-KEL:4,7.214285714285714,0.7575776999854831
0.9590000000000001,0.725,0.08185467307069029,63212.953676433244,optimal,97.86850920559041,55,14,18,0,0.030017743045081,809,0.14513119999901392,CAL-EDM:1;CAL-EDM:2;CAL-EDM:3;CAL-SAS:1;CAL-SAS:2;CAL-SAS:3;CAL-SAS:4;CAL-SAS:5;CAL-SAS:6;CAL-SAS:7;Calgary;EDM-SAS:1;EDM-SAS:2;EDM-SAS:3;EDM-SAS:4;EDM-SAS:5;EDM-SAS:6;KAM-CAL:1;KAM-CAL:2;KAM-CAL:3;KAM-CAL:4;KAM-CAL:5;KAM-CAL:6;KAM-CAL:7;KAM-KEL:1;KAM-KEL:2;KEL-CAL:1;KEL-CAL:2;KEL-CAL:3;KEL-CAL:4;KEL-CAL:5;KEL-CAL:6;KEL-CAL:7;Kamloops;OTT-MON:1;OTT-MON:2;TOR-MON:1;TOR-MON:2;TOR-MON:3;TOR-MON:4;TOR-MON:5;TOR-MON:6;TOR-OTT:1;TOR-OTT:2;TOR-OTT:3;TOR-OTT:4;TOR-OTT:5;VAN-KAM:1;VAN-KAM:2;VAN-KAM:3;VAN-KAM:4;VAN-KEL:1;VAN-KEL:2;VAN-KEL:3;VAN-KEL:4,7.214285714285714,0.7575776999854831
0.9590000000000001,0.725,0.08185467307069029,79588.60011973389,optimal,102.52129123414878,55,14,18,0,0.030017743045081,809,0.12393409999640426,CAL-EDM:1;CAL-EDM:2;CAL-EDM:3;CAL-SAS:1;CAL-SAS:2;CAL-SAS:3;CAL-SAS:4;CAL-SAS:5;CAL-SAS:6;CAL-SAS:7;Calgary;EDM-SAS:1;EDM-SAS:2;EDM-SAS:3;EDM-SAS:4;EDM-SAS:5;EDM-SAS:6;KAM-CAL:1;KAM-CAL:2;KAM-CAL:3;KAM-CAL:4;KAM-CAL:5;KAM-CAL:6;KAM-CAL:7;KAM-KEL:1;KAM-KEL:2;KEL-CAL:1;KEL-CAL:2;KEL-CAL:3;KEL-CAL:4;KEL-CAL:5;KEL-CAL:6;KEL-CAL:7;Kamloops;OTT-MON:1;OTT-MON:2;TOR-MON:1;TOR-MON:2;TOR-MON:3;TOR-MON:4;TOR-MON:5;TOR-MON:6;TOR-OTT:1;TOR-OTT:2;TOR-OTT:3;TOR-OTT:4;TOR-OTT:5;VAN-KAM:1;VAN-KAM:2;VAN-KAM:3;VAN-KAM:4;VAN-KEL:1;VAN-KEL:2;VAN-KEL:3;VAN-KEL:4,7.214285714285714,0.7575776999854831
0.9590000000000001,0.725,0.08185467307069029,100206.44346793843,optimal,107.17407326270954,55,14,18,0,0.030017743045081,809,0.2021138999989489,CAL-EDM:1;CAL-EDM:2;CAL-EDM:3;CAL-SAS:1;CAL-SAS:2;CAL-SAS:3;CAL-SAS:4;CAL-SAS:5;CAL-SAS:6;CAL-SAS:7;Calgary;EDM-SAS:1;EDM-SAS:2;EDM-SAS:3;EDM-SAS:4;EDM-SAS:5;EDM-SAS:6;KAM-CAL:1;KAM-CAL:2;KAM-CAL:3;KAM-CAL:4;KAM-CAL:5;KAM-CAL:6;KAM-CAL:7;KAM-KEL:1;KAM-KEL:2;KEL-CAL:1;KEL-CAL:2;KEL-CAL:3;KEL-CAL:4;KEL-CAL:5;KEL-CAL:6;KEL-CAL:7;Kamloops;OTT-MON:1;OTT-MON:2;TOR-MON:1;TOR-MON:2;TOR-MON:3;TOR-MON:4;TOR-MON:5;TOR-MON:6;TOR-OTT:1;TOR-OTT:2;TOR-OTT:3;TOR-OTT:4;TOR-OTT:5;VAN-KAM:1;VAN-KAM:2;VAN-KAM:3;VAN-KAM:4;VAN-KEL:1;VAN-KEL:2;VAN-KEL:3;VAN-KEL:4,7.214285714285714,0.7575776999854831
0.9590000000000001,0.725,0.08185467307069029,126165.44702868049,optimal,111.82685529132041,55,14,18,0,0.030017743045081,809,0.3757843000057619,CAL-EDM:1;CAL-EDM:2;CAL-EDM:3;CAL-SAS:1;CAL-SAS:2;CAL-SAS:3;CAL-SAS:4;CAL-SAS:5;CAL-SAS:6;CAL-SAS:7;Calgary;EDM-SAS:1;EDM-SAS:2;EDM-SAS:3;EDM-SAS:4;EDM-SAS:5;EDM-SAS:6;KAM-CAL:1;KAM-CAL:2;KAM-CAL:3;KAM-CAL:4;KAM-CAL:5;KAM-CAL:6;KAM-CAL:7;KAM-KEL:1;KAM-KEL:2;KEL-CAL:1;KEL-CAL:2;KEL-CAL:3;KEL-CAL:4;KEL-CAL:5;KEL-CAL:6;KEL-CAL:7;Kamloops;OTT-MON:1;OTT-MON:2;TOR-MON:1;TOR-MON:2;TOR-MON:3;TOR-MON:4;TOR-MON:5;TOR-MON:6;TOR-OTT:1;TOR-OTT:2;TOR-OTT:3;TOR-OTT:4;TOR-OTT:5;VAN-KAM:1;VAN-KAM:2;VAN-KAM:3;VAN-KAM:4;VAN-KEL:1;VAN-KEL:2;VAN-KEL:3;VAN-KEL:4,7.214285714285714,0.7575776999854831
0.9590000000000001,0.725,0.08185467307069029,158849.26630531237,optimal,117.05475885924359,55,17,18,0,0.0221885046944556,809,0.3623063999984879,CAL-EDM:1;CAL-EDM:2;CAL-EDM:3;CAL-SAS:1;CAL-SAS:2;CAL-SAS:3;CAL-SAS:4;CAL-SAS:5;CAL-SAS:6;CAL-SAS:7;Calgary;EDM-SAS:1;EDM-SAS:2;EDM-SAS:3;EDM-SAS:4;EDM-SAS:5;EDM-SAS:6;KAM-CAL:1;KAM-CAL:2;KAM-CAL:3;KAM-CAL:4;KAM-CAL:5;KAM-CAL:6;KAM-CAL:7;KAM-KEL:1;KAM-KEL:2;KEL-CAL:1;KEL-CAL:2;KEL-CAL:3;KEL-CAL:4;KEL-CAL:5;KEL-CAL:6;KEL-CAL:7;Kamloops;OTT-MON:1;OTT-MON:2;TOR-MON:1;TOR-MON:2;TOR-MON:3;TOR-MON:4;TOR-MON:5;TOR-MON:6;TOR-OTT:1;TOR-OTT:2;TOR-OTT:3;TOR-OTT:4;TOR-OTT:5;VAN-KAM:1;VAN-KAM:2;VAN-KAM:3;VAN-KAM:4;VAN-KEL:1;VAN-KEL:2;VAN-KEL:3;VAN-KEL:4,8.823529411764707,0.720862631186266
0.9590000000000001,0.725,0.08185467307069029,200000.0,optimal,122.70456560820647,55,17,18,0,0.0221885046944556,809,0.17089560000022175,CAL-EDM:1;CAL-EDM:2;CAL-EDM:3;CAL-SAS:1;CAL-SAS:2;CAL-SAS:3;CAL-SAS:4;CAL-SAS:5;CAL-SAS:6;CAL-SAS:7;Calgary;EDM-SAS:1;EDM-SAS:2;EDM-SAS:3;EDM-SAS:4;EDM-SAS:5;EDM-SAS:6;KAM-CAL:1;KAM-CAL:2;KAM-CAL:3;KAM-CAL:4;KAM-CAL:5;KAM-CAL:6;KAM-CAL:7;KAM-KEL:1;KAM-KEL:2;KEL-CAL:1;KEL-CAL:2;KEL-CAL:3;KEL-CAL:4;KEL-CAL:5;KEL-CAL:6;KEL-CAL:7;Kamloops;OTT-MON:1;OTT-MON:2;TOR-MON:1;TOR-MON:2;TOR-MON:3;TOR-MON:4;TOR-MON:5;TOR-MON:6;TOR-OTT:1;TOR-OTT:2;TOR-OTT:3;TOR-OTT:4;TOR-OTT:5;VAN-KAM:1;VAN-KAM:2;VAN-KAM:3;VAN-KAM:4;VAN-KEL:1;VAN-KEL:2;VAN-KEL:3;VAN-KEL:4,8.823529411764707,0.720862631186266
0.9590000000000001,0.725,0.1,1000.0,optimal,25.305004111269668,46,10,18,0,0.04279211619645008,809,0.09543039999698522,CAL-EDM:1;CAL-EDM:2;CAL-EDM:3;CAL-SAS:1;CAL-SAS:2;CAL-SAS:3;CAL-SAS:4;CAL-SAS:5;CAL-SAS:6;CAL-SAS:7;EDM-SAS:1;EDM-SAS:2;EDM-SAS:3;EDM-SAS:4;EDM-SAS:5;EDM-SAS:6;KAM-CAL:1;KAM-CAL:2;KAM-CAL:3;KAM-CAL:4;KAM-CAL:5;KAM-CAL:6;KAM-CAL:7;KAM-KEL:1;KAM-KEL:2;OTT-MON:1;OTT-MON:2;TOR-MON:1;TOR-MON:2;TOR-MON:3;TOR-MON:4;TOR-MON:5;TOR-MON:6;TOR-OTT:1;TOR-OTT:2;TOR-OTT:3;TOR-OTT:4;TOR-OTT:5;VAN-KAM:1;VAN-KAM:2;VAN-KAM:3;VAN-KAM:4;VAN-KEL:1;VAN-KEL:2;VAN-KEL:3;VAN-KEL:4,5.6,0.8002580189549644
0.9590000000000001,0.725,0.1,1259.0552330005396,optimal,28.628419845954333,46,10,18,0,0.04279211619645008,809,0.09137499999633292,CAL-EDM:1;CAL-EDM:2;CAL-EDM:3;CAL-SAS:1;CAL-SAS:2;CAL-SAS:3;CAL-SAS:4;CAL-SAS:5;CAL-SAS:6;CAL-SAS:7;EDM-SAS:1;EDM-SAS:2;EDM-SAS:3;EDM-SAS:4;EDM-SAS:5;EDM-SAS:6;KAM-CAL:1;KAM-CAL:2;KAM-CAL:3;KAM-CAL:4;KAM-CAL:5;KAM-CAL:6;KAM-CAL:7;KAM-KEL:1;KAM-KEL:2;OTT-MON:1;OTT-MON:2;TOR-MON:1;TOR-MON:2;TOR-MON:3;TOR-MON:4;TOR-MON:5;TOR-MON:6;TOR-OTT:1;TOR-OTT:2;TOR-OTT:3;TOR-OTT:4;TOR-OTT:5;VAN-KAM:1;VAN-KAM:2;VAN-KAM:3;VAN-KAM:4;VAN-KEL:1;VAN-KEL:2;VAN-KEL:3;VAN-KEL:4,5.6,0.8002580189549644
0.9590000000000001,0.725,0.1,1585.220079746043,optimal,32.145918338609654,53,11,18,0,0.03319923187926317,809,0.07079030000022613,CAL-EDM:1;CAL-EDM:2;CAL-EDM:3;CAL-SAS:1;CAL-SAS:2;CAL-SAS:3;CAL-SAS:4;CAL-SAS:5;CAL-SAS:6;CAL-SAS:7;EDM-SAS:1;EDM-SAS:2;EDM-SAS:3;EDM-SAS:4;EDM-SAS:5;EDM-SAS:6;KAM-CAL:1;KAM-CAL:2;KAM-CAL:3;KAM-CAL:4;KAM-CAL:5;KAM-CAL:6;KAM-CAL:7;KAM-KEL:1;KAM-KEL:2;KEL-CAL:1;KEL-CAL:2;KEL-CAL:3;KEL-CAL:4;KEL-CAL:5;KEL-CAL:6;KEL-CAL:7;OTT-MON:1;OTT-MON:2;TOR-MON:1;TOR-MON:2;TOR-MON:3;TOR-MON:4;TOR-MON:5;TOR-MON:6;TOR-OTT:1;TOR-OTT:2;TOR-OTT:3;TOR-OTT:4;TOR-OTT:5;VAN-KAM:1;VAN-KAM:2;VAN-KAM:3;VAN-KAM:4;VAN-KEL:1;VAN-KEL:2;VAN-KEL:3;VAN-KEL:4,5.818181818181818,0.7937204516464198
0.9590000000000001,0.725,0.1,1995.879636861788,optimal,35.801675646762774,53,11,18,0,0.03319923187926317,809,0.07419759999902453,CAL-EDM:1;CAL-EDM:2;CAL-EDM:3;CAL-SAS:1;CAL-SAS:2;CAL-SAS:3;CAL-SAS:4;CAL-SAS:5;CAL-SAS:6;CAL-SAS:7;EDM-SAS:1;EDM-SAS:2;EDM-SAS:3;EDM-SAS:4;EDM-SAS:5;EDM-SAS:6;KAM-CAL:1;KAM-CAL:2;KAM-CAL:3;KAM-CAL:4;KAM-CAL:5;KAM-CAL:6;KAM-CAL:7;KAM-KEL:1;KAM-KEL:2;KEL-CAL:1;KEL-CAL:2;KEL-CAL:3;KEL-CAL:4;KEL-CAL:5;KEL-CAL:6;KEL-CAL:7;OTT-MON:1;OTT-MON:2;TOR-MON:1;TOR-MON:2;TOR-MON:3;TOR-MON:4;TOR-MON:5;TOR-MON:6;TOR-OTT:1;TOR-OTT:2;TOR-OTT:3;TOR-OTT:4;TOR-OTT:5;VAN-KAM:1;VAN-KAM:2;VAN-KAM:3;VAN-KAM:4;VAN-KEL:1;VAN-KEL:2;VAN-KEL:3;VAN-KEL:4,5.818181818181818,0.7937204516464198
0.9590000000000001,0.725,0.1,2512.9227012300507,optimal,39.45743295491591,53,11,18,0,0.030017743045081,809,0.08661810000194237,CAL-EDM:1;CAL-EDM:2;CAL-EDM:3;CAL-SAS:1;CAL-SAS:2;CAL-SAS:3;CAL-SAS:4;CAL-SAS:5;CAL-SAS:6;CAL-SAS:7;EDM-SAS:1;EDM-SAS:2;EDM-SAS:3;EDM-SAS:4;EDM-SAS:5;EDM-SAS:6;KAM-CAL:1;KAM-CAL:2;KAM-CAL:3;KAM-CAL:4;KAM-CAL:5;KAM-CAL:6;KAM-CAL:7;KAM-KEL:1;KAM-KEL:2;KEL-CAL:1;KEL-CAL:2;KEL-CAL:3;KEL-CAL:4;KEL-CAL:5;KEL-CAL:6;KEL-CAL:7;OTT-MON:1;OTT-MON:2;TOR-MON:1;TOR-MON:2;TOR-MON:3;TOR-MON:4;TOR-MON:5;TOR-MON:6;TOR-OTT:1;TOR-OTT:2;TOR-OTT:3;TOR-OTT:4;TOR-OTT:5;VAN-KAM:1;VAN-KAM:2;VAN-KAM:3;VAN-KAM:4;VAN-KEL:1;VAN-KEL:2;VAN-KEL:3;VAN-KEL:4,5.818181818181818,0.7937204516464198
0.9590000000000001,0.725,0.1,3163.9084771095468,optimal,43.113190263069036,53,11,18,0,0.030017743045081,809,0.05770580000535119,CAL-EDM:1;CAL-EDM:2;CAL-EDM:3;CAL-SAS:1;CAL-SAS:2;CAL-SAS:3;CAL-SAS:4;CAL-SAS:5;CAL-SAS:6;CAL-SAS:7;EDM-SAS:1;EDM-SAS:2;EDM-SAS:3;EDM-SAS:4;EDM-SAS:5;EDM-SAS:6;KAM-CAL:1;KAM-CAL:2;KAM-CAL:3;KAM-CAL:4;KAM-CAL:5;KAM-CAL:6;KAM-CAL:7;KAM-KEL:1;KAM-KEL:2;KEL-CAL:1;KEL-CAL:2;KEL-CAL:3;KEL-CAL:4;KEL-CAL:5;KEL-CAL:6;KEL-CAL:7;OTT-MON:1;OTT-MON:2;TOR-MON:1;TOR-MON:2;TOR-MON:3;TOR-MON:4;TOR-MON:5;TOR-MON:6;TOR-OTT:1;TOR-OTT:2;TOR-OTT:3;TOR-OTT:4;TOR-OTT:5;VAN-KAM:1;VAN-KAM:2;VAN-KAM:3;VAN-KAM:4;VAN-KEL:1;VAN-KEL:2;VAN-KEL:3;VAN-KEL:4,5.818181818181818,0.7937204516464198
0.9590000000000001,0.725,0.1,3983.5355248395426,optimal,46.76894757122217,53,11,18,0,0.03319923187926317,809,0.05995700000494253,CAL-EDM:1;CAL-EDM:2;CAL-EDM:3;CAL-SAS:1;CAL-SAS:2;CAL-SAS:3;CAL-SAS:4;CAL-SAS:5;CAL-SAS:6;CAL-SAS:7;EDM-SAS:1;EDM-SAS:2;EDM-SAS:3;EDM-SAS:4;EDM-SAS:5;EDM-SAS:6;KAM-CAL:1;KAM-CAL:2;KAM-CAL:3;KAM-CAL:4;KAM-CAL:5;KAM-CAL:6;KAM-CAL:7;KAM-KEL:1;KAM-KEL:2;KEL-CAL:1;KEL-CAL:2;KEL-CAL:3;KEL-CAL:4;KEL-CAL:5;KEL-CAL:6;KEL-CAL:7;OTT-MON:1;OTT-MON:2;TOR-MON:1;TOR-MON:2;TOR-MON:3;TOR-MON:4;TOR-MON:5;TOR-MON:6;TOR-OTT:1;TOR-OTT:2;TOR-OTT:3;TOR-OTT:4;TOR-OTT:5;VAN-KAM:1;VAN-KAM:2;VAN-KAM:3;VAN-KAM:4;VAN-KEL:1;VAN-KEL:2;VAN-KEL:3;VAN-KEL:4,5.818181818181818,0.7937204516464198
0.9590000000000001,0.725,0.1,5015.4912483927765,optimal,50.424704879375305,53,11,18,0,0.03319923187926317,809,0.07099409999500494,CAL-EDM:1;CAL-EDM:2;CAL-EDM:3;CAL-SAS:1;CAL-SAS:2;CAL-SAS:3;CAL-SAS:4;CAL-SAS:5;CAL-SAS:6;CAL-SAS:7;EDM-SAS:1;EDM-SAS:2;EDM-SAS:3;EDM-SAS:4;EDM-SAS:5;EDM-SAS:6;KAM-CAL:1;KAM-CAL:2;KAM-CAL:3;KAM-CAL:4;KAM-CAL:5;KAM-CAL:6;KAM-CAL:7;KAM-KEL:1;KAM-KEL:2;KEL-CAL:1;KEL-CAL:2;KEL-CAL:3;KEL-CAL:4;KEL-CAL:5;KEL-CAL:6;KEL-CAL:7;OTT-MON:1;OTT-MON:2;TOR-MON:1;TOR-MON:2;TOR-MON:3;TOR-MON:4;TOR-MON:5;TOR-MON:6;TOR-OTT:1;TOR-OTT:2;TOR-OTT:3;TOR-OTT:4;TOR-OTT:5;VAN-KAM:1;VAN-KAM:2;VAN-KAM:3;VAN-KAM:4;VAN-KEL:1;VAN-KEL:2;VAN-KEL:3;VAN-KEL:4,5.818181818181818,0.7937204516464198
0.9590000000000001,0.725,0.1,6314.780502357335,optimal,54.08046218752847,53,11,18,0,0.03319923187926317,809,0.10554749999573687,CAL-EDM:1;CAL-EDM:2;CAL-EDM:3;CAL-SAS:1;CAL-SAS:2;CAL-SAS:3;CAL-SAS:4;CAL-SAS:5;CAL-SAS:6;CAL-SAS:7;EDM-SAS:1;EDM-SAS:2;EDM-SAS:3;EDM-SAS:4;EDM-SAS:5;EDM-SAS:6;KAM-CAL:1;KAM-CAL:2;KAM-CAL:3;KAM-CAL:4;KAM-CAL:5;KAM-CAL:6;KAM-CAL:7;KAM-KEL:1;KAM-KEL:2;KEL-CAL:1;KEL-CAL:2;KEL-CAL:3;KEL-CAL:4;KEL-CAL:5;KEL-CAL:6;KEL-CAL:7;OTT-MON:1;OTT-MON:2;TOR-MON:1;TOR-MON:2;TOR-MON:3;TOR-MON:4;TOR-MON:5;TOR-MON:6;TOR-OTT:1;TOR-OTT:2;TOR-OTT:3;TOR-OTT:4;TOR-OTT:5;VAN-KAM:1;VAN-KAM:2;VAN-KAM:3;VAN-KAM:4;VAN-KEL:1;VAN-KEL:2;VAN-KEL:3;VAN-KEL:4,5.818181818181818,0.7937204516464198
0.9590000000000001,0.725,0.1,7950.657436742778,optimal,57.755732176744665,54,12,18,0,0.03319923187926317,809,0.10755059999792138,CAL-EDM:1;CAL-EDM:2;CAL-EDM:3;CAL-SAS:1;CAL-SAS:2;CAL-SAS:3;CAL-SAS:4;CAL-SAS:5;CAL-SAS:6;CAL-SAS:7;Calgary;EDM-SAS:1;EDM-SAS:2;EDM-SAS:3;EDM-SAS:4;EDM-SAS:5;EDM-SAS:6;KAM-CAL:1;KAM-CAL:2;KAM-CAL:3;KAM-CAL:4;KAM-CAL:5;KAM-CAL:6;KAM-CAL:7;KAM-KEL:1;KAM-KEL:2;KEL-CAL:1;KEL-CAL:2;KEL-CAL:3;KEL-CAL:4;KEL-CAL:5;KEL-CAL:6;KEL-CAL:7;OTT-MON:1;OTT-MON:2;TOR-MON:1;TOR-MON:2;TOR-MON:3;TOR-MON:4;TOR-MON:5;TOR-MON:6;TOR-OTT:1;TOR-OTT:2;TOR-OTT:3;TOR-OTT:4;TOR-OTT:5;VAN-KAM:1;VAN-KAM:2;VAN-KAM:3;VAN-KAM:4;VAN-KEL:1;VAN-KEL:2;VAN-KEL:3;VAN-KEL:4,6.333333333333333,0.7802450346431629
0.9590000000000001,0.725,0.1,10010.316851525651,optimal,61.743831058366226,54,12,18,0,0.03319923187926317,809,0.1472155000010389,CAL-EDM:1;CAL-EDM:2;CAL-EDM:3;CAL-SAS:1;CAL-SAS:2;CAL-SAS:3;CAL-SAS:4;CAL-SAS:5;CAL-SAS:6;CAL-SAS:7;Calgary;EDM-SAS:1;EDM-SAS:2;EDM-SAS:3;EDM-SAS:4;EDM-SAS:5;EDM-SAS:6;KAM-CAL:1;KAM-CAL:2;KAM-CAL:3;KAM-CAL:4;KAM-CAL:5;KAM-CAL:6;KAM-CAL:7;KAM-KEL:1;KAM-KEL:2;KEL-CAL:1;KEL-CAL:2;KEL-CAL:3;KEL-CAL:4;KEL-CAL:5;KEL-CAL:6;KEL-CAL:7;OTT-MON:1;OTT-MON:2;TOR-MON:1;TOR-MON:2;TOR-MON:3;TOR-MON:4;TOR-MON:5;TOR-MON:6;TOR-OTT:1;TOR-OTT:2;TOR-OTT:3;TOR-OTT:4;TOR-OTT:5;VAN-KAM:1;VAN-KAM:2;VAN-KAM:3;VAN-KAM:4;VAN-KEL:1;VAN-KEL:2;VAN-KEL:3;VAN-KEL:4,6.333333333333333,0.7802450346431629
0.9590000000000001,0.725,0.1,12603.541815906843,optimal,65.73192993998784,54,12,18,0,0.03319923187926317,809,0.14429549999476876,CAL-EDM:1;CAL-EDM:2;CAL-EDM:3;CAL-SAS:1;CAL-SAS:2;CAL-SAS:3;CAL-SAS:4;CAL-SAS:5;CAL-SAS:6;CAL-SAS:7;Calgary;EDM-SAS:1;EDM-SAS:2;EDM-SAS:3;EDM-SAS:4;EDM-SAS:5;EDM-SAS:6;KAM-CAL:1;KAM-CAL:2;KAM-CAL:3;KAM-CAL:4;KAM-CAL:5;KAM-CAL:6;KAM-CAL:7;KAM-KEL:1;KAM-KEL:2;KEL-CAL:1;KEL-CAL:2;KEL-CAL:3;KEL-CAL:4;KEL-CAL:5;KEL-CAL:6;KEL-CAL:7;OTT-MON:1;OTT-MON:2;TOR-MON:1;TOR-MON:2;TOR-MON:3;TOR-MON:4;TOR-MON:5;TOR-MON:6;TOR-OTT:1;TOR-OTT:2;TOR-OTT:3;TOR-OTT:4;TOR-OTT:5;VAN-KAM:1;VAN-KAM:2;VAN-KAM:3;VAN-KAM:4;VAN-KEL:1;VAN-KEL:2;VAN-KEL:3;VAN-KEL:4,6.333333333333333,0.7802450346431629
0.9590000000000001,0.725,0.1,15868.55527765865,optimal,69.9518170342391,55,14,18,0,0.030017743045081,809,0.1448369999998249,CAL-EDM:1;CAL-EDM:2;CAL-EDM:3;CAL-SAS:1;CAL-SAS:2;CAL-SAS:3;CAL-SAS:4;CAL-SAS:5;CAL-SAS:6;CAL-SAS:7;Calgary;EDM-SAS:1;EDM-SAS:2;EDM-SAS:3;EDM-SAS:4;EDM-SAS:5;EDM-SAS:6;KAM-CAL:1;KAM-CAL:2;KAM-CAL:3;KAM-CAL:4;KAM-CAL:5;KAM-CAL:6;KAM-CAL:7;KAM-KEL:1;KAM-KEL:2;KEL-CAL:1;KEL-CAL:2;KEL-CAL:3;KEL-CAL:4;KEL-CAL:5;KEL-CAL:6;KEL-CAL:7;Kamloops;OTT-MON:1;OTT-MON:2;TOR-MON:1;TOR-MON:2;TOR-MON:3;TOR-MON:4;TOR-MON:5;TOR-MON:6;TOR-OTT:1;TOR-OTT:2;TOR-OTT:3;TOR-OTT:4;TOR-OTT:5;VAN-KAM:1;VAN-KAM:2;VAN-KAM:3;VAN-KAM:4;VAN-KEL:1;VAN-KEL:2;VAN-KEL:3;VAN-KEL:4,7.214285714285714,0.7575776999854831
0.9590000000000001,0.725,0.1,19979.387562494434,optimal,74.60459906279762,55,14,18,0,0.030017743045081,809,0.09803649999957997,CAL-EDM:1;CAL-EDM:2;CAL-EDM:3;CAL-SAS:1;CAL-SAS:2;CAL-SAS:3;CAL-SAS:4;CAL-SAS:5;CAL-SAS:6;CAL-SAS:7;Calgary;EDM-SAS:1;EDM-SAS:2;EDM-SAS:3;EDM-SAS:4;EDM-SAS:5;EDM-SAS:6;KAM-CAL:1;KAM-CAL:2;KAM-CAL:3;KAM-CAL:4;KAM-CAL:5;KAM-CAL:6;KAM-CAL:7;KAM-KEL:1;KAM-KEL:2;KEL-CAL:1;KEL-CAL:2;KEL-CAL:3;KEL-CAL:4;KEL-CAL:5;KEL-CAL:6;KEL-CAL:7;Kamloops;OTT-MON:1;OTT-MON:2;TOR-MON:1;TOR-MON:2;TOR-MON:3;TOR-MON:4;TOR-MON:5;TOR-MON:6;TOR-OTT:1;TOR-OTT:2;TOR-OTT:3;TOR-OTT:4;TOR-OTT:5;VAN-KAM:1;VAN-KAM:2;VAN-KAM:3;VAN-KAM:4;VAN-KEL:1;VAN-KEL:2;VAN-KEL:3;VAN-KEL:4,7.214285714285714,0.7575776999854831
0.9590000000000001,0.725,0.1,25155.152462704536,optimal,79.25738109135618,55,14,18,0,0.030017743045081,809,0.11222260000067763,CAL-EDM:1;CAL-EDM:2;CAL-EDM:3;CAL-SAS:1;CAL-SAS:2;CAL-SAS:3;CAL-SAS:4;CAL-SAS:5;CAL-SAS:6;CAL-SAS:7;Calgary;EDM-SAS:1;EDM-SAS:2;EDM-SAS:3;EDM-SAS:4;EDM-SAS:5;EDM-SAS:6;KAM-CAL:1;KAM-CAL:2;KAM-CAL:3;KAM-CAL:4;KAM-CAL:5;KAM-CAL:6;KAM-CAL:7;KAM-KEL:1;KAM-KEL:2;KEL-CAL:1;KEL-CAL:2;KEL-CAL:3;KEL-CAL:4;KEL-CAL:5;KEL-CAL:6;KEL-CAL:7;Kamloops;OTT-MON:1;OTT-MON:2;TOR-MON:1;TOR-MON:2;TOR-MON:3;TOR-MON:4;TOR-MON:5;TOR-MON:6;TOR-OTT:1;TOR-OTT:2;TOR-OTT:3;TOR-OTT:4;TOR-OTT:5;VAN-KAM:1;VAN-KAM:2;VAN-KAM:3;VAN-KAM:4;VAN-KEL:1;VAN-KEL:2;VAN-KEL:3;VAN-KEL:4,7.214285714285714,0.7575776999854831
0.9590000000000001,0.725,0.1,31671.726345094525,optimal,83.91016311991466,55,14,18,0,0.030017743045081,809,0.148509999999078,CAL-EDM:1;CAL-EDM:2;CAL-EDM:3;CAL-SAS:1;CAL-SAS:2;CAL-SAS:3;CAL-SAS:4;CAL-SAS:5;CAL-SAS:6;CAL-SAS:7;Calgary;EDM-SAS:1;EDM-SAS:2;EDM-SAS:3;EDM-SAS:4;EDM-SAS:5;EDM-SAS:6;KAM-CAL:1;KAM-CAL:2;KAM-CAL:3;KAM-CAL:4;KAM-CAL:5;KAM-CAL:6;KAM-CAL:7;KAM-KEL:1;KAM-KEL:2;KEL-CAL:1;KEL-CAL:2;KEL-CAL:3;KEL-CAL:4;KEL-CAL:5;KEL-CAL:6;KEL-CAL:7;Kamloops;OTT-MON:1;OTT-MON:2;TOR-MON:1;TOR-MON:2;TOR-MON:3;TOR-MON:4;TOR-MON:5;TOR-MON:6;TOR-OTT:1;TOR-OTT:2;TOR-OTT:3;TOR-OTT:4;TOR-OTT:5;VAN-KAM:1;VAN-KAM:2;VAN-KAM:3;VAN-KAM:4;VAN-KEL:1;VAN-KEL:2;VAN-KEL:3;VAN-KEL:4,7.214285714285714,0.7575776999854831
0.9590000000000001,0.725,0.1,39876.452792952354,optimal,88.5629451484732,55,14,18,0,0.030017743045081,809,0.1425228000007337,CAL-EDM:1;CAL-EDM:2;CAL-EDM:3;CAL-SAS:1;CAL-SAS:2;CAL-SAS:3;CAL-SAS:4;CAL-SAS:5;CAL-SAS:6;CAL-SAS:7;Calgary;EDM-SAS:1;EDM-SAS:2;EDM-SAS:3;EDM-SAS:4;EDM-SAS:5;EDM-SAS:6;KAM-CAL:1;KAM-CAL:2;KAM-CAL:3;KAM-CAL:4;KAM-CAL:5;KAM-CAL:6;KAM-CAL:7;KAM-KEL:1;KAM-KEL:2;KEL-CAL:1;KEL-CAL:2;KEL-CAL:3;KEL-CAL:4;KEL-CAL:5;KEL-CAL:6;KEL-CAL:7;Kamloops;OTT-MON:1;OTT-MON:2;TOR-MON:1;TOR-MON:2;TOR-MON:3;TOR-MON:4;TOR-MON:5;TOR-MON:6;TOR-OTT:1;TOR-OTT:2;TOR-OTT:3;TOR-OTT:4;TOR-OTT:5;VAN-KAM:1;VAN-KAM:2;VAN-KAM:3;VAN-KAM:4;VAN-KEL:1;VAN-KEL:2;VAN-KEL:3;VAN-KEL:4,7.214285714285714,0.7575776999854831
0.9590000000000001,0.725,0.1,50206.65656246559,optimal,93.21572717703177,55,14,18,0,0.030017743045081,809,0.11445649999950547,CAL-EDM:1;CAL-EDM:2;CAL-EDM:3;CAL-SAS:1;CAL-SAS:2;CAL-SAS:3;CAL-SAS:4;CAL-SAS:5;CAL-SAS:6;CAL-SAS:7;Calgary;EDM-SAS:1;EDM-SAS:2;EDM-SAS:3;EDM-SAS:4;EDM-SAS:5;EDM-SAS:6;KAM-CAL:1;KAM-CAL:2;KAM-CAL:3;KAM-CAL:4;KAM-CAL:5;KAM-CAL:6;KAM-CAL:7;KAM-KEL:1;KAM-KEL:2;KEL-CAL:1;KEL-CAL:2;KEL-CAL:3;KEL-CAL:4;KEL-CAL:5;KEL-CAL:6;KEL-CAL:7;Kamloops;OTT-MON:1;OTT-MON:2;TOR-MON:1;TOR-MON:2;TOR-MON:3;TOR-MON:4;TOR-MON:5;TOR-MON:6;TOR-OTT:1;TOR-OTT:2;TOR-OTT:3;TOR-OTT:4;TOR-OTT:5;VAN-KAM:1;VAN-KAM:2;VAN-KAM:3;VAN-KAM:4;VAN-KEL:1;VAN-KEL:2;VAN-KEL:3;VAN-KEL:4,7.214285714285714,0.7575776999854831
0.9590000000000001,0.725,0.1,63212.953676433244,optimal,97.86850920559041,55,14,18,0,0.030017743045081,809,0.11737560000619851,CAL-EDM:1;CAL-EDM:2;CAL-EDM:3;CAL-SAS:1;CAL-SAS:2;CAL-SAS:3;CAL-SAS:4;CAL-SAS:5;CAL-SAS:6;CAL-SAS:7;Calgary;EDM-SAS:1;EDM-SAS:2;EDM-SAS:3;EDM-SAS:4;EDM-SAS:5;EDM-SAS:6;KAM-CAL:1;KAM-CAL:2;KAM-CAL:3;KAM-CAL:4;KAM-CAL:5;KAM-CAL:6;KAM-CAL:7;KAM-KEL:1;KAM-KEL:2;KEL-CAL:1;KEL-CAL:2;KEL-CAL:3;KEL-CAL:4;KEL-CAL:5;KEL-CAL:6;KEL-CAL:7;Kamloops;OTT-MON:1;OTT-MON:2;TOR-MON:1;TOR-MON:2;TOR-MON:3;TOR-MON:4;TOR-MON:5;TOR-MON:6;TOR-OTT:1;TOR-OTT:2;TOR-OTT:3;TOR-OTT:4;TOR-OTT:5;VAN-KAM:1;VAN-KAM:2;VAN-KAM:3;VAN-KAM:4;VAN-KEL:1;VAN-KEL:2;VAN-KEL:3;VAN-KEL:4,7.214285714285714,0.7575776999854831
0.9590000000000001,0.725,0.1,79588.60011973389,optimal,102.52129123414878,55,14,18,0,0.030017743045081,809,0.1404947999981232,CAL-EDM:1;CAL-EDM:2;CAL-EDM:3;CAL-SAS:1;CAL-SAS:2;CAL-SAS:3;CAL-SAS:4;CAL-SAS:5;CAL-SAS:6;CAL-SAS:7;Calgary;EDM-SAS:1;EDM-SAS:2;EDM-SAS:3;EDM-SAS:4;EDM-SAS:5;EDM-SAS:6;KAM-CAL:1;KAM-CAL:2;KAM-CAL:3;KAM-CAL:4;KAM-CAL:5;KAM-CAL:6;KAM-CAL:7;KAM-KEL:1;KAM-KEL:2;KEL-CAL:1;KEL-CAL:2;KEL-CAL:3;KEL-CAL:4;KEL-CAL:5;KEL-CAL:6;KEL-CAL:7;Kamloops;OTT-MON:1;OTT-MON:2;TOR-MON:1;TOR-MON:2;TOR-MON:3;TOR-MON:4;TOR-MON:5;TOR-MON:6;TOR-OTT:1;TOR-OTT:2;TOR-OTT:3;TOR-OTT:4;TOR-OTT:5;VAN-KAM:1;VAN-KAM:2;VAN-KAM:3;VAN-KAM:4;VAN-KEL:1;VAN-KEL:2;VAN-KEL:3;VAN-KEL:4,7.214285714285714,0.7575776999854831
0.9590000000000001,0.725,0.1,100206.44346793843,optimal,107.17407326270954,55,14,18,0,0.030017743045081,809,0.1599428000045009,CAL-EDM:1;CAL-EDM:2;CAL-EDM:3;CAL-SAS:1;CAL-SAS:2;CAL-SAS:3;CAL-SAS:4;CAL-SAS:5;CAL-SAS:6;CAL-SAS:7;Calgary;EDM-SAS:1;EDM-SAS:2;EDM-SAS:3;EDM-SAS:4;EDM-SAS:5;EDM-SAS:6;KAM-CAL:1;KAM-CAL:2;KAM-CAL:3;KAM-CAL:4;KAM-CAL:5;KAM-CAL:6;KAM-CAL:7;KAM-KEL:1;KAM-KEL:2;KEL-CAL:1;KEL-CAL:2;KEL-CAL:3;KEL-CAL:4;KEL-CAL:5;KEL-CAL:6;KEL-CAL:7;Kamloops;OTT-MON:1;OTT-MON:2;TOR-MON:1;TOR-MON:2;TOR-MON:3;TOR-MON:4;TOR-MON:5;TOR-MON:6;TOR-OTT:1;TOR-OTT:2;TOR-OTT:3;TOR-OTT:4;TOR-OTT:5;VAN-KAM:1;VAN-KAM:2;VAN-KAM:3;VAN-KAM:4;VAN-KEL:1;VAN-KEL:2;VAN-KEL:3;VAN-KEL:4,7.214285714285714,0.7575776999854831
0.9590000000000001,0.725,0.1,126165.44702868049,optimal,111.82685529132041,55,14,18,0,0.030017743045081,809,0.28924360000382876,CAL-EDM:1;CAL-EDM:2;CAL-EDM:3;CAL-SAS:1;CAL-SAS:2;CAL-SAS:3;CAL-SAS:4;CAL-SAS:5;CAL-SAS:6;CAL-SAS:7;Calgary;EDM-SAS:1;EDM-SAS:2;EDM-SAS:3;EDM-SAS:4;EDM-SAS:5;EDM-SAS:6;KAM-CAL:1;KAM-CAL:2;KAM-CAL:3;KAM-CAL:4;KAM-CAL:5;KAM-CAL:6;KAM-CAL:7;KAM-KEL:1;KAM-KEL:2;KEL-CAL:1;KEL-CAL:2;KEL-CAL:3;KEL-CAL:4;KEL-CAL:5;KEL-CAL:6;KEL-CAL:7;Kamloops;OTT-MON:1;OTT-MON:2;TOR-MON:1;TOR-MON:2;TOR-MON:3;TOR-MON:4;TOR-MON:5;TOR-MON:6;TOR-OTT:1;TOR-OTT:2;TOR-OTT:3;TOR-OTT:4;TOR-OTT:5;VAN-KAM:1;VAN-KAM:2;VAN-KAM:3;VAN-KAM:4;VAN-KEL:1;VAN-KEL:2;VAN-KEL:3;VAN-KEL:4,7.214285714285714,0.7575776999854831
0.9590000000000001,0.725,0.1,158849.26630531237,optimal,117.05475885924359,55,17,18,0,0.0221885046944556,809,0.332781299999624,CAL-EDM:1;CAL-EDM:2;CAL-EDM:3;CAL-SAS:1;CAL-SAS:2;CAL-SAS:3;CAL-SAS:4;CAL-SAS:5;CAL-SAS:6;CAL-SAS:7;Calgary;EDM-SAS:1;EDM-SAS:2;EDM-SAS:3;EDM-SAS:4;EDM-SAS:5;EDM-SAS:6;KAM-CAL:1;KAM-CAL:2;KAM-CAL:3;KAM-CAL:4;KAM-CAL:5;KAM-CAL:6;KAM-CAL:7;KAM-KEL:1;KAM-KEL:2;KEL-CAL:1;KEL-CAL:2;KEL-CAL:3;KEL-CAL:4;KEL-CAL:5;KEL-CAL:6;KEL-CAL:7;Kamloops;OTT-MON:1;OTT-MON:2;TOR-MON:1;TOR-MON:2;TOR-MON:3;TOR-MON:4;TOR-MON:5;TOR-MON:6;TOR-OTT:1;TOR-OTT:2;TOR-OTT:3;TOR-OTT:4;TOR-OTT:5;VAN-KAM:1;VAN-KAM:2;VAN-KAM:3;VAN-KAM:4;VAN-KEL:1;VAN-KEL:2;VAN-KEL:3;VAN-KEL:4,8.823529411764707,0.720862631186266
0.9590000000000001,0.725,0.1,200000.0,optimal,122.70456560820647,55,17,18,0,0.0221885046944556,809,0.13217350000195438,CAL-EDM:1;CAL-EDM:2;CAL-EDM:3;CAL-SAS:1;CAL-SAS:2;CAL-SAS:3;CAL-SAS:4;CAL-SAS:5;CAL-SAS:6;CAL-SAS:7;Calgary;EDM-SAS:1;EDM-SAS:2;EDM-SAS:3;EDM-SAS:4;EDM-SAS:5;EDM-SAS:6;KAM-CAL:1;KAM-CAL:2;KAM-CAL:3;KAM-CAL:4;KAM-CAL:5;KAM-CAL:6;KAM-CAL:7;KAM-KEL:1;KAM-KEL:2;KEL-CAL:1;KEL-CAL:2;KEL-CAL:3;KEL-CAL:4;KEL-CAL:5;KEL-CAL:6;KEL-CAL:7;Kamloops;OTT-MON:1;OTT-MON:2;TOR-MON:1;TOR-MON:2;TOR-MON:3;TOR-MON:4;TOR-MON:5;TOR-MON:6;TOR-OTT:1;TOR-OTT:2;TOR-OTT:3;TOR-OTT:4;TOR-OTT:5;VAN-KAM:1;VAN-KAM:2;VAN-KAM:3;VAN-KAM:4;VAN-KEL:1;VAN-KEL:2;VAN-KEL:3;VAN-KEL:4,8.823529411764707,0.720862631186266
