generation_rate_hz,t2_s,link_fidelity,swap_success,swap_werner,status,utility,n_repeaters,served_pairs,total_pairs,all_pairs_served,min_w_pmin,n_model_vars,solve_seconds,repeaters,mean_hops,mean_fidelity
10123.93363117637,0.0034366679406514044,0.9340182301290334,0.8184823803603649,0.9828380895918235,optimal,15.769059798125092,7,3,18,0,0.23713737056616555,125,1.4566837000311352,CAL-EDM:1;CAL-EDM:2;CAL-EDM:3;KAM-KEL:1;KAM-KEL:2;OTT-MON:1;OTT-MON:2,3.3333333333333335,0.7806126269039996
126026.71155803654,0.0034366679406514044,0.9340182301290334,0.8184823803603649,0.9828380895918235,optimal,26.682722861157472,7,3,18,0,0.23713737056616555,125,0.03645349998259917,CAL-EDM:1;CAL-EDM:2;CAL-EDM:3;KAM-KEL:1;KAM-KEL:2;OTT-MON:1;OTT-MON:2,3.3333333333333335,0.7806126269039996
10123.93363117637,0.08421933092701663,0.9340182301290334,0.8184823803603649,0.9828380895918235,optimal,15.769059798125092,7,3,18,0,0.23713737056616555,633,0.41087309998692945,CAL-EDM:1;CAL-EDM:2;CAL-EDM:3;KAM-KEL:1;KAM-KEL:2;OTT-MON:1;OTT-MON:2,3.3333333333333335,0.7806126269039996
10123.93363117637,0.0034366679406514044,0.9836228195279837,0.8184823803603649,0.9828380895918235,optimal,17.526401404753962,7,3,18,0,0.23713737056616555,125,0.03924920002464205,CAL-EDM:1;CAL-EDM:2;CAL-EDM:3;KAM-KEL:1;KAM-KEL:2;OTT-MON:1;OTT-MON:2,3.3333333333333335,0.9193177035068675
10123.93363117637,0.0034366679406514044,0.9340182301290334,0.8203731994144619,0.9828380895918235,optimal,15.792362809831884,7,3,18,0,0.23713737056616555,125,0.034388799977023154,CAL-EDM:1;CAL-EDM:2;CAL-EDM:3;KAM-KEL:1;KAM-KEL:2;OTT-MON:1;OTT-MON:2,3.3333333333333335,0.7806126269039996
10123.93363117637,0.0034366679406514044,0.9340182301290334,0.8184823803603649,0.8595800258945674,optimal,12.714478349896748,4,2,18,0,0.46415888336127825,125,0.03446609998354688,KAM-KEL:1;KAM-KEL:2;OTT-MON:1;OTT-MON:2,3.0,0.6703907321546557
126026.71155803654,0.08421933092701663,0.9836228195279837,0.8203731994144619,0.8595800258945674,optimal,26.00844628347717,7,3,18,0,0.23713737056616555,505,0.24387500004377216,CAL-EDM:1;CAL-EDM:2;CAL-EDM:3;KAM-KEL:1;KAM-KEL:2;OTT-MON:1;OTT-MON:2,3.3333333333333335,0.7411221670301984
163322.5849097145,0.057967285073590114,0.9791222581919283,0.5195876594632864,0.7236833487311378,optimal,16.876489739336833,4,2,18,0,0.46415888336127825,311,0.11076090001733974,KAM-KEL:1;KAM-KEL:2;OTT-MON:1;OTT-MON:2,3.0,0.6108907096393064
13031.19044484461,0.057967285073590114,0.9791222581919283,0.5195876594632864,0.7236833487311378,optimal,9.581122707057636,4,2,18,0,0.46415888336127825,311,0.10896759998286143,KAM-KEL:1;KAM-KEL:2;OTT-MON:1;OTT-MON:2,3.0,0.6108907096393064
163322.5849097145,0.009131798206787948,0.9791222581919283,0.5195876594632864,0.7236833487311378,optimal,16.876489739336833,4,2,18,0,0.46415888336127825,303,0.10760400001890957,KAM-KEL:1;KAM-KEL:2;OTT-MON:1;OTT-MON:2,3.0,0.6108907096393064
163322.5849097145,0.057967285073590114,0.9485024439059199,0.5195876594632864,0.7236833487311378,optimal,15.435831132159294,4,2,18,0,0.46415888336127825,231,0.07789519999641925,KAM-KEL:1;KAM-KEL:2;OTT-MON:1;OTT-MON:2,3.0,0.567306101420343
163322.5849097145,0.057967285073590114,0.9791222581919283,0.6545205635018647,0.7236833487311378,optimal,18.208775150173707,4,2,18,0,0.46415888336127825,311,0.10624739999184385,KAM-KEL:1;KAM-KEL:2;OTT-MON:1;OTT-MON:2,3.0,0.6108907096393064
163322.5849097145,0.057967285073590114,0.9791222581919283,0.5195876594632864,0.8191244237059727,optimal,21.184786019027804,7,3,18,0,0.23713737056616555,368,0.15038240002468228,CAL-EDM:1;CAL-EDM:2;CAL-EDM:3;KAM-KEL:1;KAM-KEL:2;OTT-MON:1;OTT-MON:2,3.3333333333333335,0.6809672714186504
13031.19044484461,0.009131798206787948,0.9485024439059199,0.6545205635018647,0.8191244237059727,optimal,11.907809561972494,4,2,18,0,0.46415888336127825,303,0.10908779996680096,KAM-KEL:1;KAM-KEL:2;OTT-MON:1;OTT-MON:2,3.0,0.6565191547543496
23866.175363970528,0.001993303361383798,0.9579539942014963,0.8880337855312973,0.7874390387078747,optimal,8.00659786145261,2,1,18,0,0.6072021956909884,77,0.02243280003312975,KAM-KEL:1;KAM-KEL:2,3.0,0.6411348075771217
3497.9265166707323,0.001993303361383798,0.9579539942014963,0.8880337855312973,0.7874390387078747,optimal,5.236202360323746,2,1,18,0,0.6072021956909884,77,0.0181631000014022,KAM-KEL:1;KAM-KEL:2,3.0,0.6411348075771217
23866.175363970528,0.014845599612621592,0.9579539942014963,0.8880337855312973,0.7874390387078747,optimal,15.557656160336292,7,3,18,0,0.23713737056616555,311,0.11306579998927191,CAL-EDM:1;CAL-EDM:2;CAL-EDM:3;KAM-KEL:1;KAM-KEL:2;OTT-MON:1;OTT-MON:2,3.3333333333333335,0.6076659431874974
23866.175363970528,0.001993303361383798,0.937545156924054,0.8880337855312973,0.7874390387078747,optimal,7.62420808204609,2,1,18,0,0.6072021956909884,77,0.02352340001380071,KAM-KEL:1;KAM-KEL:2,3.0,0.6082737907004685
23866.175363970528,0.001993303361383798,0.9579539942014963,0.5585867191199213,0.7874390387078747,optimal,6.668931276037196,2,1,18,0,0.6072021956909884,77,0.015003699983935803,KAM-KEL:1;KAM-KEL:2,3.0,0.6411348075771217
23866.175363970528,0.001993303361383798,0.9579539942014963,0.8880337855312973,0.710531011911109,optimal,6.962915435757877,2,1,18,0,0.6072021956909884,77,0.020428800024092197,KAM-KEL:1;KAM-KEL:2,3.0,0.5684627625439157
3497.9265166707323,0.014845599612621592,0.937545156924054,0.5585867191199213,0.710531011911109,optimal,3.382448682341585,4,2,18,0,0.46415888336127825,231,0.05697370000416413,KAM-KEL:1;KAM-KEL:2;OTT-MON:1;OTT-MON:2,3.0,0.5417072552052399
1013.6146269896407,0.010619749937884584,0.9640579942241311,0.6735116506461054,0.9190560854906216,optimal,6.549580789717176,4,2,18,0,0.46415888336127825,449,0.196218500030227,KAM-KEL:1;KAM-KEL:2;OTT-MON:1;OTT-MON:2,3.0,0.7967162219481386
33135.68169400551,0.010619749937884584,0.9640579942241311,0.6735116506461054,0.9190560854906216,optimal,18.816907075948706,7,3,18,0,0.23713737056616555,449,0.21581460000015795,CAL-EDM:1;CAL-EDM:2;CAL-EDM:3;KAM-KEL:1;KAM-KEL:2;OTT-MON:1;OTT-MON:2,3.3333333333333335,0.7739386500580091
1013.6146269896407,0.0015809945249859196,0.9640579942241311,0.6735116506461054,0.9190560854906216,infeasible,-50.0,0,0,18,0,,0,0.0003971999976783991,,,
1013.6146269896407,0.010619749937884584,0.9750893445406109,0.6735116506461054,0.9190560854906216,optimal,6.78954658044926,4,2,18,0,0.46415888336127825,465,0.21059869998134673,KAM-KEL:1;KAM-KEL:2;OTT-MON:1;OTT-MON:2,3.0,0.8224480396921532
1013.6146269896407,0.010619749937884584,0.9640579942241311,0.8391635466832668,0.9190560854906216,optimal,7.818577215134021,4,2,18,0,0.46415888336127825,449,0.19634050002787262,KAM-KEL:1;KAM-KEL:2;OTT-MON:1;OTT-MON:2,3.0,0.7967162219481386
1013.6146269896407,0.010619749937884584,0.9640579942241311,0.6735116506461054,0.9659048419790343,optimal,7.05788795039253,4,2,18,0,0.46415888336127825,513,0.25925169995753095,KAM-KEL:1;KAM-KEL:2;OTT-MON:1;OTT-MON:2,3.0,0.8538743964989896
33135.68169400551,0.0015809945249859196,0.9750893445406109,0.8391635466832668,0.9659048419790343,infeasible,-50.0,0,0,18,0,,0,0.0003203999949619174,,,
3328.3287902115276,0.001234869985874527,0.9928046300765127,0.6633058968931437,0.8578445055708289,infeasible,-50.0,0,0,18,0,,0,0.00015480001457035542,,,
58270.56358246723,0.001234869985874527,0.9928046300765127,0.6633058968931437,0.8578445055708289,infeasible,-50.0,0,0,18,0,,0,0.00013780000153928995,,,
3328.3287902115276,0.028944865077765176,0.9928046300765127,0.6633058968931437,0.8578445055708289,optimal,9.787819408208183,4,2,18,0,0.46415888336127825,505,0.2434357000165619,KAM-KEL:1;KAM-KEL:2;OTT-MON:1;OTT-MON:2,3.0,0.7861896512393628
3328.3287902115276,0.001234869985874527,0.9279437335450202,0.6633058968931437,0.8578445055708289,infeasible,-50.0,0,0,18,0,,0,0.0002634000265970826,,,
3328.3287902115276,0.001234869985874527,0.9928046300765127,0.5003149642609059,0.8578445055708289,infeasible,-50.0,0,0,18,0,,0,0.00014240003656595945,,,
3328.3287902115276,0.001234869985874527,0.9928046300765127,0.6633058968931437,0.7851283178925514,infeasible,-50.0,0,0,18,0,,0,0.00012669997522607446,,,
58270.56358246723,0.028944865077765176,0.9279437335450202,0.5003149642609059,0.7851283178925514,optimal,13.128742706180315,4,2,18,0,0.46415888336127825,231,0.06602569995447993,KAM-KEL:1;KAM-KEL:2;OTT-MON:1;OTT-MON:2,3.0,0.5914599000962206
29767.824851955,0.02316999070126186,0.9209071519561113,0.8988987147808074,0.8496231800932437,optimal,16.69148299312062,7,3,18,0,0.23713737056616555,311,0.11036170000443235,CAL-EDM:1;CAL-EDM:2;CAL-EDM:3;KAM-KEL:1;KAM-KEL:2;OTT-MON:1;OTT-MON:2,3.3333333333333335,0.6065406921007039
5434.241261703142,0.02316999070126186,0.9209071519561113,0.8988987147808074,0.8496231800932437,optimal,10.842094081283136,4,2,18,0,0.46415888336127825,311,0.10518559999763966,KAM-KEL:1;KAM-KEL:2;OTT-MON:1;OTT-MON:2,3.0,0.6375408104512372
29767.824851955,0.0027178357599493856,0.9209071519561113,0.8988987147808074,0.8496231800932437,optimal,15.74930064978847,4,2,18,0,0.46415888336127825,101,0.02500530000543222,KAM-KEL:1;KAM-KEL:2;OTT-MON:1;OTT-MON:2,3.0,0.6375408104512372
29767.824851955,0.02316999070126186,0.966095309516415,0.8988987147808074,0.8496231800932437,optimal,19.63337332165829,7,3,18,0,0.23713737056616555,457,0.21740419999696314,CAL-EDM:1;CAL-EDM:2;CAL-EDM:3;KAM-KEL:1;KAM-KEL:2;OTT-MON:1;OTT-MON:2,3.3333333333333335,0.6915861634542595
29767.824851955,0.02316999070126186,0.9209071519561113,0.8964679368771612,0.8496231800932437,optimal,16.664136920309655,7,3,18,0,0.23713737056616555,311,0.11089699994772673,CAL-EDM:1;CAL-EDM:2;CAL-EDM:3;KAM-KEL:1;KAM-KEL:2;OTT-MON:1;OTT-MON:2,3.3333333333333335,0.6065406921007039
29767.824851955,0.02316999070126186,0.9209071519561113,0.8988987147808074,0.8974737515551969,optimal,18.631594100397812,7,3,18,0,0.23713737056616555,368,0.13564900000346825,CAL-EDM:1;CAL-EDM:2;CAL-EDM:3;KAM-KEL:1;KAM-KEL:2;OTT-MON:1;OTT-MON:2,3.3333333333333335,0.6540020391270277
5434.241261703142,0.0027178357599493856,0.966095309516415,0.8964679368771612,0.8974737515551969,optimal,12.834156427898506,4,2,18,0,0.46415888336127825,101,0.026960600051097572,KAM-KEL:1;KAM-KEL:2;OTT-MON:1;OTT-MON:2,3.0,0.7758156060004167
68934.22119484234,0.0066426339783798635,0.9773975973203778,0.5939810352865607,0.7701766178309917,optimal,16.757705776562627,7,3,18,0,0.23713737056616555,278,0.09045309998327866,CAL-EDM:1;CAL-EDM:2;CAL-EDM:3;KAM-KEL:1;KAM-KEL:2;OTT-MON:1;OTT-MON:2,3.3333333333333335,0.6216257286836259
1429.7270227695394,0.0066426339783798635,0.9773975973203778,0.5939810352865607,0.7701766178309917,optimal,4.959187628499942,4,2,18,0,0.46415888336127825,278,0.07658140000421554,KAM-KEL:1;KAM-KEL:2;OTT-MON:1;OTT-MON:2,3.0,0.6558576336212173
68934.22119484234,0.04919816573426349,0.9773975973203778,0.5939810352865607,0.7701766178309917,optimal,16.757705776562627,7,3,18,0,0.23713737056616555,311,0.11724530003266409,CAL-EDM:1;CAL-EDM:2;CAL-EDM:3;KAM-KEL:1;KAM-KEL:2;OTT-MON:1;OTT-MON:2,3.3333333333333335,0.6216257286836259
68934.22119484234,0.0066426339783798635,0.9941436609514057,0.5939810352865607,0.7701766178309917,optimal,17.871351573620014,7,3,18,0,0.23713737056616555,302,0.11744639999233186,CAL-EDM:1;CAL-EDM:2;CAL-EDM:3;KAM-KEL:1;KAM-KEL:2;OTT-MON:1;OTT-MON:2,3.3333333333333335,0.650378588541166
68934.22119484234,0.0066426339783798635,0.9773975973203778,0.7658153644297272,0.7701766178309917,optimal,19.323763927531118,7,3,18,0,0.23713737056616555,278,0.10184989997651428,CAL-EDM:1;CAL-EDM:2;CAL-EDM:3;KAM-KEL:1;KAM-KEL:2;OTT-MON:1;OTT-MON:2,3.3333333333333335,0.6216257286836259
68934.22119484234,0.0066426339783798635,0.9773975973203778,0.5939810352865607,0.9320748769529164,optimal,21.479936912048835,7,3,18,0,0.23713737056616555,367,0.1749267000122927,CAL-EDM:1;CAL-EDM:2;CAL-EDM:3;KAM-KEL:1;KAM-KEL:2;OTT-MON:1;OTT-MON:2,3.3333333333333335,0.8253973180534179
1429.7270227695394,0.04919816573426349,0.9941436609514057,0.7658153644297272,0.9320748769529164,optimal,9.045449942142934,4,2,18,0,0.46415888336127825,729,0.5541147000039928,KAM-KEL:1;KAM-KEL:2;OTT-MON:1;OTT-MON:2,3.0,0.886428232726501
5856.565199502151,0.03945670406658558,0.9445001286435872,0.7451876415405423,0.9373347536418587,optimal,11.95622833980665,4,2,18,0,0.46415888336127825,577,0.32367840001825243,KAM-KEL:1;KAM-KEL:2;OTT-MON:1;OTT-MON:2,3.0,0.7732194791843501
15651.525701213068,0.03945670406658558,0.9445001286435872,0.7451876415405423,0.9373347536418587,optimal,16.192019127760023,7,3,18,0,0.23713737056616555,577,0.27880470000673085,CAL-EDM:1;CAL-EDM:2;CAL-EDM:3;KAM-KEL:1;KAM-KEL:2;OTT-MON:1;OTT-MON:2,3.3333333333333335,0.7501929635972578
5856.565199502151,0.004537217855538265,0.9445001286435872,0.7451876415405423,0.9373347536418587,optimal,11.95622833980665,4,2,18,0,0.46415888336127825,197,0.07373160001588985,KAM-KEL:1;KAM-KEL:2;OTT-MON:1;OTT-MON:2,3.0,0.7732194791843501
5856.565199502151,0.03945670406658558,0.958405187048018,0.7451876415405423,0.9373347536418587,optimal,12.500802033010675,7,3,18,0,0.23713737056616555,601,0.36266709998017177,CAL-EDM:1;CAL-EDM:2;CAL-EDM:3;KAM-KEL:1;KAM-KEL:2;OTT-MON:1;OTT-MON:2,3.3333333333333335,0.7840592205335092
5856.565199502151,0.03945670406658558,0.9445001286435872,0.7085076772142201,0.9373347536418587,optimal,11.664947290246166,4,2,18,0,0.46415888336127825,577,0.3143889000057243,KAM-KEL:1;KAM-KEL:2;OTT-MON:1;OTT-MON:2,3.0,0.7732194791843501
5856.565199502151,0.03945670406658558,0.9445001286435872,0.7451876415405423,0.7483111480539665,optimal,8.534823424865158,4,2,18,0,0.46415888336127825,231,0.0715908000129275,KAM-KEL:1;KAM-KEL:2;OTT-MON:1;OTT-MON:2,3.0,0.5834716322057476
15651.525701213068,0.004537217855538265,0.958405187048018,0.7085076772142201,0.7483111480539665,optimal,11.711719077449903,4,2,18,0,0.46415888336127825,173,0.055868899973575026,KAM-KEL:1;KAM-KEL:2;OTT-MON:1;OTT-MON:2,3.0,0.6039053281841046
4265.77760227707,0.002762277713726847,0.9735672309622169,0.9396811915561556,0.7404669115068391,optimal,9.987966491575762,4,2,18,0,0.46415888336127825,101,0.03121450002072379,KAM-KEL:1;KAM-KEL:2;OTT-MON:1;OTT-MON:2,3.0,0.6192542109982246
40665.01303565982,0.002762277713726847,0.9735672309622169,0.9396811915561556,0.7404669115068391,optimal,16.49378132957658,4,2,18,0,0.46415888336127825,101,0.024068400030955672,KAM-KEL:1;KAM-KEL:2;OTT-MON:1;OTT-MON:2,3.0,0.6192542109982246
4265.77760227707,0.022083644983414537,0.9735672309622169,0.9396811915561556,0.7404669115068391,optimal,9.987966491575762,4,2,18,0,0.46415888336127825,311,0.10759610001696274,KAM-KEL:1;KAM-KEL:2;OTT-MON:1;OTT-MON:2,3.0,0.6192542109982246
4265.77760227707,0.002762277713726847,0.9243235550876707,0.9396811915561556,0.7404669115068391,optimal,7.414393444435691,4,2,18,0,0.46415888336127825,101,0.02537260000826791,KAM-KEL:1;KAM-KEL:2;OTT-MON:1;OTT-MON:2,3.0,0.5488778823609626
4265.77760227707,0.002762277713726847,0.9735672309622169,0.5346724939066917,0.7404669115068391,optimal,6.733902840415546,4,2,18,0,0.46415888336127825,101,0.035079099994618446,KAM-KEL:1;KAM-KEL:2;OTT-MON:1;OTT-MON:2,3.0,0.6192542109982246
4265.77760227707,0.002762277713726847,0.9735672309622169,0.9396811915561556,0.9834865017682314,optimal,13.490001773593864,4,2,18,0,0.46415888336127825,101,0.03149579995078966,KAM-KEL:1;KAM-KEL:2;OTT-MON:1;OTT-MON:2,3.0,0.9014047951983928
40665.01303565982,0.022083644983414537,0.9243235550876707,0.5346724939066917,0.9834865017682314,optimal,17.09709266272181,7,3,18,0,0.23713737056616555,601,0.3519594999961555,CAL-EDM:1;CAL-EDM:2;CAL-EDM:3;KAM-KEL:1;KAM-KEL:2;OTT-MON:1;OTT-MON:2,3.3333333333333335,0.756910213657313
103071.66157220896,0.016987266689650997,0.9406516026575119,0.6198318133130669,0.9659231443656608,optimal,22.934601214221207,7,3,18,0,0.23713737056616555,593,0.3714443999924697,CAL-EDM:1;CAL-EDM:2;CAL-EDM:3;KAM-KEL:1;KAM-KEL:2;OTT-MON:1;OTT-MON:2,3.3333333333333335,0.776307311971331
2226.3600919082255,0.016987266689650997,0.9406516026575119,0.6198318133130669,0.9659231443656608,optimal,8.33791025372399,4,2,18,0,0.46415888336127825,593,0.32415810000384226,KAM-KEL:1;KAM-KEL:2;OTT-MON:1;OTT-MON:2,3.0,0.7964364856383921
103071.66157220896,0.0017957201185342434,0.9406516026575119,0.6198318133130669,0.9659231443656608,infeasible,-50.0,0,0,18,0,,0,0.00035310001112520695,,,
103071.66157220896,0.016987266689650997,0.9600419434476644,0.6198318133130669,0.9659231443656608,optimal,23.673692979990275,7,3,18,0,0.23713737056616555,689,0.4499243999598548,CAL-EDM:1;CAL-EDM:2;CAL-EDM:3;KAM-KEL:1;KAM-KEL:2;OTT-MON:1;OTT-MON:2,3.3333333333333335,0.8268350778607507
103071.66157220896,0.016987266689650997,0.9406516026575119,0.9256071048323065,0.9659231443656608,optimal,26.98426315384534,7,3,18,0,0.23713737056616555,593,0.3392410999513231,CAL-EDM:1;CAL-EDM:2;CAL-EDM:3;KAM-KEL:1;KAM-KEL:2;OTT-MON:1;OTT-MON:2,3.3333333333333335,0.776307311971331
103071.66157220896,0.016987266689650997,0.9406516026575119,0.6198318133130669,0.7366612772298976,optimal,15.147943877398921,4,2,18,0,0.46415888336127825,231,0.06502149999141693,KAM-KEL:1;KAM-KEL:2;OTT-MON:1;OTT-MON:2,3.0,0.5678265900079758
2226.3600919082255,0.0017957201185342434,0.9600419434476644,0.9256071048323065,0.7366612772298976,infeasible,-50.0,0,0,18,0,,0,0.0003377000102773309,,,
38607.68886842484,0.005094836521464375,0.9971959085669369,0.759613186912611,0.9043702006386592,optimal,21.600057625974753,7,3,18,0,0.23713737056616555,197,0.0647653000196442,CAL-EDM:1;CAL-EDM:2;CAL-EDM:3;KAM-KEL:1;KAM-KEL:2;OTT-MON:1;OTT-MON:2,3.3333333333333335,0.8365408122108301
8283.453712799383,0.005094836521464375,0.9971959085669369,0.759613186912611,0.9043702006386592,optimal,14.938305994644798,7,3,18,0,0.23713737056616555,197,0.06922940001823008,CAL-EDM:1;CAL-EDM:2;CAL-EDM:3;KAM-KEL:1;KAM-KEL:2;OTT-MON:1;OTT-MON:2,3.3333333333333335,0.8365408122108301
38607.68886842484,0.041837741191563235,0.9971959085669369,0.759613186912611,0.9043702006386592,optimal,21.600057625974753,7,3,18,0,0.23713737056616555,673,0.4350259999628179,CAL-EDM:1;CAL-EDM:2;CAL-EDM:3;KAM-KEL:1;KAM-KEL:2;OTT-MON:1;OTT-MON:2,3.3333333333333335,0.8365408122108301
38607.68886842484,0.005094836521464375,0.9905221551582217,0.759613186912611,0.9043702006386592,optimal,21.369748491577447,7,3,18,0,0.23713737056616555,197,0.058956899971235543,CAL-EDM:1;CAL-EDM:2;CAL-EDM:3;KAM-KEL:1;KAM-KEL:2;OTT-MON:1;OTT-MON:2,3.3333333333333335,0.8193804296138233
38607.68886842484,0.005094836521464375,0.9971959085669369,0.7332155500538646,0.9043702006386592,optimal,21.242864649776926,7,3,18,0,0.23713737056616555,197,0.06071779999183491,CAL-EDM:1;CAL-EDM:2;CAL-EDM:3;KAM-KEL:1;KAM-KEL:2;OTT-MON:1;OTT-MON:2,3.3333333333333335,0.8365408122108301
38607.68886842484,0.005094836521464375,0.9971959085669369,0.759613186912611,0.8433014089502394,optimal,20.2570951001258,7,3,18,0,0.23713737056616555,197,0.05461749999085441,CAL-EDM:1;CAL-EDM:2;CAL-EDM:3;KAM-KEL:1;KAM-KEL:2;OTT-MON:1;OTT-MON:2,3.3333333333333335,0.7493055246669983
8283.453712799383,0.041837741191563235,0.9905221551582217,0.7332155500538646,0.8433014089502394,optimal,12.966973090184148,7,3,18,0,0.23713737056616555,457,0.20091580000007525,CAL-EDM:1;CAL-EDM:2;CAL-EDM:3;KAM-KEL:1;KAM-KEL:2;OTT-MON:1;OTT-MON:2,3.3333333333333335,0.7347614919462983
2356.3507623640626,0.0991943929317187,0.9252802894152701,0.5803794209379702,0.8019760325727984,optimal,5.046332361167225,4,2,18,0,0.46415888336127825,311,0.09805440000491217,KAM-KEL:1;KAM-KEL:2;OTT-MON:1;OTT-MON:2,3.0,0.6020890122894345
154461.9202167622,0.0991943929317187,0.9252802894152701,0.5803794209379702,0.8019760325727984,optimal,17.115438539520284,4,2,18,0,0.46415888336127825,311,0.11071730003459379,KAM-KEL:1;KAM-KEL:2;OTT-MON:1;OTT-MON:2,3.0,0.6020890122894345
2356.3507623640626,0.0033413598939276835,0.9252802894152701,0.5803794209379702,0.8019760325727984,optimal,5.046332361167225,4,2,18,0,0.46415888336127825,125,0.03253329999279231,KAM-KEL:1;KAM-KEL:2;OTT-MON:1;OTT-MON:2,3.0,0.6020890122894345
2356.3507623640626,0.0991943929317187,0.9523525811173021,0.5803794209379702,0.8019760325727984,optimal,6.081687393832488,4,2,18,0,0.46415888336127825,311,0.08784110000124201,KAM-KEL:1;KAM-KEL:2;OTT-MON:1;OTT-MON:2,3.0,0.6461556008035817
2356.3507623640626,0.0991943929317187,0.9252802894152701,0.6776108208112419,0.8019760325727984,optimal,5.94017455331082,4,2,18,0,0.46415888336127825,311,0.09634329995606095,KAM-KEL:1;KAM-KEL:2;OTT-MON:1;OTT-MON:2,3.0,0.6020890122894345
2356.3507623640626,0.0991943929317187,0.9252802894152701,0.5803794209379702,0.8746478426968679,optimal,6.497133542773737,4,2,18,0,0.46415888336127825,368,0.13222299999324605,KAM-KEL:1;KAM-KEL:2;OTT-MON:1;OTT-MON:2,3.0,0.6687898544735176
154461.9202167622,0.0033413598939276835,0.9523525811173021,0.6776108208112419,0.8746478426968679,optimal,23.944831199697,7,3,18,0,0.23713737056616555,125,0.03489599999738857,CAL-EDM:1;CAL-EDM:2;CAL-EDM:3;KAM-KEL:1;KAM-KEL:2;OTT-MON:1;OTT-MON:2,3.3333333333333335,0.6927880241143688
1507.752813287632,0.00856368279287005,0.9538959862608463,0.5349933879449964,0.8306018026750535,optimal,4.888144871853775,4,2,18,0,0.46415888336127825,302,0.09983920003287494,KAM-KEL:1;KAM-KEL:2;OTT-MON:1;OTT-MON:2,3.0,0.6777486802265966
26754.51013060326,0.00856368279287005,0.9538959862608463,0.5349933879449964,0.8306018026750535,optimal,13.186765434915266,4,2,18,0,0.46415888336127825,302,0.11061309999786317,KAM-KEL:1;KAM-KEL:2;OTT-MON:1;OTT-MON:2,3.0,0.6777486802265966
1507.752813287632,0.05769764265367674,0.9538959862608463,0.5349933879449964,0.8306018026750535,optimal,4.888144871853775,4,2,18,0,0.46415888336127825,368,0.12273180001648143,KAM-KEL:1;KAM-KEL:2;OTT-MON:1;OTT-MON:2,3.0,0.6777486802265966
1507.752813287632,0.00856368279287005,0.9800077135972679,0.5349933879449964,0.8306018026750535,optimal,5.595627031288004,4,2,18,0,0.46415888336127825,328,0.11026980000315234,KAM-KEL:1;KAM-KEL:2;OTT-MON:1;OTT-MON:2,3.0,0.7271397066172847
1507.752813287632,0.00856368279287005,0.9538959862608463,0.7915078506339341,0.8306018026750535,optimal,7.148475266881962,4,2,18,0,0.46415888336127825,302,0.08627130003878847,KAM-KEL:1;KAM-KEL:2;OTT-MON:1;OTT-MON:2,3.0,0.6777486802265966
1507.752813287632,0.00856368279287005,0.9538959862608463,0.5349933879449964,0.770105592040345,optimal,3.6989005393216687,4,2,18,0,0.46415888336127825,278,0.08379389997571707,KAM-KEL:1;KAM-KEL:2;OTT-MON:1;OTT-MON:2,3.0,0.6177083512829016
26754.51013060326,0.05769764265367674,0.9800077135972679,0.7915078506339341,0.770105592040345,optimal,15.751344295079814,7,3,18,0,0.23713737056616555,311,0.10171550000086427,CAL-EDM:1;CAL-EDM:2;CAL-EDM:3;KAM-KEL:1;KAM-KEL:2;OTT-MON:1;OTT-MON:2,3.3333333333333335,0.6259283369503409
17473.71018755639,0.04405586267774962,0.9599800785705448,0.805658402107656,0.8770147739760578,optimal,16.68942155051397,7,3,18,0,0.23713737056616555,457,0.2002443000092171,CAL-EDM:1;CAL-EDM:2;CAL-EDM:3;KAM-KEL:1;KAM-KEL:2;OTT-MON:1;OTT-MON:2,3.3333333333333335,0.7116664516426071
1266.9261005290905,0.04405586267774962,0.9599800785705448,0.805658402107656,0.8770147739760578,optimal,7.607302900797922,4,2,18,0,0.46415888336127825,457,0.20260589994722977,KAM-KEL:1;KAM-KEL:2;OTT-MON:1;OTT-MON:2,3.0,0.7393614800471252
17473.71018755639,0.007224683082638374,0.9599800785705448,0.805658402107656,0.8770147739760578,optimal,16.68942155051397,7,3,18,0,0.23713737056616555,310,0.12837839999701828,CAL-EDM:1;CAL-EDM:2;CAL-EDM:3;KAM-KEL:1;KAM-KEL:2;OTT-MON:1;OTT-MON:2,3.3333333333333335,0.7116664516426071
17473.71018755639,0.04405586267774962,0.9424434381127358,0.805658402107656,0.8770147739760578,optimal,15.81777979674385,7,3,18,0,0.23713737056616555,368,0.14495490002445877,CAL-EDM:1;CAL-EDM:2;CAL-EDM:3;KAM-KEL:1;KAM-KEL:2;OTT-MON:1;OTT-MON:2,3.3333333333333335,0.6751915016319172
17473.71018755639,0.04405586267774962,0.9599800785705448,0.6203269763384014,0.8770147739760578,optimal,14.04944573088677,7,3,18,0,0.23713737056616555,457,0.22930640005506575,CAL-EDM:1;CAL-EDM:2;CAL-EDM:3;KAM-KEL:1;KAM-KEL:2;OTT-MON:1;OTT-MON:2,3.3333333333333335,0.7116664516426071
17473.71018755639,0.04405586267774962,0.9599800785705448,0.805658402107656,0.9450409904504194,optimal,18.236258789484364,7,3,18,0,0.23713737056616555,633,0.3737851000041701,CAL-EDM:1;CAL-EDM:2;CAL-EDM:3;KAM-KEL:1;KAM-KEL:2;OTT-MON:1;OTT-MON:2,3.3333333333333335,0.7982600649669843
1266.9261005290905,0.007224683082638374,0.9424434381127358,0.6203269763384014,0.9450409904504194,optimal,6.52166529087506,4,2,18,0,0.46415888336127825,359,0.14712410001084208,KAM-KEL:1;KAM-KEL:2;OTT-MON:1;OTT-MON:2,3.0,0.7771469251770351
115030.45487261476,0.001474811222235756,0.9387912792302668,0.7152880367357284,0.9587340653147548,infeasible,-50.0,0,0,18,0,,0,0.0003772000200115144,,,
4809.178830375005,0.001474811222235756,0.9387912792302668,0.7152880367357284,0.9587340653147548,infeasible,-50.0,0,0,18,0,,0,0.0002590999938547611,,,
115030.45487261476,0.01053721485470244,0.9387912792302668,0.7152880367357284,0.9587340653147548,optimal,24.63209385606954,7,3,18,0,0.23713737056616555,449,0.19175310002174228,CAL-EDM:1;CAL-EDM:2;CAL-EDM:3;KAM-KEL:1;KAM-KEL:2;OTT-MON:1;OTT-MON:2,3.3333333333333335,0.7627218911493202
115030.45487261476,0.001474811222235756,0.9339292908553034,0.7152880367357284,0.9587340653147548,infeasible,-50.0,0,0,18,0,,0,0.00036860001273453236,,,
115030.45487261476,0.001474811222235756,0.9387912792302668,0.5892097831703722,0.9587340653147548,infeasible,-50.0,0,0,18,0,,0,0.0002590999938547611,,,
115030.45487261476,0.001474811222235756,0.9387912792302668,0.7152880367357284,0.9079085039068013,infeasible,-50.0,0,0,18,0,,0,0.0002473000204190612,,,
4809.178830375005,0.01053721485470244,0.9339292908553034,0.5892097831703722,0.9079085039068013,optimal,9.391624130965997,4,2,18,0,0.46415888336127825,393,0.17577440000604838,KAM-KEL:1;KAM-KEL:2;OTT-MON:1;OTT-MON:2,3.0,0.7188082572929227
13198.454095643521,0.02396665951648323,0.9838753437902779,0.8453235984314234,0.748908688608557,optimal,13.182254030122964,4,2,18,0,0.46415888336127825,311,0.10135379998246208,KAM-KEL:1;KAM-KEL:2;OTT-MON:1;OTT-MON:2,3.0,0.64409606821569
99479.16704259405,0.02396665951648323,0.9838753437902779,0.8453235984314234,0.748908688608557,optimal,21.22797555934344,7,3,18,0,0.23713737056616555,311,0.10438689996954054,CAL-EDM:1;CAL-EDM:2;CAL-EDM:3;KAM-KEL:1;KAM-KEL:2;OTT-MON:1;OTT-MON:2,3.3333333333333335,0.6089962296689067
13198.454095643521,0.0012959037992822991,0.9838753437902779,0.8453235984314234,0.748908688608557,infeasible,-50.0,0,0,18,0,,0,0.00036150001687929034,,,
13198.454095643521,0.02396665951648323,0.9690316660832614,0.8453235984314234,0.748908688608557,optimal,12.670159341273102,4,2,18,0,0.46415888336127825,311,0.11164359998656437,KAM-KEL:1;KAM-KEL:2;OTT-MON:1;OTT-MON:2,3.0,0.6206630225265619
13198.454095643521,0.02396665951648323,0.9838753437902779,0.8715994453988969,0.748908688608557,optimal,13.358900242384388,4,2,18,0,0.46415888336127825,311,0.12583620002260432,KAM-KEL:1;KAM-KEL:2;OTT-MON:1;OTT-MON:2,3.0,0.64409606821569
13198.454095643521,0.02396665951648323,0.9838753437902779,0.8453235984314234,0.8049519657837226,optimal,14.992186342893081,7,3,18,0,0.23713737056616555,368,0.1264775000163354,CAL-EDM:1;CAL-EDM:2;CAL-EDM:3;KAM-KEL:1;KAM-KEL:2;OTT-MON:1;OTT-MON:2,3.3333333333333335,0.6730587105365625
99479.16704259405,0.0012959037992822991,0.9690316660832614,0.8715994453988969,0.8049519657837226,infeasible,-50.0,0,0,18,0,,0,0.0002902999985963106,,,
10981.068706606055,0.0016252273071938267,0.9434839811455459,0.6090291075408458,0.9079258886883035,infeasible,-50.0,0,0,18,0,,0,0.00020780001068487763,,,
1072.3527727823537,0.0016252273071938267,0.9434839811455459,0.6090291075408458,0.9079258886883035,infeasible,-50.0,0,0,18,0,,0,0.00019399996381253004,,,
10981.068706606055,0.007672581772931372,0.9434839811455459,0.6090291075408458,0.9079258886883035,optimal,12.216533322036927,4,2,18,0,0.46415888336127825,310,0.11472239997237921,KAM-KEL:1;KAM-KEL:2;OTT-MON:1;OTT-MON:2,3.0,0.7387509042919804
10981.068706606055,0.0016252273071938267,0.9310156851820648,0.6090291075408458,0.9079258886883035,infeasible,-50.0,0,0,18,0,,0,0.0004314000252634287,,,
10981.068706606055,0.0016252273071938267,0.9434839811455459,0.9431147526949644,0.9079258886883035,infeasible,-50.0,0,0,18,0,,0,0.0003190000425092876,,,
10981.068706606055,0.0016252273071938267,0.9434839811455459,0.6090291075408458,0.9032955906847492,infeasible,-50.0,0,0,18,0,,0,0.0003141000051982701,,,
1072.3527727823537,0.007672581772931372,0.9310156851820648,0.9431147526949644,0.9032955906847492,optimal,7.63213591623627,4,2,18,0,0.46415888336127825,310,0.10136000002967194,KAM-KEL:1;KAM-KEL:2;OTT-MON:1;OTT-MON:2,3.0,0.7081509568659996
127273.42109043087,0.03158924192941677,0.9690877141319215,0.725085425004363,0.7995764553463086,optimal,22.19721120768699,7,3,18,0,0.23713737056616555,311,0.10487859998829663,CAL-EDM:1;CAL-EDM:2;CAL-EDM:3;KAM-KEL:1;KAM-KEL:2;OTT-MON:1;OTT-MON:2,3.3333333333333335,0.6397368386508309
22653.130760814744,0.03158924192941677,0.9690877141319215,0.725085425004363,0.7995764553463086,optimal,14.72676477086533,7,3,18,0,0.23713737056616555,311,0.11358710000058636,CAL-EDM:1;CAL-EDM:2;CAL-EDM:3;KAM-KEL:1;KAM-KEL:2;OTT-MON:1;OTT-MON:2,3.3333333333333335,0.6397368386508309
127273.42109043087,0.09607141521960236,0.9690877141319215,0.725085425004363,0.7995764553463086,optimal,22.19721120768699,7,3,18,0,0.23713737056616555,311,0.11851380002917722,CAL-EDM:1;CAL-EDM:2;CAL-EDM:3;KAM-KEL:1;KAM-KEL:2;OTT-MON:1;OTT-MON:2,3.3333333333333335,0.6397368386508309
127273.42109043087,0.03158924192941677,0.9716405934095382,0.725085425004363,0.7995764553463086,optimal,22.359234054315806,7,3,18,0,0.23713737056616555,368,0.1251285999896936,CAL-EDM:1;CAL-EDM:2;CAL-EDM:3;KAM-KEL:1;KAM-KEL:2;OTT-MON:1;OTT-MON:2,3.3333333333333335,0.6442899782192892
127273.42109043087,0.03158924192941677,0.9690877141319215,0.5522076377645135,0.7995764553463086,optimal,19.446630284068465,7,3,18,0,0.23713737056616555,311,0.10899330000393093,CAL-EDM:1;CAL-EDM:2;CAL-EDM:3;KAM-KEL:1;KAM-KEL:2;OTT-MON:1;OTT-MON:2,3.3333333333333335,0.6397368386508309
127273.42109043087,0.03158924192941677,0.9690877141319215,0.725085425004363,0.7910714166816324,optimal,21.829037826950085,7,3,18,0,0.23713737056616555,311,0.10058349999599159,CAL-EDM:1;CAL-EDM:2;CAL-EDM:3;KAM-KEL:1;KAM-KEL:2;OTT-MON:1;OTT-MON:2,3.3333333333333335,0.6303653043160397
22653.130760814744,0.09607141521960236,0.9716405934095382,0.5522076377645135,0.7910714166816324,optimal,12.72820344996294,4,2,18,0,0.46415888336127825,311,0.09729339997284114,KAM-KEL:1;KAM-KEL:2;OTT-MON:1;OTT-MON:2,3.0,0.6680918708863508
15795.474029012257,0.00866418906626678,0.9295980241149664,0.6539689919445664,0.7175723755145446,optimal,8.321359734603002,4,2,18,0,0.46415888336127825,222,0.07476800004951656,KAM-KEL:1;KAM-KEL:2;OTT-MON:1;OTT-MON:2,3.0,0.5373195769406116
84395.48192209392,0.00866418906626678,0.9295980241149664,0.6539689919445664,0.7175723755145446,optimal,13.156668801140196,4,2,18,0,0.46415888336127825,222,0.0647764999885112,KAM-KEL:1;KAM-KEL:2;OTT-MON:1;OTT-MON:2,3.0,0.5373195769406116
15795.474029012257,0.0014012280610861954,0.9295980241149664,0.6539689919445664,0.7175723755145446,infeasible,-50.0,0,0,18,0,,0,0.00027139997109770775,,,
15795.474029012257,0.00866418906626678,0.9825785458330065,0.6539689919445664,0.7175723755145446,optimal,11.437507948451993,4,2,18,0,0.46415888336127825,278,0.09087830001953989,KAM-KEL:1;KAM-KEL:2;OTT-MON:1;OTT-MON:2,3.0,0.6098914119612582
15795.474029012257,0.00866418906626678,0.9295980241149664,0.6880908404942602,0.7175723755145446,optimal,8.614866965630464,4,2,18,0,0.46415888336127825,222,0.07652310002595186,KAM-KEL:1;KAM-KEL:2;OTT-MON:1;OTT-MON:2,3.0,0.5373195769406116
15795.474029012257,0.00866418906626678,0.9295980241149664,0.6539689919445664,0.7565237919660285,optimal,10.10965508526231,4,2,18,0,0.46415888336127825,222,0.0683707999996841,KAM-KEL:1;KAM-KEL:2;OTT-MON:1;OTT-MON:2,3.0,0.5693588658071638
84395.48192209392,0.0014012280610861954,0.9825785458330065,0.6880908404942602,0.7565237919660285,infeasible,-50.0,0,0,18,0,,0,0.0003788000321947038,,,
1811.9081923391266,0.05331224685033341,0.9942017293516546,0.9106530452612787,0.989903791247867,optimal,11.595124202449385,7,3,18,0,0.23713737056616555,809,0.688461699988693,CAL-EDM:1;CAL-EDM:2;CAL-EDM:3;KAM-KEL:1;KAM-KEL:2;OTT-MON:1;OTT-MON:2,3.3333333333333335,0.9637701547849534
4078.701561241984,0.05331224685033341,0.9942017293516546,0.9106530452612787,0.989903791247867,optimal,15.106924477502046,7,3,18,0,0.23713737056616555,809,0.6305370999616571,CAL-EDM:1;CAL-EDM:2;CAL-EDM:3;KAM-KEL:1;KAM-KEL:2;OTT-MON:1;OTT-MON:2,3.3333333333333335,0.9637701547849534
1811.9081923391266,0.017232513341916743,0.9942017293516546,0.9106530452612787,0.989903791247867,optimal,11.595124202449385,7,3,18,0,0.23713737056616555,793,0.6615682000410743,CAL-EDM:1;CAL-EDM:2;CAL-EDM:3;KAM-KEL:1;KAM-KEL:2;OTT-MON:1;OTT-MON:2,3.3333333333333335,0.9637701547849534
1811.9081923391266,0.05331224685033341,0.9395679092239588,0.9106530452612787,0.989903791247867,optimal,10.195227908315344,4,2,18,0,0.46415888336127825,673,0.40666509995935485,KAM-KEL:1;KAM-KEL:2;OTT-MON:1;OTT-MON:2,3.0,0.8212083866499308
1811.9081923391266,0.05331224685033341,0.9942017293516546,0.7437230120878666,0.989903791247867,optimal,10.112793915183717,4,2,18,0,0.46415888336127825,809,0.630762999993749,KAM-KEL:1;KAM-KEL:2;OTT-MON:1;OTT-MON:2,3.0,0.9680182336057114
1811.9081923391266,0.05331224685033341,0.9942017293516546,0.9106530452612787,0.9401290544960648,optimal,10.811034829039674,4,2,18,0,0.46415888336127825,769,0.6375084000173956,KAM-KEL:1;KAM-KEL:2;OTT-MON:1;OTT-MON:2,3.0,0.8976262554887127
4078.701561241984,0.017232513341916743,0.9395679092239588,0.7437230120878666,0.9401290544960648,optimal,10.815125494601801,4,2,18,0,0.46415888336127825,505,0.2541835999581963,KAM-KEL:1;KAM-KEL:2;OTT-MON:1;OTT-MON:2,3.0,0.7652091287322161
2196.847284142713,0.0046887290656114225,0.9632319931052625,0.8793578330427407,0.9254699424374848,optimal,10.37566614781808,4,2,18,0,0.46415888336127825,197,0.061205699981655926,KAM-KEL:1;KAM-KEL:2;OTT-MON:1;OTT-MON:2,3.0,0.8024520091095078
2625.9197846790294,0.0046887290656114225,0.9632319931052625,0.8793578330427407,0.9254699424374848,optimal,10.890442674181072,4,2,18,0,0.46415888336127825,197,0.07092750002630055,KAM-KEL:1;KAM-KEL:2;OTT-MON:1;OTT-MON:2,3.0,0.8024520091095078
2196.847284142713,0.002949948832258755,0.9632319931052625,0.8793578330427407,0.9254699424374848,optimal,10.37566614781808,4,2,18,0,0.46415888336127825,101,0.033235899987630546,KAM-KEL:1;KAM-KEL:2;OTT-MON:1;OTT-MON:2,3.0,0.8024520091095078
2196.847284142713,0.0046887290656114225,0.9927882278319449,0.8793578330427407,0.9254699424374848,optimal,10.98846938593201,4,2,18,0,0.46415888336127825,197,0.06164410000201315,KAM-KEL:1;KAM-KEL:2;OTT-MON:1;OTT-MON:2,3.0,0.8740180415469895
2196.847284142713,0.0046887290656114225,0.9632319931052625,0.6309100188314914,0.9254699424374848,optimal,8.459601775069803,4,2,18,0,0.46415888336127825,197,0.0577214999939315,KAM-KEL:1;KAM-KEL:2;OTT-MON:1;OTT-MON:2,3.0,0.8024520091095078
2196.847284142713,0.0046887290656114225,0.9632319931052625,0.8793578330427407,0.8288602450815961,optimal,9.081419383301798,4,2,18,0,0.46415888336127825,189,0.06793240003753453,KAM-KEL:1;KAM-KEL:2;OTT-MON:1;OTT-MON:2,3.0,0.6931314160617776
2625.9197846790294,0.002949948832258755,0.9927882278319449,0.6309100188314914,0.8288602450815961,optimal,8.430999146346746,4,2,18,0,0.46415888336127825,101,0.034899699967354536,KAM-KEL:1;KAM-KEL:2;OTT-MON:1;OTT-MON:2,3.0,0.7505357820031061
53085.34871395531,0.07623802096695664,0.9498348147105425,0.6859233796596527,0.7810167006626725,optimal,15.504756199673215,4,2,18,0,0.46415888336127825,311,0.11450359999435022,KAM-KEL:1;KAM-KEL:2;OTT-MON:1;OTT-MON:2,3.0,0.6216933105414928
47978.09692860698,0.07623802096695664,0.9498348147105425,0.6859233796596527,0.7810167006626725,optimal,15.212880588037423,4,2,18,0,0.46415888336127825,311,0.10733440000331029,KAM-KEL:1;KAM-KEL:2;OTT-MON:1;OTT-MON:2,3.0,0.6216933105414928
53085.34871395531,0.023986119090621028,0.9498348147105425,0.6859233796596527,0.7810167006626725,optimal,15.504756199673215,4,2,18,0,0.46415888336127825,311,0.08589089999441057,KAM-KEL:1;KAM-KEL:2;OTT-MON:1;OTT-MON:2,3.0,0.6216933105414928
53085.34871395531,0.07623802096695664,0.9503911867905408,0.6859233796596527,0.7810167006626725,optimal,15.525715680488293,4,2,18,0,0.46415888336127825,311,1.4797374999616295,KAM-KEL:1;KAM-KEL:2;OTT-MON:1;OTT-MON:2,3.0,0.6225805094619629
53085.34871395531,0.07623802096695664,0.9498348147105425,0.8021183891221881,0.7810167006626725,optimal,16.59864841569789,7,3,18,0,0.23713737056616555,311,0.09782850003102794,CAL-EDM:1;CAL-EDM:2;CAL-EDM:3;KAM-KEL:1;KAM-KEL:2;OTT-MON:1;OTT-MON:2,3.3333333333333335,0.5880893737246672
53085.34871395531,0.07623802096695664,0.9498348147105425,0.6859233796596527,0.8694743136391043,optimal,19.168570618772087,7,3,18,0,0.23713737056616555,368,0.16626759996870533,CAL-EDM:1;CAL-EDM:2;CAL-EDM:3;KAM-KEL:1;KAM-KEL:2;OTT-MON:1;OTT-MON:2,3.3333333333333335,0.6816843592948448
47978.09692860698,0.023986119090621028,0.9503911867905408,0.8021183891221881,0.8694743136391043,optimal,20.339960083485636,7,3,18,0,0.23713737056616555,368,0.12437560001853853,CAL-EDM:1;CAL-EDM:2;CAL-EDM:3;KAM-KEL:1;KAM-KEL:2;OTT-MON:1;OTT-MON:2,3.3333333333333335,0.6828140294178912
74973.26680356172,0.0026951671854822507,0.9880794207099826,0.8346307592932134,0.842845402771607,optimal,19.799116648555575,4,2,18,0,0.46415888336127825,101,0.022070999955758452,KAM-KEL:1;KAM-KEL:2;OTT-MON:1;OTT-MON:2,3.0,0.7577882030303672
182367.04580983982,0.0026951671854822507,0.9880794207099826,0.8346307592932134,0.842845402771607,optimal,22.36391041521514,4,2,18,0,0.46415888336127825,101,0.024002399994060397,KAM-KEL:1;KAM-KEL:2;OTT-MON:1;OTT-MON:2,3.0,0.7577882030303672
74973.26680356172,0.005588720988568938,0.9880794207099826,0.8346307592932134,0.842845402771607,optimal,23.69522374041187,7,3,18,0,0.23713737056616555,237,0.08217430004151538,CAL-EDM:1;CAL-EDM:2;CAL-EDM:3;KAM-KEL:1;KAM-KEL:2;OTT-MON:1;OTT-MON:2,3.3333333333333335,0.7289202962322058
74973.26680356172,0.0026951671854822507,0.9223240839764476,0.8346307592932134,0.842845402771607,optimal,17.90698336718374,4,2,18,0,0.46415888336127825,101,0.028307200002018362,KAM-KEL:1;KAM-KEL:2;OTT-MON:1;OTT-MON:2,3.0,0.6338038477404764
74973.26680356172,0.0026951671854822507,0.9880794207099826,0.8892237970139831,0.842845402771607,optimal,20.164750517797117,4,2,18,0,0.46415888336127825,101,0.020092400023713708,KAM-KEL:1;KAM-KEL:2;OTT-MON:1;OTT-MON:2,3.0,0.7577882030303672
74973.26680356172,0.0026951671854822507,0.9880794207099826,0.8346307592932134,0.9780139510473236,optimal,21.30025721228983,4,2,18,0,0.46415888336127825,101,0.019002499990165234,KAM-KEL:1;KAM-KEL:2;OTT-MON:1;OTT-MON:2,3.0,0.9337177617420457
182367.04580983982,0.005588720988568938,0.9223240839764476,0.8892237970139831,0.9780139510473236,optimal,28.52760553197973,7,3,18,0,0.23713737056616555,262,0.1007174999685958,CAL-EDM:1;CAL-EDM:2;CAL-EDM:3;KAM-KEL:1;KAM-KEL:2;OTT-MON:1;OTT-MON:2,3.3333333333333335,0.7455419063714159
4574.780422076857,0.01384190165086019,0.9356822514683009,0.500582410255447,0.8636850629895925,optimal,7.7033908700555696,4,2,18,0,0.46415888336127825,368,0.14444990002084523,KAM-KEL:1;KAM-KEL:2;OTT-MON:1;OTT-MON:2,3.0,0.6775205696021127
9776.683378510763,0.01384190165086019,0.9356822514683009,0.500582410255447,0.8636850629895925,optimal,9.894676134074636,4,2,18,0,0.46415888336127825,368,0.13778559997444972,KAM-KEL:1;KAM-KEL:2;OTT-MON:1;OTT-MON:2,3.0,0.6775205696021127
4574.780422076857,0.04463177172121951,0.9356822514683009,0.500582410255447,0.8636850629895925,optimal,7.7033908700555696,4,2,18,0,0.46415888336127825,368,0.13813450001180172,KAM-KEL:1;KAM-KEL:2;OTT-MON:1;OTT-MON:2,3.0,0.6775205696021127
4574.780422076857,0.01384190165086019,0.9623461112119258,0.500582410255447,0.8636850629895925,optimal,8.442641536482832,4,2,18,0,0.46415888336127825,449,0.18489029997726902,KAM-KEL:1;KAM-KEL:2;OTT-MON:1;OTT-MON:2,3.0,0.7293596383658691
4574.780422076857,0.01384190165086019,0.9356822514683009,0.6068615771364421,0.8636850629895925,optimal,8.81443040186538,4,2,18,0,0.46415888336127825,368,0.15151420002803206,KAM-KEL:1;KAM-KEL:2;OTT-MON:1;OTT-MON:2,3.0,0.6775205696021127
4574.780422076857,0.01384190165086019,0.9356822514683009,0.500582410255447,0.7225188613198698,optimal,4.00019141856137,4,2,18,0,0.46415888336127825,231,0.05389959999592975,KAM-KEL:1;KAM-KEL:2;OTT-MON:1;OTT-MON:2,3.0,0.5491882787268675
9776.683378510763,0.04463177172121951,0.9623461112119258,0.6068615771364421,0.7225188613198698,optimal,8.896601678069665,4,2,18,0,0.46415888336127825,231,0.06840710004325956,KAM-KEL:1;KAM-KEL:2;OTT-MON:1;OTT-MON:2,3.0,0.5854663969204941
6445.377334309234,0.006280392965408501,0.9824205946121365,0.6987010193988681,0.8097735944790765,optimal,11.074285910937698,4,2,18,0,0.46415888336127825,269,0.09392200002912432,KAM-KEL:1;KAM-KEL:2;OTT-MON:1;OTT-MON:2,3.0,0.7080219988820262
6411.908500733513,0.006280392965408501,0.9824205946121365,0.6987010193988681,0.8097735944790765,optimal,11.059263944433503,4,2,18,0,0.46415888336127825,269,0.09975360002135858,KAM-KEL:1;KAM-KEL:2;OTT-MON:1;OTT-MON:2,3.0,0.7080219988820262
6445.377334309234,0.0021766484748709024,0.9824205946121365,0.6987010193988681,0.8097735944790765,optimal,11.074285910937698,4,2,18,0,0.46415888336127825,101,0.03298919997178018,KAM-KEL:1;KAM-KEL:2;OTT-MON:1;OTT-MON:2,3.0,0.7080219988820262
6445.377334309234,0.006280392965408501,0.9964098893720656,0.6987010193988681,0.8097735944790765,optimal,11.423325115334944,4,2,18,0,0.46415888336127825,277,0.09725190000608563,KAM-KEL:1;KAM-KEL:2;OTT-MON:1;OTT-MON:2,3.0,0.7347712435104004
6445.377334309234,0.006280392965408501,0.9824205946121365,0.6580758202355355,0.8097735944790765,optimal,10.72860018517839,4,2,18,0,0.46415888336127825,269,0.09896690002642572,KAM-KEL:1;KAM-KEL:2;OTT-MON:1;OTT-MON:2,3.0,0.7080219988820262
6445.377334309234,0.006280392965408501,0.9824205946121365,0.6987010193988681,0.955470627146773,optimal,13.468133931757093,7,3,18,0,0.23713737056616555,318,0.13411839999025688,CAL-EDM:1;CAL-EDM:2;CAL-EDM:3;KAM-KEL:1;KAM-KEL:2;OTT-MON:1;OTT-MON:2,3.3333333333333335,0.8734415360256218
6411.908500733513,0.0021766484748709024,0.9964098893720656,0.6580758202355355,0.955470627146773,optimal,12.774404202690366,4,2,18,0,0.46415888336127825,101,0.027770600048825145,KAM-KEL:1;KAM-KEL:2;OTT-MON:1;OTT-MON:2,3.0,0.9249075849858927
57660.17177533454,0.03347890027574007,0.9300058608353138,0.8638885864987969,0.8978776405425742,optimal,21.63333160533317,7,3,18,0,0.23713737056616555,368,0.15951080003287643,CAL-EDM:1;CAL-EDM:2;CAL-EDM:3;KAM-KEL:1;KAM-KEL:2;OTT-MON:1;OTT-MON:2,3.3333333333333335,0.6727322316435739
68732.40875897305,0.03347890027574007,0.9300058608353138,0.8638885864987969,0.8978776405425742,optimal,22.393577761512283,7,3,18,0,0.23713737056616555,368,0.15136199997505173,CAL-EDM:1;CAL-EDM:2;CAL-EDM:3;KAM-KEL:1;KAM-KEL:2;OTT-MON:1;OTT-MON:2,3.3333333333333335,0.6727322316435739
57660.17177533454,0.020438456945855086,0.9300058608353138,0.8638885864987969,0.8978776405425742,optimal,21.63333160533317,7,3,18,0,0.23713737056616555,368,0.12244569999165833,CAL-EDM:1;CAL-EDM:2;CAL-EDM:3;KAM-KEL:1;KAM-KEL:2;OTT-MON:1;OTT-MON:2,3.3333333333333335,0.6727322316435739
57660.17177533454,0.03347890027574007,0.956443655570969,0.8638885864987969,0.8978776405425742,optimal,22.9297204705694,7,3,18,0,0.23713737056616555,505,0.24331269995309412,CAL-EDM:1;CAL-EDM:2;CAL-EDM:3;KAM-KEL:1;KAM-KEL:2;OTT-MON:1;OTT-MON:2,3.3333333333333335,0.7293109080595502
57660.17177533454,0.03347890027574007,0.9300058608353138,0.8239558917935937,0.8978776405425742,optimal,21.1553845208835,7,3,18,0,0.23713737056616555,368,0.1366797999944538,CAL-EDM:1;CAL-EDM:2;CAL-EDM:3;KAM-KEL:1;KAM-KEL:2;OTT-MON:1;OTT-MON:2,3.3333333333333335,0.6727322316435739
57660.17177533454,0.03347890027574007,0.9300058608353138,0.8638885864987969,0.780413986183703,optimal,16.21866023695131,4,2,18,0,0.46415888336127825,231,0.07252539996989071,KAM-KEL:1;KAM-KEL:2;OTT-MON:1;OTT-MON:2,3.0,0.5904595561830597
68732.40875897305,0.020438456945855086,0.956443655570969,0.8239558917935937,0.780413986183703,optimal,18.768410966093185,7,3,18,0,0.23713737056616555,311,0.10611340001923963,CAL-EDM:1;CAL-EDM:2;CAL-EDM:3;KAM-KEL:1;KAM-KEL:2;OTT-MON:1;OTT-MON:2,3.3333333333333335,0.598025230147521
35594.13633189359,0.001091359906071182,0.9682323118560017,0.5432325192261487,0.9776002327529714,infeasible,-50.0,0,0,18,0,,0,0.00038460001815110445,,,
18472.59750180635,0.001091359906071182,0.9682323118560017,0.5432325192261487,0.9776002327529714,infeasible,-50.0,0,0,18,0,,0,0.0002666999935172498,,,
35594.13633189359,0.003699696887366225,0.9682323118560017,0.5432325192261487,0.9776002327529714,optimal,18.23699851032617,7,3,18,0,0.23713737056616555,149,0.04132219997700304,CAL-EDM:1;CAL-EDM:2;CAL-EDM:3;KAM-KEL:1;KAM-KEL:2;OTT-MON:1;OTT-MON:2,3.3333333333333335,0.8661097687548014
35594.13633189359,0.001091359906071182,0.9259441066868603,0.5432325192261487,0.9776002327529714,infeasible,-50.0,0,0,18,0,,0,0.00035829999251291156,,,
35594.13633189359,0.001091359906071182,0.9682323118560017,0.8638156907632947,0.9776002327529714,infeasible,-50.0,0,0,18,0,,0,0.00018099998123943806,,,
35594.13633189359,0.001091359906071182,0.9682323118560017,0.5432325192261487,0.8174926812341436,infeasible,-50.0,0,0,18,0,,0,0.0005077999667264521,,,
18472.59750180635,0.003699696887366225,0.9259441066868603,0.8638156907632947,0.8174926812341436,optimal,13.67427942706502,4,2,18,0,0.46415888336127825,141,0.03910090000135824,KAM-KEL:1;KAM-KEL:2;OTT-MON:1;OTT-MON:2,3.0,0.6169252320173705
3023.7678171773946,0.018377321990243032,0.9548175875227899,0.7928045813459903,0.7300073164599016,optimal,6.923403392643808,4,2,18,0,0.46415888336127825,231,0.058571600005961955,KAM-KEL:1;KAM-KEL:2;OTT-MON:1;OTT-MON:2,3.0,0.5817126980486944
1687.987581134282,0.018377321990243032,0.9548175875227899,0.7928045813459903,0.7300073164599016,optimal,5.241317242150009,4,2,18,0,0.46415888336127825,231,0.05553049995796755,KAM-KEL:1;KAM-KEL:2;OTT-MON:1;OTT-MON:2,3.0,0.5817126980486944
3023.7678171773946,0.03412039540382751,0.9548175875227899,0.7928045813459903,0.7300073164599016,optimal,6.923403392643808,4,2,18,0,0.46415888336127825,231,0.05418410000856966,KAM-KEL:1;KAM-KEL:2;OTT-MON:1;OTT-MON:2,3.0,0.5817126980486944
3023.7678171773946,0.018377321990243032,0.968399614430964,0.7928045813459903,0.7300073164599016,optimal,7.542301745478838,4,2,18,0,0.46415888336127825,231,0.07525680004619062,KAM-KEL:1;KAM-KEL:2;OTT-MON:1;OTT-MON:2,3.0,0.601261191865602
3023.7678171773946,0.018377321990243032,0.9548175875227899,0.5832663524895907,0.7300073164599016,optimal,5.152161596125152,4,2,18,0,0.46415888336127825,231,0.05531620001420379,KAM-KEL:1;KAM-KEL:2;OTT-MON:1;OTT-MON:2,3.0,0.5817126980486944
3023.7678171773946,0.018377321990243032,0.9548175875227899,0.7928045813459903,0.920607702832669,optimal,10.451549180638622,4,2,18,0,0.46415888336127825,577,0.30736370000522584,KAM-KEL:1;KAM-KEL:2;OTT-MON:1;OTT-MON:2,3.0,0.7775418035982659
1687.987581134282,0.03412039540382751,0.968399614430964,0.5832663524895907,0.920607702832669,optimal,7.304576070066048,4,2,18,0,0.46415888336127825,601,0.31852959998650476,KAM-KEL:1;KAM-KEL:2;OTT-MON:1;OTT-MON:2,3.0,0.8086308989101585
1386.3044325522044,0.0020999979588351854,0.9237121515274048,0.7685097234323621,0.7551286261640489,optimal,3.601734678614166,4,2,18,0,0.46415888336127825,101,0.01501159998588264,KAM-KEL:1;KAM-KEL:2;OTT-MON:1;OTT-MON:2,3.0,0.559986288056882
11034.219502726977,0.0020999979588351854,0.9237121515274048,0.7685097234323621,0.7551286261640489,optimal,9.587071822529218,4,2,18,0,0.46415888336127825,101,0.033179899968672544,KAM-KEL:1;KAM-KEL:2;OTT-MON:1;OTT-MON:2,3.0,0.559986288056882
1386.3044325522044,0.006304755574677461,0.9237121515274048,0.7685097234323621,0.7551286261640489,optimal,3.601734678614166,4,2,18,0,0.46415888336127825,205,0.043333300040103495,KAM-KEL:1;KAM-KEL:2;OTT-MON:1;OTT-MON:2,3.0,0.559986288056882
1386.3044325522044,0.0020999979588351854,0.934631688401103,0.7685097234323621,0.7551286261640489,optimal,4.257948803628453,4,2,18,0,0.46415888336127825,101,0.016858400020282716,KAM-KEL:1;KAM-KEL:2;OTT-MON:1;OTT-MON:2,3.0,0.5753046954185577
1386.3044325522044,0.0020999979588351854,0.9237121515274048,0.9210034325253218,0.7551286261640489,optimal,4.646306757383039,4,2,18,0,0.46415888336127825,101,0.01687420002417639,KAM-KEL:1;KAM-KEL:2;OTT-MON:1;OTT-MON:2,3.0,0.559986288056882
1386.3044325522044,0.0020999979588351854,0.9237121515274048,0.7685097234323621,0.7420733721265569,optimal,3.03917574999406,4,2,18,0,0.46415888336127825,101,0.012745399959385395,KAM-KEL:1;KAM-KEL:2;OTT-MON:1;OTT-MON:2,3.0,0.54936037298957
11034.219502726977,0.006304755574677461,0.934631688401103,0.9210034325253218,0.7420733721265569,optimal,10.825442691234386,4,2,18,0,0.46415888336127825,205,0.054526399995666,KAM-KEL:1;KAM-KEL:2;OTT-MON:1;OTT-MON:2,3.0,0.5641536858491244
22369.58271405287,0.012452762122053517,0.9882953539583832,0.5681865593418479,0.951226634485647,optimal,16.882691049814596,7,3,18,0,0.23713737056616555,585,0.3610647000023164,CAL-EDM:1;CAL-EDM:2;CAL-EDM:3;KAM-KEL:1;KAM-KEL:2;OTT-MON:1;OTT-MON:2,3.3333333333333335,0.8836174421958515
106678.10660081817,0.012452762122053517,0.9882953539583832,0.5681865593418479,0.951226634485647,optimal,23.643652674100245,7,3,18,0,0.23713737056616555,585,0.32421160000376403,CAL-EDM:1;CAL-EDM:2;CAL-EDM:3;KAM-KEL:1;KAM-KEL:2;OTT-MON:1;OTT-MON:2,3.3333333333333335,0.8836174421958515
22369.58271405287,0.06836522098992713,0.9882953539583832,0.5681865593418479,0.951226634485647,optimal,16.882691049814596,7,3,18,0,0.23713737056616555,777,0.6131270999903791,CAL-EDM:1;CAL-EDM:2;CAL-EDM:3;KAM-KEL:1;KAM-KEL:2;OTT-MON:1;OTT-MON:2,3.3333333333333335,0.8836174421958515
22369.58271405287,0.012452762122053517,0.977698116119951,0.5681865593418479,0.951226634485647,optimal,16.530909125193233,7,3,18,0,0.23713737056616555,569,0.39514059998327866,CAL-EDM:1;CAL-EDM:2;CAL-EDM:3;KAM-KEL:1;KAM-KEL:2;OTT-MON:1;OTT-MON:2,3.3333333333333335,0.8539459030181525
22369.58271405287,0.012452762122053517,0.9882953539583832,0.5248778955545277,0.951226634485647,optimal,16.082011011829085,7,3,18,0,0.23713737056616555,585,0.3814137000008486,CAL-EDM:1;CAL-EDM:2;CAL-EDM:3;KAM-KEL:1;KAM-KEL:2;OTT-MON:1;OTT-MON:2,3.3333333333333335,0.8836174421958515
22369.58271405287,0.012452762122053517,0.9882953539583832,0.5681865593418479,0.988740113189444,optimal,17.512267427924055,7,3,18,0,0.23713737056616555,585,0.38644440000643954,CAL-EDM:1;CAL-EDM:2;CAL-EDM:3;KAM-KEL:1;KAM-KEL:2;OTT-MON:1;OTT-MON:2,3.3333333333333335,0.9431880573020238
106678.10660081817,0.06836522098992713,0.977698116119951,0.5248778955545277,0.988740113189444,optimal,23.141194837746156,7,3,18,0,0.23713737056616555,809,0.694266400008928,CAL-EDM:1;CAL-EDM:2;CAL-EDM:3;KAM-KEL:1;KAM-KEL:2;OTT-MON:1;OTT-MON:2,3.3333333333333335,0.910646302749759
174276.65552246923,0.00390829308021451,0.9488666655998678,0.9241911348421126,0.8871864275820553,optimal,27.77544165599011,7,3,18,0,0.23713737056616555,173,0.05517330003203824,CAL-EDM:1;CAL-EDM:2;CAL-EDM:3;KAM-KEL:1;KAM-KEL:2;OTT-MON:1;OTT-MON:2,3.3333333333333335,0.7000374946285325
28102.056336470407,0.00390829308021451,0.9488666655998678,0.9241911348421126,0.8871864275820553,optimal,19.877546479785725,7,3,18,0,0.23713737056616555,173,0.051375400042161345,CAL-EDM:1;CAL-EDM:2;CAL-EDM:3;KAM-KEL:1;KAM-KEL:2;OTT-MON:1;OTT-MON:2,3.3333333333333335,0.7000374946285325
174276.65552246923,0.001111357379870249,0.9488666655998678,0.9241911348421126,0.8871864275820553,infeasible,-50.0,0,0,18,0,,0,0.00028740003472194076,,,
174276.65552246923,0.00390829308021451,0.9861935146134346,0.9241911348421126,0.8871864275820553,optimal,29.356426039936768,7,3,18,0,0.23713737056616555,173,0.05795449996367097,CAL-EDM:1;CAL-EDM:2;CAL-EDM:3;KAM-KEL:1;KAM-KEL:2;OTT-MON:1;OTT-MON:2,3.3333333333333335,0.7842852009460609
174276.65552246923,0.00390829308021451,0.9488666655998678,0.7119598558172584,0.8871864275820553,optimal,25.14067417601659,7,3,18,0,0.23713737056616555,173,0.0557602999615483,CAL-EDM:1;CAL-EDM:2;CAL-EDM:3;KAM-KEL:1;KAM-KEL:2;OTT-MON:1;OTT-MON:2,3.3333333333333335,0.7000374946285325
174276.65552246923,0.00390829308021451,0.9488666655998678,0.9241911348421126,0.8821534992577508,optimal,27.637986354133226,7,3,18,0,0.23713737056616555,173,0.05445039999904111,CAL-EDM:1;CAL-EDM:2;CAL-EDM:3;KAM-KEL:1;KAM-KEL:2;OTT-MON:1;OTT-MON:2,3.3333333333333335,0.6942077213374502
28102.056336470407,0.001111357379870249,0.9861935146134346,0.7119598558172584,0.8821534992577508,infeasible,-50.0,0,0,18,0,,0,0.0005099000409245491,,,
7401.08716657399,0.07337304339770916,0.9744498399905861,0.6394971013534814,0.8191951471921056,optimal,10.900345051415506,4,2,18,0,0.46415888336127825,368,0.15496100002201274,KAM-KEL:1;KAM-KEL:2;OTT-MON:1;OTT-MON:2,3.0,0.7036043153944198
2967.4876963536985,0.07337304339770916,0.9744498399905861,0.6394971013534814,0.8191951471921056,optimal,8.263354732211909,4,2,18,0,0.46415888336127825,368,0.1480209999717772,KAM-KEL:1;KAM-KEL:2;OTT-MON:1;OTT-MON:2,3.0,0.7036043153944198
7401.08716657399,0.01183613057674667,0.9744498399905861,0.6394971013534814,0.8191951471921056,optimal,10.900345051415506,4,2,18,0,0.46415888336127825,352,0.12248379999073222,KAM-KEL:1;KAM-KEL:2;OTT-MON:1;OTT-MON:2,3.0,0.7036043153944198
7401.08716657399,0.07337304339770916,0.9456270707640797,0.6394971013534814,0.8191951471921056,optimal,10.049135919611999,4,2,18,0,0.46415888336127825,311,0.11092000000644475,KAM-KEL:1;KAM-KEL:2;OTT-MON:1;OTT-MON:2,3.0,0.6515888429248445
7401.08716657399,0.07337304339770916,0.9744498399905861,0.7692950323224068,0.8191951471921056,optimal,11.966741741150393,4,2,18,0,0.46415888336127825,368,0.13006119994679466,KAM-KEL:1;KAM-KEL:2;OTT-MON:1;OTT-MON:2,3.0,0.7036043153944198
7401.08716657399,0.07337304339770916,0.9744498399905861,0.6394971013534814,0.850928308064118,optimal,11.367986656269363,4,2,18,0,0.46415888336127825,457,0.19688089995179325,KAM-KEL:1;KAM-KEL:2;OTT-MON:1;OTT-MON:2,3.0,0.7394275126484274
2967.4876963536985,0.01183613057674667,0.9456270707640797,0.7692950323224068,0.850928308064118,optimal,9.026693907747052,4,2,18,0,0.46415888336127825,352,0.11578319995896891,KAM-KEL:1;KAM-KEL:2;OTT-MON:1;OTT-MON:2,3.0,0.6833041415824339
7936.812420223853,0.001872109491987075,0.9962898278068751,0.5080350537318736,0.941997074807994,infeasible,-50.0,0,0,18,0,,0,0.000319099985063076,,,
1854.068839790361,0.001872109491987075,0.9962898278068751,0.5080350537318736,0.941997074807994,infeasible,-50.0,0,0,18,0,,0,0.0001849000109359622,,,
7936.812420223853,0.0014761527358021498,0.9962898278068751,0.5080350537318736,0.941997074807994,infeasible,-50.0,0,0,18,0,,0,0.00014219997683539987,,,
7936.812420223853,0.001872109491987075,0.9550834625810385,0.5080350537318736,0.941997074807994,infeasible,-50.0,0,0,18,0,,0,0.0001781000173650682,,,
7936.812420223853,0.001872109491987075,0.9962898278068751,0.5491031446959823,0.941997074807994,infeasible,-50.0,0,0,18,0,,0,0.00017479999223724008,,,
7936.812420223853,0.001872109491987075,0.9962898278068751,0.5080350537318736,0.8657987732095643,infeasible,-50.0,0,0,18,0,,0,0.00016789999790489674,,,
1854.068839790361,0.0014761527358021498,0.9550834625810385,0.5491031446959823,0.8657987732095643,infeasible,-50.0,0,0,18,0,,0,0.00013530004071071744,,,
191788.32118368582,0.011512263435634986,0.9268316349647939,0.8280020736623555,0.7656107267262414,optimal,18.826704777771972,4,2,18,0,0.46415888336127825,231,0.06410840002354234,KAM-KEL:1;KAM-KEL:2;OTT-MON:1;OTT-MON:2,3.0,0.5730988709236395
16850.16058491392,0.011512263435634986,0.9268316349647939,0.8280020736623555,0.7656107267262414,optimal,11.809343526962756,4,2,18,0,0.46415888336127825,231,0.06634449999546632,KAM-KEL:1;KAM-KEL:2;OTT-MON:1;OTT-MON:2,3.0,0.5730988709236395
191788.32118368582,0.015721257580519687,0.9268316349647939,0.8280020736623555,0.7656107267262414,optimal,18.826704777771972,4,2,18,0,0.46415888336127825,231,0.07230820000404492,KAM-KEL:1;KAM-KEL:2;OTT-MON:1;OTT-MON:2,3.0,0.5730988709236395
191788.32118368582,0.011512263435634986,0.9975412591658532,0.8280020736623555,0.7656107267262414,optimal,25.66881939842461,7,3,18,0,0.23713737056616555,352,0.12195100000826642,CAL-EDM:1;CAL-EDM:2;CAL-EDM:3;KAM-KEL:1;KAM-KEL:2;OTT-MON:1;OTT-MON:2,3.3333333333333335,0.6509354623473861
191788.32118368582,0.011512263435634986,0.9268316349647939,0.939955324633047,0.7656107267262414,optimal,19.558536007270924,4,2,18,0,0.46415888336127825,231,0.06520670000463724,KAM-KEL:1;KAM-KEL:2;OTT-MON:1;OTT-MON:2,3.0,0.5730988709236395
191788.32118368582,0.011512263435634986,0.9268316349647939,0.8280020736623555,0.8341715079247951,optimal,23.638732816501484,7,3,18,0,0.23713737056616555,311,0.10035289998631924,CAL-EDM:1;CAL-EDM:2;CAL-EDM:3;KAM-KEL:1;KAM-KEL:2;OTT-MON:1;OTT-MON:2,3.3333333333333335,0.601950995158388
16850.16058491392,0.015721257580519687,0.9975412591658532,0.939955324633047,0.8341715079247951,optimal,18.603036045559797,7,3,18,0,0.23713737056616555,449,0.19418420002330095,CAL-EDM:1;CAL-EDM:2;CAL-EDM:3;KAM-KEL:1;KAM-KEL:2;OTT-MON:1;OTT-MON:2,3.3333333333333335,0.7377298115700391
20752.46961813257,0.003170186593392535,0.9714731881171466,0.6916285807266831,0.8453593465266749,optimal,15.56141815629232,7,3,18,0,0.23713737056616555,125,0.035093899990897626,CAL-EDM:1;CAL-EDM:2;CAL-EDM:3;KAM-KEL:1;KAM-KEL:2;OTT-MON:1;OTT-MON:2,3.3333333333333335,0.6974051487801481
64047.55242288996,0.003170186593392535,0.9714731881171466,0.6916285807266831,0.8453593465266749,optimal,20.438999375744977,7,3,18,0,0.23713737056616555,125,0.03317050001351163,CAL-EDM:1;CAL-EDM:2;CAL-EDM:3;KAM-KEL:1;KAM-KEL:2;OTT-MON:1;OTT-MON:2,3.3333333333333335,0.6974051487801481
20752.46961813257,0.008374247958871926,0.9714731881171466,0.6916285807266831,0.8453593465266749,optimal,15.56141815629232,7,3,18,0,0.23713737056616555,328,0.11544069997034967,CAL-EDM:1;CAL-EDM:2;CAL-EDM:3;KAM-KEL:1;KAM-KEL:2;OTT-MON:1;OTT-MON:2,3.3333333333333335,0.6974051487801481
20752.46961813257,0.003170186593392535,0.9670372574012727,0.6916285807266831,0.8453593465266749,optimal,15.345704190187497,7,3,18,0,0.23713737056616555,125,0.039317899965681136,CAL-EDM:1;CAL-EDM:2;CAL-EDM:3;KAM-KEL:1;KAM-KEL:2;OTT-MON:1;OTT-MON:2,3.3333333333333335,0.6884226602674657
20752.46961813257,0.003170186593392535,0.9714731881171466,0.7478162713348866,0.8453593465266749,optimal,16.350222777817592,7,3,18,0,0.23713737056616555,125,0.0363688999786973,CAL-EDM:1;CAL-EDM:2;CAL-EDM:3;KAM-KEL:1;KAM-KEL:2;OTT-MON:1;OTT-MON:2,3.3333333333333335,0.6974051487801481
20752.46961813257,0.003170186593392535,0.9714731881171466,0.6916285807266831,0.7278564131623134,optimal,12.3807007991839,4,2,18,0,0.46415888336127825,117,0.03317409998271614,KAM-KEL:1;KAM-KEL:2;OTT-MON:1;OTT-MON:2,3.0,0.6036954619045752
64047.55242288996,0.008374247958871926,0.9670372574012727,0.7478162713348866,0.7278564131623134,optimal,15.896858558122563,4,2,18,0,0.46415888336127825,222,0.06550940003944561,KAM-KEL:1;KAM-KEL:2;OTT-MON:1;OTT-MON:2,3.0,0.597211471954689
1266.282851875943,0.06171844586562166,0.9410150047186763,0.8709609983488917,0.8622921493696049,optimal,7.330346881973797,4,2,18,0,0.46415888336127825,368,0.12999260000651702,KAM-KEL:1;KAM-KEL:2;OTT-MON:1;OTT-MON:2,3.0,0.6861629492410481
6903.046551041944,0.06171844586562166,0.9410150047186763,0.8709609983488917,0.8622921493696049,optimal,12.223613912085384,4,2,18,0,0.46415888336127825,368,0.1373535000020638,KAM-KEL:1;KAM-KEL:2;OTT-MON:1;OTT-MON:2,3.0,0.6861629492410481
1266.282851875943,0.0908056238569559,0.9410150047186763,0.8709609983488917,0.8622921493696049,optimal,7.330346881973797,4,2,18,0,0.46415888336127825,368,0.13948680000612512,KAM-KEL:1;KAM-KEL:2;OTT-MON:1;OTT-MON:2,3.0,0.6861629492410481
1266.282851875943,0.06171844586562166,0.927078254500404,0.8709609983488917,0.8622921493696049,optimal,6.898787908793834,4,2,18,0,0.46415888336127825,311,0.09101229999214411,KAM-KEL:1;KAM-KEL:2;OTT-MON:1;OTT-MON:2,3.0,0.6603013399544584
1266.282851875943,0.06171844586562166,0.9410150047186763,0.6922390414401889,0.8622921493696049,optimal,6.004995656719611,4,2,18,0,0.46415888336127825,368,0.12638029997469857,KAM-KEL:1;KAM-KEL:2;OTT-MON:1;OTT-MON:2,3.0,0.6861629492410481
1266.282851875943,0.06171844586562166,0.9410150047186763,0.8709609983488917,0.9743997156210243,optimal,8.773198111590112,4,2,18,0,0.46415888336127825,633,0.3711343999602832,KAM-KEL:1;KAM-KEL:2;OTT-MON:1;OTT-MON:2,3.0,0.8069474291171984
6903.046551041944,0.0908056238569559,0.927078254500404,0.6922390414401889,0.9743997156210243,optimal,12.012683044171547,4,2,18,0,0.46415888336127825,577,0.32391909998841584,KAM-KEL:1;KAM-KEL:2;OTT-MON:1;OTT-MON:2,3.0,0.7739240904084366
2805.290990695269,0.007202417690295088,0.9378479865752161,0.9172285125125199,0.9233494438640774,optimal,10.69615744288091,4,2,18,0,0.46415888336127825,326,0.11708669998915866,KAM-KEL:1;KAM-KEL:2;OTT-MON:1;OTT-MON:2,3.0,0.7432726863597938
2704.2302863117775,0.007202417690295088,0.9378479865752161,0.9172285125125199,0.9233494438640774,optimal,10.590292613560818,4,2,18,0,0.46415888336127825,326,0.12792800000170246,KAM-KEL:1;KAM-KEL:2;OTT-MON:1;OTT-MON:2,3.0,0.7432726863597938
2805.290990695269,0.004936246452766677,0.9378479865752161,0.9172285125125199,0.9233494438640774,optimal,10.69615744288091,4,2,18,0,0.46415888336127825,197,0.07194499997422099,KAM-KEL:1;KAM-KEL:2;OTT-MON:1;OTT-MON:2,3.0,0.7432726863597938
2805.290990695269,0.007202417690295088,0.9766423231083899,0.9172285125125199,0.9233494438640774,optimal,11.812313205420068,7,3,18,0,0.23713737056616555,367,0.1697349000023678,CAL-EDM:1;CAL-EDM:2;CAL-EDM:3;KAM-KEL:1;KAM-KEL:2;OTT-MON:1;OTT-MON:2,3.3333333333333335,0.8110970505708576
2805.290990695269,0.007202417690295088,0.9378479865752161,0.8050031547900289,0.9233494438640774,optimal,9.943010381312407,4,2,18,0,0.46415888336127825,326,0.1271821999689564,KAM-KEL:1;KAM-KEL:2;OTT-MON:1;OTT-MON:2,3.0,0.7432726863597938
2805.290990695269,0.007202417690295088,0.9378479865752161,0.9172285125125199,0.7958658596212044,optimal,8.570846233546543,4,2,18,0,0.46415888336127825,278,0.11357250000583008,KAM-KEL:1;KAM-KEL:2;OTT-MON:1;OTT-MON:2,3.0,0.616466798851677
2704.2302863117775,0.004936246452766677,0.9766423231083899,0.8050031547900289,0.7958658596212044,optimal,9.00043427639568,4,2,18,0,0.46415888336127825,189,0.06927989999530837,KAM-KEL:1;KAM-KEL:2;OTT-MON:1;OTT-MON:2,3.0,0.6820353591883384
32513.8311437275,0.03704990493111885,0.9853877293597907,0.6464596968609839,0.7830318700354546,optimal,15.47098391073225,7,3,18,0,0.23713737056616555,368,0.14725870004622266,CAL-EDM:1;CAL-EDM:2;CAL-EDM:3;KAM-KEL:1;KAM-KEL:2;OTT-MON:1;OTT-MON:2,3.3333333333333335,0.6499403089364427
30857.040057050213,0.03704990493111885,0.9853877293597907,0.6464596968609839,0.7830318700354546,optimal,15.244622265820153,7,3,18,0,0.23713737056616555,368,0.15485510003054515,CAL-EDM:1;CAL-EDM:2;CAL-EDM:3;KAM-KEL:1;KAM-KEL:2;OTT-MON:1;OTT-MON:2,3.3333333333333335,0.6499403089364427
32513.8311437275,0.04552445009940839,0.9853877293597907,0.6464596968609839,0.7830318700354546,optimal,15.47098391073225,7,3,18,0,0.23713737056616555,368,0.1427970000077039,CAL-EDM:1;CAL-EDM:2;CAL-EDM:3;KAM-KEL:1;KAM-KEL:2;OTT-MON:1;OTT-MON:2,3.3333333333333335,0.6499403089364427
32513.8311437275,0.03704990493111885,0.936068648358807,0.6464596968609839,0.7830318700354546,optimal,13.238844042060286,4,2,18,0,0.46415888336127825,311,0.11312110000289977,KAM-KEL:1;KAM-KEL:2;OTT-MON:1;OTT-MON:2,3.0,0.6019970883682677
32513.8311437275,0.03704990493111885,0.9853877293597907,0.6338497261982411,0.7830318700354546,optimal,15.272046824560274,7,3,18,0,0.23713737056616555,368,0.139669900003355,CAL-EDM:1;CAL-EDM:2;CAL-EDM:3;KAM-KEL:1;KAM-KEL:2;OTT-MON:1;OTT-MON:2,3.3333333333333335,0.6499403089364427
32513.8311437275,0.03704990493111885,0.9853877293597907,0.6464596968609839,0.8991032250057905,optimal,18.705309730112628,7,3,18,0,0.23713737056616555,601,0.34644210000988096,CAL-EDM:1;CAL-EDM:2;CAL-EDM:3;KAM-KEL:1;KAM-KEL:2;OTT-MON:1;OTT-MON:2,3.3333333333333335,0.7989793992401403
30857.040057050213,0.04552445009940839,0.936068648358807,0.6338497261982411,0.8991032250057905,optimal,16.159569867240453,7,3,18,0,0.23713737056616555,457,0.18808180000633,CAL-EDM:1;CAL-EDM:2;CAL-EDM:3;KAM-KEL:1;KAM-KEL:2;OTT-MON:1;OTT-MON:2,3.3333333333333335,0.6866225490389081
61831.38239423895,0.0013150577009621524,0.9516885968390852,0.7334221815690398,0.718982742074877,infeasible,-50.0,0,0,18,0,,0,0.00029280001763254404,,,
114960.8896242544,0.0013150577009621524,0.9516885968390852,0.7334221815690398,0.718982742074877,infeasible,-50.0,0,0,18,0,,0,0.00015510001685470343,,,
61831.38239423895,0.002904149546196636,0.9516885968390852,0.7334221815690398,0.718982742074877,optimal,14.630735083583229,4,2,18,0,0.46415888336127825,101,0.031121999956667423,KAM-KEL:1;KAM-KEL:2;OTT-MON:1;OTT-MON:2,3.0,0.5675028747344055
61831.38239423895,0.0013150577009621524,0.9445684997327626,0.7334221815690398,0.718982742074877,infeasible,-50.0,0,0,18,0,,0,0.00039010000182315707,,,
61831.38239423895,0.0013150577009621524,0.9516885968390852,0.6029880385845899,0.718982742074877,infeasible,-50.0,0,0,18,0,,0,0.00024119997397065163,,,
61831.38239423895,0.0013150577009621524,0.9516885968390852,0.7334221815690398,0.9359104094402865,infeasible,-50.0,0,0,18,0,,0,0.0002261999761685729,,,
114960.8896242544,0.002904149546196636,0.9445684997327626,0.6029880385845899,0.9359104094402865,optimal,19.30902694400328,4,2,18,0,0.46415888336127825,101,0.03038950002519414,KAM-KEL:1;KAM-KEL:2;OTT-MON:1;OTT-MON:2,3.0,0.7717846250822822
7092.734698711935,0.021368870159216926,0.9602283115833998,0.6032741280272603,0.9873722662534565,optimal,12.210265435170648,7,3,18,0,0.23713737056616555,769,0.5884867999702692,CAL-EDM:1;CAL-EDM:2;CAL-EDM:3;KAM-KEL:1;KAM-KEL:2;OTT-MON:1;OTT-MON:2,3.3333333333333335,0.8574660838802458
10285.443821173048,0.021368870159216926,0.9602283115833998,0.6032741280272603,0.9873722662534565,optimal,13.81883590884264,7,3,18,0,0.23713737056616555,769,0.580714599986095,CAL-EDM:1;CAL-EDM:2;CAL-EDM:3;KAM-KEL:1;KAM-KEL:2;OTT-MON:1;OTT-MON:2,3.3333333333333335,0.8574660838802458
7092.734698711935,0.02726959961364692,0.9602283115833998,0.6032741280272603,0.9873722662534565,optimal,12.210265435170648,7,3,18,0,0.23713737056616555,769,0.5954716000123881,CAL-EDM:1;CAL-EDM:2;CAL-EDM:3;KAM-KEL:1;KAM-KEL:2;OTT-MON:1;OTT-MON:2,3.3333333333333335,0.8574660838802458
7092.734698711935,0.021368870159216926,0.9876326386108994,0.6032741280272603,0.9873722662534565,optimal,13.103769470937616,7,3,18,0,0.23713737056616555,809,0.7028286000131629,CAL-EDM:1;CAL-EDM:2;CAL-EDM:3;KAM-KEL:1;KAM-KEL:2;OTT-MON:1;OTT-MON:2,3.3333333333333335,0.9388970887378338
7092.734698711935,0.021368870159216926,0.9602283115833998,0.8852953234687447,0.9873722662534565,optimal,16.083681052368316,7,3,18,0,0.23713737056616555,769,0.6081972999963909,CAL-EDM:1;CAL-EDM:2;CAL-EDM:3;KAM-KEL:1;KAM-KEL:2;OTT-MON:1;OTT-MON:2,3.3333333333333335,0.8574660838802458
7092.734698711935,0.021368870159216926,0.9602283115833998,0.6032741280272603,0.761256937386468,optimal,8.893660682054653,4,2,18,0,0.46415888336127825,311,0.11469720001332462,KAM-KEL:1;KAM-KEL:2;OTT-MON:1;OTT-MON:2,3.0,0.619091413014544
10285.443821173048,0.02726959961364692,0.9876326386108994,0.8852953234687447,0.761256937386468,optimal,13.09360945909676,4,2,18,0,0.46415888336127825,311,0.12115399999311194,KAM-KEL:1;KAM-KEL:2;OTT-MON:1;OTT-MON:2,3.0,0.6634855863856006
5008.458015934299,0.005424913177930317,0.9576840862128884,0.6329164842609316,0.753175781504251,optimal,7.869114234532882,4,2,18,0,0.46415888336127825,205,0.0762321000220254,KAM-KEL:1;KAM-KEL:2;OTT-MON:1;OTT-MON:2,3.0,0.6074279051333338
4387.616492081842,0.005424913177930317,0.9576840862128884,0.6329164842609316,0.753175781504251,optimal,7.487256092879633,4,2,18,0,0.46415888336127825,205,0.059611600008793175,KAM-KEL:1;KAM-KEL:2;OTT-MON:1;OTT-MON:2,3.0,0.6074279051333338
5008.458015934299,0.00420734338728229,0.9576840862128884,0.6329164842609316,0.753175781504251,optimal,7.869114234532882,4,2,18,0,0.46415888336127825,157,0.03804600000148639,KAM-KEL:1;KAM-KEL:2;OTT-MON:1;OTT-MON:2,3.0,0.6074279051333338
5008.458015934299,0.005424913177930317,0.9729464190956205,0.6329164842609316,0.753175781504251,optimal,8.442737571388152,4,2,18,0,0.46415888336127825,205,0.06426100002136081,KAM-KEL:1;KAM-KEL:2;OTT-MON:1;OTT-MON:2,3.0,0.6310557325422428
5008.458015934299,0.005424913177930317,0.9576840862128884,0.8341431399807333,0.753175781504251,optimal,9.462233554663673,4,2,18,0,0.46415888336127825,205,0.06250469997758046,KAM-KEL:1;KAM-KEL:2;OTT-MON:1;OTT-MON:2,3.0,0.6074279051333338
5008.458015934299,0.005424913177930317,0.9576840862128884,0.6329164842609316,0.9929625222170726,optimal,11.447103942696181,4,2,18,0,0.46415888336127825,245,0.0949154999689199,KAM-KEL:1;KAM-KEL:2;OTT-MON:1;OTT-MON:2,3.0,0.8712429543674214
4387.616492081842,0.00420734338728229,0.9729464190956205,0.8341431399807333,0.9929625222170726,optimal,13.925089714016805,7,3,18,0,0.23713737056616555,173,0.058922800002619624,CAL-EDM:1;CAL-EDM:2;CAL-EDM:3;KAM-KEL:1;KAM-KEL:2;OTT-MON:1;OTT-MON:2,3.3333333333333335,0.9028491990759676
80817.64455692029,0.09149636903977215,0.9662062736153603,0.9317055797670036,0.9543006461327895,optimal,26.74087659894639,7,3,18,0,0.23713737056616555,705,0.5005714999861084,CAL-EDM:1;CAL-EDM:2;CAL-EDM:3;KAM-KEL:1;KAM-KEL:2;OTT-MON:1;OTT-MON:2,3.3333333333333335,0.8272024928028858
78505.64080648366,0.09149636903977215,0.9662062736153603,0.9317055797670036,0.9543006461327895,optimal,26.615254641087425,7,3,18,0,0.23713737056616555,705,0.5021195000153966,CAL-EDM:1;CAL-EDM:2;CAL-EDM:3;KAM-KEL:1;KAM-KEL:2;OTT-MON:1;OTT-MON:2,3.3333333333333335,0.8272024928028858
80817.64455692029,0.03360002653389914,0.9662062736153603,0.9317055797670036,0.9543006461327895,optimal,26.74087659894639,7,3,18,0,0.23713737056616555,705,0.4936967000248842,CAL-EDM:1;CAL-EDM:2;CAL-EDM:3;KAM-KEL:1;KAM-KEL:2;OTT-MON:1;OTT-MON:2,3.3333333333333335,0.8272024928028858
80817.64455692029,0.09149636903977215,0.9299380690027028,0.9317055797670036,0.9543006461327895,optimal,25.29671119017745,7,3,18,0,0.23713737056616555,505,0.2364850000012666,CAL-EDM:1;CAL-EDM:2;CAL-EDM:3;KAM-KEL:1;KAM-KEL:2;OTT-MON:1;OTT-MON:2,3.3333333333333335,0.7360519213110196
80817.64455692029,0.09149636903977215,0.9662062736153603,0.6682081267237663,0.9543006461327895,optimal,23.383840367371004,7,3,18,0,0.23713737056616555,705,0.48466459999326617,CAL-EDM:1;CAL-EDM:2;CAL-EDM:3;KAM-KEL:1;KAM-KEL:2;OTT-MON:1;OTT-MON:2,3.3333333333333335,0.8272024928028858
80817.64455692029,0.09149636903977215,0.9662062736153603,0.9317055797670036,0.7373100502472371,optimal,18.060487711382862,4,2,18,0,0.46415888336127825,231,0.07846280001103878,KAM-KEL:1;KAM-KEL:2;OTT-MON:1;OTT-MON:2,3.0,0.605052147273831
78505.64080648366,0.03360002653389914,0.9299380690027028,0.6682081267237663,0.7373100502472371,optimal,14.127506288057877,4,2,18,0,0.46415888336127825,231,0.07223570003407076,KAM-KEL:1;KAM-KEL:2;OTT-MON:1;OTT-MON:2,3.0,0.553798659637149
48239.38318441295,0.0029946376851199626,0.9325651579909027,0.5598515193909407,0.8723403846854344,optimal,15.189417582465012,4,2,18,0,0.46415888336127825,101,0.02986790001159534,KAM-KEL:1;KAM-KEL:2;OTT-MON:1;OTT-MON:2,3.0,0.6802112639466769
20680.439892365786,0.0029946376851199626,0.9325651579909027,0.5598515193909407,0.8723403846854344,optimal,12.745528408869285,4,2,18,0,0.46415888336127825,101,0.03249189996859059,KAM-KEL:1;KAM-KEL:2;OTT-MON:1;OTT-MON:2,3.0,0.6802112639466769
48239.38318441295,0.0022208028690550545,0.9325651579909027,0.5598515193909407,0.8723403846854344,optimal,15.189417582465012,4,2,18,0,0.46415888336127825,101,0.03077720000874251,KAM-KEL:1;KAM-KEL:2;OTT-MON:1;OTT-MON:2,3.0,0.6802112639466769
48239.38318441295,0.0029946376851199626,0.9408715659305453,0.5598515193909407,0.8723403846854344,optimal,15.433356770657477,4,2,18,0,0.46415888336127825,101,0.026436599961016327,KAM-KEL:1;KAM-KEL:2;OTT-MON:1;OTT-MON:2,3.0,0.696109412694174
48239.38318441295,0.0029946376851199626,0.9325651579909027,0.5720903381239623,0.8723403846854344,optimal,15.314212481278139,4,2,18,0,0.46415888336127825,101,0.026488799951039255,KAM-KEL:1;KAM-KEL:2;OTT-MON:1;OTT-MON:2,3.0,0.6802112639466769
48239.38318441295,0.0029946376851199626,0.9325651579909027,0.5598515193909407,0.8461562410043553,optimal,14.750336563424073,4,2,18,0,0.46415888336127825,101,0.026518200000282377,KAM-KEL:1;KAM-KEL:2;OTT-MON:1;OTT-MON:2,3.0,0.6547724488106479
20680.439892365786,0.0022208028690550545,0.9408715659305453,0.5720903381239623,0.8461562410043553,optimal,12.697437016799224,4,2,18,0,0.46415888336127825,101,1.4030464999959804,KAM-KEL:1;KAM-KEL:2;OTT-MON:1;OTT-MON:2,3.0,0.6697305243873906
2048.5983277195064,0.01595331107177213,0.9800873176436872,0.7742629863321782,0.8351622116705403,optimal,8.681251004899229,4,2,18,0,0.46415888336127825,449,0.20213459996739402,KAM-KEL:1;KAM-KEL:2;OTT-MON:1;OTT-MON:2,3.0,0.7325513753352926
1179.994165168584,0.01595331107177213,0.9800873176436872,0.7742629863321782,0.8351622116705403,optimal,7.089536175799564,4,2,18,0,0.46415888336127825,449,0.20312149997334927,KAM-KEL:1;KAM-KEL:2;OTT-MON:1;OTT-MON:2,3.0,0.7325513753352926
2048.5983277195064,0.018057411291301825,0.9800873176436872,0.7742629863321782,0.8351622116705403,optimal,8.681251004899229,4,2,18,0,0.46415888336127825,457,0.18711820000316948,KAM-KEL:1;KAM-KEL:2;OTT-MON:1;OTT-MON:2,3.0,0.7325513753352926
2048.5983277195064,0.01595331107177213,0.9815037120319903,0.7742629863321782,0.8351622116705403,optimal,8.715955657261366,4,2,18,0,0.46415888336127825,449,0.19720659998711199,KAM-KEL:1;KAM-KEL:2;OTT-MON:1;OTT-MON:2,3.0,0.7353653260021205
2048.5983277195064,0.01595331107177213,0.9800873176436872,0.8526946113910525,0.8351622116705403,optimal,9.238072860146296,4,2,18,0,0.46415888336127825,449,0.1953120999969542,KAM-KEL:1;KAM-KEL:2;OTT-MON:1;OTT-MON:2,3.0,0.7325513753352926
2048.5983277195064,0.01595331107177213,0.9800873176436872,0.7742629863321782,0.8863321107495576,optimal,9.352815304618236,4,2,18,0,0.46415888336127825,553,0.304772800009232,KAM-KEL:1;KAM-KEL:2;OTT-MON:1;OTT-MON:2,3.0,0.7934941244795792
1179.994165168584,0.018057411291301825,0.9815037120319903,0.8526946113910525,0.8863321107495576,optimal,8.348913537695616,4,2,18,0,0.46415888336127825,577,0.3148193000233732,KAM-KEL:1;KAM-KEL:2;OTT-MON:1;OTT-MON:2,3.0,0.7966634567666
1646.5724047491938,0.00136026226952773,0.9770893244445324,0.785343354800716,0.8066821384448558,infeasible,-50.0,0,0,18,0,,0,0.0004105999832972884,,,
9103.209701086227,0.00136026226952773,0.9770893244445324,0.785343354800716,0.8066821384448558,infeasible,-50.0,0,0,18,0,,0,0.0002668999950401485,,,
1646.5724047491938,0.0010501497274212374,0.9770893244445324,0.785343354800716,0.8066821384448558,infeasible,-50.0,0,0,18,0,,0,0.00024330004816874862,,,
1646.5724047491938,0.00136026226952773,0.9513920360021293,0.785343354800716,0.8066821384448558,infeasible,-50.0,0,0,18,0,,0,0.0002511999919079244,,,
1646.5724047491938,0.00136026226952773,0.9770893244445324,0.5149103747680783,0.8066821384448558,infeasible,-50.0,0,0,18,0,,0,0.00023280002642422915,,,
1646.5724047491938,0.00136026226952773,0.9770893244445324,0.785343354800716,0.7750639128936454,infeasible,-50.0,0,0,18,0,,0,0.00022599997464567423,,,
9103.209701086227,0.0010501497274212374,0.9513920360021293,0.5149103747680783,0.7750639128936454,infeasible,-50.0,0,0,18,0,,0,0.00022030004765838385,,,
14730.150451630076,0.025521168937353057,0.946610601047054,0.5498697879258543,0.8998480749949813,optimal,12.448434991558834,4,2,18,0,0.46415888336127825,457,0.2170449999975972,KAM-KEL:1;KAM-KEL:2;OTT-MON:1;OTT-MON:2,3.0,0.7366156755422955
196242.7123426242,0.025521168937353057,0.946610601047054,0.5498697879258543,0.8998480749949813,optimal,23.270717663997186,7,3,18,0,0.23713737056616555,457,0.21500520000699908,CAL-EDM:1;CAL-EDM:2;CAL-EDM:3;KAM-KEL:1;KAM-KEL:2;OTT-MON:1;OTT-MON:2,3.3333333333333335,0.7099802168546439
14730.150451630076,0.012914898552194725,0.946610601047054,0.5498697879258543,0.8998480749949813,optimal,12.448434991558834,4,2,18,0,0.46415888336127825,449,0.21035130001837388,KAM-KEL:1;KAM-KEL:2;OTT-MON:1;OTT-MON:2,3.0,0.7366156755422955
14730.150451630076,0.025521168937353057,0.991406825363636,0.5498697879258543,0.8998480749949813,optimal,13.87556396450343,7,3,18,0,0.23713737056616555,633,0.38748939998913556,CAL-EDM:1;CAL-EDM:2;CAL-EDM:3;KAM-KEL:1;KAM-KEL:2;OTT-MON:1;OTT-MON:2,3.3333333333333335,0.8150576421077371
14730.150451630076,0.025521168937353057,0.946610601047054,0.9110908467322587,0.8998480749949813,optimal,17.1628668976855,7,3,18,0,0.23713737056616555,457,0.225520099978894,CAL-EDM:1;CAL-EDM:2;CAL-EDM:3;KAM-KEL:1;KAM-KEL:2;OTT-MON:1;OTT-MON:2,3.3333333333333335,0.7099802168546439
14730.150451630076,0.025521168937353057,0.946610601047054,0.5498697879258543,0.9591062794178724,optimal,13.404826073795927,7,3,18,0,0.23713737056616555,601,0.3372006000136025,CAL-EDM:1;CAL-EDM:2;CAL-EDM:3;KAM-KEL:1;KAM-KEL:2;OTT-MON:1;OTT-MON:2,3.3333333333333335,0.7827000025338545
196242.7123426242,0.012914898552194725,0.991406825363636,0.9110908467322587,0.9591062794178724,optimal,31.28665979472222,7,3,18,0,0.23713737056616555,681,0.46683350001694635,CAL-EDM:1;CAL-EDM:2;CAL-EDM:3;KAM-KEL:1;KAM-KEL:2;OTT-MON:1;OTT-MON:2,3.3333333333333335,0.9049440174930484
139332.9810990769,0.008041876201552117,0.9912369839828461,0.8581954017281532,0.9616155784819276,optimal,29.237746160762256,7,3,18,0,0.23713737056616555,383,0.16537459997925907,CAL-EDM:1;CAL-EDM:2;CAL-EDM:3;KAM-KEL:1;KAM-KEL:2;OTT-MON:1;OTT-MON:2,3.3333333333333335,0.9084281675621243
52742.883219472016,0.008041876201552117,0.9912369839828461,0.8581954017281532,0.9616155784819276,optimal,25.033280810035365,7,3,18,0,0.23713737056616555,383,0.1737202000222169,CAL-EDM:1;CAL-EDM:2;CAL-EDM:3;KAM-KEL:1;KAM-KEL:2;OTT-MON:1;OTT-MON:2,3.3333333333333335,0.9084281675621243
139332.9810990769,0.00575021303709718,0.9912369839828461,0.8581954017281532,0.9616155784819276,optimal,29.237746160762256,7,3,18,0,0.23713737056616555,262,0.09348520002095029,CAL-EDM:1;CAL-EDM:2;CAL-EDM:3;KAM-KEL:1;KAM-KEL:2;OTT-MON:1;OTT-MON:2,3.3333333333333335,0.9084281675621243
139332.9810990769,0.008041876201552117,0.9633441780451686,0.8581954017281532,0.9616155784819276,optimal,28.302888201393518,7,3,18,0,0.23713737056616555,383,0.1695783999748528,CAL-EDM:1;CAL-EDM:2;CAL-EDM:3;KAM-KEL:1;KAM-KEL:2;OTT-MON:1;OTT-MON:2,3.3333333333333335,0.8297464273962719
139332.9810990769,0.008041876201552117,0.9912369839828461,0.7802513259928674,0.9616155784819276,optimal,28.276175290924527,7,3,18,0,0.23713737056616555,383,0.1936856000102125,CAL-EDM:1;CAL-EDM:2;CAL-EDM:3;KAM-KEL:1;KAM-KEL:2;OTT-MON:1;OTT-MON:2,3.3333333333333335,0.9084281675621243
139332.9810990769,0.008041876201552117,0.9912369839828461,0.8581954017281532,0.9242521099066362,optimal,28.569116282701295,7,3,18,0,0.23713737056616555,383,0.1736947000026703,CAL-EDM:1;CAL-EDM:2;CAL-EDM:3;KAM-KEL:1;KAM-KEL:2;OTT-MON:1;OTT-MON:2,3.3333333333333335,0.8506429670496778
52742.883219472016,0.00575021303709718,0.9633441780451686,0.7802513259928674,0.9242521099066362,optimal,22.396922145193976,7,3,18,0,0.23713737056616555,262,0.10563359997468069,CAL-EDM:1;CAL-EDM:2;CAL-EDM:3;KAM-KEL:1;KAM-KEL:2;OTT-MON:1;OTT-MON:2,3.3333333333333335,0.779039608048472
11836.595058392295,0.0477651530189745,0.921758269738406,0.7070858377963305,0.7448708037436008,optimal,8.725490335410147,4,2,18,0,0.46415888336127825,231,0.0719132000231184,KAM-KEL:1;KAM-KEL:2;OTT-MON:1;OTT-MON:2,3.0,0.5490049936863727
2396.4730648809737,0.0477651530189745,0.921758269738406,0.7070858377963305,0.7448708037436008,optimal,4.116951331957525,4,2,18,0,0.46415888336127825,231,0.05564579996280372,KAM-KEL:1;KAM-KEL:2;OTT-MON:1;OTT-MON:2,3.0,0.5490049936863727
11836.595058392295,0.07200067373027834,0.921758269738406,0.7070858377963305,0.7448708037436008,optimal,8.725490335410147,4,2,18,0,0.46415888336127825,231,0.07670739997411147,KAM-KEL:1;KAM-KEL:2;OTT-MON:1;OTT-MON:2,3.0,0.5490049936863727
11836.595058392295,0.0477651530189745,0.9209448504876345,0.7070858377963305,0.7448708037436008,optimal,8.660896445492412,4,2,18,0,0.46415888336127825,231,0.06828240002505481,KAM-KEL:1;KAM-KEL:2;OTT-MON:1;OTT-MON:2,3.0,0.5479201300904508
11836.595058392295,0.0477651530189745,0.921758269738406,0.7228612077888101,0.7448708037436008,optimal,8.85282356226551,4,2,18,0,0.46415888336127825,231,0.07513079995987937,KAM-KEL:1;KAM-KEL:2;OTT-MON:1;OTT-MON:2,3.0,0.5490049936863727
11836.595058392295,0.0477651530189745,0.921758269738406,0.7070858377963305,0.8121864129640162,optimal,10.937714667454902,4,2,18,0,0.46415888336127825,311,0.10737179999705404,KAM-KEL:1;KAM-KEL:2;OTT-MON:1;OTT-MON:2,3.0,0.6054904823491161
2396.4730648809737,0.07200067373027834,0.9209448504876345,0.7228612077888101,0.8121864129640162,optimal,6.421012470235988,4,2,18,0,0.46415888336127825,311,0.09308409999357536,KAM-KEL:1;KAM-KEL:2;OTT-MON:1;OTT-MON:2,3.0,0.6042006755193285
11993.578538011701,0.009393005328566184,0.9667534176893533,0.752650584699586,0.8682236194582655,optimal,14.451207274141769,7,3,18,0,0.23713737056616555,369,0.1418965999619104,CAL-EDM:1;CAL-EDM:2;CAL-EDM:3;KAM-KEL:1;KAM-KEL:2;OTT-MON:1;OTT-MON:2,3.3333333333333335,0.7154517837826964
166374.41484026256,0.009393005328566184,0.9667534176893533,0.752650584699586,0.8682236194582655,optimal,25.833505790068966,7,3,18,0,0.23713737056616555,369,0.15210030000889674,CAL-EDM:1;CAL-EDM:2;CAL-EDM:3;KAM-KEL:1;KAM-KEL:2;OTT-MON:1;OTT-MON:2,3.3333333333333335,0.7154517837826964
11993.578538011701,0.013964553268937974,0.9667534176893533,0.752650584699586,0.8682236194582655,optimal,14.451207274141769,7,3,18,0,0.23713737056616555,449,0.19432419998338446,CAL-EDM:1;CAL-EDM:2;CAL-EDM:3;KAM-KEL:1;KAM-KEL:2;OTT-MON:1;OTT-MON:2,3.3333333333333335,0.7154517837826964
11993.578538011701,0.009393005328566184,0.9613828695826233,0.752650584699586,0.8682236194582655,optimal,14.203484866633096,7,3,18,0,0.23713737056616555,369,0.14547440002206713,CAL-EDM:1;CAL-EDM:2;CAL-EDM:3;KAM-KEL:1;KAM-KEL:2;OTT-MON:1;OTT-MON:2,3.3333333333333335,0.7040674468622511
11993.578538011701,0.009393005328566184,0.9667534176893533,0.6436724206898361,0.8682236194582655,optimal,12.871632080488956,7,3,18,0,0.23713737056616555,369,0.1868166000349447,CAL-EDM:1;CAL-EDM:2;CAL-EDM:3;KAM-KEL:1;KAM-KEL:2;OTT-MON:1;OTT-MON:2,3.3333333333333335,0.7154517837826964
11993.578538011701,0.009393005328566184,0.9667534176893533,0.752650584699586,0.8938528766557574,optimal,15.085454210729168,7,3,18,0,0.23713737056616555,385,0.1705847000121139,CAL-EDM:1;CAL-EDM:2;CAL-EDM:3;KAM-KEL:1;KAM-KEL:2;OTT-MON:1;OTT-MON:2,3.3333333333333335,0.7476070291124713
166374.41484026256,0.013964553268937974,0.9613828695826233,0.6436724206898361,0.8938528766557574,optimal,24.661646334967642,7,3,18,0,0.23713737056616555,489,0.21707740001147613,CAL-EDM:1;CAL-EDM:2;CAL-EDM:3;KAM-KEL:1;KAM-KEL:2;OTT-MON:1;OTT-MON:2,3.3333333333333335,0.7354141079424271
107268.24421987448,0.05006735086433276,0.9557943343874067,0.5873420499730855,0.8381229002876207,optimal,19.97240827188744,7,3,18,0,0.23713737056616555,368,0.14590389997465536,CAL-EDM:1;CAL-EDM:2;CAL-EDM:3;KAM-KEL:1;KAM-KEL:2;OTT-MON:1;OTT-MON:2,3.3333333333333335,0.658142241145835
7715.120576667657,0.05006735086433276,0.9557943343874067,0.5873420499730855,0.8381229002876207,optimal,10.315506803397732,4,2,18,0,0.46415888336127825,368,0.1447038000333123,KAM-KEL:1;KAM-KEL:2;OTT-MON:1;OTT-MON:2,3.0,0.6890635566240242
107268.24421987448,0.001717410038365185,0.9557943343874067,0.5873420499730855,0.8381229002876207,infeasible,-50.0,0,0,18,0,,0,0.0005824000108987093,,,
107268.24421987448,0.05006735086433276,0.9232108556032181,0.5873420499730855,0.8381229002876207,optimal,17.520280631110428,7,3,18,0,0.23713737056616555,311,0.116243599972222,CAL-EDM:1;CAL-EDM:2;CAL-EDM:3;KAM-KEL:1;KAM-KEL:2;OTT-MON:1;OTT-MON:2,3.3333333333333335,0.5995606263196379
107268.24421987448,0.05006735086433276,0.9557943343874067,0.8095799915958195,0.8381229002876207,optimal,23.213217210736534,7,3,18,0,0.23713737056616555,368,0.16344289999688044,CAL-EDM:1;CAL-EDM:2;CAL-EDM:3;KAM-KEL:1;KAM-KEL:2;OTT-MON:1;OTT-MON:2,3.3333333333333335,0.658142241145835
107268.24421987448,0.05006735086433276,0.9557943343874067,0.5873420499730855,0.7904592345384881,optimal,17.86762362183885,7,3,18,0,0.23713737056616555,311,0.11305929999798536,CAL-EDM:1;CAL-EDM:2;CAL-EDM:3;KAM-KEL:1;KAM-KEL:2;OTT-MON:1;OTT-MON:2,3.3333333333333335,0.6072012983357794
7715.120576667657,0.001717410038365185,0.9232108556032181,0.8095799915958195,0.7904592345384881,infeasible,-50.0,0,0,18,0,,0,0.0004973000031895936,,,
19130.305799782833,0.0017305189182310768,0.982119827227667,0.9045936161652207,0.7766314288871362,infeasible,-50.0,0,0,18,0,,0,0.00037150003481656313,,,
2029.8398746271525,0.0017305189182310768,0.982119827227667,0.9045936161652207,0.7766314288871362,infeasible,-50.0,0,0,18,0,,0,0.0003285999991931021,,,
19130.305799782833,0.07646439734840285,0.982119827227667,0.9045936161652207,0.7766314288871362,optimal,16.097585261076734,7,3,18,0,0.23713737056616555,311,0.11043209995841607,CAL-EDM:1;CAL-EDM:2;CAL-EDM:3;KAM-KEL:1;KAM-KEL:2;OTT-MON:1;OTT-MON:2,3.3333333333333335,0.6368523428263492
19130.305799782833,0.0017305189182310768,0.9536961179021746,0.9045936161652207,0.7766314288871362,infeasible,-50.0,0,0,18,0,,0,0.00032980000833049417,,,
19130.305799782833,0.0017305189182310768,0.982119827227667,0.8492426498793065,0.7766314288871362,infeasible,-50.0,0,0,18,0,,0,0.00018820003606379032,,,
19130.305799782833,0.0017305189182310768,0.982119827227667,0.9045936161652207,0.7536332927905023,infeasible,-50.0,0,0,18,0,,0,0.00017149996710941195,,,
2029.8398746271525,0.07646439734840285,0.9536961179021746,0.8492426498793065,0.7536332927905023,optimal,6.805811707691204,4,2,18,0,0.46415888336127825,231,0.05256340000778437,KAM-KEL:1;KAM-KEL:2;OTT-MON:1;OTT-MON:2,3.0,0.601846382503273
1625.275044480748,0.029137765101745147,0.9321607530787588,0.6549193618819118,0.9297589220730588,optimal,7.112215849053539,4,2,18,0,0.46415888336127825,457,0.2035638999659568,KAM-KEL:1;KAM-KEL:2;OTT-MON:1;OTT-MON:2,3.0,0.7378410824460659
44687.81798265551,0.029137765101745147,0.9321607530787588,0.6549193618819118,0.9297589220730588,optimal,18.699928868475446,7,3,18,0,0.23713737056616555,457,0.2140789999975823,CAL-EDM:1;CAL-EDM:2;CAL-EDM:3;KAM-KEL:1;KAM-KEL:2;OTT-MON:1;OTT-MON:2,3.3333333333333335,0.7127432949651956
1625.275044480748,0.00957458675824014,0.9321607530787588,0.6549193618819118,0.9297589220730588,optimal,7.112215849053539,4,2,18,0,0.46415888336127825,369,0.13469470001291484,KAM-KEL:1;KAM-KEL:2;OTT-MON:1;OTT-MON:2,3.0,0.7378410824460659
1625.275044480748,0.029137765101745147,0.9894074218105525,0.6549193618819118,0.9297589220730588,optimal,8.397037577536183,4,2,18,0,0.46415888336127825,713,0.4890093000140041,KAM-KEL:1;KAM-KEL:2;OTT-MON:1;OTT-MON:2,3.0,0.8712545734661415
1625.275044480748,0.029137765101745147,0.9321607530787588,0.5686108806170523,0.9297589220730588,optimal,6.296713539857443,4,2,18,0,0.46415888336127825,457,0.1816609000088647,KAM-KEL:1;KAM-KEL:2;OTT-MON:1;OTT-MON:2,3.0,0.7378410824460659
1625.275044480748,0.029137765101745147,0.9321607530787588,0.6549193618819118,0.9284102141400798,optimal,7.095006956136654,4,2,18,0,0.46415888336127825,457,0.1957661000196822,KAM-KEL:1;KAM-KEL:2;OTT-MON:1;OTT-MON:2,3.0,0.7364267848091524
44687.81798265551,0.00957458675824014,0.9894074218105525,0.5686108806170523,0.9284102141400798,optimal,19.50713835748916,7,3,18,0,0.23713737056616555,457,0.23465719999512658,CAL-EDM:1;CAL-EDM:2;CAL-EDM:3;KAM-KEL:1;KAM-KEL:2;OTT-MON:1;OTT-MON:2,3.3333333333333335,0.8519638206443138
2579.640489270325,0.002530945651039026,0.9472726023849101,0.6800905511248857,0.9943207796048372,optimal,9.74313902717523,4,2,18,0,0.46415888336127825,101,0.027454899973236024,KAM-KEL:1;KAM-KEL:2;OTT-MON:1;OTT-MON:2,3.0,0.8458518708470674
92743.76863704248,0.002530945651039026,0.9472726023849101,0.6800905511248857,0.9943207796048372,optimal,20.079155882500146,4,2,18,0,0.46415888336127825,101,0.024306199979037046,KAM-KEL:1;KAM-KEL:2;OTT-MON:1;OTT-MON:2,3.0,0.8458518708470674
2579.640489270325,0.05619902851253156,0.9472726023849101,0.6800905511248857,0.9943207796048372,optimal,9.74313902717523,4,2,18,0,0.46415888336127825,729,0.5235499999835156,KAM-KEL:1;KAM-KEL:2;OTT-MON:1;OTT-MON:2,3.0,0.8458518708470674
2579.640489270325,0.002530945651039026,0.9434805608149618,0.6800905511248857,0.9943207796048372,optimal,9.66132590733004,4,2,18,0,0.46415888336127825,101,0.02808089996688068,KAM-KEL:1;KAM-KEL:2;OTT-MON:1;OTT-MON:2,3.0,0.8361832162385303
2579.640489270325,0.002530945651039026,0.9472726023849101,0.9075358087662607,0.9943207796048372,optimal,11.408049911466387,4,2,18,0,0.46415888336127825,101,0.027160099998582155,KAM-KEL:1;KAM-KEL:2;OTT-MON:1;OTT-MON:2,3.0,0.8458518708470674
2579.640489270325,0.002530945651039026,0.9472726023849101,0.6800905511248857,0.8238685835953802,optimal,7.502214368214469,4,2,18,0,0.46415888336127825,101,0.012966800015419722,KAM-KEL:1;KAM-KEL:2;OTT-MON:1;OTT-MON:2,3.0,0.6590733250648309
92743.76863704248,0.05619902851253156,0.9434805608149618,0.9075358087662607,0.8238685835953802,optimal,22.348098846076898,7,3,18,0,0.23713737056616555,311,0.11668419995112345,CAL-EDM:1;CAL-EDM:2;CAL-EDM:3;KAM-KEL:1;KAM-KEL:2;OTT-MON:1;OTT-MON:2,3.3333333333333335,0.6204797252421688
41615.29579256867,0.01500731245598511,0.9753132402785123,0.8805210572201758,0.7133216792307794,optimal,15.534064099788171,4,2,18,0,0.46415888336127825,231,0.07805340003687888,KAM-KEL:1;KAM-KEL:2;OTT-MON:1;OTT-MON:2,3.0,0.5951637160180947
5181.750308348571,0.01500731245598511,0.9753132402785123,0.8805210572201758,0.7133216792307794,optimal,9.522859123772353,4,2,18,0,0.46415888336127825,231,0.07181140000466257,KAM-KEL:1;KAM-KEL:2;OTT-MON:1;OTT-MON:2,3.0,0.5951637160180947
41615.29579256867,0.00448832060978543,0.9753132402785123,0.8805210572201758,0.7133216792307794,optimal,15.534064099788171,4,2,18,0,0.46415888336127825,149,0.03661329997703433,KAM-KEL:1;KAM-KEL:2;OTT-MON:1;OTT-MON:2,3.0,0.5951637160180947
41615.29579256867,0.01500731245598511,0.9785900204945356,0.8805210572201758,0.7133216792307794,optimal,15.673140428622787,4,2,18,0,0.46415888336127825,231,0.07182539999485016,KAM-KEL:1;KAM-KEL:2;OTT-MON:1;OTT-MON:2,3.0,0.5998629671261607
41615.29579256867,0.01500731245598511,0.9753132402785123,0.5113278944510966,0.7133216792307794,optimal,12.397629002430655,4,2,18,0,0.46415888336127825,231,0.07223890000022948,KAM-KEL:1;KAM-KEL:2;OTT-MON:1;OTT-MON:2,3.0,0.5951637160180947
41615.29579256867,0.01500731245598511,0.9753132402785123,0.8805210572201758,0.8553723995843903,optimal,21.464333408948143,7,3,18,0,0.23713737056616555,449,0.201109700021334,CAL-EDM:1;CAL-EDM:2;CAL-EDM:3;KAM-KEL:1;KAM-KEL:2;OTT-MON:1;OTT-MON:2,3.3333333333333335,0.7177380275185179
5181.750308348571,0.00448832060978543,0.9785900204945356,0.5113278944510966,0.8553723995843903,optimal,9.20865115480252,4,2,18,0,0.46415888336127825,173,0.06320600002072752,KAM-KEL:1;KAM-KEL:2;OTT-MON:1;OTT-MON:2,3.0,0.7530806274052453
93666.120451426,0.004324557286043638,0.9233724241629243,0.5279209828004241,0.7949974258895963,optimal,14.858366077244245,4,2,18,0,0.46415888336127825,149,0.0289473999873735,KAM-KEL:1;KAM-KEL:2;OTT-MON:1;OTT-MON:2,3.0,0.5930638048071143
1390.9072976922253,0.004324557286043638,0.9233724241629243,0.5279209828004241,0.7949974258895963,optimal,2.7115078027574238,4,2,18,0,0.46415888336127825,149,0.03180219995556399,KAM-KEL:1;KAM-KEL:2;OTT-MON:1;OTT-MON:2,3.0,0.5930638048071143
93666.120451426,0.029664111144210997,0.9233724241629243,0.5279209828004241,0.7949974258895963,optimal,14.858366077244245,4,2,18,0,0.46415888336127825,231,0.06830030004493892,KAM-KEL:1;KAM-KEL:2;OTT-MON:1;OTT-MON:2,3.0,0.5930638048071143
93666.120451426,0.004324557286043638,0.970070822648704,0.5279209828004241,0.7949974258895963,optimal,17.537088496477242,7,3,18,0,0.23713737056616555,157,0.03767699998570606,CAL-EDM:1;CAL-EDM:2;CAL-EDM:3;KAM-KEL:1;KAM-KEL:2;OTT-MON:1;OTT-MON:2,3.3333333333333335,0.6363999264213372
93666.120451426,0.004324557286043638,0.9233724241629243,0.6982088516466319,0.7949974258895963,optimal,16.471712630594382,4,2,18,0,0.46415888336127825,149,0.028739100031089038,KAM-KEL:1;KAM-KEL:2;OTT-MON:1;OTT-MON:2,3.0,0.5930638048071143
93666.120451426,0.004324557286043638,0.9233724241629243,0.5279209828004241,0.961705977955833,optimal,20.067796587118973,7,3,18,0,0.23713737056616555,173,0.0524417000124231,CAL-EDM:1;CAL-EDM:2;CAL-EDM:3;KAM-KEL:1;KAM-KEL:2;OTT-MON:1;OTT-MON:2,3.3333333333333335,0.7291772492170115
1390.9072976922253,0.029664111144210997,0.970070822648704,0.6982088516466319,0.961705977955833,optimal,8.259243477500023,4,2,18,0,0.46415888336127825,729,0.5088761000079103,KAM-KEL:1;KAM-KEL:2;OTT-MON:1;OTT-MON:2,3.0,0.8638860228143934
3978.085223433714,0.0811828647223506,0.9904130343068391,0.8127308340743185,0.9126188642270863,optimal,12.376460336378173,7,3,18,0,0.23713737056616555,673,0.4358160000410862,CAL-EDM:1;CAL-EDM:2;CAL-EDM:3;KAM-KEL:1;KAM-KEL:2;OTT-MON:1;OTT-MON:2,3.3333333333333335,0.831163045873673
24385.00959976758,0.0811828647223506,0.9904130343068391,0.8127308340743185,0.9126188642270863,optimal,20.224005690950506,7,3,18,0,0.23713737056616555,673,0.4763794000027701,CAL-EDM:1;CAL-EDM:2;CAL-EDM:3;KAM-KEL:1;KAM-KEL:2;OTT-MON:1;OTT-MON:2,3.3333333333333335,0.831163045873673
3978.085223433714,0.0024121219102035602,0.9904130343068391,0.8127308340743185,0.9126188642270863,optimal,12.063830106405184,4,2,18,0,0.46415888336127825,101,0.031158700003288686,KAM-KEL:1;KAM-KEL:2;OTT-MON:1;OTT-MON:2,3.0,0.8510056059075108
3978.085223433714,0.0811828647223506,0.9325089871026576,0.8127308340743185,0.9126188642270863,optimal,10.725543463476937,4,2,18,0,0.46415888336127825,457,0.21802740002749488,KAM-KEL:1;KAM-KEL:2;OTT-MON:1;OTT-MON:2,3.0,0.7207404082759348
3978.085223433714,0.0811828647223506,0.9904130343068391,0.7555714738555253,0.9126188642270863,optimal,11.642992527136233,4,2,18,0,0.46415888336127825,673,0.43314169999212027,KAM-KEL:1;KAM-KEL:2;OTT-MON:1;OTT-MON:2,3.0,0.8510056059075108
3978.085223433714,0.0811828647223506,0.9904130343068391,0.8127308340743185,0.7153189522298052,optimal,8.948380210061746,4,2,18,0,0.46415888336127825,311,0.09769429999869317,KAM-KEL:1;KAM-KEL:2;OTT-MON:1;OTT-MON:2,3.0,0.6192318048999508
24385.00959976758,0.0024121219102035602,0.9325089871026576,0.7555714738555253,0.7153189522298052,optimal,10.549737254703683,4,2,18,0,0.46415888336127825,101,0.027935100020840764,KAM-KEL:1;KAM-KEL:2;OTT-MON:1;OTT-MON:2,3.0,0.539202511388573
5433.152388815628,0.0010067358781090776,0.9275400488898159,0.8387464145664125,0.8235859021460638,infeasible,-50.0,0,0,18,0,,0,0.0003772000200115144,,,
36444.19694341978,0.0010067358781090776,0.9275400488898159,0.8387464145664125,0.8235859021460638,infeasible,-50.0,0,0,18,0,,0,0.00044110004091635346,,,
5433.152388815628,0.0371211314764915,0.9275400488898159,0.8387464145664125,0.8235859021460638,optimal,10.167330667168255,4,2,18,0,0.46415888336127825,311,0.10769850003998727,KAM-KEL:1;KAM-KEL:2;OTT-MON:1;OTT-MON:2,3.0,0.6250595208178047
5433.152388815628,0.0010067358781090776,0.9471773528177292,0.8387464145664125,0.8235859021460638,infeasible,-50.0,0,0,18,0,,0,0.0004379000165499747,,,
5433.152388815628,0.0010067358781090776,0.9275400488898159,0.9293724925257265,0.8235859021460638,infeasible,-50.0,0,0,18,0,,0,0.00038409995613619685,,,
5433.152388815628,0.0010067358781090776,0.9275400488898159,0.8387464145664125,0.9492174785938114,infeasible,-50.0,0,0,18,0,,0,0.00027740001678466797,,,
36444.19694341978,0.0371211314764915,0.9471773528177292,0.9293724925257265,0.9492174785938114,optimal,22.44589422362192,7,3,18,0,0.23713737056616555,601,0.34528469998622313,CAL-EDM:1;CAL-EDM:2;CAL-EDM:3;KAM-KEL:1;KAM-KEL:2;OTT-MON:1;OTT-MON:2,3.3333333333333335,0.7715143888189747
62966.56785520099,0.019566536066708162,0.9945625365991145,0.7227990484330803,0.8829095171401277,optimal,22.683337327534677,7,3,18,0,0.23713737056616555,601,0.35314399999333546,CAL-EDM:1;CAL-EDM:2;CAL-EDM:3;KAM-KEL:1;KAM-KEL:2;OTT-MON:1;OTT-MON:2,3.3333333333333335,0.7984762328076939
3194.874829925217,0.019566536066708162,0.9945625365991145,0.7227990484330803,0.8829095171401277,optimal,10.50580684606762,4,2,18,0,0.46415888336127825,601,0.3331172000034712,KAM-KEL:1;KAM-KEL:2;OTT-MON:1;OTT-MON:2,3.0,0.8220228943327283
62966.56785520099,0.0034234340343083387,0.9945625365991145,0.7227990484330803,0.8829095171401277,optimal,22.683337327534677,7,3,18,0,0.23713737056616555,125,0.03380000003380701,CAL-EDM:1;CAL-EDM:2;CAL-EDM:3;KAM-KEL:1;KAM-KEL:2;OTT-MON:1;OTT-MON:2,3.3333333333333335,0.7984762328076939
62966.56785520099,0.019566536066708162,0.9847191074695438,0.7227990484330803,0.8829095171401277,optimal,22.317954571857086,7,3,18,0,0.23713737056616555,577,0.3195246999966912,CAL-EDM:1;CAL-EDM:2;CAL-EDM:3;KAM-KEL:1;KAM-KEL:2;OTT-MON:1;OTT-MON:2,3.3333333333333335,0.7748862754509588
62966.56785520099,0.019566536066708162,0.9945625365991145,0.5384928232990205,0.8829095171401277,optimal,19.71066490211324,7,3,18,0,0.23713737056616555,601,0.3342615999863483,CAL-EDM:1;CAL-EDM:2;CAL-EDM:3;KAM-KEL:1;KAM-KEL:2;OTT-MON:1;OTT-MON:2,3.3333333333333335,0.7984762328076939
62966.56785520099,0.019566536066708162,0.9945625365991145,0.7227990484330803,0.7653314059088007,optimal,19.286882982551656,7,3,18,0,0.23713737056616555,311,0.10849770001368597,CAL-EDM:1;CAL-EDM:2;CAL-EDM:3;KAM-KEL:1;KAM-KEL:2;OTT-MON:1;OTT-MON:2,3.3333333333333335,0.6453973302635468
3194.874829925217,0.0034234340343083387,0.9847191074695438,0.5384928232990205,0.7653314059088007,optimal,6.842394296265442,4,2,18,0,0.46415888336127825,125,0.024334800022188574,KAM-KEL:1;KAM-KEL:2;OTT-MON:1;OTT-MON:2,3.0,0.662990961638473
31922.658589155322,0.005898545891240732,0.942599409153685,0.7973199289292097,0.9466738544693216,optimal,20.083129086648988,7,3,18,0,0.23713737056616555,262,0.10724630003096536,CAL-EDM:1;CAL-EDM:2;CAL-EDM:3;KAM-KEL:1;KAM-KEL:2;OTT-MON:1;OTT-MON:2,3.3333333333333335,0.7571348930451713
12127.67033094229,0.005898545891240732,0.942599409153685,0.7973199289292097,0.9466738544693216,optimal,15.89429399071798,7,3,18,0,0.23713737056616555,262,0.11009989999001846,CAL-EDM:1;CAL-EDM:2;CAL-EDM:3;KAM-KEL:1;KAM-KEL:2;OTT-MON:1;OTT-MON:2,3.3333333333333335,0.7571348930451713
31922.658589155322,0.02183955750655943,0.942599409153685,0.7973199289292097,0.9466738544693216,optimal,20.083129086648988,7,3,18,0,0.23713737056616555,577,0.31240559997968376,CAL-EDM:1;CAL-EDM:2;CAL-EDM:3;KAM-KEL:1;KAM-KEL:2;OTT-MON:1;OTT-MON:2,3.3333333333333335,0.7571348930451713
31922.658589155322,0.005898545891240732,0.9737668684609234,0.7973199289292097,0.9466738544693216,optimal,21.271757833695737,7,3,18,0,0.23713737056616555,262,0.10176490002777427,CAL-EDM:1;CAL-EDM:2;CAL-EDM:3;KAM-KEL:1;KAM-KEL:2;OTT-MON:1;OTT-MON:2,3.3333333333333335,0.8366475741423938
31922.658589155322,0.005898545891240732,0.942599409153685,0.6746144727338106,0.9466738544693216,optimal,18.395460864884207,7,3,18,0,0.23713737056616555,262,0.08543929998995736,CAL-EDM:1;CAL-EDM:2;CAL-EDM:3;KAM-KEL:1;KAM-KEL:2;OTT-MON:1;OTT-MON:2,3.3333333333333335,0.7571348930451713
31922.658589155322,0.005898545891240732,0.942599409153685,0.7973199289292097,0.800204041922465,optimal,15.056102416992545,4,2,18,0,0.46415888336127825,213,0.07070229999953881,KAM-KEL:1;KAM-KEL:2;OTT-MON:1;OTT-MON:2,3.0,0.628203292057143
12127.67033094229,0.02183955750655943,0.9737668684609234,0.6746144727338106,0.800204041922465,optimal,12.303724809930106,4,2,18,0,0.46415888336127825,368,0.1532786000170745,KAM-KEL:1;KAM-KEL:2;OTT-MON:1;OTT-MON:2,3.0,0.6815936544997545
3662.7541883032814,0.03629253582062924,0.9706218688227236,0.5407500840723515,0.7598478703880682,optimal,6.698074336257212,4,2,18,0,0.46415888336127825,311,0.08859540004050359,KAM-KEL:1;KAM-KEL:2;OTT-MON:1;OTT-MON:2,3.0,0.6341077653557063
135506.34455843602,0.03629253582062924,0.9706218688227236,0.5407500840723515,0.7598478703880682,optimal,17.49619914916288,7,3,18,0,0.23713737056616555,311,0.11024230002658442,CAL-EDM:1;CAL-EDM:2;CAL-EDM:3;KAM-KEL:1;KAM-KEL:2;OTT-MON:1;OTT-MON:2,3.3333333333333335,0.5995488201902806
3662.7541883032814,0.0020506688584730776,0.9706218688227236,0.5407500840723515,0.7598478703880682,optimal,6.698074336257212,4,2,18,0,0.46415888336127825,101,0.014337899978272617,KAM-KEL:1;KAM-KEL:2;OTT-MON:1;OTT-MON:2,3.0,0.6341077653557063
3662.7541883032814,0.03629253582062924,0.9386394060626626,0.5407500840723515,0.7598478703880682,optimal,5.38920157698479,4,2,18,0,0.46415888336127825,231,0.06217579997610301,KAM-KEL:1;KAM-KEL:2;OTT-MON:1;OTT-MON:2,3.0,0.5852018344248656
3662.7541883032814,0.03629253582062924,0.9706218688227236,0.730164266983047,0.7598478703880682,optimal,8.431110667984541,4,2,18,0,0.46415888336127825,311,0.11324209999293089,KAM-KEL:1;KAM-KEL:2;OTT-MON:1;OTT-MON:2,3.0,0.6341077653557063
3662.7541883032814,0.03629253582062924,0.9706218688227236,0.5407500840723515,0.9121463066758588,optimal,9.054817140061864,4,2,18,0,0.46415888336127825,601,0.34315430000424385,KAM-KEL:1;KAM-KEL:2;OTT-MON:1;OTT-MON:2,3.0,0.8035142345426718
135506.34455843602,0.0020506688584730776,0.9386394060626626,0.730164266983047,0.9121463066758588,optimal,20.444041940856323,4,2,18,0,0.46415888336127825,101,0.030511399963870645,KAM-KEL:1;KAM-KEL:2;OTT-MON:1;OTT-MON:2,3.0,0.7330388852648135
1086.9442818350137,0.00416207976921337,0.9859075038153678,0.5729284940753132,0.7345896212831139,optimal,3.487808392076935,4,2,18,0,0.46415888336127825,157,0.03253040002891794,KAM-KEL:1;KAM-KEL:2;OTT-MON:1;OTT-MON:2,3.0,0.632328561958908
14281.654211017005,0.00416207976921337,0.9859075038153678,0.5729284940753132,0.7345896212831139,optimal,10.91943479230407,4,2,18,0,0.46415888336127825,157,0.03547859995160252,KAM-KEL:1;KAM-KEL:2;OTT-MON:1;OTT-MON:2,3.0,0.632328561958908
1086.9442818350137,0.011051231333385042,0.9859075038153678,0.5729284940753132,0.7345896212831139,optimal,3.487808392076935,4,2,18,0,0.46415888336127825,311,0.08837620000122115,KAM-KEL:1;KAM-KEL:2;OTT-MON:1;OTT-MON:2,3.0,0.632328561958908
1086.9442818350137,0.00416207976921337,0.9650757885426283,0.5729284940753132,0.7345896212831139,optimal,2.7017109601360043,4,2,18,0,0.46415888336127825,149,0.03268369997385889,KAM-KEL:1;KAM-KEL:2;OTT-MON:1;OTT-MON:2,3.0,0.6007706685157358
1086.9442818350137,0.00416207976921337,0.9859075038153678,0.6163418595679104,0.7345896212831139,optimal,3.9093111363023763,4,2,18,0,0.46415888336127825,157,0.03959880000911653,KAM-KEL:1;KAM-KEL:2;OTT-MON:1;OTT-MON:2,3.0,0.632328561958908
1086.9442818350137,0.00416207976921337,0.9859075038153678,0.5729284940753132,0.7313702658489346,optimal,3.4139610555191533,4,2,18,0,0.46415888336127825,157,0.027183600002899766,KAM-KEL:1;KAM-KEL:2;OTT-MON:1;OTT-MON:2,3.0,0.6289847782167399
14281.654211017005,0.011051231333385042,0.9650757885426283,0.6163418595679104,0.7313702658489346,optimal,10.46563469658214,4,2,18,0,0.46415888336127825,231,0.07611749996431172,KAM-KEL:1;KAM-KEL:2;OTT-MON:1;OTT-MON:2,3.0,0.5977028850035576
26263.15162795229,0.06766943214167549,0.9359284847602248,0.7662401559296995,0.9729214636553078,optimal,19.108389565524966,7,3,18,0,0.23713737056616555,601,0.34669170004781336,CAL-EDM:1;CAL-EDM:2;CAL-EDM:3;KAM-KEL:1;KAM-KEL:2;OTT-MON:1;OTT-MON:2,3.3333333333333335,0.7731388820212738
1571.9732707640048,0.06766943214167549,0.9359284847602248,0.7662401559296995,0.9729214636553078,optimal,8.524582790686942,4,2,18,0,0.46415888336127825,601,0.34034549997886643,KAM-KEL:1;KAM-KEL:2;OTT-MON:1;OTT-MON:2,3.0,0.7930871875900876
26263.15162795229,0.0011769101678321275,0.9359284847602248,0.7662401559296995,0.9729214636553078,infeasible,-50.0,0,0,18,0,,0,0.0003806999884545803,,,
26263.15162795229,0.06766943214167549,0.9293444014154375,0.7662401559296995,0.9729214636553078,optimal,18.833918541053098,7,3,18,0,0.23713737056616555,577,0.321576600021217,CAL-EDM:1;CAL-EDM:2;CAL-EDM:3;KAM-KEL:1;KAM-KEL:2;OTT-MON:1;OTT-MON:2,3.3333333333333335,0.7567164378719319
26263.15162795229,0.06766943214167549,0.9359284847602248,0.7874677988700569,0.9729214636553078,optimal,19.384359635787586,7,3,18,0,0.23713737056616555,601,0.3442088000010699,CAL-EDM:1;CAL-EDM:2;CAL-EDM:3;KAM-KEL:1;KAM-KEL:2;OTT-MON:1;OTT-MON:2,3.3333333333333335,0.7731388820212738
26263.15162795229,0.06766943214167549,0.9359284847602248,0.7662401559296995,0.9871461700079962,optimal,19.388976394558732,7,3,18,0,0.23713737056616555,633,0.4034117999835871,CAL-EDM:1;CAL-EDM:2;CAL-EDM:3;KAM-KEL:1;KAM-KEL:2;OTT-MON:1;OTT-MON:2,3.3333333333333335,0.790972398179245
1571.9732707640048,0.0011769101678321275,0.9293444014154375,0.7874677988700569,0.9871461700079962,infeasible,-50.0,0,0,18,0,,0,0.0005812000017613173,,,
151520.9508279958,0.0022769660526760424,0.9623096141256392,0.6141283288598061,0.8934486000984907,optimal,20.115393696027013,4,2,18,0,0.46415888336127825,101,0.02706780005246401,KAM-KEL:1;KAM-KEL:2;OTT-MON:1;OTT-MON:2,3.0,0.7628885891805041
5848.672082356498,0.0022769660526760424,0.9623096141256392,0.6141283288598061,0.8934486000984907,optimal,10.724864945566528,4,2,18,0,0.46415888336127825,101,0.03524759999709204,KAM-KEL:1;KAM-KEL:2;OTT-MON:1;OTT-MON:2,3.0,0.7628885891805041
151520.9508279958,0.06269381669450949,0.9623096141256392,0.6141283288598061,0.8934486000984907,optimal,23.81239620420134,7,3,18,0,0.23713737056616555,505,0.25819769996451214,CAL-EDM:1;CAL-EDM:2;CAL-EDM:3;KAM-KEL:1;KAM-KEL:2;OTT-MON:1;OTT-MON:2,3.3333333333333335,0.7369961558810467
151520.9508279958,0.0022769660526760424,0.9573877048771828,0.6141283288598061,0.8934486000984907,optimal,19.99711445202381,4,2,18,0,0.46415888336127825,101,0.02843479998409748,KAM-KEL:1;KAM-KEL:2;OTT-MON:1;OTT-MON:2,3.0,0.7523300278198787
151520.9508279958,0.0022769660526760424,0.9623096141256392,0.8748155158478766,0.8934486000984907,optimal,22.157148313536958,4,2,18,0,0.46415888336127825,101,0.02591500000562519,KAM-KEL:1;KAM-KEL:2;OTT-MON:1;OTT-MON:2,3.0,0.7628885891805041
151520.9508279958,0.0022769660526760424,0.9623096141256392,0.6141283288598061,0.8782812390439212,optimal,19.91937729528904,4,2,18,0,0.46415888336127825,101,0.02727029996458441,KAM-KEL:1;KAM-KEL:2;OTT-MON:1;OTT-MON:2,3.0,0.7456226019166587
5848.672082356498,0.06269381669450949,0.9573877048771828,0.8748155158478766,0.8782812390439212,optimal,12.697200220211712,7,3,18,0,0.23713737056616555,457,0.22354010003618896,CAL-EDM:1;CAL-EDM:2;CAL-EDM:3;KAM-KEL:1;KAM-KEL:2;OTT-MON:1;OTT-MON:2,3.3333333333333335,0.7076503308996457
9247.875534802648,0.011693170533935855,0.9513306045141071,0.9480763096362352,0.8140187904778868,optimal,13.05364758643529,4,2,18,0,0.46415888336127825,311,0.10009880003053695,KAM-KEL:1;KAM-KEL:2;OTT-MON:1;OTT-MON:2,3.0,0.6563635131250503
54247.90281567995,0.011693170533935855,0.9513306045141071,0.9480763096362352,0.8140187904778868,optimal,20.610372707423746,7,3,18,0,0.23713737056616555,311,0.09961299999849871,CAL-EDM:1;CAL-EDM:2;CAL-EDM:3;KAM-KEL:1;KAM-KEL:2;OTT-MON:1;OTT-MON:2,3.3333333333333335,0.6240163075063699
9247.875534802648,0.006797813823435161,0.9513306045141071,0.9480763096362352,0.8140187904778868,optimal,13.05364758643529,4,2,18,0,0.46415888336127825,278,0.10732689994620159,KAM-KEL:1;KAM-KEL:2;OTT-MON:1;OTT-MON:2,3.0,0.6563635131250503
9247.875534802648,0.011693170533935855,0.9955417138133198,0.9480763096362352,0.8140187904778868,optimal,15.45681506501668,7,3,18,0,0.23713737056616555,401,0.18139119999250397,CAL-EDM:1;CAL-EDM:2;CAL-EDM:3;KAM-KEL:1;KAM-KEL:2;OTT-MON:1;OTT-MON:2,3.3333333333333335,0.7071097472243659
9247.875534802648,0.011693170533935855,0.9513306045141071,0.5924807953182608,0.8140187904778868,optimal,10.340708412313422,4,2,18,0,0.46415888336127825,311,0.09970620000967756,KAM-KEL:1;KAM-KEL:2;OTT-MON:1;OTT-MON:2,3.0,0.6563635131250503
9247.875534802648,0.011693170533935855,0.9513306045141071,0.9480763096362352,0.8379490754595026,optimal,13.92841542997164,7,3,18,0,0.23713737056616555,352,0.16055490000871941,CAL-EDM:1;CAL-EDM:2;CAL-EDM:3;KAM-KEL:1;KAM-KEL:2;OTT-MON:1;OTT-MON:2,3.3333333333333335,0.6495419380389176
54247.90281567995,0.006797813823435161,0.9955417138133198,0.5924807953182608,0.8379490754595026,optimal,19.01806274024108,7,3,18,0,0.23713737056616555,310,0.11668169999029487,CAL-EDM:1;CAL-EDM:2;CAL-EDM:3;KAM-KEL:1;KAM-KEL:2;OTT-MON:1;OTT-MON:2,3.3333333333333335,0.7384824674140603
8884.938176530248,0.0012755280774801316,0.9592913814522326,0.721418435825035,0.766691391323693,infeasible,-50.0,0,0,18,0,,0,0.0003341999836266041,,,
26219.935351021006,0.0012755280774801316,0.9592913814522326,0.721418435825035,0.766691391323693,infeasible,-50.0,0,0,18,0,,0,0.0002354000462219119,,,
8884.938176530248,0.005417566513219501,0.9592913814522326,0.721418435825035,0.766691391323693,optimal,10.666627839948282,4,2,18,0,0.46415888336127825,205,1.443020600010641,KAM-KEL:1;KAM-KEL:2;OTT-MON:1;OTT-MON:2,3.0,0.6229002678983524
8884.938176530248,0.0012755280774801316,0.9887449097186327,0.721418435825035,0.766691391323693,infeasible,-50.0,0,0,18,0,,0,0.0004243000294081867,,,
8884.938176530248,0.0012755280774801316,0.9592913814522326,0.6950138453394175,0.766691391323693,infeasible,-50.0,0,0,18,0,,0,0.0002389000146649778,,,
8884.938176530248,0.0012755280774801316,0.9592913814522326,0.721418435825035,0.8883479967257008,infeasible,-50.0,0,0,18,0,,0,0.00021949998335912824,,,
26219.935351021006,0.005417566513219501,0.9887449097186327,0.6950138453394175,0.8883479967257008,optimal,18.400263293054895,7,3,18,0,0.23713737056616555,245,0.09601179999299347,CAL-EDM:1;CAL-EDM:2;CAL-EDM:3;KAM-KEL:1;KAM-KEL:2;OTT-MON:1;OTT-MON:2,3.3333333333333335,0.7920587462694938
144801.91799495494,0.020733334701873333,0.9532064124848694,0.8445078271906823,0.9409271060703323,optimal,27.518420036894874,7,3,18,0,0.23713737056616555,601,0.339885100023821,CAL-EDM:1;CAL-EDM:2;CAL-EDM:3;KAM-KEL:1;KAM-KEL:2;OTT-MON:1;OTT-MON:2,3.3333333333333335,0.7758283150748589
1191.5574350302556,0.020733334701873333,0.9532064124848694,0.8445078271906823,0.9409271060703323,optimal,8.327714460798529,4,2,18,0,0.46415888336127825,601,0.3258837000466883,KAM-KEL:1;KAM-KEL:2;OTT-MON:1;OTT-MON:2,3.0,0.7973156920552107
144801.91799495494,0.04326572839877424,0.9532064124848694,0.8445078271906823,0.9409271060703323,optimal,27.518420036894874,7,3,18,0,0.23713737056616555,601,0.34948490001261234,CAL-EDM:1;CAL-EDM:2;CAL-EDM:3;KAM-KEL:1;KAM-KEL:2;OTT-MON:1;OTT-MON:2,3.3333333333333335,0.7758283150748589
144801.91799495494,0.020733334701873333,0.9531395869515836,0.8445078271906823,0.9409271060703323,optimal,27.515768046272846,7,3,18,0,0.23713737056616555,601,0.362340799998492,CAL-EDM:1;CAL-EDM:2;CAL-EDM:3;KAM-KEL:1;KAM-KEL:2;OTT-MON:1;OTT-MON:2,3.3333333333333335,0.7756631305199896
144801.91799495494,0.020733334701873333,0.9532064124848694,0.7519643964245915,0.9409271060703323,optimal,26.34629496490349,7,3,18,0,0.23713737056616555,601,0.3331235999939963,CAL-EDM:1;CAL-EDM:2;CAL-EDM:3;KAM-KEL:1;KAM-KEL:2;OTT-MON:1;OTT-MON:2,3.3333333333333335,0.7758283150748589
144801.91799495494,0.020733334701873333,0.9532064124848694,0.8445078271906823,0.8481015384756029,optimal,25.127604915322745,7,3,18,0,0.23713737056616555,368,0.14204639999661595,CAL-EDM:1;CAL-EDM:2;CAL-EDM:3;KAM-KEL:1;KAM-KEL:2;OTT-MON:1;OTT-MON:2,3.3333333333333335,0.6642965291511082
1191.5574350302556,0.04326572839877424,0.9531395869515836,0.7519643964245915,0.8481015384756029,optimal,6.433873441972931,4,2,18,0,0.46415888336127825,368,0.11793079995550215,KAM-KEL:1;KAM-KEL:2;OTT-MON:1;OTT-MON:2,3.0,0.6945266716884126
26923.07987986024,0.007431297884177988,0.9841078677196056,0.5358684913255274,0.8589491970958187,optimal,15.031551507448684,7,3,18,0,0.23713737056616555,326,0.13746050000190735,CAL-EDM:1;CAL-EDM:2;CAL-EDM:3;KAM-KEL:1;KAM-KEL:2;OTT-MON:1;OTT-MON:2,3.3333333333333335,0.7413642937008044
4528.93252743689,0.007431297884177988,0.9841078677196056,0.5358684913255274,0.8589491970958187,optimal,9.265688258340923,4,2,18,0,0.46415888336127825,326,0.141510899993591,KAM-KEL:1;KAM-KEL:2;OTT-MON:1;OTT-MON:2,3.0,0.7689100298804632
26923.07987986024,0.0030729590983614194,0.9841078677196056,0.5358684913255274,0.8589491970958187,optimal,15.031551507448684,7,3,18,0,0.23713737056616555,125,0.034277699945960194,CAL-EDM:1;CAL-EDM:2;CAL-EDM:3;KAM-KEL:1;KAM-KEL:2;OTT-MON:1;OTT-MON:2,3.3333333333333335,0.7413642937008044
26923.07987986024,0.007431297884177988,0.922697465537116,0.5358684913255274,0.8589491970958187,optimal,12.710581682699488,4,2,18,0,0.46415888336127825,278,0.09931350004626438,KAM-KEL:1;KAM-KEL:2;OTT-MON:1;OTT-MON:2,3.0,0.6492747106677929
26923.07987986024,0.007431297884177988,0.9841078677196056,0.939267906313762,0.8589491970958187,optimal,20.69915558738242,7,3,18,0,0.23713737056616555,326,0.11487740004668012,CAL-EDM:1;CAL-EDM:2;CAL-EDM:3;KAM-KEL:1;KAM-KEL:2;OTT-MON:1;OTT-MON:2,3.3333333333333335,0.7413642937008044
26923.07987986024,0.007431297884177988,0.9841078677196056,0.5358684913255274,0.7391500874785706,optimal,12.404647911815122,4,2,18,0,0.46415888336127825,278,0.09702810004819185,KAM-KEL:1;KAM-KEL:2;OTT-MON:1;OTT-MON:2,3.0,0.6342575189394364
4528.93252743689,0.0030729590983614194,0.922697465537116,0.939267906313762,0.7391500874785706,optimal,7.3884879598865165,4,2,18,0,0.46415888336127825,117,0.039321199990808964,KAM-KEL:1;KAM-KEL:2;OTT-MON:1;OTT-MON:2,3.0,0.5456664948870047
1154.7758631509528,0.03815644621000801,0.9390228893086314,0.7995785375125706,0.8486954690171405,optimal,6.289642205944247,4,2,18,0,0.46415888336127825,368,0.12221370002953336,KAM-KEL:1;KAM-KEL:2;OTT-MON:1;OTT-MON:2,3.0,0.6688728276914127
97617.8136889473,0.03815644621000801,0.9390228893086314,0.7995785375125706,0.8486954690171405,optimal,22.023468455561794,7,3,18,0,0.23713737056616555,368,0.12372139998478815,CAL-EDM:1;CAL-EDM:2;CAL-EDM:3;KAM-KEL:1;KAM-KEL:2;OTT-MON:1;OTT-MON:2,3.3333333333333335,0.638112781365077
1154.7758631509528,0.024986729340764097,0.9390228893086314,0.7995785375125706,0.8486954690171405,optimal,6.289642205944247,4,2,18,0,0.46415888336127825,368,0.12977440003305674,KAM-KEL:1;KAM-KEL:2;OTT-MON:1;OTT-MON:2,3.0,0.6688728276914127
1154.7758631509528,0.03815644621000801,0.9606778026912361,0.7995785375125706,0.8486954690171405,optimal,6.913328898949031,4,2,18,0,0.46415888336127825,368,0.12703730002976954,KAM-KEL:1;KAM-KEL:2;OTT-MON:1;OTT-MON:2,3.0,0.7096206082025764
1154.7758631509528,0.03815644621000801,0.9390228893086314,0.5426478806417435,0.8486954690171405,optimal,4.052748615121566,4,2,18,0,0.46415888336127825,368,0.12283910001860932,KAM-KEL:1;KAM-KEL:2;OTT-MON:1;OTT-MON:2,3.0,0.6688728276914127
1154.7758631509528,0.03815644621000801,0.9390228893086314,0.7995785375125706,0.9950133349224926,optimal,8.185324878035628,4,2,18,0,0.46415888336127825,705,0.48966329998802394,KAM-KEL:1;KAM-KEL:2;OTT-MON:1;OTT-MON:2,3.0,0.8257530185697128
97617.8136889473,0.024986729340764097,0.9606778026912361,0.5426478806417435,0.9950133349224926,optimal,22.636426768817014,7,3,18,0,0.23713737056616555,785,0.624998300045263,CAL-EDM:1;CAL-EDM:2;CAL-EDM:3;KAM-KEL:1;KAM-KEL:2;OTT-MON:1;OTT-MON:2,3.3333333333333335,0.8697259607002876
3482.832803010032,0.0033145678541135447,0.9395049999561161,0.7605895738583057,0.7841992818620056,optimal,7.906749957678367,4,2,18,0,0.46415888336127825,125,0.038812800019513816,KAM-KEL:1;KAM-KEL:2;OTT-MON:1;OTT-MON:2,3.0,0.608379049407635
38245.87606807311,0.0033145678541135447,0.9395049999561161,0.7605895738583057,0.7841992818620056,optimal,14.820692104304321,4,2,18,0,0.46415888336127825,125,0.031062499969266355,KAM-KEL:1;KAM-KEL:2;OTT-MON:1;OTT-MON:2,3.0,0.608379049407635
3482.832803010032,0.0013465564164870467,0.9395049999561161,0.7605895738583057,0.7841992818620056,infeasible,-50.0,0,0,18,0,,0,0.0004211000050418079,,,
3482.832803010032,0.0033145678541135447,0.9332130998987704,0.7605895738583057,0.7841992818620056,optimal,7.635577003829149,4,2,18,0,0.46415888336127825,117,0.03732289996696636,KAM-KEL:1;KAM-KEL:2;OTT-MON:1;OTT-MON:2,3.0,0.5986574170332282
3482.832803010032,0.0033145678541135447,0.9395049999561161,0.8807627171278,0.7841992818620056,optimal,8.753290909397148,4,2,18,0,0.46415888336127825,125,0.040842899994459,KAM-KEL:1;KAM-KEL:2;OTT-MON:1;OTT-MON:2,3.0,0.608379049407635
3482.832803010032,0.0033145678541135447,0.9395049999561161,0.7605895738583057,0.810312950101681,optimal,8.489704361425213,4,2,18,0,0.46415888336127825,125,0.042063600034452975,KAM-KEL:1;KAM-KEL:2;OTT-MON:1;OTT-MON:2,3.0,0.632644338522158
38245.87606807311,0.0013465564164870467,0.9332130998987704,0.8807627171278,0.810312950101681,infeasible,-50.0,0,0,18,0,,0,0.00041479995707049966,,,
30823.952789280942,0.06444048938780671,0.9724215002693236,0.5741982794832439,0.9221932410933077,optimal,17.277639589966792,7,3,18,0,0.23713737056616555,601,0.3477363000274636,CAL-EDM:1;CAL-EDM:2;CAL-EDM:3;KAM-KEL:1;KAM-KEL:2;OTT-MON:1;OTT-MON:2,3.3333333333333335,0.7987971096140333
2181.8757806802228,0.06444048938780671,0.9724215002693236,0.5741982794832439,0.9221932410933077,optimal,8.059279495324425,4,2,18,0,0.46415888336127825,601,0.34465759998420253,KAM-KEL:1;KAM-KEL:2;OTT-MON:1;OTT-MON:2,3.0,0.8200242490152745
30823.952789280942,0.016559843288414693,0.9724215002693236,0.5741982794832439,0.9221932410933077,optimal,17.277639589966792,7,3,18,0,0.23713737056616555,593,0.32386249996488914,CAL-EDM:1;CAL-EDM:2;CAL-EDM:3;KAM-KEL:1;KAM-KEL:2;OTT-MON:1;OTT-MON:2,3.3333333333333335,0.7987971096140333
30823.952789280942,0.06444048938780671,0.970585752895102,0.5741982794832439,0.9221932410933077,optimal,17.209144833263935,7,3,18,0,0.23713737056616555,601,0.3776888000429608,CAL-EDM:1;CAL-EDM:2;CAL-EDM:3;KAM-KEL:1;KAM-KEL:2;OTT-MON:1;OTT-MON:2,3.3333333333333335,0.7941984534137451
30823.952789280942,0.06444048938780671,0.9724215002693236,0.6005977964028716,0.9221932410933077,optimal,17.731590807685386,7,3,18,0,0.23713737056616555,601,0.33084080001572147,CAL-EDM:1;CAL-EDM:2;CAL-EDM:3;KAM-KEL:1;KAM-KEL:2;OTT-MON:1;OTT-MON:2,3.3333333333333335,0.7987971096140333
30823.952789280942,0.06444048938780671,0.9724215002693236,0.5741982794832439,0.9221690337453037,optimal,17.277145340524548,7,3,18,0,0.23713737056616555,601,0.3378630999941379,CAL-EDM:1;CAL-EDM:2;CAL-EDM:3;KAM-KEL:1;KAM-KEL:2;OTT-MON:1;OTT-MON:2,3.3333333333333335,0.798763868185142
2181.8757806802228,0.016559843288414693,0.970585752895102,0.6005977964028716,0.9221690337453037,optimal,8.279061685023066,4,2,18,0,0.46415888336127825,593,0.33601650001946837,KAM-KEL:1;KAM-KEL:2;OTT-MON:1;OTT-MON:2,3.0,0.8156601130726058
66583.09350938724,0.0017909556096511383,0.9256642455682159,0.9459266004152596,0.9839781141262501,infeasible,-50.0,0,0,18,0,,0,0.000338899961207062,,,
8128.4621220324925,0.0017909556096511383,0.9256642455682159,0.9459266004152596,0.9839781141262501,infeasible,-50.0,0,0,18,0,,0,0.00022039999021217227,,,
66583.09350938724,0.007923312550517854,0.9256642455682159,0.9459266004152596,0.9839781141262501,optimal,25.059986720081845,7,3,18,0,0.23713737056616555,375,0.1557104999665171,CAL-EDM:1;CAL-EDM:2;CAL-EDM:3;KAM-KEL:1;KAM-KEL:2;OTT-MON:1;OTT-MON:2,3.3333333333333335,0.7608391990534242
66583.09350938724,0.0017909556096511383,0.9791379817314446,0.9459266004152596,0.9839781141262501,infeasible,-50.0,0,0,18,0,,0,0.00033030001213774085,,,
66583.09350938724,0.0017909556096511383,0.9256642455682159,0.6398105384316295,0.9839781141262501,infeasible,-50.0,0,0,18,0,,0,0.0001946999691426754,,,
66583.09350938724,0.0017909556096511383,0.9256642455682159,0.9459266004152596,0.9571281309882179,infeasible,-50.0,0,0,18,0,,0,0.00018099998123943806,,,
8128.4621220324925,0.007923312550517854,0.9791379817314446,0.6398105384316295,0.9571281309882179,optimal,13.503495897200263,7,3,18,0,0.23713737056616555,383,0.1925022000214085,CAL-EDM:1;CAL-EDM:2;CAL-EDM:3;KAM-KEL:1;KAM-KEL:2;OTT-MON:1;OTT-MON:2,3.3333333333333335,0.8666914929347572
5595.853316515984,0.011023543117513785,0.9975807739216834,0.6189010255970061,0.7223705776147544,optimal,8.773873825316844,4,2,18,0,0.46415888336127825,311,0.12409140000818297,KAM-KEL:1;KAM-KEL:2;OTT-MON:1;OTT-MON:2,3.0,0.6375894453060351
145460.92782029207,0.011023543117513785,0.9975807739216834,0.6189010255970061,0.7223705776147544,optimal,19.174687355627018,7,3,18,0,0.23713737056616555,311,0.11130869999760762,CAL-EDM:1;CAL-EDM:2;CAL-EDM:3;KAM-KEL:1;KAM-KEL:2;OTT-MON:1;OTT-MON:2,3.3333333333333335,0.6014196595042974
5595.853316515984,0.0992092714998972,0.9975807739216834,0.6189010255970061,0.7223705776147544,optimal,8.773873825316844,4,2,18,0,0.46415888336127825,311,0.1002668000292033,KAM-KEL:1;KAM-KEL:2;OTT-MON:1;OTT-MON:2,3.0,0.6375894453060351
5595.853316515984,0.011023543117513785,0.944151056535542,0.6189010255970061,0.7223705776147544,optimal,6.392833664710061,4,2,18,0,0.46415888336127825,231,0.06790320004802197,KAM-KEL:1;KAM-KEL:2;OTT-MON:1;OTT-MON:2,3.0,0.5602841116046409
5595.853316515984,0.011023543117513785,0.9975807739216834,0.8061848908197135,0.7223705776147544,optimal,10.29948195483608,4,2,18,0,0.46415888336127825,311,0.1124707999988459,KAM-KEL:1;KAM-KEL:2;OTT-MON:1;OTT-MON:2,3.0,0.6375894453060351
5595.853316515984,0.011023543117513785,0.9975807739216834,0.6189010255970061,0.7731553255077451,optimal,9.765283679358111,4,2,18,0,0.46415888336127825,352,0.11693279998144135,KAM-KEL:1;KAM-KEL:2;OTT-MON:1;OTT-MON:2,3.0,0.6940024309173249
145460.92782029207,0.0992092714998972,0.944151056535542,0.8061848908197135,0.7731553255077451,optimal,18.931995140530994,4,2,18,0,0.46415888336127825,311,0.08843860001070425,KAM-KEL:1;KAM-KEL:2;OTT-MON:1;OTT-MON:2,3.0,0.60544543716536
3781.431720891791,0.007684624982203943,0.9203732344582677,0.5896006049122662,0.9553896544417366,optimal,8.954785676945315,4,2,18,0,0.46415888336127825,326,0.11296980001498014,KAM-KEL:1;KAM-KEL:2;OTT-MON:1;OTT-MON:2,3.0,0.7388645438502015
62051.47080868967,0.007684624982203943,0.9203732344582677,0.5896006049122662,0.9553896544417366,optimal,19.1150476833741,7,3,18,0,0.23713737056616555,326,0.12975840002764016,CAL-EDM:1;CAL-EDM:2;CAL-EDM:3;KAM-KEL:1;KAM-KEL:2;OTT-MON:1;OTT-MON:2,3.3333333333333335,0.7150661078755739
3781.431720891791,0.0011460646909191709,0.9203732344582677,0.5896006049122662,0.9553896544417366,infeasible,-50.0,0,0,18,0,,0,0.0003915000124834478,,,
3781.431720891791,0.007684624982203943,0.9393467965181918,0.5896006049122662,0.9553896544417366,optimal,9.429279170110929,4,2,18,0,0.46415888336127825,359,0.1693544999579899,KAM-KEL:1;KAM-KEL:2;OTT-MON:1;OTT-MON:2,3.0,0.7815594295259648
3781.431720891791,0.007684624982203943,0.9203732344582677,0.8568961794953793,0.9553896544417366,optimal,11.112315337524878,4,2,18,0,0.46415888336127825,326,0.12667520000832155,KAM-KEL:1;KAM-KEL:2;OTT-MON:1;OTT-MON:2,3.0,0.7388645438502015
3781.431720891791,0.007684624982203943,0.9203732344582677,0.5896006049122662,0.971823969704099,optimal,9.15274620352786,4,2,18,0,0.46415888336127825,359,0.1663810999598354,KAM-KEL:1;KAM-KEL:2;OTT-MON:1;OTT-MON:2,3.0,0.7558277891694475
62051.47080868967,0.0011460646909191709,0.9393467965181918,0.8568961794953793,0.971823969704099,infeasible,-50.0,0,0,18,0,,0,0.0003981000045314431,,,
90472.0464664324,0.045583410526667714,0.9922697993088514,0.7477690455969423,0.7520799434119835,optimal,20.43504157514916,7,3,18,0,0.23713737056616555,311,0.09768200002145022,CAL-EDM:1;CAL-EDM:2;CAL-EDM:3;KAM-KEL:1;KAM-KEL:2;OTT-MON:1;OTT-MON:2,3.3333333333333335,0.6261886339866066
5550.844981854564,0.045583410526667714,0.9922697993088514,0.7477690455969423,0.7520799434119835,optimal,10.299712166546087,4,2,18,0,0.46415888336127825,311,0.11824509996222332,KAM-KEL:1;KAM-KEL:2;OTT-MON:1;OTT-MON:2,3.0,0.6612357475425394
90472.0464664324,0.012205540438155303,0.9922697993088514,0.7477690455969423,0.7520799434119835,optimal,20.43504157514916,7,3,18,0,0.23713737056616555,311,0.11179890000494197,CAL-EDM:1;CAL-EDM:2;CAL-EDM:3;KAM-KEL:1;KAM-KEL:2;OTT-MON:1;OTT-MON:2,3.3333333333333335,0.6261886339866066
90472.0464664324,0.045583410526667714,0.9742779352534563,0.7477690455969423,0.7520799434119835,optimal,18.829330415645725,7,3,18,0,0.23713737056616555,311,0.11261090001789853,CAL-EDM:1;CAL-EDM:2;CAL-EDM:3;KAM-KEL:1;KAM-KEL:2;OTT-MON:1;OTT-MON:2,3.3333333333333335,0.5971934290804496
90472.0464664324,0.045583410526667714,0.9922697993088514,0.5750284483190626,0.7520799434119835,optimal,17.782325642259273,7,3,18,0,0.23713737056616555,311,0.10130909999134019,CAL-EDM:1;CAL-EDM:2;CAL-EDM:3;KAM-KEL:1;KAM-KEL:2;OTT-MON:1;OTT-MON:2,3.3333333333333335,0.6261886339866066
90472.0464664324,0.045583410526667714,0.9922697993088514,0.7477690455969423,0.7253501470331102,optimal,18.680219263701506,7,3,18,0,0.23713737056616555,311,0.11102780001237988,CAL-EDM:1;CAL-EDM:2;CAL-EDM:3;KAM-KEL:1;KAM-KEL:2;OTT-MON:1;OTT-MON:2,3.3333333333333335,0.5965503314189129
5550.844981854564,0.012205540438155303,0.9742779352534563,0.5750284483190626,0.7253501470331102,optimal,7.556636176637823,4,2,18,0,0.46415888336127825,231,0.0758088999427855,KAM-KEL:1;KAM-KEL:2;OTT-MON:1;OTT-MON:2,3.0,0.6053764499185783
43991.48774389431,0.0014238132240321027,0.9454920092578978,0.6606808281503618,0.8318462235694751,infeasible,-50.0,0,0,18,0,,0,0.000514600018505007,,,
1462.2971464168531,0.0014238132240321027,0.9454920092578978,0.6606808281503618,0.8318462235694751,infeasible,-50.0,0,0,18,0,,0,0.0003095999709330499,,,
43991.48774389431,0.006050247989859148,0.9454920092578978,0.6606808281503618,0.8318462235694751,optimal,16.413879285978858,7,3,18,0,0.23713737056616555,237,0.08018330001505092,CAL-EDM:1;CAL-EDM:2;CAL-EDM:3;KAM-KEL:1;KAM-KEL:2;OTT-MON:1;OTT-MON:2,3.3333333333333335,0.6323106320804461
43991.48774389431,0.0014238132240321027,0.9852733125314117,0.6606808281503618,0.8318462235694751,infeasible,-50.0,0,0,18,0,,0,0.00027469999622553587,,,
43991.48774389431,0.0014238132240321027,0.9454920092578978,0.661919173039496,0.8318462235694751,infeasible,-50.0,0,0,18,0,,0,0.00013930001296103,,,
43991.48774389431,0.0014238132240321027,0.9454920092578978,0.6606808281503618,0.8317702550599351,infeasible,-50.0,0,0,18,0,,0,0.0001273000380024314,,,
1462.2971464168531,0.006050247989859148,0.9852733125314117,0.661919173039496,0.8317702550599351,optimal,6.881634375780811,4,2,18,0,0.46415888336127825,261,0.07426820002729073,KAM-KEL:1;KAM-KEL:2;OTT-MON:1;OTT-MON:2,3.0,0.7389119512611346
2657.7359775906552,0.0267367893569754,0.9783886018581689,0.9032129499129951,0.8756670686462894,optimal,10.823920677702791,4,2,18,0,0.46415888336127825,505,0.25628140004118904,KAM-KEL:1;KAM-KEL:2;OTT-MON:1;OTT-MON:2,3.0,0.7767989874248269
16688.633089966377,0.0267367893569754,0.9783886018581689,0.9032129499129951,0.8756670686462894,optimal,18.405500950076032,7,3,18,0,0.23713737056616555,505,0.24706120003247634,CAL-EDM:1;CAL-EDM:2;CAL-EDM:3;KAM-KEL:1;KAM-KEL:2;OTT-MON:1;OTT-MON:2,3.3333333333333335,0.75053534472876
2657.7359775906552,0.06560439788326161,0.9783886018581689,0.9032129499129951,0.8756670686462894,optimal,10.823920677702791,4,2,18,0,0.46415888336127825,505,0.25284929998451844,KAM-KEL:1;KAM-KEL:2;OTT-MON:1;OTT-MON:2,3.0,0.7767989874248269
2657.7359775906552,0.0267367893569754,0.9478421905077994,0.9032129499129951,0.8756670686462894,optimal,10.07150438543119,4,2,18,0,0.46415888336127825,457,0.2065627000411041,KAM-KEL:1;KAM-KEL:2;OTT-MON:1;OTT-MON:2,3.0,0.7132625316675174
2657.7359775906552,0.0267367893569754,0.9783886018581689,0.8335121687501669,0.8756670686462894,optimal,10.360469040683622,4,2,18,0,0.46415888336127825,505,0.24294610001379624,KAM-KEL:1;KAM-KEL:2;OTT-MON:1;OTT-MON:2,3.0,0.7767989874248269
2657.7359775906552,0.0267367893569754,0.9783886018581689,0.9032129499129951,0.8631878172364086,optimal,10.664176403712702,4,2,18,0,0.46415888336127825,505,0.24151740001980215,KAM-KEL:1;KAM-KEL:2;OTT-MON:1;OTT-MON:2,3.0,0.7618910084758603
16688.633089966377,0.06560439788326161,0.9478421905077994,0.8335121687501669,0.8631878172364086,optimal,15.83103584353452,7,3,18,0,0.23713737056616555,368,0.14480619999812916,CAL-EDM:1;CAL-EDM:2;CAL-EDM:3;KAM-KEL:1;KAM-KEL:2;OTT-MON:1;OTT-MON:2,3.3333333333333335,0.6706163461986979
1560.9934694533754,0.0030655802067057706,0.9790444609988481,0.8852937003131955,0.9009909859895706,optimal,9.492376507340676,4,2,18,0,0.46415888336127825,125,0.03344319999450818,KAM-KEL:1;KAM-KEL:2;OTT-MON:1;OTT-MON:2,3.0,0.8092170568610902
128730.89466261816,0.0030655802067057706,0.9790444609988481,0.8852937003131955,0.9009909859895706,optimal,27.641056913136026,7,3,18,0,0.23713737056616555,125,0.0347431999980472,CAL-EDM:1;CAL-EDM:2;CAL-EDM:3;KAM-KEL:1;KAM-KEL:2;OTT-MON:1;OTT-MON:2,3.3333333333333335,0.7860685744227451
1560.9934694533754,0.0038507182712286966,0.9790444609988481,0.8852937003131955,0.9009909859895706,optimal,9.492376507340676,4,2,18,0,0.46415888336127825,149,0.04774730000644922,KAM-KEL:1;KAM-KEL:2;OTT-MON:1;OTT-MON:2,3.0,0.8092170568610902
1560.9934694533754,0.0030655802067057706,0.9948735436908901,0.8852937003131955,0.9009909859895706,optimal,9.820339171547342,4,2,18,0,0.46415888336127825,125,0.04507170000579208,KAM-KEL:1;KAM-KEL:2;OTT-MON:1;OTT-MON:2,3.0,0.8464389725413209
1560.9934694533754,0.0030655802067057706,0.9790444609988481,0.7204175494145602,0.9009909859895706,optimal,8.303085188928847,4,2,18,0,0.46415888336127825,125,0.025019100052304566,KAM-KEL:1;KAM-KEL:2;OTT-MON:1;OTT-MON:2,3.0,0.8092170568610902
1560.9934694533754,0.0030655802067057706,0.9790444609988481,0.8852937003131955,0.7636905221333727,optimal,7.438853954449828,4,2,18,0,0.46415888336127825,125,0.024944000004325062,KAM-KEL:1;KAM-KEL:2;OTT-MON:1;OTT-MON:2,3.0,0.6517670524785713
128730.89466261816,0.0038507182712286966,0.9948735436908901,0.7204175494145602,0.7636905221333727,optimal,22.29807167354292,7,3,18,0,0.23713737056616555,141,0.03769750002538785,CAL-EDM:1;CAL-EDM:2;CAL-EDM:3;KAM-KEL:1;KAM-KEL:2;OTT-MON:1;OTT-MON:2,3.3333333333333335,0.6440097872680094
18287.8151520019,0.016337674838386912,0.9339413415566087,0.6779408955480903,0.8055329108629375,optimal,12.299295305325682,4,2,18,0,0.46415888336127825,311,0.12830000004032627,KAM-KEL:1;KAM-KEL:2;OTT-MON:1;OTT-MON:2,3.0,0.6190630939966649
13876.724091511076,0.016337674838386912,0.9339413415566087,0.6779408955480903,0.8055329108629375,optimal,11.502863908443143,4,2,18,0,0.46415888336127825,311,0.11122269998304546,KAM-KEL:1;KAM-KEL:2;OTT-MON:1;OTT-MON:2,3.0,0.6190630939966649
18287.8151520019,0.03551384752617721,0.9339413415566087,0.6779408955480903,0.8055329108629375,optimal,12.299295305325682,4,2,18,0,0.46415888336127825,311,0.12521709996508434,KAM-KEL:1;KAM-KEL:2;OTT-MON:1;OTT-MON:2,3.0,0.6190630939966649
18287.8151520019,0.016337674838386912,0.9568374177515507,0.6779408955480903,0.8055329108629375,optimal,13.104397740041476,4,2,18,0,0.46415888336127825,311,0.11378170002717525,KAM-KEL:1;KAM-KEL:2;OTT-MON:1;OTT-MON:2,3.0,0.6573827592878904
18287.8151520019,0.016337674838386912,0.9339413415566087,0.775555440178141,0.8055329108629375,optimal,13.075576960898172,4,2,18,0,0.46415888336127825,311,0.10553940001409501,KAM-KEL:1;KAM-KEL:2;OTT-MON:1;OTT-MON:2,3.0,0.6190630939966649
18287.8151520019,0.016337674838386912,0.9339413415566087,0.6779408955480903,0.9385547226183116,optimal,15.475020484833735,7,3,18,0,0.23713737056616555,505,0.23785050003789365,CAL-EDM:1;CAL-EDM:2;CAL-EDM:3;KAM-KEL:1;KAM-KEL:2;OTT-MON:1;OTT-MON:2,3.3333333333333335,0.7269504169222328
13876.724091511076,0.03551384752617721,0.9568374177515507,0.775555440178141,0.9385547226183116,optimal,16.601942301958488,7,3,18,0,0.23713737056616555,601,0.33209160005208105,CAL-EDM:1;CAL-EDM:2;CAL-EDM:3;KAM-KEL:1;KAM-KEL:2;OTT-MON:1;OTT-MON:2,3.3333333333333335,0.7817539167647393
109927.52928016314,0.005303419423005113,0.9648966573365033,0.8140006731264293,0.7414663919731974,optimal,18.2244458825039,4,2,18,0,0.46415888336127825,197,0.059345100016798824,KAM-KEL:1;KAM-KEL:2;OTT-MON:1;OTT-MON:2,3.0,0.6071002992074652
3729.7074628231085,0.005303419423005113,0.9648966573365033,0.8140006731264293,0.7414663919731974,optimal,8.461753004404192,4,2,18,0,0.46415888336127825,197,0.06729699997231364,KAM-KEL:1;KAM-KEL:2;OTT-MON:1;OTT-MON:2,3.0,0.6071002992074652
109927.52928016314,0.0021082124027219564,0.9648966573365033,0.8140006731264293,0.7414663919731974,optimal,18.2244458825039,4,2,18,0,0.46415888336127825,101,0.02953900001011789,KAM-KEL:1;KAM-KEL:2;OTT-MON:1;OTT-MON:2,3.0,0.6071002992074652
109927.52928016314,0.005303419423005113,0.9288271478954703,0.8140006731264293,0.7414663919731974,optimal,16.33957173349195,4,2,18,0,0.46415888336127825,181,0.059611700009554625,KAM-KEL:1;KAM-KEL:2;OTT-MON:1;OTT-MON:2,3.0,0.5557299759547323
109927.52928016314,0.005303419423005113,0.9648966573365033,0.912106299214065,0.7414663919731974,optimal,18.881133810785983,4,2,18,0,0.46415888336127825,197,0.06264309998368844,KAM-KEL:1;KAM-KEL:2;OTT-MON:1;OTT-MON:2,3.0,0.6071002992074652
109927.52928016314,0.005303419423005113,0.9648966573365033,0.8140006731264293,0.9016423292635009,optimal,25.568913812971694,7,3,18,0,0.23713737056616555,229,0.09216290002223104,CAL-EDM:1;CAL-EDM:2;CAL-EDM:3;KAM-KEL:1;KAM-KEL:2;OTT-MON:1;OTT-MON:2,3.3333333333333335,0.7533102913311002
3729.7074628231085,0.0021082124027219564,0.9288271478954703,0.912106299214065,0.9016423292635009,optimal,10.950493415775666,4,2,18,0,0.46415888336127825,101,0.03152590000536293,KAM-KEL:1;KAM-KEL:2;OTT-MON:1;OTT-MON:2,3.0,0.7020887137185765
12746.233539241137,0.08927561783793747,0.9587935287412256,0.5222703470848501,0.9650311993081122,optimal,12.835664467868687,7,3,18,0,0.23713737056616555,705,0.49918159999651834,CAL-EDM:1;CAL-EDM:2;CAL-EDM:3;KAM-KEL:1;KAM-KEL:2;OTT-MON:1;OTT-MON:2,3.3333333333333335,0.8222569737046165
33890.53435659371,0.08927561783793747,0.9587935287412256,0.5222703470848501,0.9650311993081122,optimal,17.068098621946085,7,3,18,0,0.23713737056616555,705,0.4827423000242561,CAL-EDM:1;CAL-EDM:2;CAL-EDM:3;KAM-KEL:1;KAM-KEL:2;OTT-MON:1;OTT-MON:2,3.3333333333333335,0.8222569737046165
12746.233539241137,0.01979617579673791,0.9587935287412256,0.5222703470848501,0.9650311993081122,optimal,12.835664467868687,7,3,18,0,0.23713737056616555,705,0.4452893999987282,CAL-EDM:1;CAL-EDM:2;CAL-EDM:3;KAM-KEL:1;KAM-KEL:2;OTT-MON:1;OTT-MON:2,3.3333333333333335,0.8222569737046165
12746.233539241137,0.08927561783793747,0.9643739993106574,0.5222703470848501,0.9650311993081122,optimal,13.03599487978735,7,3,18,0,0.23713737056616555,713,0.4913105999585241,CAL-EDM:1;CAL-EDM:2;CAL-EDM:3;KAM-KEL:1;KAM-KEL:2;OTT-MON:1;OTT-MON:2,3.3333333333333335,0.8373248089548732
12746.233539241137,0.08927561783793747,0.9587935287412256,0.5208147667348385,0.9650311993081122,optimal,12.807479386488698,7,3,18,0,0.23713737056616555,705,0.48565819999203086,CAL-EDM:1;CAL-EDM:2;CAL-EDM:3;KAM-KEL:1;KAM-KEL:2;OTT-MON:1;OTT-MON:2,3.3333333333333335,0.8222569737046165
12746.233539241137,0.08927561783793747,0.9587935287412256,0.5222703470848501,0.7983343197777867,optimal,10.484595417003408,4,2,18,0,0.46415888336127825,311,0.10032630001660436,KAM-KEL:1;KAM-KEL:2;OTT-MON:1;OTT-MON:2,3.0,0.6534654065975107
33890.53435659371,0.01979617579673791,0.9643739993106574,0.5208147667348385,0.7983343197777867,optimal,13.465273893962149,4,2,18,0,0.46415888336127825,311,0.10856889997376129,KAM-KEL:1;KAM-KEL:2;OTT-MON:1;OTT-MON:2,3.0,0.6630703196075993
11399.6780628201,0.004518978444120187,0.989437494335696,0.9339513137470931,0.8369784668115898,optimal,16.581511274126665,7,3,18,0,0.23713737056616555,197,0.06762819999130443,CAL-EDM:1;CAL-EDM:2;CAL-EDM:3;KAM-KEL:1;KAM-KEL:2;OTT-MON:1;OTT-MON:2,3.3333333333333335,0.7241732058938316
11765.12052518063,0.004518978444120187,0.989437494335696,0.9339513137470931,0.8369784668115898,optimal,16.71808032828086,7,3,18,0,0.23713737056616555,197,0.07164899999042973,CAL-EDM:1;CAL-EDM:2;CAL-EDM:3;KAM-KEL:1;KAM-KEL:2;OTT-MON:1;OTT-MON:2,3.3333333333333335,0.7241732058938316
11399.6780628201,0.05126501779412959,0.989437494335696,0.9339513137470931,0.8369784668115898,optimal,16.581511274126665,7,3,18,0,0.23713737056616555,457,0.20887700002640486,CAL-EDM:1;CAL-EDM:2;CAL-EDM:3;KAM-KEL:1;KAM-KEL:2;OTT-MON:1;OTT-MON:2,3.3333333333333335,0.7241732058938316
11399.6780628201,0.004518978444120187,0.9265228312127293,0.9339513137470931,0.8369784668115898,optimal,13.159838828878183,4,2,18,0,0.46415888336127825,173,0.051038999983575195,KAM-KEL:1;KAM-KEL:2;OTT-MON:1;OTT-MON:2,3.0,0.6356145533912576
11399.6780628201,0.004518978444120187,0.989437494335696,0.5644076394848525,0.8369784668115898,optimal,12.05849178889398,4,2,18,0,0.46415888336127825,197,0.06188960000872612,KAM-KEL:1;KAM-KEL:2;OTT-MON:1;OTT-MON:2,3.0,0.7535127220632046
11399.6780628201,0.004518978444120187,0.989437494335696,0.9339513137470931,0.9141250003762543,optimal,18.332865189033228,7,3,18,0,0.23713737056616555,197,0.07424250000622123,CAL-EDM:1;CAL-EDM:2;CAL-EDM:3;KAM-KEL:1;KAM-KEL:2;OTT-MON:1;OTT-MON:2,3.3333333333333335,0.8308407933566176
11765.12052518063,0.05126501779412959,0.9265228312127293,0.5644076394848525,0.9141250003762543,optimal,11.605882738605334,4,2,18,0,0.46415888336127825,457,0.19388819998130202,KAM-KEL:1;KAM-KEL:2;OTT-MON:1;OTT-MON:2,3.0,0.7099768973950207
133520.93428250548,0.08481090442307442,0.9248528253845871,0.6280203002970666,0.8693787145810201,optimal,20.769247192798414,7,3,18,0,0.23713737056616555,368,0.14544520003255457,CAL-EDM:1;CAL-EDM:2;CAL-EDM:3;KAM-KEL:1;KAM-KEL:2;OTT-MON:1;OTT-MON:2,3.3333333333333335,0.6330017396629805
109105.68546997209,0.08481090442307442,0.9248528253845871,0.6280203002970666,0.8693787145810201,optimal,19.895228174751278,7,3,18,0,0.23713737056616555,368,0.1429688999778591,CAL-EDM:1;CAL-EDM:2;CAL-EDM:3;KAM-KEL:1;KAM-KEL:2;OTT-MON:1;OTT-MON:2,3.3333333333333335,0.6330017396629805
133520.93428250548,0.004727741960789923,0.9248528253845871,0.6280203002970666,0.8693787145810201,optimal,20.769247192798414,7,3,18,0,0.23713737056616555,189,0.058847300009801984,CAL-EDM:1;CAL-EDM:2;CAL-EDM:3;KAM-KEL:1;KAM-KEL:2;OTT-MON:1;OTT-MON:2,3.3333333333333335,0.6330017396629805
133520.93428250548,0.08481090442307442,0.9663736190497876,0.6280203002970666,0.8693787145810201,optimal,23.066379962593977,7,3,18,0,0.23713737056616555,457,0.22381759999552742,CAL-EDM:1;CAL-EDM:2;CAL-EDM:3;KAM-KEL:1;KAM-KEL:2;OTT-MON:1;OTT-MON:2,3.3333333333333335,0.7160588807777662
133520.93428250548,0.08481090442307442,0.9248528253845871,0.8463028063066304,0.8693787145810201,optimal,23.781786489272697,7,3,18,0,0.23713737056616555,368,0.1425714999786578,CAL-EDM:1;CAL-EDM:2;CAL-EDM:3;KAM-KEL:1;KAM-KEL:2;OTT-MON:1;OTT-MON:2,3.3333333333333335,0.6330017396629805
133520.93428250548,0.08481090442307442,0.9248528253845871,0.6280203002970666,0.8021120925908908,optimal,17.134769940059414,4,2,18,0,0.46415888336127825,311,0.09460870001930743,KAM-KEL:1;KAM-KEL:2;OTT-MON:1;OTT-MON:2,3.0,0.6015400516523505
109105.68546997209,0.004727741960789923,0.9663736190497876,0.8463028063066304,0.8021120925908908,optimal,23.020325637014185,7,3,18,0,0.23713737056616555,173,0.05404879996785894,CAL-EDM:1;CAL-EDM:2;CAL-EDM:3;KAM-KEL:1;KAM-KEL:2;OTT-MON:1;OTT-MON:2,3.3333333333333335,0.6377222364215359
15053.964941190128,0.002419864186870799,0.9740709406733513,0.7800372735597193,0.9331607165439054,optimal,15.55512891883712,4,2,18,0,0.46415888336127825,101,0.027881300018634647,KAM-KEL:1;KAM-KEL:2;OTT-MON:1;OTT-MON:2,3.0,0.8376702742041692
28704.431967240667,0.002419864186870799,0.9740709406733513,0.7800372735597193,0.9331607165439054,optimal,17.417388898104846,4,2,18,0,0.46415888336127825,101,0.02860959997633472,KAM-KEL:1;KAM-KEL:2;OTT-MON:1;OTT-MON:2,3.0,0.8376702742041692
15053.964941190128,0.028066823601068963,0.9740709406733513,0.7800372735597193,0.9331607165439054,optimal,17.549162480924505,7,3,18,0,0.23713737056616555,673,0.46256900002481416,CAL-EDM:1;CAL-EDM:2;CAL-EDM:3;KAM-KEL:1;KAM-KEL:2;OTT-MON:1;OTT-MON:2,3.3333333333333335,0.8182574506566408
15053.964941190128,0.002419864186870799,0.9968350869361311,0.7800372735597193,0.9331607165439054,optimal,16.006570919742728,4,2,18,0,0.46415888336127825,101,0.021783299976959825,KAM-KEL:1;KAM-KEL:2;OTT-MON:1;OTT-MON:2,3.0,0.8948586190224253
15053.964941190128,0.002419864186870799,0.9740709406733513,0.8158706518355756,0.9331607165439054,optimal,15.814318445071404,4,2,18,0,0.46415888336127825,101,0.019860000000335276,KAM-KEL:1;KAM-KEL:2;OTT-MON:1;OTT-MON:2,3.0,0.8376702742041692
15053.964941190128,0.002419864186870799,0.9740709406733513,0.7800372735597193,0.7672043063938617,optimal,13.160057153019999,4,2,18,0,0.46415888336127825,101,0.020584599988069385,KAM-KEL:1;KAM-KEL:2;OTT-MON:1;OTT-MON:2,3.0,0.6472307786298053
28704.431967240667,0.028066823601068963,0.9968350869361311,0.8158706518355756,0.7672043063938617,optimal,17.322491102230757,7,3,18,0,0.23713737056616555,368,0.13800959999207407,CAL-EDM:1;CAL-EDM:2;CAL-EDM:3;KAM-KEL:1;KAM-KEL:2;OTT-MON:1;OTT-MON:2,3.3333333333333335,0.6515921760627887
1745.6549264898745,0.014378342163506695,0.948486262569204,0.5584854979999363,0.7732227704199031,optimal,4.231599819925439,4,2,18,0,0.46415888336127825,311,0.09740309999324381,KAM-KEL:1;KAM-KEL:2;OTT-MON:1;OTT-MON:2,3.0,0.6122099283550877
3159.958397564206,0.014378342163506695,0.948486262569204,0.5584854979999363,0.7732227704199031,optimal,5.943874146494864,4,2,18,0,0.46415888336127825,311,0.09155339997960255,KAM-KEL:1;KAM-KEL:2;OTT-MON:1;OTT-MON:2,3.0,0.6122099283550877
1745.6549264898745,0.0026353470393458756,0.948486262569204,0.5584854979999363,0.7732227704199031,optimal,4.231599819925439,4,2,18,0,0.46415888336127825,101,0.015181800001300871,KAM-KEL:1;KAM-KEL:2;OTT-MON:1;OTT-MON:2,3.0,0.6122099283550877
1745.6549264898745,0.014378342163506695,0.9545711964499206,0.5584854979999363,0.7732227704199031,optimal,4.467254088109536,4,2,18,0,0.46415888336127825,311,0.11772039998322725,KAM-KEL:1;KAM-KEL:2;OTT-MON:1;OTT-MON:2,3.0,0.621758919855151
1745.6549264898745,0.014378342163506695,0.948486262569204,0.6443051454145461,0.7732227704199031,optimal,5.056497007616212,4,2,18,0,0.46415888336127825,311,0.09379060001811013,KAM-KEL:1;KAM-KEL:2;OTT-MON:1;OTT-MON:2,3.0,0.6122099283550877
1745.6549264898745,0.014378342163506695,0.948486262569204,0.5584854979999363,0.9513011085791513,optimal,7.05234657932634,4,2,18,0,0.46415888336127825,569,0.2872860999777913,KAM-KEL:1;KAM-KEL:2;OTT-MON:1;OTT-MON:2,3.0,0.7982606619973213
3159.958397564206,0.0026353470393458756,0.9545711964499206,0.6443051454145461,0.9513011085791513,optimal,9.726063228445867,4,2,18,0,0.46415888336127825,101,0.02671639999607578,KAM-KEL:1;KAM-KEL:2;OTT-MON:1;OTT-MON:2,3.0,0.8127145352663585
1952.6974543261879,0.001677562330010951,0.9306895011179149,0.5546553592663258,0.7122311826534569,infeasible,-50.0,0,0,18,0,,0,0.0004472000291571021,,,
6557.818604346179,0.001677562330010951,0.9306895011179149,0.5546553592663258,0.7122311826534569,infeasible,-50.0,0,0,18,0,,0,0.0003092999686487019,,,
1952.6974543261879,0.015326165489574998,0.9306895011179149,0.5546553592663258,0.7122311826534569,optimal,1.1058793521490171,4,2,18,0,0.46415888336127825,231,0.058627599966712296,KAM-KEL:1;KAM-KEL:2;OTT-MON:1;OTT-MON:2,3.0,0.5344242341823531
1952.6974543261879,0.001677562330010951,0.9881486927922816,0.5546553592663258,0.7122311826534569,infeasible,-50.0,0,0,18,0,,0,0.00042370002483949065,,,
1952.6974543261879,0.001677562330010951,0.9306895011179149,0.7580168924294413,0.7122311826534569,infeasible,-50.0,0,0,18,0,,0,0.00031640002271160483,,,
1952.6974543261879,0.001677562330010951,0.9306895011179149,0.5546553592663258,0.8361085057873279,infeasible,-50.0,0,0,18,0,,0,0.00031260005198419094,,,
6557.818604346179,0.015326165489574998,0.9881486927922816,0.7580168924294413,0.8361085057873279,optimal,12.12298805687691,4,2,18,0,0.46415888336127825,449,0.18883180001284927,KAM-KEL:1;KAM-KEL:2;OTT-MON:1;OTT-MON:2,3.0,0.7498438135312928
46707.29980907992,0.028286989963574226,0.9831057060640306,0.7832082367967814,0.9954225194510072,optimal,23.886903114426396,7,3,18,0,0.23713737056616555,809,0.6646467999671586,CAL-EDM:1;CAL-EDM:2;CAL-EDM:3;KAM-KEL:1;KAM-KEL:2;OTT-MON:1;OTT-MON:2,3.3333333333333335,0.9378058042683648
73285.20815046786,0.028286989963574226,0.9831057060640306,0.7832082367967814,0.9954225194510072,optimal,25.836525086968834,7,3,18,0,0.23713737056616555,809,0.6982795000076294,CAL-EDM:1;CAL-EDM:2;CAL-EDM:3;KAM-KEL:1;KAM-KEL:2;OTT-MON:1;OTT-MON:2,3.3333333333333335,0.9378058042683648
46707.29980907992,0.0016322033385293138,0.9831057060640306,0.7832082367967814,0.9954225194510072,infeasible,-50.0,0,0,18,0,,0,0.0004572999896481633,,,
46707.29980907992,0.028286989963574226,0.9452715071905404,0.7832082367967814,0.9954225194510072,optimal,22.612515563457407,7,3,18,0,0.23713737056616555,713,0.4836304999771528,CAL-EDM:1;CAL-EDM:2;CAL-EDM:3;KAM-KEL:1;KAM-KEL:2;OTT-MON:1;OTT-MON:2,3.3333333333333335,0.8268080864090604
46707.29980907992,0.028286989963574226,0.9831057060640306,0.7029064373113214,0.9954225194510072,optimal,22.7944602237842,7,3,18,0,0.23713737056616555,809,0.6246054999646731,CAL-EDM:1;CAL-EDM:2;CAL-EDM:3;KAM-KEL:1;KAM-KEL:2;OTT-MON:1;OTT-MON:2,3.3333333333333335,0.9378058042683648
46707.29980907992,0.028286989963574226,0.9831057060640306,0.7832082367967814,0.876230967332609,optimal,21.621584737700278,7,3,18,0,0.23713737056616555,505,1.6704484000219963,CAL-EDM:1;CAL-EDM:2;CAL-EDM:3;KAM-KEL:1;KAM-KEL:2;OTT-MON:1;OTT-MON:2,3.3333333333333335,0.7620665562529568
73285.20815046786,0.0016322033385293138,0.9452715071905404,0.7029064373113214,0.876230967332609,infeasible,-50.0,0,0,18,0,,0,0.0008252999978139997,,,
85197.31072141767,0.00968603759031155,0.954589525917545,0.7083427486009896,0.9159322692416608,optimal,22.95974060118661,7,3,18,0,0.23713737056616555,417,0.18668360001174733,CAL-EDM:1;CAL-EDM:2;CAL-EDM:3;KAM-KEL:1;KAM-KEL:2;OTT-MON:1;OTT-MON:2,3.3333333333333335,0.7474273384005223
19670.72674720167,0.00968603759031155,0.954589525917545,0.7083427486009896,0.9159322692416608,optimal,16.615467704570786,7,3,18,0,0.23713737056616555,417,0.1856815000064671,CAL-EDM:1;CAL-EDM:2;CAL-EDM:3;KAM-KEL:1;KAM-KEL:2;OTT-MON:1;OTT-MON:2,3.3333333333333335,0.7474273384005223
85197.31072141767,0.08090922239853382,0.954589525917545,0.7083427486009896,0.9159322692416608,optimal,22.95974060118661,7,3,18,0,0.23713737056616555,505,0.248423199984245,CAL-EDM:1;CAL-EDM:2;CAL-EDM:3;KAM-KEL:1;KAM-KEL:2;OTT-MON:1;OTT-MON:2,3.3333333333333335,0.7474273384005223
85197.31072141767,0.00968603759031155,0.9367380178198219,0.7083427486009896,0.9159322692416608,optimal,22.15811016267917,7,3,18,0,0.23713737056616555,393,0.16436230001272634,CAL-EDM:1;CAL-EDM:2;CAL-EDM:3;KAM-KEL:1;KAM-KEL:2;OTT-MON:1;OTT-MON:2,3.3333333333333335,0.7070584393886055
85197.31072141767,0.00968603759031155,0.954589525917545,0.510310715297237,0.9159322692416608,optimal,19.64823886476281,7,3,18,0,0.23713737056616555,417,0.17275799997150898,CAL-EDM:1;CAL-EDM:2;CAL-EDM:3;KAM-KEL:1;KAM-KEL:2;OTT-MON:1;OTT-MON:2,3.3333333333333335,0.7474273384005223
85197.31072141767,0.00968603759031155,0.954589525917545,0.7083427486009896,0.9851308335792273,optimal,24.35253015901847,7,3,18,0,0.23713737056616555,513,0.3046432000119239,CAL-EDM:1;CAL-EDM:2;CAL-EDM:3;KAM-KEL:1;KAM-KEL:2;OTT-MON:1;OTT-MON:2,3.3333333333333335,0.838505183668477
19670.72674720167,0.08090922239853382,0.9367380178198219,0.510310715297237,0.9851308335792273,optimal,14.026155298828645,7,3,18,0,0.23713737056616555,633,0.39135020005051047,CAL-EDM:1;CAL-EDM:2;CAL-EDM:3;KAM-KEL:1;KAM-KEL:2;OTT-MON:1;OTT-MON:2,3.3333333333333335,0.7905303322136296
5147.609037332562,0.05159174518326647,0.968005758613348,0.8525302284397185,0.791677738500759,optimal,10.860161052032371,4,2,18,0,0.46415888336127825,311,0.09591919998638332,KAM-KEL:1;KAM-KEL:2;OTT-MON:1;OTT-MON:2,3.0,0.6624374770243746
1724.170078662,0.05159174518326647,0.968005758613348,0.8525302284397185,0.791677738500759,optimal,7.704160271648464,4,2,18,0,0.46415888336127825,311,0.09239400003571063,KAM-KEL:1;KAM-KEL:2;OTT-MON:1;OTT-MON:2,3.0,0.6624374770243746
5147.609037332562,0.008773032458199643,0.968005758613348,0.8525302284397185,0.791677738500759,optimal,10.860161052032371,4,2,18,0,0.46415888336127825,278,0.08784340001875535,KAM-KEL:1;KAM-KEL:2;OTT-MON:1;OTT-MON:2,3.0,0.6624374770243746
5147.609037332562,0.05159174518326647,0.9771913920082151,0.8525302284397185,0.791677738500759,optimal,11.131756890850298,4,2,18,0,0.46415888336127825,368,0.1536989999585785,KAM-KEL:1;KAM-KEL:2;OTT-MON:1;OTT-MON:2,3.0,0.6784701063779924
5147.609037332562,0.05159174518326647,0.968005758613348,0.9016297370661049,0.791677738500759,optimal,11.183297489381749,4,2,18,0,0.46415888336127825,311,0.11464390001492575,KAM-KEL:1;KAM-KEL:2;OTT-MON:1;OTT-MON:2,3.0,0.6624374770243746
5147.609037332562,0.05159174518326647,0.968005758613348,0.8525302284397185,0.7294244102770462,optimal,9.463966739123148,4,2,18,0,0.46415888336127825,231,0.08061199996154755,KAM-KEL:1;KAM-KEL:2;OTT-MON:1;OTT-MON:2,3.0,0.6001239676982368
1724.170078662,0.008773032458199643,0.9771913920082151,0.9016297370661049,0.7294244102770462,optimal,6.998862271757694,4,2,18,0,0.46415888336127825,278,0.08330370002659038,KAM-KEL:1;KAM-KEL:2;OTT-MON:1;OTT-MON:2,3.0,0.613734291964652
6762.8560798981425,0.002329593621157161,0.9499081501606852,0.826635998627171,0.8817392143094912,optimal,12.395485047346668,4,2,18,0,0.46415888336127825,101,0.023878699983470142,KAM-KEL:1;KAM-KEL:2;OTT-MON:1;OTT-MON:2,3.0,0.72389370235419
2576.828550862619,0.002329593621157161,0.9499081501606852,0.826635998627171,0.8817392143094912,optimal,9.611412844576872,4,2,18,0,0.46415888336127825,101,0.02817700000014156,KAM-KEL:1;KAM-KEL:2;OTT-MON:1;OTT-MON:2,3.0,0.72389370235419
6762.8560798981425,0.01011452309582941,0.9499081501606852,0.826635998627171,0.8817392143094912,optimal,12.48854783351398,7,3,18,0,0.23713737056616555,393,0.16123440000228584,CAL-EDM:1;CAL-EDM:2;CAL-EDM:3;KAM-KEL:1;KAM-KEL:2;OTT-MON:1;OTT-MON:2,3.3333333333333335,0.695910060693882
6762.8560798981425,0.002329593621157161,0.9820135037917643,0.826635998627171,0.8817392143094912,optimal,13.163221495735538,4,2,18,0,0.46415888336127825,101,0.02934449998429045,KAM-KEL:1;KAM-KEL:2;OTT-MON:1;OTT-MON:2,3.0,0.7921445089371275
6762.8560798981425,0.002329593621157161,0.9499081501606852,0.7273911361116916,0.8817392143094912,optimal,11.65740166078602,4,2,18,0,0.46415888336127825,101,0.027625199989415705,KAM-KEL:1;KAM-KEL:2;OTT-MON:1;OTT-MON:2,3.0,0.72389370235419
6762.8560798981425,0.002329593621157161,0.9499081501606852,0.826635998627171,0.9258716551531107,optimal,12.962572260914094,4,2,18,0,0.46415888336127825,101,0.03218039998319,KAM-KEL:1;KAM-KEL:2;OTT-MON:1;OTT-MON:2,3.0,0.7725191393463153
2576.828550862619,0.01011452309582941,0.9820135037917643,0.7273911361116916,0.9258716551531107,optimal,10.143993808128215,4,2,18,0,0.46415888336127825,489,0.2576835000072606,KAM-KEL:1;KAM-KEL:2;OTT-MON:1;OTT-MON:2,3.0,0.8477730465796176
59848.567018852664,0.01198164597725857,0.9633038242608309,0.5138093946035951,0.8247493409803137,optimal,16.062358092886736,7,3,18,0,0.23713737056616555,352,0.13527989998692647,CAL-EDM:1;CAL-EDM:2;CAL-EDM:3;KAM-KEL:1;KAM-KEL:2;OTT-MON:1;OTT-MON:2,3.3333333333333335,0.6573378830518132
45183.11519423934,0.01198164597725857,0.9633038242608309,0.5138093946035951,0.8247493409803137,optimal,14.845759205986335,7,3,18,0,0.23713737056616555,352,0.12794480001321062,CAL-EDM:1;CAL-EDM:2;CAL-EDM:3;KAM-KEL:1;KAM-KEL:2;OTT-MON:1;OTT-MON:2,3.3333333333333335,0.6573378830518132
59848.567018852664,0.0012439429602377878,0.9633038242608309,0.5138093946035951,0.8247493409803137,infeasible,-50.0,0,0,18,0,,0,0.0003714999766089022,,,
59848.567018852664,0.01198164597725857,0.941580212822184,0.5138093946035951,0.8247493409803137,optimal,14.786737866812427,4,2,18,0,0.46415888336127825,311,0.11224980000406504,KAM-KEL:1;KAM-KEL:2;OTT-MON:1;OTT-MON:2,3.0,0.6499899729251915
59848.567018852664,0.01198164597725857,0.9633038242608309,0.6704680810216814,0.8247493409803137,optimal,18.749905769267325,7,3,18,0,0.23713737056616555,352,0.14024480001535267,CAL-EDM:1;CAL-EDM:2;CAL-EDM:3;KAM-KEL:1;KAM-KEL:2;OTT-MON:1;OTT-MON:2,3.3333333333333335,0.6573378830518132
59848.567018852664,0.01198164597725857,0.9633038242608309,0.5138093946035951,0.7511642959164455,optimal,13.996550058546845,4,2,18,0,0.46415888336127825,311,0.0968085000058636,KAM-KEL:1;KAM-KEL:2;OTT-MON:1;OTT-MON:2,3.0,0.6140583567793045
45183.11519423934,0.0012439429602377878,0.941580212822184,0.6704680810216814,0.7511642959164455,infeasible,-50.0,0,0,18,0,,0,0.0007541000377386808,,,
34287.08120684285,0.00406659275193519,0.9348486457727849,0.8660648680292069,0.7632402263293042,optimal,14.472743048169754,4,2,18,0,0.46415888336127825,149,0.04480049997800961,KAM-KEL:1;KAM-KEL:2;OTT-MON:1;OTT-MON:2,3.0,0.5826471297424767
171520.957499893,0.00406659275193519,0.9348486457727849,0.8660648680292069,0.7632402263293042,optimal,19.118038775926088,4,2,18,0,0.46415888336127825,149,0.040550699981395155,KAM-KEL:1;KAM-KEL:2;OTT-MON:1;OTT-MON:2,3.0,0.5826471297424767
34287.08120684285,0.059515229169131,0.9348486457727849,0.8660648680292069,0.7632402263293042,optimal,14.472743048169754,4,2,18,0,0.46415888336127825,231,0.07033129996852949,KAM-KEL:1;KAM-KEL:2;OTT-MON:1;OTT-MON:2,3.0,0.5826471297424767
34287.08120684285,0.00406659275193519,0.9306041794009507,0.8660648680292069,0.7632402263293042,optimal,14.249750856433938,4,2,18,0,0.46415888336127825,149,0.040359800041187555,KAM-KEL:1;KAM-KEL:2;OTT-MON:1;OTT-MON:2,3.0,0.5765004705130532
34287.08120684285,0.00406659275193519,0.9348486457727849,0.5391785350628198,0.7632402263293042,optimal,11.737894955596486,4,2,18,0,0.46415888336127825,149,0.030443700030446053,KAM-KEL:1;KAM-KEL:2;OTT-MON:1;OTT-MON:2,3.0,0.5826471297424767
34287.08120684285,0.00406659275193519,0.9348486457727849,0.8660648680292069,0.7880250874143093,optimal,15.152494822591647,4,2,18,0,0.46415888336127825,157,0.03570410003885627,KAM-KEL:1;KAM-KEL:2;OTT-MON:1;OTT-MON:2,3.0,0.6046021502984271
171520.957499893,0.059515229169131,0.9306041794009507,0.5391785350628198,0.7880250874143093,optimal,16.87629079637447,4,2,18,0,0.46415888336127825,231,0.059486999991349876,KAM-KEL:1;KAM-KEL:2;OTT-MON:1;OTT-MON:2,3.0,0.5980498058318069
2882.2843932847436,0.06606393478455297,0.9872443479131907,0.6938742610625923,0.9432921601748094,optimal,10.479985865837257,4,2,18,0,0.46415888336127825,753,0.5267421999596991,KAM-KEL:1;KAM-KEL:2;OTT-MON:1;OTT-MON:2,3.0,0.8838759556557447
9581.519609192528,0.06606393478455297,0.9872443479131907,0.6938742610625923,0.9432921601748094,optimal,15.055185538569992,7,3,18,0,0.23713737056616555,753,0.538776199973654,CAL-EDM:1;CAL-EDM:2;CAL-EDM:3;KAM-KEL:1;KAM-KEL:2;OTT-MON:1;OTT-MON:2,3.3333333333333335,0.8685042703340464
2882.2843932847436,0.007452397844722709,0.9872443479131907,0.6938742610625923,0.9432921601748094,optimal,10.479985865837257,4,2,18,0,0.46415888336127825,367,0.15067200001794845,KAM-KEL:1;KAM-KEL:2;OTT-MON:1;OTT-MON:2,3.0,0.8838759556557447
2882.2843932847436,0.06606393478455297,0.97349937004596,0.6938742610625923,0.9432921601748094,optimal,10.20581601543813,4,2,18,0,0.46415888336127825,705,0.4910734999575652,KAM-KEL:1;KAM-KEL:2;OTT-MON:1;OTT-MON:2,3.0,0.8490794123454855
2882.2843932847436,0.06606393478455297,0.9872443479131907,0.9358260030858219,0.9432921601748094,optimal,12.877022621182409,7,3,18,0,0.23713737056616555,753,0.5350328999920748,CAL-EDM:1;CAL-EDM:2;CAL-EDM:3;KAM-KEL:1;KAM-KEL:2;OTT-MON:1;OTT-MON:2,3.3333333333333335,0.8685042703340464
2882.2843932847436,0.06606393478455297,0.9872443479131907,0.6938742610625923,0.8912091173017398,optimal,9.916824546990227,4,2,18,0,0.46415888336127825,601,0.33715249999659136,KAM-KEL:1;KAM-KEL:2;OTT-MON:1;OTT-MON:2,3.0,0.8158105877684789
9581.519609192528,0.007452397844722709,0.97349937004596,0.9358260030858219,0.8912091173017398,optimal,16.526830465974268,7,3,18,0,0.23713737056616555,359,0.13105059997178614,CAL-EDM:1;CAL-EDM:2;CAL-EDM:3;KAM-KEL:1;KAM-KEL:2;OTT-MON:1;OTT-MON:2,3.3333333333333335,0.759745370046175
1219.9418386187035,0.00563332560713388,0.9696165742129088,0.640794469928369,0.9718379422668367,optimal,7.477844407975028,4,2,18,0,0.46415888336127825,262,0.08725720003712922,KAM-KEL:1;KAM-KEL:2;OTT-MON:1;OTT-MON:2,3.0,0.8757035902809467
1009.8824664426687,0.00563332560713388,0.9696165742129088,0.640794469928369,0.9718379422668367,optimal,6.932594465618431,4,2,18,0,0.46415888336127825,262,0.0897343999822624,KAM-KEL:1;KAM-KEL:2;OTT-MON:1;OTT-MON:2,3.0,0.8757035902809467
1219.9418386187035,0.040511662654136166,0.9696165742129088,0.640794469928369,0.9718379422668367,optimal,7.477844407975028,4,2,18,0,0.46415888336127825,769,0.5672207999741659,KAM-KEL:1;KAM-KEL:2;OTT-MON:1;OTT-MON:2,3.0,0.8757035902809467
1219.9418386187035,0.00563332560713388,0.920393309250474,0.640794469928369,0.9718379422668367,optimal,6.369677099926758,4,2,18,0,0.46415888336127825,262,0.08177769999019802,KAM-KEL:1;KAM-KEL:2;OTT-MON:1;OTT-MON:2,3.0,0.7558877792835855
1219.9418386187035,0.00563332560713388,0.9696165742129088,0.5970116414595396,0.9718379422668367,optimal,7.06943387343,4,2,18,0,0.46415888336127825,262,0.1003774999990128,KAM-KEL:1;KAM-KEL:2;OTT-MON:1;OTT-MON:2,3.0,0.8757035902809467
1219.9418386187035,0.00563332560713388,0.9696165742129088,0.640794469928369,0.7177196726538241,optimal,3.3948943969215053,4,2,18,0,0.46415888336127825,181,0.04369510000105947,KAM-KEL:1;KAM-KEL:2;OTT-MON:1;OTT-MON:2,3.0,0.5912641331690776
1009.8824664426687,0.040511662654136166,0.920393309250474,0.5970116414595396,0.7177196726538241,optimal,-0.0,0,0,18,0,,231,0.05935310001950711,,,
19880.28232691413,0.03465439808980241,0.9440143501702697,0.9184854769613593,0.7356668602973222,optimal,12.826076763257047,4,2,18,0,0.46415888336127825,231,0.05956750002223998,KAM-KEL:1;KAM-KEL:2;OTT-MON:1;OTT-MON:2,3.0,0.5716216014948242
22229.633384641515,0.03465439808980241,0.9440143501702697,0.9184854769613593,0.7356668602973222,optimal,13.14836858343958,4,2,18,0,0.46415888336127825,231,0.07495490001747385,KAM-KEL:1;KAM-KEL:2;OTT-MON:1;OTT-MON:2,3.0,0.5716216014948242
19880.28232691413,0.0032353928773252542,0.9440143501702697,0.9184854769613593,0.7356668602973222,optimal,12.826076763257047,4,2,18,0,0.46415888336127825,117,0.026553100033197552,KAM-KEL:1;KAM-KEL:2;OTT-MON:1;OTT-MON:2,3.0,0.5716216014948242
19880.28232691413,0.03465439808980241,0.9626772806309164,0.9184854769613593,0.7356668602973222,optimal,13.7388490151072,4,2,18,0,0.46415888336127825,231,0.06355710001662374,KAM-KEL:1;KAM-KEL:2;OTT-MON:1;OTT-MON:2,3.0,0.5982720331661739
19880.28232691413,0.03465439808980241,0.9440143501702697,0.8772040581796319,0.7356668602973222,optimal,12.560699069701544,4,2,18,0,0.46415888336127825,231,0.06854700000258163,KAM-KEL:1;KAM-KEL:2;OTT-MON:1;OTT-MON:2,3.0,0.5716216014948242
19880.28232691413,0.03465439808980241,0.9440143501702697,0.9184854769613593,0.9643174749230966,optimal,19.88563855057401,7,3,18,0,0.23713737056616555,601,0.34043859998928383,CAL-EDM:1;CAL-EDM:2;CAL-EDM:3;KAM-KEL:1;KAM-KEL:2;OTT-MON:1;OTT-MON:2,3.3333333333333335,0.7827825837906622
22229.633384641515,0.0032353928773252542,0.9626772806309164,0.8772040581796319,0.9643174749230966,optimal,20.606532207350938,7,3,18,0,0.23713737056616555,125,0.028937999974004924,CAL-EDM:1;CAL-EDM:2;CAL-EDM:3;KAM-KEL:1;KAM-KEL:2;OTT-MON:1;OTT-MON:2,3.3333333333333335,0.8317168341975679
196066.81326830393,0.0010531796110432089,0.9932143104802817,0.601139063667506,0.8173599807787686,infeasible,-50.0,0,0,18,0,,0,0.000311699986923486,,,
82710.76536458019,0.0010531796110432089,0.9932143104802817,0.601139063667506,0.8173599807787686,infeasible,-50.0,0,0,18,0,,0,0.000195500033441931,,,
196066.81326830393,0.0229790527576131,0.9932143104802817,0.601139063667506,0.8173599807787686,optimal,24.066037456511015,7,3,18,0,0.23713737056616555,457,0.22259889997076243,CAL-EDM:1;CAL-EDM:2;CAL-EDM:3;KAM-KEL:1;KAM-KEL:2;OTT-MON:1;OTT-MON:2,3.3333333333333335,0.7066947672602163
196066.81326830393,0.0010531796110432089,0.9907062925677746,0.601139063667506,0.8173599807787686,infeasible,-50.0,0,0,18,0,,0,0.00037679995875805616,,,
196066.81326830393,0.0010531796110432089,0.9932143104802817,0.7815087133087217,0.8173599807787686,infeasible,-50.0,0,0,18,0,,0,0.00024060002760961652,,,
196066.81326830393,0.0010531796110432089,0.9932143104802817,0.601139063667506,0.8579486950486899,infeasible,-50.0,0,0,18,0,,0,0.00023010000586509705,,,
82710.76536458019,0.0229790527576131,0.9907062925677746,0.7815087133087217,0.8579486950486899,optimal,23.9417494906112,7,3,18,0,0.23713737056616555,505,0.24087580002378672,CAL-EDM:1;CAL-EDM:2;CAL-EDM:3;KAM-KEL:1;KAM-KEL:2;OTT-MON:1;OTT-MON:2,3.3333333333333335,0.7547226891701441
8411.731435704805,0.02051002141124034,0.9286120769940317,0.738207699265331,0.8901186530664563,optimal,11.901345644000248,4,2,18,0,0.46415888336127825,368,0.13854819996049628,KAM-KEL:1;KAM-KEL:2;OTT-MON:1;OTT-MON:2,3.0,0.690187829087617
3836.1250742089137,0.02051002141124034,0.9286120769940317,0.738207699265331,0.8901186530664563,optimal,9.635839583646636,4,2,18,0,0.46415888336127825,368,0.1565347999567166,KAM-KEL:1;KAM-KEL:2;OTT-MON:1;OTT-MON:2,3.0,0.690187829087617
8411.731435704805,0.0018684990594026178,0.9286120769940317,0.738207699265331,0.8901186530664563,infeasible,-50.0,0,0,18,0,,0,0.0004726999904960394,,,
8411.731435704805,0.02051002141124034,0.9508735074494035,0.738207699265331,0.8901186530664563,optimal,12.56160428221204,7,3,18,0,0.23713737056616555,457,0.20482719998108223,CAL-EDM:1;CAL-EDM:2;CAL-EDM:3;KAM-KEL:1;KAM-KEL:2;OTT-MON:1;OTT-MON:2,3.3333333333333335,0.7077577404886783
8411.731435704805,0.02051002141124034,0.9286120769940317,0.6151618032716215,0.8901186530664563,optimal,10.849102210086013,4,2,18,0,0.46415888336127825,368,0.13104180002119392,KAM-KEL:1;KAM-KEL:2;OTT-MON:1;OTT-MON:2,3.0,0.690187829087617
8411.731435704805,0.02051002141124034,0.9286120769940317,0.738207699265331,0.8263742916239425,optimal,10.790141720751791,4,2,18,0,0.46415888336127825,311,0.1253916000132449,KAM-KEL:1;KAM-KEL:2;OTT-MON:1;OTT-MON:2,3.0,0.6293986856530914
3836.1250742089137,0.0018684990594026178,0.9508735074494035,0.6151618032716215,0.8263742916239425,infeasible,-50.0,0,0,18,0,,0,0.0004634999786503613,,,
7643.8172016990275,0.006976666038186483,0.9457722564022988,0.8591022658161819,0.7270941925579681,optimal,9.47107368646194,4,2,18,0,0.46415888336127825,222,0.08103699999628589,KAM-KEL:1;KAM-KEL:2;OTT-MON:1;OTT-MON:2,3.0,0.5665629958776165
8911.240316687166,0.006976666038186483,0.9457722564022988,0.8591022658161819,0.7270941925579681,optimal,9.913739628066907,4,2,18,0,0.46415888336127825,222,0.06067060003988445,KAM-KEL:1;KAM-KEL:2;OTT-MON:1;OTT-MON:2,3.0,0.5665629958776165
7643.8172016990275,0.03062704111698214,0.9457722564022988,0.8591022658161819,0.7270941925579681,optimal,9.47107368646194,4,2,18,0,0.46415888336127825,231,0.07304370001656935,KAM-KEL:1;KAM-KEL:2;OTT-MON:1;OTT-MON:2,3.0,0.5665629958776165
7643.8172016990275,0.006976666038186483,0.9402363035231829,0.8591022658161819,0.7270941925579681,optimal,9.126323069511935,4,2,18,0,0.46415888336127825,222,0.06839800003217533,KAM-KEL:1;KAM-KEL:2;OTT-MON:1;OTT-MON:2,3.0,0.55906670193598
7643.8172016990275,0.006976666038186483,0.9457722564022988,0.8434214679989964,0.7270941925579681,optimal,9.364769152673816,4,2,18,0,0.46415888336127825,222,0.0702748000039719,KAM-KEL:1;KAM-KEL:2;OTT-MON:1;OTT-MON:2,3.0,0.5665629958776165
7643.8172016990275,0.006976666038186483,0.9457722564022988,0.8591022658161819,0.8720036380384117,optimal,12.915678281507963,7,3,18,0,0.23713737056616555,302,0.10971660003997386,CAL-EDM:1;CAL-EDM:2;CAL-EDM:3;KAM-KEL:1;KAM-KEL:2;OTT-MON:1;OTT-MON:2,3.3333333333333335,0.676323087215945
8911.240316687166,0.03062704111698214,0.9402363035231829,0.8434214679989964,0.8720036380384117,optimal,13.089374101341786,7,3,18,0,0.23713737056616555,368,0.14540170005057007,CAL-EDM:1;CAL-EDM:2;CAL-EDM:3;KAM-KEL:1;KAM-KEL:2;OTT-MON:1;OTT-MON:2,3.3333333333333335,0.6652738934559964
182836.64690274745,0.04138141912773831,0.976249471437186,0.7008368900977076,0.979438480480574,optimal,28.19051144733911,7,3,18,0,0.23713737056616555,809,0.6519248000113294,CAL-EDM:1;CAL-EDM:2;CAL-EDM:3;KAM-KEL:1;KAM-KEL:2;OTT-MON:1;OTT-MON:2,3.3333333333333335,0.8920335307596563
184299.72617795918,0.04138141912773831,0.976249471437186,0.7008368900977076,0.979438480480574,optimal,28.225007431014046,7,3,18,0,0.23713737056616555,809,0.6889530000044033,CAL-EDM:1;CAL-EDM:2;CAL-EDM:3;KAM-KEL:1;KAM-KEL:2;OTT-MON:1;OTT-MON:2,3.3333333333333335,0.8920335307596563
182836.64690274745,0.002490380921169079,0.976249471437186,0.7008368900977076,0.979438480480574,optimal,22.654176130192972,4,2,18,0,0.46415888336127825,101,0.0203099999926053,KAM-KEL:1;KAM-KEL:2;OTT-MON:1;OTT-MON:2,3.0,0.9032648435605464
182836.64690274745,0.04138141912773831,0.9831292035840452,0.7008368900977076,0.979438480480574,optimal,28.41166987039639,7,3,18,0,0.23713737056616555,809,0.7128979999688454,CAL-EDM:1;CAL-EDM:2;CAL-EDM:3;KAM-KEL:1;KAM-KEL:2;OTT-MON:1;OTT-MON:2,3.3333333333333335,0.912465309592676
182836.64690274745,0.04138141912773831,0.976249471437186,0.5614713728893548,0.979438480480574,optimal,25.951447704692608,7,3,18,0,0.23713737056616555,809,0.655889899993781,CAL-EDM:1;CAL-EDM:2;CAL-EDM:3;KAM-KEL:1;KAM-KEL:2;OTT-MON:1;OTT-MON:2,3.3333333333333335,0.8920335307596563
182836.64690274745,0.04138141912773831,0.976249471437186,0.7008368900977076,0.840867980835028,optimal,25.20956333928212,7,3,18,0,0.23713737056616555,457,0.2128126000170596,CAL-EDM:1;CAL-EDM:2;CAL-EDM:3;KAM-KEL:1;KAM-KEL:2;OTT-MON:1;OTT-MON:2,3.3333333333333335,0.7016795766688287
184299.72617795918,0.002490380921169079,0.9831292035840452,0.5614713728893548,0.840867980835028,optimal,19.963432631193314,4,2,18,0,0.46415888336127825,101,0.026580699952319264,KAM-KEL:1;KAM-KEL:2;OTT-MON:1;OTT-MON:2,3.0,0.7453072248137507
21764.99184122931,0.001176149949843565,0.9218363482058048,0.791548423236236,0.9179031842807308,infeasible,-50.0,0,0,18,0,,0,0.0004542999668046832,,,
49469.075363320815,0.001176149949843565,0.9218363482058048,0.791548423236236,0.9179031842807308,infeasible,-50.0,0,0,18,0,,0,0.0003282999969087541,,,
21764.99184122931,0.05399493101635325,0.9218363482058048,0.791548423236236,0.9179031842807308,optimal,16.663368717497956,7,3,18,0,0.23713737056616555,457,0.19648429995868355,CAL-EDM:1;CAL-EDM:2;CAL-EDM:3;KAM-KEL:1;KAM-KEL:2;OTT-MON:1;OTT-MON:2,3.3333333333333335,0.6773016331954148
21764.99184122931,0.001176149949843565,0.9721576250772923,0.791548423236236,0.9179031842807308,infeasible,-50.0,0,0,18,0,,0,0.00043670000741258264,,,
21764.99184122931,0.001176149949843565,0.9218363482058048,0.6481752566061914,0.9179031842807308,infeasible,-50.0,0,0,18,0,,0,0.00023970002075657248,,,
21764.99184122931,0.001176149949843565,0.9218363482058048,0.791548423236236,0.7341926561649889,infeasible,-50.0,0,0,18,0,,0,0.0002277999883517623,,,
49469.075363320815,0.05399493101635325,0.9721576250772923,0.6481752566061914,0.7341926561649889,optimal,14.706691804622864,4,2,18,0,0.46415888336127825,311,0.10143490001792088,KAM-KEL:1;KAM-KEL:2;OTT-MON:1;OTT-MON:2,3.0,0.610905540360243
1315.0330515081562,0.022084736026942636,0.9913135912809521,0.54889694317244,0.7885856660967693,optimal,4.987429648853139,4,2,18,0,0.46415888336127825,368,0.1311505000339821,KAM-KEL:1;KAM-KEL:2;OTT-MON:1;OTT-MON:2,3.0,0.7003820967600028
2342.9004574454984,0.022084736026942636,0.9913135912809521,0.54889694317244,0.7885856660967693,optimal,6.653822848435503,4,2,18,0,0.46415888336127825,368,0.13033209997229278,KAM-KEL:1;KAM-KEL:2;OTT-MON:1;OTT-MON:2,3.0,0.7003820967600028
1315.0330515081562,0.00431221008449956,0.9913135912809521,0.54889694317244,0.7885856660967693,optimal,4.987429648853139,4,2,18,0,0.46415888336127825,173,0.048497899959329516,KAM-KEL:1;KAM-KEL:2;OTT-MON:1;OTT-MON:2,3.0,0.7003820967600028
1315.0330515081562,0.022084736026942636,0.9317171014640481,0.54889694317244,0.7885856660967693,optimal,2.989350953502228,4,2,18,0,0.46415888336127825,311,0.08508920000167564,KAM-KEL:1;KAM-KEL:2;OTT-MON:1;OTT-MON:2,3.0,0.6002577851557287
1315.0330515081562,0.022084736026942636,0.9913135912809521,0.8197956846095622,0.7885856660967693,optimal,7.302346011886662,4,2,18,0,0.46415888336127825,368,0.12239570001838729,KAM-KEL:1;KAM-KEL:2;OTT-MON:1;OTT-MON:2,3.0,0.7003820967600028
1315.0330515081562,0.022084736026942636,0.9913135912809521,0.54889694317244,0.9809472932675853,optimal,7.30187046329151,4,2,18,0,0.46415888336127825,809,0.6612953000003472,KAM-KEL:1;KAM-KEL:2;OTT-MON:1;OTT-MON:2,3.0,0.9469068082631857
2342.9004574454984,0.00431221008449956,0.9317171014640481,0.8197956846095622,0.9809472932675853,optimal,10.054947961890544,4,2,18,0,0.46415888336127825,173,0.055926800007000566,KAM-KEL:1;KAM-KEL:2;OTT-MON:1;OTT-MON:2,3.0,0.7919776604758885
3155.4060425809294,0.0019421902311697874,0.965214079182595,0.5659415780566632,0.8529450528416782,optimal,4.448748718603257,2,1,18,0,0.6072021956909884,77,0.011461500020232052,KAM-KEL:1;KAM-KEL:2,3.0,0.7231814901727837
4120.59387281993,0.0019421902311697874,0.965214079182595,0.5659415780566632,0.8529450528416782,optimal,4.833775331292139,2,1,18,0,0.6072021956909884,77,0.022846899984870106,KAM-KEL:1;KAM-KEL:2,3.0,0.7231814901727837
3155.4060425809294,0.07968088737710044,0.965214079182595,0.5659415780566632,0.8529450528416782,optimal,8.000281696272975,4,2,18,0,0.46415888336127825,457,0.17889089998789132,KAM-KEL:1;KAM-KEL:2;OTT-MON:1;OTT-MON:2,3.0,0.7231814901727837
3155.4060425809294,0.0019421902311697874,0.961638347806409,0.5659415780566632,0.8529450528416782,optimal,4.402363013702864,2,1,18,0,0.6072021956909884,77,0.010942000022623688,KAM-KEL:1;KAM-KEL:2,3.0,0.7161198634530636
3155.4060425809294,0.0019421902311697874,0.965214079182595,0.7060075046960264,0.8529450528416782,optimal,5.086809493068461,2,1,18,0,0.6072021956909884,77,0.021909200004301965,KAM-KEL:1;KAM-KEL:2,3.0,0.7231814901727837
3155.4060425809294,0.0019421902311697874,0.965214079182595,0.5659415780566632,0.8074583233259618,optimal,4.090104390879416,2,1,18,0,0.6072021956909884,77,0.009115999971982092,KAM-KEL:1;KAM-KEL:2,3.0,0.6740585946083255
4120.59387281993,0.07968088737710044,0.961638347806409,0.7060075046960264,0.8074583233259618,optimal,9.22230431371926,4,2,18,0,0.46415888336127825,311,0.09466299996711314,KAM-KEL:1;KAM-KEL:2;OTT-MON:1;OTT-MON:2,3.0,0.6677300640875741
36958.17521780676,0.010349872191960758,0.9566933954935521,0.7734051580540835,0.8545332859158515,optimal,18.721947948099807,7,3,18,0,0.23713737056616555,343,0.13603140000486746,CAL-EDM:1;CAL-EDM:2;CAL-EDM:3;KAM-KEL:1;KAM-KEL:2;OTT-MON:1;OTT-MON:2,3.3333333333333335,0.6784199396778603
76850.10610692861,0.010349872191960758,0.9566933954935521,0.7734051580540835,0.8545332859158515,optimal,21.890409124059296,7,3,18,0,0.23713737056616555,343,0.13384630001382902,CAL-EDM:1;CAL-EDM:2;CAL-EDM:3;KAM-KEL:1;KAM-KEL:2;OTT-MON:1;OTT-MON:2,3.3333333333333335,0.6784199396778603
36958.17521780676,0.009977507113869221,0.9566933954935521,0.7734051580540835,0.8545332859158515,optimal,18.721947948099807,7,3,18,0,0.23713737056616555,343,0.12311520002549514,CAL-EDM:1;CAL-EDM:2;CAL-EDM:3;KAM-KEL:1;KAM-KEL:2;OTT-MON:1;OTT-MON:2,3.3333333333333335,0.6784199396778603
36958.17521780676,0.010349872191960758,0.9218127953317017,0.7734051580540835,0.8545332859158515,optimal,16.437999358202212,7,3,18,0,0.23713737056616555,311,0.10085410001920536,CAL-EDM:1;CAL-EDM:2;CAL-EDM:3;KAM-KEL:1;KAM-KEL:2;OTT-MON:1;OTT-MON:2,3.3333333333333335,0.6128478713105748
36958.17521780676,0.010349872191960758,0.9566933954935521,0.7611728813964873,0.8545332859158515,optimal,18.56094638626422,7,3,18,0,0.23713737056616555,343,0.13198799995006993,CAL-EDM:1;CAL-EDM:2;CAL-EDM:3;KAM-KEL:1;KAM-KEL:2;OTT-MON:1;OTT-MON:2,3.3333333333333335,0.6784199396778603
36958.17521780676,0.010349872191960758,0.9566933954935521,0.7734051580540835,0.910484423561953,optimal,20.196349447475086,7,3,18,0,0.23713737056616555,417,0.16518249997170642,CAL-EDM:1;CAL-EDM:2;CAL-EDM:3;KAM-KEL:1;KAM-KEL:2;OTT-MON:1;OTT-MON:2,3.3333333333333335,0.7454993315090085
76850.10610692861,0.009977507113869221,0.9218127953317017,0.7611728813964873,0.910484423561953,optimal,21.512792192439036,7,3,18,0,0.23713737056616555,343,0.13011770002776757,CAL-EDM:1;CAL-EDM:2;CAL-EDM:3;KAM-KEL:1;KAM-KEL:2;OTT-MON:1;OTT-MON:2,3.3333333333333335,0.6693840460030454
54387.13589896554,0.0035303637125987846,0.9806209585163742,0.6337220647837967,0.9362352077085525,optimal,21.30030474972728,7,3,18,0,0.23713737056616555,125,0.03317010001046583,CAL-EDM:1;CAL-EDM:2;CAL-EDM:3;KAM-KEL:1;KAM-KEL:2;OTT-MON:1;OTT-MON:2,3.3333333333333335,0.8399299980620493
20218.13338695066,0.0035303637125987846,0.9806209585163742,0.6337220647837967,0.9362352077085525,optimal,17.017457814503146,7,3,18,0,0.23713737056616555,125,0.037179899984039366,CAL-EDM:1;CAL-EDM:2;CAL-EDM:3;KAM-KEL:1;KAM-KEL:2;OTT-MON:1;OTT-MON:2,3.3333333333333335,0.8399299980620493
54387.13589896554,0.013541645830550886,0.9806209585163742,0.6337220647837967,0.9362352077085525,optimal,21.30030474972728,7,3,18,0,0.23713737056616555,625,0.37809949996881187,CAL-EDM:1;CAL-EDM:2;CAL-EDM:3;KAM-KEL:1;KAM-KEL:2;OTT-MON:1;OTT-MON:2,3.3333333333333335,0.8399299980620493
54387.13589896554,0.0035303637125987846,0.9498373523540795,0.6337220647837967,0.9362352077085525,optimal,20.145091390353755,7,3,18,0,0.23713737056616555,125,0.024109299993142486,CAL-EDM:1;CAL-EDM:2;CAL-EDM:3;KAM-KEL:1;KAM-KEL:2;OTT-MON:1;OTT-MON:2,3.3333333333333335,0.7616185929133135
54387.13589896554,0.0035303637125987846,0.9806209585163742,0.8975399035029112,0.9362352077085525,optimal,24.81518558046508,7,3,18,0,0.23713737056616555,125,0.026903400023002177,CAL-EDM:1;CAL-EDM:2;CAL-EDM:3;KAM-KEL:1;KAM-KEL:2;OTT-MON:1;OTT-MON:2,3.3333333333333335,0.8399299980620493
54387.13589896554,0.0035303637125987846,0.9806209585163742,0.6337220647837967,0.9476517684087157,optimal,21.512312431713177,7,3,18,0,0.23713737056616555,125,0.03880370000842959,CAL-EDM:1;CAL-EDM:2;CAL-EDM:3;KAM-KEL:1;KAM-KEL:2;OTT-MON:1;OTT-MON:2,3.3333333333333335,0.8567133897333411
20218.13338695066,0.013541645830550886,0.9498373523540795,0.8975399035029112,0.9476517684087157,optimal,19.617962559140413,7,3,18,0,0.23713737056616555,569,0.3015546999522485,CAL-EDM:1;CAL-EDM:2;CAL-EDM:3;KAM-KEL:1;KAM-KEL:2;OTT-MON:1;OTT-MON:2,3.3333333333333335,0.7761153362033119
6306.767798268301,0.05942401873894088,0.9331002653837205,0.9255579089280217,0.7712693083211779,optimal,10.12176022883263,4,2,18,0,0.46415888336127825,231,0.05727859999751672,KAM-KEL:1;KAM-KEL:2;OTT-MON:1;OTT-MON:2,3.0,0.587087722184908
1106.7506499806364,0.05942401873894088,0.9331002653837205,0.9255579089280217,0.7712693083211779,optimal,5.1006190357894035,4,2,18,0,0.46415888336127825,231,0.048409199982415885,KAM-KEL:1;KAM-KEL:2;OTT-MON:1;OTT-MON:2,3.0,0.587087722184908
6306.767798268301,0.0016654303889951253,0.9331002653837205,0.9255579089280217,0.7712693083211779,infeasible,-50.0,0,0,18,0,,0,0.0003125000512227416,,,
6306.767798268301,0.05942401873894088,0.9921236143186688,0.9255579089280217,0.7712693083211779,optimal,12.25225258084081,4,2,18,0,0.46415888336127825,368,0.13651579996803775,KAM-KEL:1;KAM-KEL:2;OTT-MON:1;OTT-MON:2,3.0,0.6822334021999078
6306.767798268301,0.05942401873894088,0.9331002653837205,0.5061659534461797,0.7712693083211779,optimal,6.638909078870239,4,2,18,0,0.46415888336127825,231,0.07443909998983145,KAM-KEL:1;KAM-KEL:2;OTT-MON:1;OTT-MON:2,3.0,0.587087722184908
6306.767798268301,0.05942401873894088,0.9331002653837205,0.9255579089280217,0.7725067577688023,optimal,10.157405740608606,4,2,18,0,0.46415888336127825,231,0.063691999996081,KAM-KEL:1;KAM-KEL:2;OTT-MON:1;OTT-MON:2,3.0,0.5881702588261646
1106.7506499806364,0.0016654303889951253,0.9921236143186688,0.5061659534461797,0.7725067577688023,infeasible,-50.0,0,0,18,0,,0,0.00031020003370940685,,,
4775.460765690381,0.0015167241218372318,0.9850040544811636,0.7307499025948345,0.9693070325730369,infeasible,-50.0,0,0,18,0,,0,0.00016559998039156199,,,
2875.5040827696944,0.0015167241218372318,0.9850040544811636,0.7307499025948345,0.9693070325730369,infeasible,-50.0,0,0,18,0,,0,0.00015540001913905144,,,
4775.460765690381,0.06070986003188141,0.9850040544811636,0.7307499025948345,0.9693070325730369,optimal,12.947031793261406,7,3,18,0,0.23713737056616555,809,0.6790822999901138,CAL-EDM:1;CAL-EDM:2;CAL-EDM:3;KAM-KEL:1;KAM-KEL:2;OTT-MON:1;OTT-MON:2,3.3333333333333335,0.9021677084484377
4775.460765690381,0.0015167241218372318,0.9676957237776369,0.7307499025948345,0.9693070325730369,infeasible,-50.0,0,0,18,0,,0,0.00042260001646354795,,,
4775.460765690381,0.0015167241218372318,0.9850040544811636,0.680439027491957,0.9693070325730369,infeasible,-50.0,0,0,18,0,,0,0.00029960001120343804,,,
4775.460765690381,0.0015167241218372318,0.9850040544811636,0.7307499025948345,0.967988095086068,infeasible,-50.0,0,0,18,0,,0,0.0002810999867506325,,,
2875.5040827696944,0.06070986003188141,0.9676957237776369,0.680439027491957,0.967988095086068,optimal,10.221174223801711,4,2,18,0,0.46415888336127825,729,0.4870144000160508,KAM-KEL:1;KAM-KEL:2;OTT-MON:1;OTT-MON:2,3.0,0.8657984355736872
77821.61006095695,0.024651957390557137,0.9374628399461508,0.6077728957869113,0.7370767494784668,optimal,14.047089856028748,4,2,18,0,0.46415888336127825,231,0.06912340002600104,KAM-KEL:1;KAM-KEL:2;OTT-MON:1;OTT-MON:2,3.0,0.5637982957163157
31483.53164636214,0.024651957390557137,0.9374628399461508,0.6077728957869113,0.7370767494784668,optimal,11.435942965351018,4,2,18,0,0.46415888336127825,231,0.06331479997606948,KAM-KEL:1;KAM-KEL:2;OTT-MON:1;OTT-MON:2,3.0,0.5637982957163157
77821.61006095695,0.006582803679447222,0.9374628399461508,0.6077728957869113,0.7370767494784668,optimal,14.047089856028748,4,2,18,0,0.46415888336127825,222,0.06163499999092892,KAM-KEL:1;KAM-KEL:2;OTT-MON:1;OTT-MON:2,3.0,0.5637982957163157
77821.61006095695,0.024651957390557137,0.9254295496810228,0.6077728957869113,0.7370767494784668,optimal,13.20239843657967,4,2,18,0,0.46415888336127825,231,0.0752088000299409,KAM-KEL:1;KAM-KEL:2;OTT-MON:1;OTT-MON:2,3.0,0.5476069490566129
77821.61006095695,0.024651957390557137,0.9374628399461508,0.7373071609996259,0.7370767494784668,optimal,15.162023580406377,4,2,18,0,0.46415888336127825,231,0.07449830003315583,KAM-KEL:1;KAM-KEL:2;OTT-MON:1;OTT-MON:2,3.0,0.5637982957163157
77821.61006095695,0.024651957390557137,0.9374628399461508,0.6077728957869113,0.7124045629790052,optimal,12.918262554208614,4,2,18,0,0.46415888336127825,231,0.06868349999422207,KAM-KEL:1;KAM-KEL:2;OTT-MON:1;OTT-MON:2,3.0,0.543142334166851
31483.53164636214,0.006582803679447222,0.9254295496810228,0.7373071609996259,0.7124045629790052,optimal,10.176424531109454,4,2,18,0,0.46415888336127825,222,0.06827809999231249,KAM-KEL:1;KAM-KEL:2;OTT-MON:1;OTT-MON:2,3.0,0.5280167926393062
50088.44341399573,0.008334713142703044,0.9613752327524125,0.9127888623159378,0.8008147790981457,optimal,20.01399926090461,7,3,18,0,0.23713737056616555,278,0.0935065999510698,CAL-EDM:1;CAL-EDM:2;CAL-EDM:3;KAM-KEL:1;KAM-KEL:2;OTT-MON:1;OTT-MON:2,3.3333333333333335,0.6275361104156868
117143.16973514999,0.008334713142703044,0.9613752327524125,0.9127888623159378,0.8008147790981457,optimal,23.6911687238788,7,3,18,0,0.23713737056616555,278,0.08120310003869236,CAL-EDM:1;CAL-EDM:2;CAL-EDM:3;KAM-KEL:1;KAM-KEL:2;OTT-MON:1;OTT-MON:2,3.3333333333333335,0.6275361104156868
50088.44341399573,0.011499917143354027,0.9613752327524125,0.9127888623159378,0.8008147790981457,optimal,20.01399926090461,7,3,18,0,0.23713737056616555,311,0.1169958999962546,CAL-EDM:1;CAL-EDM:2;CAL-EDM:3;KAM-KEL:1;KAM-KEL:2;OTT-MON:1;OTT-MON:2,3.3333333333333335,0.6275361104156868
50088.44341399573,0.008334713142703044,0.955895469866693,0.9127888623159378,0.8008147790981457,optimal,19.598679292777714,7,3,18,0,0.23713737056616555,278,0.09299169998848811,CAL-EDM:1;CAL-EDM:2;CAL-EDM:3;KAM-KEL:1;KAM-KEL:2;OTT-MON:1;OTT-MON:2,3.3333333333333335,0.6180964773357139
50088.44341399573,0.008334713142703044,0.9613752327524125,0.924866283731535,0.8008147790981457,optimal,20.146744524101152,7,3,18,0,0.23713737056616555,278,0.10324149997904897,CAL-EDM:1;CAL-EDM:2;CAL-EDM:3;KAM-KEL:1;KAM-KEL:2;OTT-MON:1;OTT-MON:2,3.3333333333333335,0.6275361104156868
50088.44341399573,0.008334713142703044,0.9613752327524125,0.9127888623159378,0.8210329186096788,optimal,20.845992963603425,7,3,18,0,0.23713737056616555,302,0.09741550002945587,CAL-EDM:1;CAL-EDM:2;CAL-EDM:3;KAM-KEL:1;KAM-KEL:2;OTT-MON:1;OTT-MON:2,3.3333333333333335,0.6495977674694307
117143.16973514999,0.011499917143354027,0.955895469866693,0.924866283731535,0.8210329186096788,optimal,24.31126191119929,7,3,18,0,0.23713737056616555,352,0.13103920000139624,CAL-EDM:1;CAL-EDM:2;CAL-EDM:3;KAM-KEL:1;KAM-KEL:2;OTT-MON:1;OTT-MON:2,3.3333333333333335,0.6395914782803543
2148.8974430949575,0.04279170217664108,0.9528340090643614,0.6491827249061316,0.905542688828893,optimal,8.080916385747578,4,2,18,0,0.46415888336127825,505,0.26328640000429004,KAM-KEL:1;KAM-KEL:2;OTT-MON:1;OTT-MON:2,3.0,0.7561201578126231
10922.753336331967,0.04279170217664108,0.9528340090643614,0.6491827249061316,0.905542688828893,optimal,12.870138976923498,7,3,18,0,0.23713737056616555,505,1.6463623000308871,CAL-EDM:1;CAL-EDM:2;CAL-EDM:3;KAM-KEL:1;KAM-KEL:2;OTT-MON:1;OTT-MON:2,3.3333333333333335,0.7305771053673157
2148.8974430949575,0.0012247161366565284,0.9528340090643614,0.6491827249061316,0.905542688828893,infeasible,-50.0,0,0,18,0,,0,0.0004029999836347997,,,
2148.8974430949575,0.04279170217664108,0.9957390227355063,0.6491827249061316,0.905542688828893,optimal,9.019521594340304,4,2,18,0,0.46415888336127825,673,0.45740549999754876,KAM-KEL:1;KAM-KEL:2;OTT-MON:1;OTT-MON:2,3.0,0.8545830094553383
2148.8974430949575,0.04279170217664108,0.9528340090643614,0.5282737439963967,0.905542688828893,optimal,6.891560777848614,4,2,18,0,0.46415888336127825,505,0.2421191000030376,KAM-KEL:1;KAM-KEL:2;OTT-MON:1;OTT-MON:2,3.0,0.7561201578126231
2148.8974430949575,0.04279170217664108,0.9528340090643614,0.6491827249061316,0.861558001655154,optimal,7.482479886726013,4,2,18,0,0.46415888336127825,368,0.12007240002276376,KAM-KEL:1;KAM-KEL:2;OTT-MON:1;OTT-MON:2,3.0,0.7081469695986138
10922.753336331967,0.0012247161366565284,0.9957390227355063,0.5282737439963967,0.861558001655154,infeasible,-50.0,0,0,18,0,,0,0.00029930000891909003,,,
1871.947370513829,0.004890910114999606,0.9265988344103099,0.6872902073897421,0.8803469149209558,optimal,6.941847051984864,4,2,18,0,0.46415888336127825,189,0.04003140004351735,KAM-KEL:1;KAM-KEL:2;OTT-MON:1;OTT-MON:2,3.0,0.6767552792564283
1891.7120658414112,0.004890910114999606,0.9265988344103099,0.6872902073897421,0.8803469149209558,optimal,6.972152333896833,4,2,18,0,0.46415888336127825,189,0.049521800014190376,KAM-KEL:1;KAM-KEL:2;OTT-MON:1;OTT-MON:2,3.0,0.6767552792564283
1871.947370513829,0.020965312345317517,0.9265988344103099,0.6872902073897421,0.8803469149209558,optimal,6.941847051984864,4,2,18,0,0.46415888336127825,368,0.12708720000227913,KAM-KEL:1;KAM-KEL:2;OTT-MON:1;OTT-MON:2,3.0,0.6767552792564283
1871.947370513829,0.004890910114999606,0.9462892119400204,0.6872902073897421,0.8803469149209558,optimal,7.508467918537878,4,2,18,0,0.46415888336127825,197,0.05891919997520745,KAM-KEL:1;KAM-KEL:2;OTT-MON:1;OTT-MON:2,3.0,0.715108381448838
1871.947370513829,0.004890910114999606,0.9265988344103099,0.8670133826322853,0.8803469149209558,optimal,8.282386485190559,4,2,18,0,0.46415888336127825,189,0.05066379997879267,KAM-KEL:1;KAM-KEL:2;OTT-MON:1;OTT-MON:2,3.0,0.6767552792564283
1871.947370513829,0.004890910114999606,0.9265988344103099,0.6872902073897421,0.746366010421887,optimal,3.6633782686206775,4,2,18,0,0.46415888336127825,165,0.0341795000131242,KAM-KEL:1;KAM-KEL:2;OTT-MON:1;OTT-MON:2,3.0,0.5567431801716829
1891.7120658414112,0.020965312345317517,0.9462892119400204,0.8670133826322853,0.746366010421887,optimal,6.176757867957461,4,2,18,0,0.46415888336127825,231,0.06102119997376576,KAM-KEL:1;KAM-KEL:2;OTT-MON:1;OTT-MON:2,3.0,0.5843106248121983
16565.863975963628,0.09508125014263469,0.9960584943536669,0.8735827428288758,0.8272628062870353,optimal,17.54602995684332,7,3,18,0,0.23713737056616555,457,0.20344319997821003,CAL-EDM:1;CAL-EDM:2;CAL-EDM:3;KAM-KEL:1;KAM-KEL:2;OTT-MON:1;OTT-MON:2,3.3333333333333335,0.7254005674930202
17917.374050021535,0.09508125014263469,0.9960584943536669,0.8735827428288758,0.8272628062870353,optimal,17.88546725320397,7,3,18,0,0.23713737056616555,457,0.2013431999948807,CAL-EDM:1;CAL-EDM:2;CAL-EDM:3;KAM-KEL:1;KAM-KEL:2;OTT-MON:1;OTT-MON:2,3.3333333333333335,0.7254005674930202
16565.863975963628,0.001968547341157082,0.9960584943536669,0.8735827428288758,0.8272628062870353,optimal,8.287187985871768,2,1,18,0,0.6072021956909884,77,0.022293100017122924,KAM-KEL:1;KAM-KEL:2,3.0,0.7552229953793572
16565.863975963628,0.09508125014263469,0.9867498210966588,0.8735827428288758,0.8272628062870353,optimal,17.13764429539354,7,3,18,0,0.23713737056616555,457,0.2011639999691397,CAL-EDM:1;CAL-EDM:2;CAL-EDM:3;KAM-KEL:1;KAM-KEL:2;OTT-MON:1;OTT-MON:2,3.3333333333333335,0.706161534417265
16565.863975963628,0.09508125014263469,0.9960584943536669,0.5868758942000568,0.8272628062870353,optimal,13.528807615507482,7,3,18,0,0.23713737056616555,457,0.19109400000888854,CAL-EDM:1;CAL-EDM:2;CAL-EDM:3;KAM-KEL:1;KAM-KEL:2;OTT-MON:1;OTT-MON:2,3.3333333333333335,0.7254005674930202
16565.863975963628,0.09508125014263469,0.9960584943536669,0.8735827428288758,0.9300590962888673,optimal,19.7988175018705,7,3,18,0,0.23713737056616555,753,0.5840299000265077,CAL-EDM:1;CAL-EDM:2;CAL-EDM:3;KAM-KEL:1;KAM-KEL:2;OTT-MON:1;OTT-MON:2,3.3333333333333335,0.8726546742725705
17917.374050021535,0.001968547341157082,0.9867498210966588,0.5868758942000568,0.9300590962888673,optimal,7.768602085506908,2,1,18,0,0.6072021956909884,77,0.02570450003258884,KAM-KEL:1;KAM-KEL:2,3.0,0.8649767255124886
123872.99199180791,0.002878438683844177,0.9417033880185336,0.5054777912329882,0.7478336349539458,optimal,14.942877125144406,4,2,18,0,0.46415888336127825,101,0.0255475000012666,KAM-KEL:1;KAM-KEL:2;OTT-MON:1;OTT-MON:2,3.0,0.5790388438529053
68016.08458265166,0.002878438683844177,0.9417033880185336,0.5054777912329882,0.7478336349539458,optimal,13.213049509330546,4,2,18,0,0.46415888336127825,101,0.030510100012179464,KAM-KEL:1;KAM-KEL:2;OTT-MON:1;OTT-MON:2,3.0,0.5790388438529053
123872.99199180791,0.03829386443498981,0.9417033880185336,0.5054777912329882,0.7478336349539458,optimal,14.942877125144406,4,2,18,0,0.46415888336127825,231,0.06838630000129342,KAM-KEL:1;KAM-KEL:2;OTT-MON:1;OTT-MON:2,3.0,0.5790388438529053
123872.99199180791,0.002878438683844177,0.9782118794266135,0.5054777912329882,0.7478336349539458,optimal,16.46473346430039,4,2,18,0,0.46415888336127825,101,0.026137599954381585,KAM-KEL:1;KAM-KEL:2;OTT-MON:1;OTT-MON:2,3.0,0.6339376832377919
123872.99199180791,0.002878438683844177,0.9417033880185336,0.6263412449974567,0.7478336349539458,optimal,16.180081835227075,4,2,18,0,0.46415888336127825,101,0.027289099991321564,KAM-KEL:1;KAM-KEL:2;OTT-MON:1;OTT-MON:2,3.0,0.5790388438529053
123872.99199180791,0.002878438683844177,0.9417033880185336,0.5054777912329882,0.8954228292610495,optimal,17.919217741796125,4,2,18,0,0.46415888336127825,101,0.03041730000404641,KAM-KEL:1;KAM-KEL:2;OTT-MON:1;OTT-MON:2,3.0,0.721730011953405
68016.08458265166,0.03829386443498981,0.9782118794266135,0.6263412449974567,0.8954228292610495,optimal,21.233132876594233,7,3,18,0,0.23713737056616555,577,0.30274269997607917,CAL-EDM:1;CAL-EDM:2;CAL-EDM:3;KAM-KEL:1;KAM-KEL:2;OTT-MON:1;OTT-MON:2,3.3333333333333335,0.7764758300076672
10413.205770083241,0.017716040906684338,0.9721630757115781,0.8323858316522091,0.9598197720628232,optimal,17.04478254847517,7,3,18,0,0.23713737056616555,713,0.4937505000270903,CAL-EDM:1;CAL-EDM:2;CAL-EDM:3;KAM-KEL:1;KAM-KEL:2;OTT-MON:1;OTT-MON:2,3.3333333333333335,0.8512399079292127
7034.085735256355,0.017716040906684338,0.9721630757115781,0.8323858316522091,0.9598197720628232,optimal,15.346844183132493,7,3,18,0,0.23713737056616555,713,0.5022159999934956,CAL-EDM:1;CAL-EDM:2;CAL-EDM:3;KAM-KEL:1;KAM-KEL:2;OTT-MON:1;OTT-MON:2,3.3333333333333335,0.8512399079292127
10413.205770083241,0.0035315211423039435,0.9721630757115781,0.8323858316522091,0.9598197720628232,optimal,17.04478254847517,7,3,18,0,0.23713737056616555,125,0.03542930004186928,CAL-EDM:1;CAL-EDM:2;CAL-EDM:3;KAM-KEL:1;KAM-KEL:2;OTT-MON:1;OTT-MON:2,3.3333333333333335,0.8512399079292127
10413.205770083241,0.017716040906684338,0.935336977435276,0.8323858316522091,0.9598197720628232,optimal,15.644660582221881,7,3,18,0,0.23713737056616555,569,0.31195639999350533,CAL-EDM:1;CAL-EDM:2;CAL-EDM:3;KAM-KEL:1;KAM-KEL:2;OTT-MON:1;OTT-MON:2,3.3333333333333335,0.755589468342501
10413.205770083241,0.017716040906684338,0.9721630757115781,0.7926332334522157,0.9598197720628232,optimal,16.55058989232811,7,3,18,0,0.23713737056616555,713,0.5125354999909177,CAL-EDM:1;CAL-EDM:2;CAL-EDM:3;KAM-KEL:1;KAM-KEL:2;OTT-MON:1;OTT-MON:2,3.3333333333333335,0.8512399079292127
10413.205770083241,0.017716040906684338,0.9721630757115781,0.8323858316522091,0.783288125098683,optimal,12.72574371441538,4,2,18,0,0.46415888336127825,311,0.08742409996921197,KAM-KEL:1;KAM-KEL:2;OTT-MON:1;OTT-MON:2,3.0,0.6607961793008731
7034.085735256355,0.0035315211423039435,0.935336977435276,0.7926332334522157,0.783288125098683,optimal,9.972540041620842,4,2,18,0,0.46415888336127825,125,0.02660240000113845,KAM-KEL:1;KAM-KEL:2;OTT-MON:1;OTT-MON:2,3.0,0.601101797501963
13668.83955013349,0.0026245767007423574,0.9369156223572791,0.6254833626560867,0.7962425182154402,optimal,10.90249617107812,4,2,18,0,0.46415888336127825,101,0.034075899980962276,KAM-KEL:1;KAM-KEL:2;OTT-MON:1;OTT-MON:2,3.0,0.6153241504242738
15166.214009142363,0.0026245767007423574,0.9369156223572791,0.6254833626560867,0.7962425182154402,optimal,11.202436608942426,4,2,18,0,0.46415888336127825,101,0.03154169995104894,KAM-KEL:1;KAM-KEL:2;OTT-MON:1;OTT-MON:2,3.0,0.6153241504242738
13668.83955013349,0.0027909869889107776,0.9369156223572791,0.6254833626560867,0.7962425182154402,optimal,10.90249617107812,4,2,18,0,0.46415888336127825,101,0.025624999951105565,KAM-KEL:1;KAM-KEL:2;OTT-MON:1;OTT-MON:2,3.0,0.6153241504242738
13668.83955013349,0.0026245767007423574,0.9756411099545658,0.6254833626560867,0.7962425182154402,optimal,12.197650034148422,4,2,18,0,0.46415888336127825,101,0.024918100039940327,KAM-KEL:1;KAM-KEL:2;OTT-MON:1;OTT-MON:2,3.0,0.6806593090108753
13668.83955013349,0.0026245767007423574,0.9369156223572791,0.7408930988516658,0.7962425182154402,optimal,11.879671711851898,4,2,18,0,0.46415888336127825,101,0.02078820002498105,KAM-KEL:1;KAM-KEL:2;OTT-MON:1;OTT-MON:2,3.0,0.6153241504242738
13668.83955013349,0.0026245767007423574,0.9369156223572791,0.6254833626560867,0.9179963710503652,optimal,12.963661368274344,4,2,18,0,0.46415888336127825,101,0.03152680001221597,KAM-KEL:1;KAM-KEL:2;OTT-MON:1;OTT-MON:2,3.0,0.7355898301675826
15166.214009142363,0.0027909869889107776,0.9756411099545658,0.7408930988516658,0.9179963710503652,optimal,15.146226076075164,4,2,18,0,0.46415888336127825,101,0.026758699968922883,KAM-KEL:1;KAM-KEL:2;OTT-MON:1;OTT-MON:2,3.0,0.8224334963341758
120973.49571928185,0.013497746358388638,0.9868937322106213,0.9384104422293603,0.9112710263216868,optimal,28.458609429082657,7,3,18,0,0.23713737056616555,577,0.3118730999995023,CAL-EDM:1;CAL-EDM:2;CAL-EDM:3;KAM-KEL:1;KAM-KEL:2;OTT-MON:1;OTT-MON:2,3.3333333333333335,0.82012027030027
1601.7793341979348,0.013497746358388638,0.9868937322106213,0.9384104422293603,0.9112710263216868,optimal,10.183046909814788,4,2,18,0,0.46415888336127825,577,0.3408904000534676,KAM-KEL:1;KAM-KEL:2;OTT-MON:1;OTT-MON:2,3.0,0.8407274950307662
120973.49571928185,0.026207450374134612,0.9868937322106213,0.9384104422293603,0.9112710263216868,optimal,28.458609429082657,7,3,18,0,0.23713737056616555,633,0.3558295000111684,CAL-EDM:1;CAL-EDM:2;CAL-EDM:3;KAM-KEL:1;KAM-KEL:2;OTT-MON:1;OTT-MON:2,3.3333333333333335,0.82012027030027
120973.49571928185,0.013497746358388638,0.9382124249637127,0.9384104422293603,0.9112710263216868,optimal,26.467861642482305,7,3,18,0,0.23713737056616555,449,0.1769392999703996,CAL-EDM:1;CAL-EDM:2;CAL-EDM:3;KAM-KEL:1;KAM-KEL:2;OTT-MON:1;OTT-MON:2,3.3333333333333335,0.7049412570148966
120973.49571928185,0.013497746358388638,0.9868937322106213,0.6839974760543555,0.9112710263216868,optimal,25.265012970154693,7,3,18,0,0.23713737056616555,577,0.32395650004036725,CAL-EDM:1;CAL-EDM:2;CAL-EDM:3;KAM-KEL:1;KAM-KEL:2;OTT-MON:1;OTT-MON:2,3.3333333333333335,0.82012027030027
120973.49571928185,0.013497746358388638,0.9868937322106213,0.9384104422293603,0.8150920778829605,optimal,26.11233516974061,7,3,18,0,0.23713737056616555,368,0.14335209998534992,CAL-EDM:1;CAL-EDM:2;CAL-EDM:3;KAM-KEL:1;KAM-KEL:2;OTT-MON:1;OTT-MON:2,3.3333333333333335,0.6912388473076251
1601.7793341979348,0.026207450374134612,0.9382124249637127,0.6839974760543555,0.8150920778829605,optimal,5.686771536034335,4,2,18,0,0.46415888336127825,311,0.0944442999898456,KAM-KEL:1;KAM-KEL:2;OTT-MON:1;OTT-MON:2,3.0,0.6349978859237132
16965.74379847175,0.004813867577559965,0.9508014259655029,0.5825281662400812,0.9909759538983927,optimal,15.361744438704802,7,3,18,0,0.23713737056616555,197,0.0649085000040941,CAL-EDM:1;CAL-EDM:2;CAL-EDM:3;KAM-KEL:1;KAM-KEL:2;OTT-MON:1;OTT-MON:2,3.3333333333333335,0.8360534453851484
5967.274658048074,0.004813867577559965,0.9508014259655029,0.5825281662400812,0.9909759538983927,optimal,11.31100420730073,4,2,18,0,0.46415888336127825,197,0.07133869995595887,KAM-KEL:1;KAM-KEL:2;OTT-MON:1;OTT-MON:2,3.0,0.8508812281214294
16965.74379847175,0.005097828047363544,0.9508014259655029,0.5825281662400812,0.9909759538983927,optimal,15.361744438704802,7,3,18,0,0.23713737056616555,197,0.0730246999883093,CAL-EDM:1;CAL-EDM:2;CAL-EDM:3;KAM-KEL:1;KAM-KEL:2;OTT-MON:1;OTT-MON:2,3.3333333333333335,0.8360534453851484
16965.74379847175,0.004813867577559965,0.9492027548495681,0.5825281662400812,0.9909759538983927,optimal,15.303784258438746,7,3,18,0,0.23713737056616555,197,0.06427430000621825,CAL-EDM:1;CAL-EDM:2;CAL-EDM:3;KAM-KEL:1;KAM-KEL:2;OTT-MON:1;OTT-MON:2,3.3333333333333335,0.8316316681816769
16965.74379847175,0.004813867577559965,0.9508014259655029,0.552950131893158,0.9909759538983927,optimal,14.83549541365826,7,3,18,0,0.23713737056616555,197,0.05993649997981265,CAL-EDM:1;CAL-EDM:2;CAL-EDM:3;KAM-KEL:1;KAM-KEL:2;OTT-MON:1;OTT-MON:2,3.3333333333333335,0.8360534453851484
16965.74379847175,0.004813867577559965,0.9508014259655029,0.5825281662400812,0.7779081653589383,optimal,11.236564510467103,4,2,18,0,0.46415888336127825,173,0.055644000007305294,KAM-KEL:1;KAM-KEL:2;OTT-MON:1;OTT-MON:2,3.0,0.6202704585976753
5967.274658048074,0.005097828047363544,0.9492027548495681,0.552950131893158,0.7779081653589383,optimal,7.859589081983669,4,2,18,0,0.46415888336127825,173,0.049689400009810925,KAM-KEL:1;KAM-KEL:2;OTT-MON:1;OTT-MON:2,3.0,0.6177422472330318
1425.850600541534,0.07819762273818054,0.9617795635685324,0.754841457447037,0.7164939048299566,optimal,4.377730350122735,4,2,18,0,0.46415888336127825,231,0.06558870000299066,KAM-KEL:1;KAM-KEL:2;OTT-MON:1;OTT-MON:2,3.0,0.5791084379010576
57682.48252183781,0.07819762273818054,0.9617795635685324,0.754841457447037,0.7164939048299566,optimal,15.054207401711842,4,2,18,0,0.46415888336127825,231,0.06374979997053742,KAM-KEL:1;KAM-KEL:2;OTT-MON:1;OTT-MON:2,3.0,0.5791084379010576
1425.850600541534,0.04701551522763466,0.9617795635685324,0.754841457447037,0.7164939048299566,optimal,4.377730350122735,4,2,18,0,0.46415888336127825,231,0.06413579999934882,KAM-KEL:1;KAM-KEL:2;OTT-MON:1;OTT-MON:2,3.0,0.5791084379010576
1425.850600541534,0.07819762273818054,0.984140975130722,0.754841457447037,0.7164939048299566,optimal,5.357929885131101,4,2,18,0,0.46415888336127825,311,0.08822900004452094,KAM-KEL:1;KAM-KEL:2;OTT-MON:1;OTT-MON:2,3.0,0.6111111237023357
1425.850600541534,0.07819762273818054,0.9617795635685324,0.9495152359828353,0.7164939048299566,optimal,5.701800307090404,4,2,18,0,0.46415888336127825,231,0.05604930000845343,KAM-KEL:1;KAM-KEL:2;OTT-MON:1;OTT-MON:2,3.0,0.5791084379010576
1425.850600541534,0.07819762273818054,0.9617795635685324,0.754841457447037,0.9528941622208804,optimal,8.517225777240476,4,2,18,0,0.46415888336127825,673,0.4138656999566592,KAM-KEL:1;KAM-KEL:2;OTT-MON:1;OTT-MON:2,3.0,0.8321077070243169
57682.48252183781,0.04701551522763466,0.984140975130722,0.9495152359828353,0.9528941622208804,optimal,26.062098579482424,7,3,18,0,0.23713737056616555,769,0.614396899996791,CAL-EDM:1;CAL-EDM:2;CAL-EDM:3;KAM-KEL:1;KAM-KEL:2;OTT-MON:1;OTT-MON:2,3.3333333333333335,0.8743932900036352
2465.701441738945,0.009094737139730988,0.9953964189197868,0.8070380507968367,0.7776310504823922,optimal,8.950508148341317,4,2,18,0,0.46415888336127825,319,0.12573620001785457,KAM-KEL:1;KAM-KEL:2;OTT-MON:1;OTT-MON:2,3.0,0.6952322002568538
37135.212538975284,0.009094737139730988,0.9953964189197868,0.8070380507968367,0.7776310504823922,optimal,18.64969146994368,7,3,18,0,0.23713737056616555,319,0.11664529994595796,CAL-EDM:1;CAL-EDM:2;CAL-EDM:3;KAM-KEL:1;KAM-KEL:2;OTT-MON:1;OTT-MON:2,3.3333333333333335,0.661521869712017
2465.701441738945,0.008118503673008187,0.9953964189197868,0.8070380507968367,0.7776310504823922,optimal,8.950508148341317,4,2,18,0,0.46415888336127825,302,0.1234919999842532,KAM-KEL:1;KAM-KEL:2;OTT-MON:1;OTT-MON:2,3.0,0.6952322002568538
2465.701441738945,0.009094737139730988,0.9578950223382563,0.8070380507968367,0.7776310504823922,optimal,7.807102885562063,4,2,18,0,0.46415888336127825,295,0.0862106999848038,KAM-KEL:1;KAM-KEL:2;OTT-MON:1;OTT-MON:2,3.0,0.6313565725912182
2465.701441738945,0.009094737139730988,0.9953964189197868,0.611449366575107,0.7776310504823922,optimal,7.348893506188309,4,2,18,0,0.46415888336127825,319,0.10649000003468245,KAM-KEL:1;KAM-KEL:2;OTT-MON:1;OTT-MON:2,3.0,0.6952322002568538
2465.701441738945,0.009094737139730988,0.9953964189197868,0.8070380507968367,0.8533974872296676,optimal,10.054363755765692,4,2,18,0,0.46415888336127825,369,0.14500319998478517,KAM-KEL:1;KAM-KEL:2;OTT-MON:1;OTT-MON:2,3.0,0.7862188768290688
37135.212538975284,0.008118503673008187,0.9578950223382563,0.611449366575107,0.8533974872296676,optimal,16.397662914817776,7,3,18,0,0.23713737056616555,302,0.10304250003537163,CAL-EDM:1;CAL-EDM:2;CAL-EDM:3;KAM-KEL:1;KAM-KEL:2;OTT-MON:1;OTT-MON:2,3.3333333333333335,0.6795106082187786
40184.55458960226,0.05594444156620468,0.9283748450614512,0.5292329425923527,0.9288662799242884,optimal,15.883119866353038,7,3,18,0,0.23713737056616555,457,0.20435630000429228,CAL-EDM:1;CAL-EDM:2;CAL-EDM:3;KAM-KEL:1;KAM-KEL:2;OTT-MON:1;OTT-MON:2,3.3333333333333335,0.7033300703363006
3392.755116959081,0.05594444156620468,0.9283748450614512,0.5292329425923527,0.9288662799242884,optimal,7.894824510998605,4,2,18,0,0.46415888336127825,457,0.20410320005612448,KAM-KEL:1;KAM-KEL:2;OTT-MON:1;OTT-MON:2,3.0,0.7288429237372129
40184.55458960226,0.08803103472116051,0.9283748450614512,0.5292329425923527,0.9288662799242884,optimal,15.883119866353038,7,3,18,0,0.23713737056616555,457,0.21554359997389838,CAL-EDM:1;CAL-EDM:2;CAL-EDM:3;KAM-KEL:1;KAM-KEL:2;OTT-MON:1;OTT-MON:2,3.3333333333333335,0.7033300703363006
40184.55458960226,0.05594444156620468,0.9934347922075539,0.5292329425923527,0.9288662799242884,optimal,18.465086347490452,7,3,18,0,0.23713737056616555,729,0.516412400000263,CAL-EDM:1;CAL-EDM:2;CAL-EDM:3;KAM-KEL:1;KAM-KEL:2;OTT-MON:1;OTT-MON:2,3.3333333333333335,0.8635973356240941
40184.55458960226,0.05594444156620468,0.9283748450614512,0.8915593657176941,0.9288662799242884,optimal,21.15011585659436,7,3,18,0,0.23713737056616555,457,0.1759019000455737,CAL-EDM:1;CAL-EDM:2;CAL-EDM:3;KAM-KEL:1;KAM-KEL:2;OTT-MON:1;OTT-MON:2,3.3333333333333335,0.7033300703363006
40184.55458960226,0.05594444156620468,0.9283748450614512,0.5292329425923527,0.8846921582110225,optimal,14.617687993645307,7,3,18,0,0.23713737056616555,368,0.15755649999482557,CAL-EDM:1;CAL-EDM:2;CAL-EDM:3;KAM-KEL:1;KAM-KEL:2;OTT-MON:1;OTT-MON:2,3.3333333333333335,0.6554519863064175
3392.755116959081,0.08803103472116051,0.9934347922075539,0.8915593657176941,0.8846921582110225,optimal,12.157654268662956,7,3,18,0,0.23713737056616555,601,0.35430980002274737,CAL-EDM:1;CAL-EDM:2;CAL-EDM:3;KAM-KEL:1;KAM-KEL:2;OTT-MON:1;OTT-MON:2,3.3333333333333335,0.7982785026086182
97016.72626268194,0.0015470775142675493,0.9705488471910357,0.8502061584498732,0.8648434596732258,infeasible,-50.0,0,0,18,0,,0,0.0004186999867670238,,,
12895.50555110105,0.0015470775142675493,0.9705488471910357,0.8502061584498732,0.8648434596732258,infeasible,-50.0,0,0,18,0,,0,0.00028849998489022255,,,
97016.72626268194,0.0015378428286142952,0.9705488471910357,0.8502061584498732,0.8648434596732258,infeasible,-50.0,0,0,18,0,,0,0.00026729999808594584,,,
97016.72626268194,0.0015470775142675493,0.9654295697435736,0.8502061584498732,0.8648434596732258,infeasible,-50.0,0,0,18,0,,0,0.00028029998065903783,,,
97016.72626268194,0.0015470775142675493,0.9705488471910357,0.7961023602634668,0.8648434596732258,infeasible,-50.0,0,0,18,0,,0,0.0002566000330261886,,,
97016.72626268194,0.0015470775142675493,0.9705488471910357,0.8502061584498732,0.9913837768537923,infeasible,-50.0,0,0,18,0,,0,0.00025120005011558533,,,
12895.50555110105,0.0015378428286142952,0.9654295697435736,0.7961023602634668,0.9913837768537923,infeasible,-50.0,0,0,18,0,,0,0.00025260000256821513,,,
4161.237024153975,0.030126525912524165,0.9425272641796619,0.7130284642335027,0.8416801848579198,optimal,9.317425268731277,4,2,18,0,0.46415888336127825,368,0.1675995999830775,KAM-KEL:1;KAM-KEL:2;OTT-MON:1;OTT-MON:2,3.0,0.6682946468882691
138254.21642761858,0.030126525912524165,0.9425272641796619,0.7130284642335027,0.8416801848579198,optimal,22.334367883749103,7,3,18,0,0.23713737056616555,368,0.14397239999379963,CAL-EDM:1;CAL-EDM:2;CAL-EDM:3;KAM-KEL:1;KAM-KEL:2;OTT-MON:1;OTT-MON:2,3.3333333333333335,0.6372267835002035
4161.237024153975,0.01637796186109428,0.9425272641796619,0.7130284642335027,0.8416801848579198,optimal,9.317425268731277,4,2,18,0,0.46415888336127825,368,0.14973329997155815,KAM-KEL:1;KAM-KEL:2;OTT-MON:1;OTT-MON:2,3.0,0.6682946468882691
4161.237024153975,0.030126525912524165,0.9273910067714751,0.7130284642335027,0.8416801848579198,optimal,8.816282220493434,4,2,18,0,0.46415888336127825,311,0.11258800001814961,KAM-KEL:1;KAM-KEL:2;OTT-MON:1;OTT-MON:2,3.0,0.6414623138305288
4161.237024153975,0.030126525912524165,0.9425272641796619,0.6297829361632467,0.8416801848579198,optimal,8.601005260733261,4,2,18,0,0.46415888336127825,368,0.14032889995723963,KAM-KEL:1;KAM-KEL:2;OTT-MON:1;OTT-MON:2,3.0,0.6682946468882691
4161.237024153975,0.030126525912524165,0.9425272641796619,0.7130284642335027,0.7445073326826095,optimal,7.07196619950423,4,2,18,0,0.46415888336127825,231,0.07322939997538924,KAM-KEL:1;KAM-KEL:2;OTT-MON:1;OTT-MON:2,3.0,0.5772849686745198
138254.21642761858,0.01637796186109428,0.9273910067714751,0.6297829361632467,0.7445073326826095,optimal,15.549294514579914,4,2,18,0,0.46415888336127825,231,0.0661794999614358,KAM-KEL:1;KAM-KEL:2;OTT-MON:1;OTT-MON:2,3.0,0.5562906304739342
6126.337642221937,0.0037497564056113456,0.97554098341614,0.5148159836418926,0.894553150494583,optimal,10.157056354699684,4,2,18,0,0.46415888336127825,149,0.042697800032328814,KAM-KEL:1;KAM-KEL:2;OTT-MON:1;OTT-MON:2,3.0,0.7933449317300798
90672.22095860218,0.0037497564056113456,0.97554098341614,0.5148159836418926,0.894553150494583,optimal,20.374593084884275,7,3,18,0,0.23713737056616555,149,0.05134750000433996,CAL-EDM:1;CAL-EDM:2;CAL-EDM:3;KAM-KEL:1;KAM-KEL:2;OTT-MON:1;OTT-MON:2,3.3333333333333335,0.7689632268594208
6126.337642221937,0.005985464796450241,0.97554098341614,0.5148159836418926,0.894553150494583,optimal,10.157056354699684,4,2,18,0,0.46415888336127825,262,0.0997631999780424,KAM-KEL:1;KAM-KEL:2;OTT-MON:1;OTT-MON:2,3.0,0.7933449317300798
6126.337642221937,0.0037497564056113456,0.951836749078706,0.5148159836418926,0.894553150494583,optimal,9.59961792252836,4,2,18,0,0.46415888336127825,149,0.04191999998874962,KAM-KEL:1;KAM-KEL:2;OTT-MON:1;OTT-MON:2,3.0,0.7418108282962332
6126.337642221937,0.0037497564056113456,0.97554098341614,0.5790101377293467,0.894553150494583,optimal,10.835183403336385,4,2,18,0,0.46415888336127825,149,0.0551211999845691,KAM-KEL:1;KAM-KEL:2;OTT-MON:1;OTT-MON:2,3.0,0.7933449317300798
6126.337642221937,0.0037497564056113456,0.97554098341614,0.5148159836418926,0.9421794229662046,optimal,10.689076693355329,4,2,18,0,0.46415888336127825,149,0.04414759995415807,KAM-KEL:1;KAM-KEL:2;OTT-MON:1;OTT-MON:2,3.0,0.8527407461301945
90672.22095860218,0.005985464796450241,0.951836749078706,0.5790101377293467,0.9421794229662046,optimal,21.652343083457495,7,3,18,0,0.23713737056616555,262,0.10142309998627752,CAL-EDM:1;CAL-EDM:2;CAL-EDM:3;KAM-KEL:1;KAM-KEL:2;OTT-MON:1;OTT-MON:2,3.3333333333333335,0.7740548445533549
71773.29757583962,0.07037003852979928,0.9474994740951806,0.8206310720182954,0.8130917764930055,optimal,20.0200580740289,7,3,18,0,0.23713737056616555,311,0.099086600006558,CAL-EDM:1;CAL-EDM:2;CAL-EDM:3;KAM-KEL:1;KAM-KEL:2;OTT-MON:1;OTT-MON:2,3.3333333333333335,0.6164154386922562
4860.193269998281,0.07037003852979928,0.9474994740951806,0.8206310720182954,0.8130917764930055,optimal,10.221884229532602,4,2,18,0,0.46415888336127825,311,0.11545430001569912,KAM-KEL:1;KAM-KEL:2;OTT-MON:1;OTT-MON:2,3.0,0.6488304091810074
71773.29757583962,0.0749451254376468,0.9474994740951806,0.8206310720182954,0.8130917764930055,optimal,20.0200580740289,7,3,18,0,0.23713737056616555,311,0.10990520002087578,CAL-EDM:1;CAL-EDM:2;CAL-EDM:3;KAM-KEL:1;KAM-KEL:2;OTT-MON:1;OTT-MON:2,3.3333333333333335,0.6164154386922562
71773.29757583962,0.07037003852979928,0.9898195209410041,0.8206310720182954,0.8130917764930055,optimal,22.576714597222015,7,3,18,0,0.23713737056616555,368,0.12687689997255802,CAL-EDM:1;CAL-EDM:2;CAL-EDM:3;KAM-KEL:1;KAM-KEL:2;OTT-MON:1;OTT-MON:2,3.3333333333333335,0.6945180023661784
71773.29757583962,0.07037003852979928,0.9474994740951806,0.8609327904880046,0.8130917764930055,optimal,20.50422592502693,7,3,18,0,0.23713737056616555,311,0.09946639998815954,CAL-EDM:1;CAL-EDM:2;CAL-EDM:3;KAM-KEL:1;KAM-KEL:2;OTT-MON:1;OTT-MON:2,3.3333333333333335,0.6164154386922562
71773.29757583962,0.07037003852979928,0.9474994740951806,0.8206310720182954,0.7583645471371709,optimal,16.75385348361059,4,2,18,0,0.46415888336127825,231,0.06957190000684932,KAM-KEL:1;KAM-KEL:2;OTT-MON:1;OTT-MON:2,3.0,0.5969486249075691
4860.193269998281,0.0749451254376468,0.9898195209410041,0.8609327904880046,0.7583645471371709,optimal,10.778781235730936,4,2,18,0,0.46415888336127825,311,0.11806179996347055,KAM-KEL:1;KAM-KEL:2;OTT-MON:1;OTT-MON:2,3.0,0.6640100431428011
28010.200994362156,0.002187072271864421,0.9897291127499193,0.6722408476751298,0.7311053399117663,optimal,13.835491291833916,4,2,18,0,0.46415888336127825,101,0.02767909999238327,KAM-KEL:1;KAM-KEL:2;OTT-MON:1;OTT-MON:2,3.0,0.6346409498634495
1306.2838785653303,0.002187072271864421,0.9897291127499193,0.6722408476751298,0.7311053399117663,optimal,4.990667338459977,4,2,18,0,0.46415888336127825,101,0.01762070000404492,KAM-KEL:1;KAM-KEL:2;OTT-MON:1;OTT-MON:2,3.0,0.6346409498634495
28010.200994362156,0.0010172217974912235,0.9897291127499193,0.6722408476751298,0.7311053399117663,infeasible,-50.0,0,0,18,0,,0,0.00033760000951588154,,,
28010.200994362156,0.002187072271864421,0.9593723495192826,0.6722408476751298,0.7311053399117663,optimal,12.647596894261389,4,2,18,0,0.46415888336127825,101,0.02854890003800392,KAM-KEL:1;KAM-KEL:2;OTT-MON:1;OTT-MON:2,3.0,0.5892033663707233
28010.200994362156,0.002187072271864421,0.9897291127499193,0.830299525661394,0.7311053399117663,optimal,15.054105954429989,4,2,18,0,0.46415888336127825,101,0.029605099989566952,KAM-KEL:1;KAM-KEL:2;OTT-MON:1;OTT-MON:2,3.0,0.6346409498634495
28010.200994362156,0.002187072271864421,0.9897291127499193,0.6722408476751298,0.7930170910311862,optimal,15.013725835153966,4,2,18,0,0.46415888336127825,101,0.028865200001746416,KAM-KEL:1;KAM-KEL:2;OTT-MON:1;OTT-MON:2,3.0,0.7025438852936862
1306.2838785653303,0.0010172217974912235,0.9593723495192826,0.830299525661394,0.7930170910311862,infeasible,-50.0,0,0,18,0,,0,0.0003664999967440963,,,
3247.7960521175746,0.012994340498538898,0.9226875939853489,0.8936853885184973,0.9765134098036214,optimal,11.2267408960998,4,2,18,0,0.46415888336127825,553,0.3081846000277437,KAM-KEL:1;KAM-KEL:2;OTT-MON:1;OTT-MON:2,3.0,0.7660290501708874
23871.168116158733,0.012994340498538898,0.9226875939853489,0.8936853885184973,0.9765134098036214,optimal,19.761651401885953,7,3,18,0,0.23713737056616555,553,0.3076596999890171,CAL-EDM:1;CAL-EDM:2;CAL-EDM:3;KAM-KEL:1;KAM-KEL:2;OTT-MON:1;OTT-MON:2,3.3333333333333335,0.7446742672640059
3247.7960521175746,0.012509713084966756,0.9226875939853489,0.8936853885184973,0.9765134098036214,optimal,11.2267408960998,4,2,18,0,0.46415888336127825,529,0.2661595999961719,KAM-KEL:1;KAM-KEL:2;OTT-MON:1;OTT-MON:2,3.0,0.7660290501708874
3247.7960521175746,0.012994340498538898,0.9237741152718664,0.8936853885184973,0.9765134098036214,optimal,11.253778029441644,4,2,18,0,0.46415888336127825,553,0.29444680002052337,KAM-KEL:1;KAM-KEL:2;OTT-MON:1;OTT-MON:2,3.0,0.7685335528927916
3247.7960521175746,0.012994340498538898,0.9226875939853489,0.6586516016628593,0.9765134098036214,optimal,9.46573492231537,4,2,18,0,0.46415888336127825,553,0.284437499998603,KAM-KEL:1;KAM-KEL:2;OTT-MON:1;OTT-MON:2,3.0,0.7660290501708874
3247.7960521175746,0.012994340498538898,0.9226875939853489,0.8936853885184973,0.9053108260780572,optimal,10.308537850830165,4,2,18,0,0.46415888336127825,368,0.14465500001097098,KAM-KEL:1;KAM-KEL:2;OTT-MON:1;OTT-MON:2,3.0,0.693519946139612
23871.168116158733,0.012509713084966756,0.9237741152718664,0.6586516016628593,0.9053108260780572,optimal,14.948984822981721,7,3,18,0,0.23713737056616555,360,0.137442400038708,CAL-EDM:1;CAL-EDM:2;CAL-EDM:3;KAM-KEL:1;KAM-KEL:2;OTT-MON:1;OTT-MON:2,3.3333333333333335,0.6679368450711677
1049.4050862187382,0.0011217479311868826,0.9561735475230962,0.8966391959227621,0.947813207572326,infeasible,-50.0,0,0,18,0,,0,0.0002685000072233379,,,
156049.93741279878,0.0011217479311868826,0.9561735475230962,0.8966391959227621,0.947813207572326,infeasible,-50.0,0,0,18,0,,0,0.00015109998639672995,,,
1049.4050862187382,0.0022902796023106906,0.9561735475230962,0.8966391959227621,0.947813207572326,optimal,8.449769269017692,4,2,18,0,0.46415888336127825,101,0.013903099985327572,KAM-KEL:1;KAM-KEL:2;OTT-MON:1;OTT-MON:2,3.0,0.8124155523897341
1049.4050862187382,0.0011217479311868826,0.969586718454957,0.8966391959227621,0.947813207572326,infeasible,-50.0,0,0,18,0,,0,0.00041310000233352184,,,
1049.4050862187382,0.0011217479311868826,0.9561735475230962,0.7717934781685472,0.947813207572326,infeasible,-50.0,0,0,18,0,,0,0.00024589995155110955,,,
1049.4050862187382,0.0011217479311868826,0.9561735475230962,0.8966391959227621,0.7206109245168045,infeasible,-50.0,0,0,18,0,,0,0.00022390001686289907,,,
156049.93741279878,0.0022902796023106906,0.969586718454957,0.7717934781685472,0.7206109245168045,optimal,18.550909454054178,4,2,18,0,0.46415888336127825,101,0.03252020000945777,KAM-KEL:1;KAM-KEL:2;OTT-MON:1;OTT-MON:2,3.0,0.5939763418001953
25107.20887970116,0.01891337374832579,0.9671335069015622,0.6681884032674134,0.758535231847316,optimal,13.321989404456303,4,2,18,0,0.46415888336127825,311,0.09860490000573918,KAM-KEL:1;KAM-KEL:2;OTT-MON:1;OTT-MON:2,3.0,0.6272498119667168
7542.79374162141,0.01891337374832579,0.9671335069015622,0.6681884032674134,0.758535231847316,optimal,9.852127854595283,4,2,18,0,0.46415888336127825,311,0.10149710002588108,KAM-KEL:1;KAM-KEL:2;OTT-MON:1;OTT-MON:2,3.0,0.6272498119667168
25107.20887970116,0.018622636244456984,0.9671335069015622,0.6681884032674134,0.758535231847316,optimal,13.321989404456303,4,2,18,0,0.46415888336127825,311,0.10712510003941134,KAM-KEL:1;KAM-KEL:2;OTT-MON:1;OTT-MON:2,3.0,0.6272498119667168
25107.20887970116,0.01891337374832579,0.9345927047394217,0.6681884032674134,0.758535231847316,optimal,11.916786777925994,4,2,18,0,0.46415888336127825,231,0.05856589996255934,KAM-KEL:1;KAM-KEL:2;OTT-MON:1;OTT-MON:2,3.0,0.5781903359266534
25107.20887970116,0.01891337374832579,0.9671335069015622,0.7166006591171026,0.758535231847316,optimal,13.725647109636181,4,2,18,0,0.46415888336127825,311,0.0964362999657169,KAM-KEL:1;KAM-KEL:2;OTT-MON:1;OTT-MON:2,3.0,0.6272498119667168
25107.20887970116,0.01891337374832579,0.9671335069015622,0.6681884032674134,0.9760354257393629,optimal,18.752268606698554,7,3,18,0,0.23713737056616555,769,0.5772223999956623,CAL-EDM:1;CAL-EDM:2;CAL-EDM:3;KAM-KEL:1;KAM-KEL:2;OTT-MON:1;OTT-MON:2,3.3333333333333335,0.8607149041392438
7542.79374162141,0.018622636244456984,0.9345927047394217,0.7166006591171026,0.9760354257393629,optimal,13.040637742974278,7,3,18,0,0.23713737056616555,601,0.3436712000402622,CAL-EDM:1;CAL-EDM:2;CAL-EDM:3;KAM-KEL:1;KAM-KEL:2;OTT-MON:1;OTT-MON:2,3.3333333333333335,0.7736240674299005
158522.65900992413,0.006109027723627322,0.9310188893266023,0.7394271425437182,0.8203465601336211,optimal,21.24683926181157,7,3,18,0,0.23713737056616555,253,0.08945979998679832,CAL-EDM:1;CAL-EDM:2;CAL-EDM:3;KAM-KEL:1;KAM-KEL:2;OTT-MON:1;OTT-MON:2,3.3333333333333335,0.5957436439261007
1987.0670420637914,0.006109027723627322,0.9310188893266023,0.7394271425437182,0.8203465601336211,optimal,6.601994306802679,4,2,18,0,0.46415888336127825,253,0.05788819998269901,KAM-KEL:1;KAM-KEL:2;OTT-MON:1;OTT-MON:2,3.0,0.6278763137331436
158522.65900992413,0.004037717905055456,0.9310188893266023,0.7394271425437182,0.8203465601336211,optimal,21.24683926181157,7,3,18,0,0.23713737056616555,157,0.041897699993569404,CAL-EDM:1;CAL-EDM:2;CAL-EDM:3;KAM-KEL:1;KAM-KEL:2;OTT-MON:1;OTT-MON:2,3.3333333333333335,0.5957436439261007
158522.65900992413,0.006109027723627322,0.9431499835830182,0.7394271425437182,0.8203465601336211,optimal,22.403217903947024,7,3,18,0,0.23713737056616555,253,0.08894020004663616,CAL-EDM:1;CAL-EDM:2;CAL-EDM:3;KAM-KEL:1;KAM-KEL:2;OTT-MON:1;OTT-MON:2,3.3333333333333335,0.6163133291372784
158522.65900992413,0.006109027723627322,0.9310188893266023,0.5238076891284436,0.8203465601336211,optimal,17.76524390908187,7,3,18,0,0.23713737056616555,253,0.07601809996413067,CAL-EDM:1;CAL-EDM:2;CAL-EDM:3;KAM-KEL:1;KAM-KEL:2;OTT-MON:1;OTT-MON:2,3.3333333333333335,0.5957436439261007
158522.65900992413,0.006109027723627322,0.9310188893266023,0.7394271425437182,0.867390519537963,optimal,23.50396162173157,7,3,18,0,0.23713737056616555,269,0.09477820002939552,CAL-EDM:1;CAL-EDM:2;CAL-EDM:3;KAM-KEL:1;KAM-KEL:2;OTT-MON:1;OTT-MON:2,3.3333333333333335,0.6425504036926879
1987.0670420637914,0.004037717905055456,0.9431499835830182,0.5238076891284436,0.867390519537963,optimal,5.83645336020175,4,2,18,0,0.46415888336127825,173,0.04395930003374815,KAM-KEL:1;KAM-KEL:2;OTT-MON:1;OTT-MON:2,3.0,0.6954392344490377
9577.138514524837,0.03253657568791059,0.9809788767453284,0.5953607376199216,0.8860457019470632,optimal,12.302580439659014,4,2,18,0,0.46415888336127825,577,0.3180882000015117,KAM-KEL:1;KAM-KEL:2;OTT-MON:1;OTT-MON:2,3.0,0.7951351693367537
41968.991244678735,0.03253657568791059,0.9809788767453284,0.5953607376199216,0.8860457019470632,optimal,18.529785022484994,7,3,18,0,0.23713737056616555,577,0.2735291999997571,CAL-EDM:1;CAL-EDM:2;CAL-EDM:3;KAM-KEL:1;KAM-KEL:2;OTT-MON:1;OTT-MON:2,3.3333333333333335,0.770345012306568
9577.138514524837,0.03224599472654173,0.9809788767453284,0.5953607376199216,0.8860457019470632,optimal,12.302580439659014,4,2,18,0,0.46415888336127825,577,0.34725549997529015,KAM-KEL:1;KAM-KEL:2;OTT-MON:1;OTT-MON:2,3.0,0.7951351693367537
9577.138514524837,0.03253657568791059,0.9805202018711716,0.5953607376199216,0.8860457019470632,optimal,12.292536773899627,4,2,18,0,0.46415888336127825,577,0.34028599999146536,KAM-KEL:1;KAM-KEL:2;OTT-MON:1;OTT-MON:2,3.0,0.7941096283085611
9577.138514524837,0.03253657568791059,0.9809788767453284,0.9151541431900113,0.8860457019470632,optimal,16.47656813829722,7,3,18,0,0.23713737056616555,577,0.31125410000095144,CAL-EDM:1;CAL-EDM:2;CAL-EDM:3;KAM-KEL:1;KAM-KEL:2;OTT-MON:1;OTT-MON:2,3.3333333333333335,0.770345012306568
9577.138514524837,0.03253657568791059,0.9809788767453284,0.5953607376199216,0.826987226454541,optimal,11.518219133678844,4,2,18,0,0.46415888336127825,368,0.13658980000764132,KAM-KEL:1;KAM-KEL:2;OTT-MON:1;OTT-MON:2,3.0,0.7248862094837023
41968.991244678735,0.03224599472654173,0.9805202018711716,0.9151541431900113,0.826987226454541,optimal,21.331588009739097,7,3,18,0,0.23713737056616555,368,0.14420819998485968,CAL-EDM:1;CAL-EDM:2;CAL-EDM:3;KAM-KEL:1;KAM-KEL:2;OTT-MON:1;OTT-MON:2,3.3333333333333335,0.6932635279741378
9501.10582362455,0.00303793745890879,0.9543194281123579,0.7568781136535108,0.8469591829087585,optimal,12.477319922888796,4,2,18,0,0.46415888336127825,125,0.045281800033990294,KAM-KEL:1;KAM-KEL:2;OTT-MON:1;OTT-MON:2,3.0,0.6955653809262141
6771.67104318502,0.00303793745890879,0.9543194281123579,0.7568781136535108,0.8469591829087585,optimal,11.500152831260309,4,2,18,0,0.46415888336127825,125,0.030214899976272136,KAM-KEL:1;KAM-KEL:2;OTT-MON:1;OTT-MON:2,3.0,0.6955653809262141
9501.10582362455,0.001074325856903578,0.9543194281123579,0.7568781136535108,0.8469591829087585,infeasible,-50.0,0,0,18,0,,0,0.0002696000155992806,,,
9501.10582362455,0.00303793745890879,0.9910764074381441,0.7568781136535108,0.8469591829087585,optimal,13.997224237526536,7,3,18,0,0.23713737056616555,125,0.03265120001742616,CAL-EDM:1;CAL-EDM:2;CAL-EDM:3;KAM-KEL:1;KAM-KEL:2;OTT-MON:1;OTT-MON:2,3.3333333333333335,0.7408077462588344
9501.10582362455,0.00303793745890879,0.9543194281123579,0.7982882713433355,0.8469591829087585,optimal,12.794369930459009,7,3,18,0,0.23713737056616555,125,0.04221870005130768,CAL-EDM:1;CAL-EDM:2;CAL-EDM:3;KAM-KEL:1;KAM-KEL:2;OTT-MON:1;OTT-MON:2,3.3333333333333335,0.665173823213764
9501.10582362455,0.00303793745890879,0.9543194281123579,0.7568781136535108,0.7351155792828649,optimal,10.095356686882749,4,2,18,0,0.46415888336127825,117,0.050105499976780266,KAM-KEL:1;KAM-KEL:2;OTT-MON:1;OTT-MON:2,3.0,0.5856585634939964
6771.67104318502,0.001074325856903578,0.9910764074381441,0.7982882713433355,0.7351155792828649,infeasible,-50.0,0,0,18,0,,0,0.0002660999889485538,,,
159791.0378421075,0.01562047914065139,0.9677356609534472,0.577621119748801,0.8593895473219454,optimal,22.794072259715154,7,3,18,0,0.23713737056616555,449,0.2341823000460863,CAL-EDM:1;CAL-EDM:2;CAL-EDM:3;KAM-KEL:1;KAM-KEL:2;OTT-MON:1;OTT-MON:2,3.3333333333333335,0.7067215150402016
65120.259095520334,0.01562047914065139,0.9677356609534472,0.577621119748801,0.8593895473219454,optimal,18.909047810721304,7,3,18,0,0.23713737056616555,449,0.22530040005221963,CAL-EDM:1;CAL-EDM:2;CAL-EDM:3;KAM-KEL:1;KAM-KEL:2;OTT-MON:1;OTT-MON:2,3.3333333333333335,0.7067215150402016
159791.0378421075,0.013212229278208516,0.9677356609534472,0.577621119748801,0.8593895473219454,optimal,22.794072259715154,7,3,18,0,0.23713737056616555,449,0.2116202000179328,CAL-EDM:1;CAL-EDM:2;CAL-EDM:3;KAM-KEL:1;KAM-KEL:2;OTT-MON:1;OTT-MON:2,3.3333333333333335,0.7067215150402016
159791.0378421075,0.01562047914065139,0.9505034024585038,0.577621119748801,0.8593895473219454,optimal,21.931368606963925,7,3,18,0,0.23713737056616555,368,0.14568070002133027,CAL-EDM:1;CAL-EDM:2;CAL-EDM:3;KAM-KEL:1;KAM-KEL:2;OTT-MON:1;OTT-MON:2,3.3333333333333335,0.671637901930537
159791.0378421075,0.01562047914065139,0.9677356609534472,0.6267232846003026,0.8593895473219454,optimal,23.618007970485476,7,3,18,0,0.23713737056616555,449,0.19632089999504387,CAL-EDM:1;CAL-EDM:2;CAL-EDM:3;KAM-KEL:1;KAM-KEL:2;OTT-MON:1;OTT-MON:2,3.3333333333333335,0.7067215150402016
159791.0378421075,0.01562047914065139,0.9677356609534472,0.577621119748801,0.9817125625768677,optimal,25.411018553365764,7,3,18,0,0.23713737056616555,705,0.5118834000313655,CAL-EDM:1;CAL-EDM:2;CAL-EDM:3;KAM-KEL:1;KAM-KEL:2;OTT-MON:1;OTT-MON:2,3.3333333333333335,0.8707104004301485
65120.259095520334,0.013212229278208516,0.9505034024585038,0.6267232846003026,0.9817125625768677,optimal,21.742605807047298,7,3,18,0,0.23713737056616555,625,0.3571910000173375,CAL-EDM:1;CAL-EDM:2;CAL-EDM:3;KAM-KEL:1;KAM-KEL:2;OTT-MON:1;OTT-MON:2,3.3333333333333335,0.8226388048138388
24398.078505282607,0.005547043130091139,0.9304168743137271,0.9424420156981795,0.9391557130794972,optimal,19.901182686987273,7,3,18,0,0.23713737056616555,253,0.09820599999511614,CAL-EDM:1;CAL-EDM:2;CAL-EDM:3;KAM-KEL:1;KAM-KEL:2;OTT-MON:1;OTT-MON:2,3.3333333333333335,0.7195801255715848
17132.89655520908,0.005547043130091139,0.9304168743137271,0.9424420156981795,0.9391557130794972,optimal,18.37118733211447,7,3,18,0,0.23713737056616555,253,0.09987380000529811,CAL-EDM:1;CAL-EDM:2;CAL-EDM:3;KAM-KEL:1;KAM-KEL:2;OTT-MON:1;OTT-MON:2,3.3333333333333335,0.7195801255715848
24398.078505282607,0.00567155128848402,0.9304168743137271,0.9424420156981795,0.9391557130794972,optimal,19.901182686987273,7,3,18,0,0.23713737056616555,253,0.08675409998977557,CAL-EDM:1;CAL-EDM:2;CAL-EDM:3;KAM-KEL:1;KAM-KEL:2;OTT-MON:1;OTT-MON:2,3.3333333333333335,0.7195801255715848
24398.078505282607,0.005547043130091139,0.9200041508302093,0.9424420156981795,0.9391557130794972,optimal,19.39416675547319,7,3,18,0,0.23713737056616555,237,0.07402010000078008,CAL-EDM:1;CAL-EDM:2;CAL-EDM:3;KAM-KEL:1;KAM-KEL:2;OTT-MON:1;OTT-MON:2,3.3333333333333335,0.69630001231572
24398.078505282607,0.005547043130091139,0.9304168743137271,0.6101144801825285,0.9391557130794972,optimal,15.509915477355515,7,3,18,0,0.23713737056616555,253,0.08503899996867403,CAL-EDM:1;CAL-EDM:2;CAL-EDM:3;KAM-KEL:1;KAM-KEL:2;OTT-MON:1;OTT-MON:2,3.3333333333333335,0.7195801255715848
24398.078505282607,0.005547043130091139,0.9304168743137271,0.9424420156981795,0.8753001268301159,optimal,18.095564274158814,7,3,18,0,0.23713737056616555,229,0.07384610001463443,CAL-EDM:1;CAL-EDM:2;CAL-EDM:3;KAM-KEL:1;KAM-KEL:2;OTT-MON:1;OTT-MON:2,3.3333333333333335,0.6496097950798134
17132.89655520908,0.00567155128848402,0.9200041508302093,0.6101144801825285,0.8753001268301159,optimal,12.349309539142773,4,2,18,0,0.46415888336127825,229,0.0756050999625586,KAM-KEL:1;KAM-KEL:2;OTT-MON:1;OTT-MON:2,3.0,0.6596603538569586
1079.9074294411528,0.09008916158911151,0.9828330791145563,0.622564366972074,0.7672367713861167,optimal,4.529815010144436,4,2,18,0,0.46415888336127825,311,0.09152479999465868,KAM-KEL:1;KAM-KEL:2;OTT-MON:1;OTT-MON:2,3.0,0.6618617734204778
1818.8749840648065,0.09008916158911151,0.9828330791145563,0.622564366972074,0.7672367713861167,optimal,6.034092485338172,4,2,18,0,0.46415888336127825,311,0.1044106999761425,KAM-KEL:1;KAM-KEL:2;OTT-MON:1;OTT-MON:2,3.0,0.6618617734204778
1079.9074294411528,0.07101565088454734,0.9828330791145563,0.622564366972074,0.7672367713861167,optimal,4.529815010144436,4,2,18,0,0.46415888336127825,311,0.1010031999903731,KAM-KEL:1;KAM-KEL:2;OTT-MON:1;OTT-MON:2,3.0,0.6618617734204778
1079.9074294411528,0.09008916158911151,0.9630664303340017,0.622564366972074,0.7672367713861167,optimal,3.884529311494971,4,2,18,0,0.46415888336127825,311,0.09807930001989007,KAM-KEL:1;KAM-KEL:2;OTT-MON:1;OTT-MON:2,3.0,0.6294252816796958
1079.9074294411528,0.09008916158911151,0.9828330791145563,0.8920102069154381,0.7672367713861167,optimal,6.605163862909637,4,2,18,0,0.46415888336127825,311,0.0984397999709472,KAM-KEL:1;KAM-KEL:2;OTT-MON:1;OTT-MON:2,3.0,0.6618617734204778
1079.9074294411528,0.09008916158911151,0.9828330791145563,0.622564366972074,0.8437265423806384,optimal,5.761861063574543,4,2,18,0,0.46415888336127825,457,0.19632089999504387,KAM-KEL:1;KAM-KEL:2;OTT-MON:1;OTT-MON:2,3.0,0.7480765442328193
1818.8749840648065,0.07101565088454734,0.9630664303340017,0.8920102069154381,0.8437265423806384,optimal,8.844852967951539,4,2,18,0,0.46415888336127825,368,0.1397939999587834,KAM-KEL:1;KAM-KEL:2;OTT-MON:1;OTT-MON:2,3.0,0.7088501416970558
3255.576603297545,0.00789655749059919,0.9737246711384505,0.7178307997994124,0.7218602317320183,optimal,7.1792347329931765,4,2,18,0,0.46415888336127825,222,0.05486109998309985,KAM-KEL:1;KAM-KEL:2;OTT-MON:1;OTT-MON:2,3.0,0.6011590287735689
10515.360390236447,0.00789655749059919,0.9737246711384505,0.7178307997994124,0.7218602317320183,optimal,10.562261344150912,4,2,18,0,0.46415888336127825,222,0.054729599971324205,KAM-KEL:1;KAM-KEL:2;OTT-MON:1;OTT-MON:2,3.0,0.6011590287735689
3255.576603297545,0.004112604022333987,0.9737246711384505,0.7178307997994124,0.7218602317320183,optimal,7.1792347329931765,4,2,18,0,0.46415888336127825,149,0.021929699985776097,KAM-KEL:1;KAM-KEL:2;OTT-MON:1;OTT-MON:2,3.0,0.6011590287735689
3255.576603297545,0.00789655749059919,0.9308219418041408,0.7178307997994124,0.7218602317320183,optimal,4.665991785880209,4,2,18,0,0.46415888336127825,222,0.0429413000238128,KAM-KEL:1;KAM-KEL:2;OTT-MON:1;OTT-MON:2,3.0,0.5423373717722304
3255.576603297545,0.00789655749059919,0.9737246711384505,0.5560098060872406,0.7218602317320183,optimal,5.705100738808494,4,2,18,0,0.46415888336127825,222,0.05960029998095706,KAM-KEL:1;KAM-KEL:2;OTT-MON:1;OTT-MON:2,3.0,0.6011590287735689
3255.576603297545,0.00789655749059919,0.9737246711384505,0.7178307997994124,0.9432232205793262,optimal,10.756995512221344,4,2,18,0,0.46415888336127825,367,0.19021959998644888,KAM-KEL:1;KAM-KEL:2;OTT-MON:1;OTT-MON:2,3.0,0.8495516101441642
10515.360390236447,0.004112604022333987,0.9308219418041408,0.5560098060872406,0.9432232205793262,optimal,11.688586820663486,4,2,18,0,0.46415888336127825,173,0.06294410000555217,KAM-KEL:1;KAM-KEL:2;OTT-MON:1;OTT-MON:2,3.0,0.7491224134646148
27943.22397376595,0.04853577191881058,0.9481399928890168,0.8478347650729119,0.9857845412967727,optimal,21.120173018705977,7,3,18,0,0.23713737056616555,705,0.4629689999856055,CAL-EDM:1;CAL-EDM:2;CAL-EDM:3;KAM-KEL:1;KAM-KEL:2;OTT-MON:1;OTT-MON:2,3.3333333333333335,0.8217111022835959
112154.73747567734,0.04853577191881058,0.9481399928890168,0.8478347650729119,0.9857845412967727,optimal,27.1349335414802,7,3,18,0,0.23713737056616555,705,0.4516822000150569,CAL-EDM:1;CAL-EDM:2;CAL-EDM:3;KAM-KEL:1;KAM-KEL:2;OTT-MON:1;OTT-MON:2,3.3333333333333335,0.8217111022835959
27943.22397376595,0.03284352852125579,0.9481399928890168,0.8478347650729119,0.9857845412967727,optimal,21.120173018705977,7,3,18,0,0.23713737056616555,705,0.4703880000161007,CAL-EDM:1;CAL-EDM:2;CAL-EDM:3;KAM-KEL:1;KAM-KEL:2;OTT-MON:1;OTT-MON:2,3.3333333333333335,0.8217111022835959
27943.22397376595,0.04853577191881058,0.9732815977632999,0.8478347650729119,0.9857845412967727,optimal,21.993678107597823,7,3,18,0,0.23713737056616555,809,0.6417998000397347,CAL-EDM:1;CAL-EDM:2;CAL-EDM:3;KAM-KEL:1;KAM-KEL:2;OTT-MON:1;OTT-MON:2,3.3333333333333335,0.89292836566326
27943.22397376595,0.04853577191881058,0.9481399928890168,0.9473293341230601,0.9857845412967727,optimal,22.240753554482794,7,3,18,0,0.23713737056616555,705,0.4898651000112295,CAL-EDM:1;CAL-EDM:2;CAL-EDM:3;KAM-KEL:1;KAM-KEL:2;OTT-MON:1;OTT-MON:2,3.3333333333333335,0.8217111022835959
27943.22397376595,0.04853577191881058,0.9481399928890168,0.8478347650729119,0.7685161371855065,optimal,14.512381940428916,4,2,18,0,0.46415888336127825,311,0.1074320999905467,KAM-KEL:1;KAM-KEL:2;OTT-MON:1;OTT-MON:2,3.0,0.6072818934355071
112154.73747567734,0.03284352852125579,0.9732815977632999,0.9473293341230601,0.7685161371855065,optimal,23.156914225326755,7,3,18,0,0.23713737056616555,311,0.11361040000338107,CAL-EDM:1;CAL-EDM:2;CAL-EDM:3;KAM-KEL:1;KAM-KEL:2;OTT-MON:1;OTT-MON:2,3.3333333333333335,0.6130073050637699
73448.76563021886,0.0013372227391436958,0.9890886955112219,0.5324798089917749,0.9217178566874936,infeasible,-50.0,0,0,18,0,,0,0.0005098999827168882,,,
30105.352441546074,0.0013372227391436958,0.9890886955112219,0.5324798089917749,0.9217178566874936,infeasible,-50.0,0,0,18,0,,0,0.00022230000467970967,,,
73448.76563021886,0.0022516003429695385,0.9890886955112219,0.5324798089917749,0.9217178566874936,optimal,18.107940179415227,4,2,18,0,0.46415888336127825,101,0.025337300030514598,KAM-KEL:1;KAM-KEL:2;OTT-MON:1;OTT-MON:2,3.0,0.8597659299254291
73448.76563021886,0.0013372227391436958,0.9817766990009695,0.5324798089917749,0.9217178566874936,infeasible,-50.0,0,0,18,0,,0,0.00032350001856684685,,,
73448.76563021886,0.0013372227391436958,0.9890886955112219,0.7404422618448734,0.9217178566874936,infeasible,-50.0,0,0,18,0,,0,0.00015199999324977398,,,
73448.76563021886,0.0013372227391436958,0.9890886955112219,0.5324798089917749,0.8054208582602441,infeasible,-50.0,0,0,18,0,,0,0.00022220000391826034,,,
30105.352441546074,0.0022516003429695385,0.9817766990009695,0.7404422618448734,0.8054208582602441,optimal,15.770557017087912,4,2,18,0,0.46415888336127825,101,0.03529219998745248,KAM-KEL:1;KAM-KEL:2;OTT-MON:1;OTT-MON:2,3.0,0.701917280528704
5986.595018421875,0.026019789111546055,0.9245040267053992,0.803118054708466,0.7859005337907001,optimal,9.148039704985052,4,2,18,0,0.46415888336127825,231,0.08526839996920899,KAM-KEL:1;KAM-KEL:2;OTT-MON:1;OTT-MON:2,3.0,0.5869506362869905
2764.7633534576207,0.026019789111546055,0.9245040267053992,0.803118054708466,0.7859005337907001,optimal,6.918880349011115,4,2,18,0,0.46415888336127825,231,0.04077989998040721,KAM-KEL:1;KAM-KEL:2;OTT-MON:1;OTT-MON:2,3.0,0.5869506362869905
5986.595018421875,0.018307768636691393,0.9245040267053992,0.803118054708466,0.7859005337907001,optimal,9.148039704985052,4,2,18,0,0.46415888336127825,231,0.07523650000803173,KAM-KEL:1;KAM-KEL:2;OTT-MON:1;OTT-MON:2,3.0,0.5869506362869905
5986.595018421875,0.026019789111546055,0.9418170263301582,0.803118054708466,0.7859005337907001,optimal,9.918630984879645,4,2,18,0,0.46415888336127825,311,0.10223389999009669,KAM-KEL:1;KAM-KEL:2;OTT-MON:1;OTT-MON:2,3.0,0.6135686097107704
5986.595018421875,0.026019789111546055,0.9245040267053992,0.6853323800489306,0.7859005337907001,optimal,8.232806820924477,4,2,18,0,0.46415888336127825,231,0.06662749999668449,KAM-KEL:1;KAM-KEL:2;OTT-MON:1;OTT-MON:2,3.0,0.5869506362869905
5986.595018421875,0.026019789111546055,0.9245040267053992,0.803118054708466,0.908604612304829,optimal,11.557008000830642,4,2,18,0,0.46415888336127825,368,0.11430019995896146,KAM-KEL:1;KAM-KEL:2;OTT-MON:1;OTT-MON:2,3.0,0.7003819609189497
2764.7633534576207,0.018307768636691393,0.9418170263301582,0.6853323800489306,0.908604612304829,optimal,8.884202812955465,4,2,18,0,0.46415888336127825,457,0.19941479997942224,KAM-KEL:1;KAM-KEL:2;OTT-MON:1;OTT-MON:2,3.0,0.7359606296473852
4172.8685961518095,0.0032265738502916383,0.9935607287883759,0.8887922861613333,0.8740710507631302,optimal,12.795427508404027,7,3,18,0,0.23713737056616555,125,0.03590399998938665,CAL-EDM:1;CAL-EDM:2;CAL-EDM:3;KAM-KEL:1;KAM-KEL:2;OTT-MON:1;OTT-MON:2,3.3333333333333335,0.7835327128698086
1151.1211509865034,0.0032265738502916383,0.9935607287883759,0.8887922861613333,0.8740710507631302,optimal,8.628350839375317,4,2,18,0,0.46415888336127825,125,0.017052200040780008,KAM-KEL:1;KAM-KEL:2;OTT-MON:1;OTT-MON:2,3.0,0.8083676898477332
4172.8685961518095,0.005004674838918213,0.9935607287883759,0.8887922861613333,0.8740710507631302,optimal,12.795427508404027,7,3,18,0,0.23713737056616555,197,0.060412999999243766,CAL-EDM:1;CAL-EDM:2;CAL-EDM:3;KAM-KEL:1;KAM-KEL:2;OTT-MON:1;OTT-MON:2,3.3333333333333335,0.7835327128698086
4172.8685961518095,0.0032265738502916383,0.9369557895213366,0.8887922861613333,0.8740710507631302,optimal,10.95173094784327,4,2,18,0,0.46415888336127825,125,0.0381630000192672,KAM-KEL:1;KAM-KEL:2;OTT-MON:1;OTT-MON:2,3.0,0.6903087444759803
4172.8685961518095,0.0032265738502916383,0.9935607287883759,0.5215973095968366,0.8740710507631302,optimal,9.268710992178928,4,2,18,0,0.46415888336127825,125,0.04380849999142811,KAM-KEL:1;KAM-KEL:2;OTT-MON:1;OTT-MON:2,3.0,0.8083676898477332
4172.8685961518095,0.0032265738502916383,0.9935607287883759,0.8887922861613333,0.8187173868492246,optimal,11.6197425218497,4,2,18,0,0.46415888336127825,125,0.024980699992738664,KAM-KEL:1;KAM-KEL:2;OTT-MON:1;OTT-MON:2,3.0,0.73988578009857
1151.1211509865034,0.005004674838918213,0.9369557895213366,0.5215973095968366,0.8187173868492246,optimal,3.197114019603958,4,2,18,0,0.46415888336127825,173,0.03350530000170693,KAM-KEL:1;KAM-KEL:2;OTT-MON:1;OTT-MON:2,3.0,0.636306365310391
96746.42226122688,0.06050473775470727,0.9289584954474122,0.6742914480157196,0.8324265704546123,optimal,18.71234879895888,7,3,18,0,0.23713737056616555,311,0.12057630001800135,CAL-EDM:1;CAL-EDM:2;CAL-EDM:3;KAM-KEL:1;KAM-KEL:2;OTT-MON:1;OTT-MON:2,3.3333333333333335,0.6038955196233221
21144.858652435014,0.06050473775470727,0.9289584954474122,0.6742914480157196,0.8324265704546123,optimal,13.06153860668688,4,2,18,0,0.46415888336127825,311,0.10780840000370517,KAM-KEL:1;KAM-KEL:2;OTT-MON:1;OTT-MON:2,3.0,0.6355662591352125
96746.42226122688,0.046155460062124426,0.9289584954474122,0.6742914480157196,0.8324265704546123,optimal,18.71234879895888,7,3,18,0,0.23713737056616555,311,0.10135979996994138,CAL-EDM:1;CAL-EDM:2;CAL-EDM:3;KAM-KEL:1;KAM-KEL:2;OTT-MON:1;OTT-MON:2,3.3333333333333335,0.6038955196233221
96746.42226122688,0.06050473775470727,0.9769736290238797,0.6742914480157196,0.8324265704546123,optimal,21.853486222611938,7,3,18,0,0.23713737056616555,368,0.15524260001257062,CAL-EDM:1;CAL-EDM:2;CAL-EDM:3;KAM-KEL:1;KAM-KEL:2;OTT-MON:1;OTT-MON:2,3.3333333333333335,0.6928190416622743
96746.42226122688,0.06050473775470727,0.9289584954474122,0.9182451296597719,0.8324265704546123,optimal,21.830898070392436,7,3,18,0,0.23713737056616555,311,0.11509300000034273,CAL-EDM:1;CAL-EDM:2;CAL-EDM:3;KAM-KEL:1;KAM-KEL:2;OTT-MON:1;OTT-MON:2,3.3333333333333335,0.6038955196233221
96746.42226122688,0.06050473775470727,0.9289584954474122,0.6742914480157196,0.8588395768282935,optimal,19.966923465892314,7,3,18,0,0.23713737056616555,311,0.11552460002712905,CAL-EDM:1;CAL-EDM:2;CAL-EDM:3;KAM-KEL:1;KAM-KEL:2;OTT-MON:1;OTT-MON:2,3.3333333333333335,0.6299813467600685
21144.858652435014,0.046155460062124426,0.9769736290238797,0.9182451296597719,0.8588395768282935,optimal,19.121078003782568,7,3,18,0,0.23713737056616555,457,0.20366729999659583,CAL-EDM:1;CAL-EDM:2;CAL-EDM:3;KAM-KEL:1;KAM-KEL:2;OTT-MON:1;OTT-MON:2,3.3333333333333335,0.7256657235715845
41139.322751436084,0.0019074972026368517,0.9699652242641896,0.8176981322001666,0.7504488271996379,optimal,8.363136181878872,2,1,18,0,0.6072021956909884,77,0.01690779998898506,KAM-KEL:1;KAM-KEL:2,3.0,0.6236407185896199
80264.5790840343,0.0019074972026368517,0.9699652242641896,0.8176981322001666,0.7504488271996379,optimal,9.327381601957798,2,1,18,0,0.6072021956909884,77,0.02163559995824471,KAM-KEL:1;KAM-KEL:2,3.0,0.6236407185896199
41139.322751436084,0.0028387698116042895,0.9699652242641896,0.8176981322001666,0.7504488271996379,optimal,15.829056622824202,4,2,18,0,0.46415888336127825,101,0.030767799995373935,KAM-KEL:1;KAM-KEL:2;OTT-MON:1;OTT-MON:2,3.0,0.6236407185896199
41139.322751436084,0.0019074972026368517,0.9879118787031621,0.8176981322001666,0.7504488271996379,optimal,8.663749982813645,2,1,18,0,0.6072021956909884,77,0.018870299973059446,KAM-KEL:1;KAM-KEL:2,3.0,0.6522843562203917
41139.322751436084,0.0019074972026368517,0.9699652242641896,0.7730970430653542,0.7504488271996379,optimal,8.201298531855675,2,1,18,0,0.6072021956909884,77,0.012769400025717914,KAM-KEL:1;KAM-KEL:2,3.0,0.6236407185896199
41139.322751436084,0.0019074972026368517,0.9699652242641896,0.8176981322001666,0.9677658555619418,optimal,9.949852528267137,2,1,18,0,0.6072021956909884,77,0.027166300045792013,KAM-KEL:1;KAM-KEL:2,3.0,0.8713733500820796
80264.5790840343,0.0028387698116042895,0.9879118787031621,0.7730970430653542,0.9677658555619418,optimal,20.955522585152124,4,2,18,0,0.46415888336127825,101,0.02818139997543767,KAM-KEL:1;KAM-KEL:2;OTT-MON:1;OTT-MON:2,3.0,0.919008396766374
2408.4740188916885,0.011324326064582304,0.9443630000762642,0.5188336129765958,0.9560750397164375,optimal,7.514815384520879,4,2,18,0,0.46415888336127825,473,0.20700639998540282,KAM-KEL:1;KAM-KEL:2;OTT-MON:1;OTT-MON:2,3.0,0.794027867001737
4280.127118726983,0.011324326064582304,0.9443630000762642,0.5188336129765958,0.9560750397164375,optimal,9.1738839521872,4,2,18,0,0.46415888336127825,473,0.23215709999203682,KAM-KEL:1;KAM-KEL:2;OTT-MON:1;OTT-MON:2,3.0,0.794027867001737
2408.4740188916885,0.026655725039665273,0.9443630000762642,0.5188336129765958,0.9560750397164375,optimal,7.514815384520879,4,2,18,0,0.46415888336127825,601,0.31213859998388216,KAM-KEL:1;KAM-KEL:2;OTT-MON:1;OTT-MON:2,3.0,0.794027867001737
2408.4740188916885,0.011324326064582304,0.94550831140019,0.5188336129765958,0.9560750397164375,optimal,7.541156109713894,4,2,18,0,0.46415888336127825,473,0.2103802000056021,KAM-KEL:1;KAM-KEL:2;OTT-MON:1;OTT-MON:2,3.0,0.7967243366201203
2408.4740188916885,0.011324326064582304,0.9443630000762642,0.7161742729600519,0.9560750397164375,optimal,9.37497036560002,4,2,18,0,0.46415888336127825,473,0.21707439998863265,KAM-KEL:1;KAM-KEL:2;OTT-MON:1;OTT-MON:2,3.0,0.794027867001737
2408.4740188916885,0.011324326064582304,0.9443630000762642,0.5188336129765958,0.712059703825973,optimal,2.5030514095372824,4,2,18,0,0.46415888336127825,231,0.05123100004857406,KAM-KEL:1;KAM-KEL:2;OTT-MON:1;OTT-MON:2,3.0,0.5517657904007993
4280.127118726983,0.026655725039665273,0.94550831140019,0.7161742729600519,0.712059703825973,optimal,6.104462532393521,4,2,18,0,0.46415888336127825,231,0.0863715999876149,KAM-KEL:1;KAM-KEL:2;OTT-MON:1;OTT-MON:2,3.0,0.5532614900423777
1415.1089714170034,0.0012867955656112487,0.9351188923511654,0.5929753934033215,0.9643808482130989,infeasible,-50.0,0,0,18,0,,0,0.00038330000825226307,,,
2436.8568774615032,0.0012867955656112487,0.9351188923511654,0.5929753934033215,0.9643808482130989,infeasible,-50.0,0,0,18,0,,0,0.0002493000356480479,,,
1415.1089714170034,0.0014559548695404557,0.9351188923511654,0.5929753934033215,0.9643808482130989,infeasible,-50.0,0,0,18,0,,0,0.0002682000049389899,,,
1415.1089714170034,0.0012867955656112487,0.997205192508176,0.5929753934033215,0.9643808482130989,infeasible,-50.0,0,0,18,0,,0,0.0002266999799758196,,,
1415.1089714170034,0.0012867955656112487,0.9351188923511654,0.8272085299715399,0.9643808482130989,infeasible,-50.0,0,0,18,0,,0,0.00021810003090649843,,,
1415.1089714170034,0.0012867955656112487,0.9351188923511654,0.5929753934033215,0.8967596107330174,infeasible,-50.0,0,0,18,0,,0,0.00021730002481490374,,,
2436.8568774615032,0.0014559548695404557,0.997205192508176,0.8272085299715399,0.8967596107330174,infeasible,-50.0,0,0,18,0,,0,0.00022609997540712357,,,
17094.546970626816,0.021691764187590088,0.9875145943462849,0.7442155272699893,0.7431325423652306,optimal,13.188361054341328,4,2,18,0,0.46415888336127825,311,0.11133500002324581,KAM-KEL:1;KAM-KEL:2;OTT-MON:1;OTT-MON:2,3.0,0.6438418739926867
51735.968605803784,0.021691764187590088,0.9875145943462849,0.7442155272699893,0.7431325423652306,optimal,17.06934616283671,7,3,18,0,0.23713737056616555,311,0.11206390004372224,CAL-EDM:1;CAL-EDM:2;CAL-EDM:3;KAM-KEL:1;KAM-KEL:2;OTT-MON:1;OTT-MON:2,3.3333333333333335,0.6084960703702261
17094.546970626816,0.015506089685267427,0.9875145943462849,0.7442155272699893,0.7431325423652306,optimal,13.188361054341328,4,2,18,0,0.46415888336127825,311,0.11057429999345914,KAM-KEL:1;KAM-KEL:2;OTT-MON:1;OTT-MON:2,3.0,0.6438418739926867
17094.546970626816,0.021691764187590088,0.9542010821606964,0.7442155272699893,0.7431325423652306,optimal,11.925241722310753,4,2,18,0,0.46415888336127825,231,0.07916389999445528,KAM-KEL:1;KAM-KEL:2;OTT-MON:1;OTT-MON:2,3.0,0.5928467975937186
17094.546970626816,0.021691764187590088,0.9875145943462849,0.6608619585633277,0.7431325423652306,optimal,12.50287489709306,4,2,18,0,0.46415888336127825,311,0.12468869995791465,KAM-KEL:1;KAM-KEL:2;OTT-MON:1;OTT-MON:2,3.0,0.6438418739926867
17094.546970626816,0.021691764187590088,0.9875145943462849,0.7442155272699893,0.7847475261995569,optimal,14.30094853736521,7,3,18,0,0.23713737056616555,368,0.14244710002094507,CAL-EDM:1;CAL-EDM:2;CAL-EDM:3;KAM-KEL:1;KAM-KEL:2;OTT-MON:1;OTT-MON:2,3.3333333333333335,0.6557622581604928
51735.968605803784,0.015506089685267427,0.9542010821606964,0.6608619585633277,0.7847475261995569,optimal,15.457240901725378,4,2,18,0,0.46415888336127825,311,0.11199170001782477,KAM-KEL:1;KAM-KEL:2;OTT-MON:1;OTT-MON:2,3.0,0.6323203791794282
117603.27276764088,0.0071030485123996165,0.9501806281916797,0.6642823580186814,0.8049175297981128,optimal,19.823899358987514,7,3,18,0,0.23713737056616555,278,0.08777230000123382,CAL-EDM:1;CAL-EDM:2;CAL-EDM:3;KAM-KEL:1;KAM-KEL:2;OTT-MON:1;OTT-MON:2,3.3333333333333335,0.6126193058061229
192490.40600353706,0.0071030485123996165,0.9501806281916797,0.6642823580186814,0.8049175297981128,optimal,21.956474355877923,7,3,18,0,0.23713737056616555,278,0.08398779999697581,CAL-EDM:1;CAL-EDM:2;CAL-EDM:3;KAM-KEL:1;KAM-KEL:2;OTT-MON:1;OTT-MON:2,3.3333333333333335,0.6126193058061229
117603.27276764088,0.008567062432977189,0.9501806281916797,0.6642823580186814,0.8049175297981128,optimal,19.823899358987514,7,3,18,0,0.23713737056616555,278,0.09767369995824993,CAL-EDM:1;CAL-EDM:2;CAL-EDM:3;KAM-KEL:1;KAM-KEL:2;OTT-MON:1;OTT-MON:2,3.3333333333333335,0.6126193058061229
117603.27276764088,0.0071030485123996165,0.9261336820907892,0.6642823580186814,0.8049175297981128,optimal,17.217090642257205,4,2,18,0,0.46415888336127825,278,0.07543630001600832,KAM-KEL:1;KAM-KEL:2;OTT-MON:1;OTT-MON:2,3.0,0.6060229202831062
117603.27276764088,0.0071030485123996165,0.9501806281916797,0.5794365062844008,0.8049175297981128,optimal,18.443877231641768,7,3,18,0,0.23713737056616555,278,0.07666550000431016,CAL-EDM:1;CAL-EDM:2;CAL-EDM:3;KAM-KEL:1;KAM-KEL:2;OTT-MON:1;OTT-MON:2,3.3333333333333335,0.6126193058061229
117603.27276764088,0.0071030485123996165,0.9501806281916797,0.6642823580186814,0.7498136012200266,optimal,16.841889095074393,4,2,18,0,0.46415888336127825,222,0.06528509996132925,KAM-KEL:1;KAM-KEL:2;OTT-MON:1;OTT-MON:2,3.0,0.5930949883994394
192490.40600353706,0.008567062432977189,0.9261336820907892,0.5794365062844008,0.7498136012200266,optimal,16.15637598092303,4,2,18,0,0.46415888336127825,222,0.0647350000217557,KAM-KEL:1;KAM-KEL:2;OTT-MON:1;OTT-MON:2,3.0,0.5589454580142517
14060.537529240879,0.037823181524529494,0.9635763024371118,0.8999000131618231,0.9025519696930423,optimal,17.648127074287302,7,3,18,0,0.23713737056616555,505,0.22748300002422184,CAL-EDM:1;CAL-EDM:2;CAL-EDM:3;KAM-KEL:1;KAM-KEL:2;OTT-MON:1;OTT-MON:2,3.3333333333333335,0.7514105534433065
9256.143384794857,0.037823181524529494,0.9635763024371118,0.8999000131618231,0.9025519696930423,optimal,15.838621181339157,7,3,18,0,0.23713737056616555,505,0.2564997000154108,CAL-EDM:1;CAL-EDM:2;CAL-EDM:3;KAM-KEL:1;KAM-KEL:2;OTT-MON:1;OTT-MON:2,3.3333333333333335,0.7514105534433065
14060.537529240879,0.09289671405352631,0.9635763024371118,0.8999000131618231,0.9025519696930423,optimal,17.648127074287302,7,3,18,0,0.23713737056616555,505,0.2513911999994889,CAL-EDM:1;CAL-EDM:2;CAL-EDM:3;KAM-KEL:1;KAM-KEL:2;OTT-MON:1;OTT-MON:2,3.3333333333333335,0.7514105534433065
14060.537529240879,0.037823181524529494,0.9667627780511976,0.8999000131618231,0.9025519696930423,optimal,17.778101978132778,7,3,18,0,0.23713737056616555,577,0.3247133000404574,CAL-EDM:1;CAL-EDM:2;CAL-EDM:3;KAM-KEL:1;KAM-KEL:2;OTT-MON:1;OTT-MON:2,3.3333333333333335,0.7588393710968391
14060.537529240879,0.037823181524529494,0.9635763024371118,0.859629221400246,0.9025519696930423,optimal,17.18577575117843,7,3,18,0,0.23713737056616555,505,0.2530294000171125,CAL-EDM:1;CAL-EDM:2;CAL-EDM:3;KAM-KEL:1;KAM-KEL:2;OTT-MON:1;OTT-MON:2,3.3333333333333335,0.7514105534433065
14060.537529240879,0.037823181524529494,0.9635763024371118,0.8999000131618231,0.9339095801534131,optimal,18.32481812655132,7,3,18,0,0.23713737056616555,601,0.32214229996316135,CAL-EDM:1;CAL-EDM:2;CAL-EDM:3;KAM-KEL:1;KAM-KEL:2;OTT-MON:1;OTT-MON:2,3.3333333333333335,0.7924599455502843
9256.143384794857,0.09289671405352631,0.9667627780511976,0.859629221400246,0.9339095801534131,optimal,16.172844248356157,7,3,18,0,0.23713737056616555,633,0.365362600015942,CAL-EDM:1;CAL-EDM:2;CAL-EDM:3;KAM-KEL:1;KAM-KEL:2;OTT-MON:1;OTT-MON:2,3.3333333333333335,0.8005146839214211
10333.876826026082,0.005999899036717921,0.9260011425372213,0.5440160750411451,0.7749899888820946,optimal,8.22940359244993,4,2,18,0,0.46415888336127825,181,0.05464019998908043,KAM-KEL:1;KAM-KEL:2;OTT-MON:1;OTT-MON:2,3.0,0.5798465515217222
43819.96982142102,0.005999899036717921,0.9260011425372213,0.5440160750411451,0.7749899888820946,optimal,12.397817388218122,4,2,18,0,0.46415888336127825,181,0.04367590002948418,KAM-KEL:1;KAM-KEL:2;OTT-MON:1;OTT-MON:2,3.0,0.5798465515217222
10333.876826026082,0.010900001866110383,0.9260011425372213,0.5440160750411451,0.7749899888820946,optimal,8.22940359244993,4,2,18,0,0.46415888336127825,231,0.0672892999718897,KAM-KEL:1;KAM-KEL:2;OTT-MON:1;OTT-MON:2,3.0,0.5798465515217222
10333.876826026082,0.005999899036717921,0.9290472900886089,0.5440160750411451,0.7749899888820946,optimal,8.386887028635822,4,2,18,0,0.46415888336127825,181,0.05198389996076003,KAM-KEL:1;KAM-KEL:2;OTT-MON:1;OTT-MON:2,3.0,0.5843256666520765
10333.876826026082,0.005999899036717921,0.9260011425372213,0.9005999649409204,0.7749899888820946,optimal,11.138352150268956,4,2,18,0,0.46415888336127825,181,0.05790669994894415,KAM-KEL:1;KAM-KEL:2;OTT-MON:1;OTT-MON:2,3.0,0.5798465515217222
10333.876826026082,0.005999899036717921,0.9260011425372213,0.5440160750411451,0.7810579656297341,optimal,8.410955265120773,4,2,18,0,0.46415888336127825,181,0.061598600004799664,KAM-KEL:1;KAM-KEL:2;OTT-MON:1;OTT-MON:2,3.0,0.5850320038742293
43819.96982142102,0.010900001866110383,0.9290472900886089,0.9005999649409204,0.7810579656297341,optimal,15.638708496326178,4,2,18,0,0.46415888336127825,231,0.0724534000037238,KAM-KEL:1;KAM-KEL:2;OTT-MON:1;OTT-MON:2,3.0,0.5895815342870314
124823.75781817391,0.035599960861700676,0.9979176707454026,0.7935597593896091,0.9326199204977601,optimal,27.67585792569254,7,3,18,0,0.23713737056616555,769,0.6010692000272684,CAL-EDM:1;CAL-EDM:2;CAL-EDM:3;KAM-KEL:1;KAM-KEL:2;OTT-MON:1;OTT-MON:2,3.3333333333333335,0.8818283755132706
2064.6458489105307,0.035599960861700676,0.9979176707454026,0.7935597593896091,0.9326199204977601,optimal,10.388398334725006,4,2,18,0,0.46415888336127825,769,0.618852199986577,KAM-KEL:1;KAM-KEL:2;OTT-MON:1;OTT-MON:2,3.0,0.8969165044210288
124823.75781817391,0.001160803106170934,0.9979176707454026,0.7935597593896091,0.9326199204977601,infeasible,-50.0,0,0,18,0,,0,0.00031729997135698795,,,
124823.75781817391,0.035599960861700676,0.9641538484003395,0.7935597593896091,0.9326199204977601,optimal,26.50097524481918,7,3,18,0,0.23713737056616555,601,0.3269348000176251,CAL-EDM:1;CAL-EDM:2;CAL-EDM:3;KAM-KEL:1;KAM-KEL:2;OTT-MON:1;OTT-MON:2,3.3333333333333335,0.7921818354029909
124823.75781817391,0.035599960861700676,0.9979176707454026,0.5039796341676265,0.9326199204977601,optimal,23.091043884717212,7,3,18,0,0.23713737056616555,769,0.529715699958615,CAL-EDM:1;CAL-EDM:2;CAL-EDM:3;KAM-KEL:1;KAM-KEL:2;OTT-MON:1;OTT-MON:2,3.3333333333333335,0.8818283755132706
124823.75781817391,0.035599960861700676,0.9979176707454026,0.7935597593896091,0.95592134286277,optimal,28.082690286602887,7,3,18,0,0.23713737056616555,809,0.6602601999766193,CAL-EDM:1;CAL-EDM:2;CAL-EDM:3;KAM-KEL:1;KAM-KEL:2;OTT-MON:1;OTT-MON:2,3.3333333333333335,0.9190593930638721
2064.6458489105307,0.001160803106170934,0.9641538484003395,0.5039796341676265,0.95592134286277,infeasible,-50.0,0,0,18,0,,0,0.0003937000292353332,,,
16103.182815952863,0.0010252201620899227,0.9398441283777357,0.6979432144667953,0.8711109630130232,infeasible,-50.0,0,0,18,0,,0,0.0002492000348865986,,,
7847.809456809957,0.0010252201620899227,0.9398441283777357,0.6979432144667953,0.8711109630130232,infeasible,-50.0,0,0,18,0,,0,0.00023070001043379307,,,
16103.182815952863,0.064137357680246,0.9398441283777357,0.6979432144667953,0.8711109630130232,optimal,13.687562030427,7,3,18,0,0.23713737056616555,368,0.12231579999206588,CAL-EDM:1;CAL-EDM:2;CAL-EDM:3;KAM-KEL:1;KAM-KEL:2;OTT-MON:1;OTT-MON:2,3.3333333333333335,0.6635295747149901
16103.182815952863,0.0010252201620899227,0.9946343579478562,0.6979432144667953,0.8711109630130232,infeasible,-50.0,0,0,18,0,,0,0.00036909995833411813,,,
16103.182815952863,0.0010252201620899227,0.9398441283777357,0.7055571119301021,0.8711109630130232,infeasible,-50.0,0,0,18,0,,0,0.00026519998209550977,,,
16103.182815952863,0.0010252201620899227,0.9398441283777357,0.6979432144667953,0.9190353619949891,infeasible,-50.0,0,0,18,0,,0,0.0002392000169493258,,,
7847.809456809957,0.064137357680246,0.9946343579478562,0.7055571119301021,0.9190353619949891,optimal,14.155999575626792,7,3,18,0,0.23713737056616555,705,0.46572929999092594,CAL-EDM:1;CAL-EDM:2;CAL-EDM:3;KAM-KEL:1;KAM-KEL:2;OTT-MON:1;OTT-MON:2,3.3333333333333335,0.8518799916352542
1925.735138418927,0.019257356339465334,0.9727606288362295,0.8631076609250158,0.836542837454006,optimal,8.965871341589725,4,2,18,0,0.46415888336127825,368,0.1573548000305891,KAM-KEL:1;KAM-KEL:2;OTT-MON:1;OTT-MON:2,3.0,0.7197181098860443
163148.32986153534,0.019257356339465334,0.9727606288362295,0.8631076609250158,0.836542837454006,optimal,26.526286442403066,7,3,18,0,0.23713737056616555,368,0.1533818999887444,CAL-EDM:1;CAL-EDM:2;CAL-EDM:3;KAM-KEL:1;KAM-KEL:2;OTT-MON:1;OTT-MON:2,3.3333333333333335,0.6893681045201144
1925.735138418927,0.006954343796024198,0.9727606288362295,0.8631076609250158,0.836542837454006,optimal,8.965871341589725,4,2,18,0,0.46415888336127825,302,0.12187619996257126,KAM-KEL:1;KAM-KEL:2;OTT-MON:1;OTT-MON:2,3.0,0.7197181098860443
1925.735138418927,0.019257356339465334,0.9570766133740545,0.8631076609250158,0.836542837454006,optimal,8.543493546203747,4,2,18,0,0.46415888336127825,368,0.1393149999785237,KAM-KEL:1;KAM-KEL:2;OTT-MON:1;OTT-MON:2,3.0,0.6897980129722953
1925.735138418927,0.019257356339465334,0.9727606288362295,0.7625073176808654,0.836542837454006,optimal,8.250713964772102,4,2,18,0,0.46415888336127825,368,0.143999999971129,KAM-KEL:1;KAM-KEL:2;OTT-MON:1;OTT-MON:2,3.0,0.7197181098860443
1925.735138418927,0.019257356339465334,0.9727606288362295,0.8631076609250158,0.8157281757611781,optimal,8.64559058378409,4,2,18,0,0.46415888336127825,368,0.12900499999523163,KAM-KEL:1;KAM-KEL:2;OTT-MON:1;OTT-MON:2,3.0,0.6966340828205385
163148.32986153534,0.006954343796024198,0.9570766133740545,0.7625073176808654,0.8157281757611781,optimal,23.65795484623807,7,3,18,0,0.23713737056616555,278,0.08192120003513992,CAL-EDM:1;CAL-EDM:2;CAL-EDM:3;KAM-KEL:1;KAM-KEL:2;OTT-MON:1;OTT-MON:2,3.3333333333333335,0.6359901999636407
2154.742124127559,0.002226692667035561,0.9843685926683248,0.9232152688317,0.7921484020380303,optimal,9.286596670090663,4,2,18,0,0.46415888336127825,101,0.02337389998137951,KAM-KEL:1;KAM-KEL:2;OTT-MON:1;OTT-MON:2,3.0,0.6918072704909375
24923.749318114482,0.002226692667035561,0.9843685926683248,0.9232152688317,0.7921484020380303,optimal,16.350464642214394,4,2,18,0,0.46415888336127825,101,0.027200099953915924,KAM-KEL:1;KAM-KEL:2;OTT-MON:1;OTT-MON:2,3.0,0.6918072704909375
2154.742124127559,0.03763574133891991,0.9843685926683248,0.9232152688317,0.7921484020380303,optimal,9.286596670090663,4,2,18,0,0.46415888336127825,368,0.1505915999878198,KAM-KEL:1;KAM-KEL:2;OTT-MON:1;OTT-MON:2,3.0,0.6918072704909375
2154.742124127559,0.002226692667035561,0.9856458083540202,0.9232152688317,0.7921484020380303,optimal,9.321126751273642,4,2,18,0,0.46415888336127825,101,0.031904199975542724,KAM-KEL:1;KAM-KEL:2;OTT-MON:1;OTT-MON:2,3.0,0.6941164589007902
2154.742124127559,0.002226692667035561,0.9843685926683248,0.6503615549299866,0.7921484020380303,optimal,7.264896241255933,4,2,18,0,0.46415888336127825,101,0.017628800007514656,KAM-KEL:1;KAM-KEL:2;OTT-MON:1;OTT-MON:2,3.0,0.6918072704909375
2154.742124127559,0.002226692667035561,0.9843685926683248,0.9232152688317,0.98921714035701,optimal,11.675554824246628,4,2,18,0,0.46415888336127825,101,0.029199999989941716,KAM-KEL:1;KAM-KEL:2;OTT-MON:1;OTT-MON:2,3.0,0.9389743016028858
24923.749318114482,0.03763574133891991,0.9856458083540202,0.6503615549299866,0.98921714035701,optimal,19.270533867414517,7,3,18,0,0.23713737056616555,809,0.6632758000050671,CAL-EDM:1;CAL-EDM:2;CAL-EDM:3;KAM-KEL:1;KAM-KEL:2;OTT-MON:1;OTT-MON:2,3.3333333333333335,0.935715301341387
49952.517227805576,0.011876996307943229,0.939283614402637,0.638494788762182,0.9142350549893453,optimal,18.877520530528596,7,3,18,0,0.23713737056616555,401,0.17457510001258925,CAL-EDM:1;CAL-EDM:2;CAL-EDM:3;KAM-KEL:1;KAM-KEL:2;OTT-MON:1;OTT-MON:2,3.3333333333333335,0.7107000508643676
1357.2956416621153,0.011876996307943229,0.939283614402637,0.638494788762182,0.9142350549893453,optimal,6.43085717064497,4,2,18,0,0.46415888336127825,401,0.13698499999009073,KAM-KEL:1;KAM-KEL:2;OTT-MON:1;OTT-MON:2,3.0,0.7366167751825032
49952.517227805576,0.003470880203235499,0.939283614402637,0.638494788762182,0.9142350549893453,optimal,18.877520530528596,7,3,18,0,0.23713737056616555,125,0.035074699961114675,CAL-EDM:1;CAL-EDM:2;CAL-EDM:3;KAM-KEL:1;KAM-KEL:2;OTT-MON:1;OTT-MON:2,3.3333333333333335,0.7107000508643676
49952.517227805576,0.011876996307943229,0.9474697034023702,0.638494788762182,0.9142350549893453,optimal,19.25312869479003,7,3,18,0,0.23713737056616555,425,0.18387729994719848,CAL-EDM:1;CAL-EDM:2;CAL-EDM:3;KAM-KEL:1;KAM-KEL:2;OTT-MON:1;OTT-MON:2,3.3333333333333335,0.728986850077216
49952.517227805576,0.011876996307943229,0.939283614402637,0.8167356156278401,0.9142350549893453,optimal,21.36388060284833,7,3,18,0,0.23713737056616555,401,0.18642859999090433,CAL-EDM:1;CAL-EDM:2;CAL-EDM:3;KAM-KEL:1;KAM-KEL:2;OTT-MON:1;OTT-MON:2,3.3333333333333335,0.7107000508643676
49952.517227805576,0.011876996307943229,0.939283614402637,0.638494788762182,0.7427435892522335,optimal,13.368361089022297,4,2,18,0,0.46415888336127825,231,0.08591460000025108,KAM-KEL:1;KAM-KEL:2;OTT-MON:1;OTT-MON:2,3.0,0.5711804934964209
1357.2956416621153,0.003470880203235499,0.9474697034023702,0.8167356156278401,0.7427435892522335,optimal,4.820546727917144,4,2,18,0,0.46415888336127825,117,0.01726950000738725,KAM-KEL:1;KAM-KEL:2;OTT-MON:1;OTT-MON:2,3.0,0.5827601717989271
79664.02714141073,0.004102515352445119,0.9595543381441385,0.7695147735532373,0.995928281317465,optimal,25.261518945176412,7,3,18,0,0.23713737056616555,173,0.048388499999418855,CAL-EDM:1;CAL-EDM:2;CAL-EDM:3;KAM-KEL:1;KAM-KEL:2;OTT-MON:1;OTT-MON:2,3.3333333333333335,0.8677951816655245
5056.6851943657675,0.004102515352445119,0.9595543381441385,0.7695147735532373,0.995928281317465,optimal,13.328525321782664,7,3,18,0,0.23713737056616555,173,0.044313899998087436,CAL-EDM:1;CAL-EDM:2;CAL-EDM:3;KAM-KEL:1;KAM-KEL:2;OTT-MON:1;OTT-MON:2,3.3333333333333335,0.8677951816655245
79664.02714141073,0.02134785879871241,0.9595543381441385,0.7695147735532373,0.995928281317465,optimal,25.261518945176412,7,3,18,0,0.23713737056616555,785,0.6416508999536745,CAL-EDM:1;CAL-EDM:2;CAL-EDM:3;KAM-KEL:1;KAM-KEL:2;OTT-MON:1;OTT-MON:2,3.3333333333333335,0.8677951816655245
79664.02714141073,0.004102515352445119,0.9389552583079785,0.7695147735532373,0.995928281317465,optimal,24.517810570384988,7,3,18,0,0.23713737056616555,173,0.055328099988400936,CAL-EDM:1;CAL-EDM:2;CAL-EDM:3;KAM-KEL:1;KAM-KEL:2;OTT-MON:1;OTT-MON:2,3.3333333333333335,0.8102786910497737
79664.02714141073,0.004102515352445119,0.9595543381441385,0.8420870258472859,0.995928281317465,optimal,26.171661132630852,7,3,18,0,0.23713737056616555,173,0.05514830001629889,CAL-EDM:1;CAL-EDM:2;CAL-EDM:3;KAM-KEL:1;KAM-KEL:2;OTT-MON:1;OTT-MON:2,3.3333333333333335,0.8677951816655245
79664.02714141073,0.004102515352445119,0.9595543381441385,0.7695147735532373,0.8491375584965571,optimal,21.97888550278308,7,3,18,0,0.23713737056616555,173,0.05575529998168349,CAL-EDM:1;CAL-EDM:2;CAL-EDM:3;KAM-KEL:1;KAM-KEL:2;OTT-MON:1;OTT-MON:2,3.3333333333333335,0.6779036078162081
5056.6851943657675,0.02134785879871241,0.9389552583079785,0.8420870258472859,0.8491375584965571,optimal,10.855062476334563,4,2,18,0,0.46415888336127825,368,0.13950379996094853,KAM-KEL:1;KAM-KEL:2;OTT-MON:1;OTT-MON:2,3.0,0.6691858672917872
4665.0229975411785,0.06911783923120542,0.9534693690314889,0.569159691175446,0.7104289300115779,optimal,5.482034867051334,4,2,18,0,0.46415888336127825,231,0.05273349996423349,KAM-KEL:1;KAM-KEL:2;OTT-MON:1;OTT-MON:2,3.0,0.5623592170191989
94797.55306329834,0.06911783923120542,0.9534693690314889,0.569159691175446,0.7104289300115779,optimal,14.171822311137966,4,2,18,0,0.46415888336127825,231,0.061180800024885684,KAM-KEL:1;KAM-KEL:2;OTT-MON:1;OTT-MON:2,3.0,0.5623592170191989
4665.0229975411785,0.002004506704229168,0.9534693690314889,0.569159691175446,0.7104289300115779,optimal,5.482034867051334,4,2,18,0,0.46415888336127825,101,0.01674629998160526,KAM-KEL:1;KAM-KEL:2;OTT-MON:1;OTT-MON:2,3.0,0.5623592170191989
4665.0229975411785,0.06911783923120542,0.9746694635841996,0.569159691175446,0.7104289300115779,optimal,6.587081256817601,4,2,18,0,0.46415888336127825,231,0.06798509997315705,KAM-KEL:1;KAM-KEL:2;OTT-MON:1;OTT-MON:2,3.0,0.5914590547465972
4665.0229975411785,0.06911783923120542,0.9534693690314889,0.5619217463769018,0.7104289300115779,optimal,5.408177836032641,4,2,18,0,0.46415888336127825,231,0.050189899979159236,KAM-KEL:1;KAM-KEL:2;OTT-MON:1;OTT-MON:2,3.0,0.5623592170191989
4665.0229975411785,0.06911783923120542,0.9534693690314889,0.569159691175446,0.8805548491068185,optimal,9.246353367037862,4,2,18,0,0.46415888336127825,457,0.1893376000225544,KAM-KEL:1;KAM-KEL:2;OTT-MON:1;OTT-MON:2,3.0,0.7298725134247861
94797.55306329834,0.002004506704229168,0.9746694635841996,0.5619217463769018,0.8805548491068185,optimal,18.375049312469063,4,2,18,0,0.46415888336127825,101,0.025418800010811538,KAM-KEL:1;KAM-KEL:2;OTT-MON:1;OTT-MON:2,3.0,0.7745781328195285
6322.351724641093,0.0017546246781126892,0.9646360811609775,0.6512071468867362,0.9449191018585116,infeasible,-50.0,0,0,18,0,,0,0.00044189998880028725,,,
132245.16028101763,0.0017546246781126892,0.9646360811609775,0.6512071468867362,0.9449191018585116,infeasible,-50.0,0,0,18,0,,0,0.000319099985063076,,,
6322.351724641093,0.05493359023011865,0.9646360811609775,0.6512071468867362,0.9449191018585116,optimal,11.937987438907022,4,2,18,0,0.46415888336127825,673,0.41185630002291873,KAM-KEL:1;KAM-KEL:2;OTT-MON:1;OTT-MON:2,3.0,0.8293240372224557
6322.351724641093,0.0017546246781126892,0.9795104682557285,0.6512071468867362,0.9449191018585116,infeasible,-50.0,0,0,18,0,,0,0.0004173999768681824,,,
6322.351724641093,0.0017546246781126892,0.9646360811609775,0.6232507203705608,0.9449191018585116,infeasible,-50.0,0,0,18,0,,0,0.00032729998929426074,,,
6322.351724641093,0.0017546246781126892,0.9646360811609775,0.6512071468867362,0.7929590571178123,infeasible,-50.0,0,0,18,0,,0,0.0003200999926775694,,,
132245.16028101763,0.05493359023011865,0.9795104682557285,0.6232507203705608,0.7929590571178123,optimal,21.214424486643026,7,3,18,0,0.23713737056616555,368,0.1257583000115119,CAL-EDM:1;CAL-EDM:2;CAL-EDM:3;KAM-KEL:1;KAM-KEL:2;OTT-MON:1;OTT-MON:2,3.3333333333333335,0.6508992392668557
54253.14644684798,0.028544761396376447,0.9585329524204135,0.9079210800118744,0.7625594250708818,optimal,17.360878686583685,7,3,18,0,0.23713737056616555,311,0.09411180001916364,CAL-EDM:1;CAL-EDM:2;CAL-EDM:3;KAM-KEL:1;KAM-KEL:2;OTT-MON:1;OTT-MON:2,3.3333333333333335,0.5834388560900939
12394.85621983897,0.028544761396376447,0.9585329524204135,0.9079210800118744,0.7625594250708818,optimal,12.829654962429235,4,2,18,0,0.46415888336127825,311,0.11173569998936728,KAM-KEL:1;KAM-KEL:2;OTT-MON:1;OTT-MON:2,3.0,0.6177096430975575
54253.14644684798,0.004387259725307845,0.9585329524204135,0.9079210800118744,0.7625594250708818,optimal,17.360878686583685,7,3,18,0,0.23713737056616555,157,0.03707550000399351,CAL-EDM:1;CAL-EDM:2;CAL-EDM:3;KAM-KEL:1;KAM-KEL:2;OTT-MON:1;OTT-MON:2,3.3333333333333335,0.5834388560900939
54253.14644684798,0.028544761396376447,0.9437785601317883,0.9079210800118744,0.7625594250708818,optimal,16.477589657237907,4,2,18,0,0.46415888336127825,231,0.07147429999895394,KAM-KEL:1;KAM-KEL:2;OTT-MON:1;OTT-MON:2,3.0,0.5952132716783786
54253.14644684798,0.028544761396376447,0.9585329524204135,0.7948431494645773,0.7625594250708818,optimal,16.321998692296148,4,2,18,0,0.46415888336127825,311,0.11164489999646321,KAM-KEL:1;KAM-KEL:2;OTT-MON:1;OTT-MON:2,3.0,0.6177096430975575
54253.14644684798,0.028544761396376447,0.9585329524204135,0.9079210800118744,0.9048148649185896,optimal,23.423541971467,7,3,18,0,0.23713737056616555,505,0.25227519997861236,CAL-EDM:1;CAL-EDM:2;CAL-EDM:3;KAM-KEL:1;KAM-KEL:2;OTT-MON:1;OTT-MON:2,3.3333333333333335,0.7426400598538706
12394.85621983897,0.004387259725307845,0.9437785601317883,0.7948431494645773,0.9048148649185896,optimal,15.030919952183154,7,3,18,0,0.23713737056616555,173,0.04949050000868738,CAL-EDM:1;CAL-EDM:2;CAL-EDM:3;KAM-KEL:1;KAM-KEL:2;OTT-MON:1;OTT-MON:2,3.3333333333333335,0.709616727879857
37824.05230180868,0.009598697290529026,0.9787813555337489,0.6117652050685137,0.8263413211870938,optimal,16.710613282388955,7,3,18,0,0.23713737056616555,327,0.12706400000024587,CAL-EDM:1;CAL-EDM:2;CAL-EDM:3;KAM-KEL:1;KAM-KEL:2;OTT-MON:1;OTT-MON:2,3.3333333333333335,0.6890199575009904
3265.162437036499,0.009598697290529026,0.9787813555337489,0.6117652050685137,0.8263413211870938,optimal,8.505254830661608,4,2,18,0,0.46415888336127825,327,0.12856600002851337,KAM-KEL:1;KAM-KEL:2;OTT-MON:1;OTT-MON:2,3.0,0.7198813135560017
37824.05230180868,0.03007543521993438,0.9787813555337489,0.6117652050685137,0.8263413211870938,optimal,16.710613282388955,7,3,18,0,0.23713737056616555,368,0.14504430000670254,CAL-EDM:1;CAL-EDM:2;CAL-EDM:3;KAM-KEL:1;KAM-KEL:2;OTT-MON:1;OTT-MON:2,3.3333333333333335,0.6890199575009904
37824.05230180868,0.009598697290529026,0.9328215709868819,0.6117652050685137,0.8263413211870938,optimal,14.197170755930959,4,2,18,0,0.46415888336127825,303,0.11069489998044446,KAM-KEL:1;KAM-KEL:2;OTT-MON:1;OTT-MON:2,3.0,0.6364720678679999
37824.05230180868,0.009598697290529026,0.9787813555337489,0.8674401652533561,0.8263413211870938,optimal,20.237116626699418,7,3,18,0,0.23713737056616555,327,0.11030170001322404,CAL-EDM:1;CAL-EDM:2;CAL-EDM:3;KAM-KEL:1;KAM-KEL:2;OTT-MON:1;OTT-MON:2,3.3333333333333335,0.6890199575009904
37824.05230180868,0.009598697290529026,0.9787813555337489,0.6117652050685137,0.9397303062891588,optimal,19.37464686979261,7,3,18,0,0.23713737056616555,457,0.2639289999497123,CAL-EDM:1;CAL-EDM:2;CAL-EDM:3;KAM-KEL:1;KAM-KEL:2;OTT-MON:1;OTT-MON:2,3.3333333333333335,0.8400874571462111
3265.162437036499,0.03007543521993438,0.9328215709868819,0.8674401652533561,0.9397303062891588,optimal,10.888621298784615,4,2,18,0,0.46415888336127825,505,0.24591460003284737,KAM-KEL:1;KAM-KEL:2;OTT-MON:1;OTT-MON:2,3.0,0.749810800541296
3083.167882477261,0.049326956708154464,0.9336782362367958,0.727843141136691,0.8811635882928968,optimal,8.93771022687521,4,2,18,0,0.46415888336127825,368,0.1420403000083752,KAM-KEL:1;KAM-KEL:2;OTT-MON:1;OTT-MON:2,3.0,0.691108903728056
35565.3099598545,0.049326956708154464,0.9336782362367958,0.727843141136691,0.8811635882928968,optimal,17.506783136278514,7,3,18,0,0.23713737056616555,368,0.15129270002944395,CAL-EDM:1;CAL-EDM:2;CAL-EDM:3;KAM-KEL:1;KAM-KEL:2;OTT-MON:1;OTT-MON:2,3.3333333333333335,0.6621785053146686
3083.167882477261,0.00244556616595469,0.9336782362367958,0.727843141136691,0.8811635882928968,optimal,8.93771022687521,4,2,18,0,0.46415888336127825,101,0.03089119994547218,KAM-KEL:1;KAM-KEL:2;OTT-MON:1;OTT-MON:2,3.0,0.691108903728056
3083.167882477261,0.049326956708154464,0.9709772905241698,0.727843141136691,0.8811635882928968,optimal,9.906004961502411,4,2,18,0,0.46415888336127825,505,0.222921300039161,KAM-KEL:1;KAM-KEL:2;OTT-MON:1;OTT-MON:2,3.0,0.7673152904326052
3083.167882477261,0.049326956708154464,0.9336782362367958,0.5855719345156103,0.8811635882928968,optimal,7.682585600288046,4,2,18,0,0.46415888336127825,368,0.11092259996803477,KAM-KEL:1;KAM-KEL:2;OTT-MON:1;OTT-MON:2,3.0,0.691108903728056
3083.167882477261,0.049326956708154464,0.9336782362367958,0.727843141136691,0.7557577766515314,optimal,6.219061207333835,4,2,18,0,0.46415888336127825,231,0.07237499998882413,KAM-KEL:1;KAM-KEL:2;OTT-MON:1;OTT-MON:2,3.0,0.5744875122649432
35565.3099598545,0.00244556616595469,0.9709772905241698,0.5855719345156103,0.7557577766515314,optimal,13.638889036536007,4,2,18,0,0.46415888336127825,101,0.02900839998619631,KAM-KEL:1;KAM-KEL:2;OTT-MON:1;OTT-MON:2,3.0,0.6305462783235496
1304.7042768853044,0.004244152695860524,0.9451552610620857,0.8371454630978405,0.8907293132627383,optimal,7.7196342889494485,4,2,18,0,0.46415888336127825,173,0.046656199963763356,KAM-KEL:1;KAM-KEL:2;OTT-MON:1;OTT-MON:2,3.0,0.7238211088549626
55174.75429760171,0.004244152695860524,0.9451552610620857,0.8371454630978405,0.8907293132627383,optimal,21.7128423750988,7,3,18,0,0.23713737056616555,173,0.053058600053191185,CAL-EDM:1;CAL-EDM:2;CAL-EDM:3;KAM-KEL:1;KAM-KEL:2;OTT-MON:1;OTT-MON:2,3.3333333333333335,0.6962752908988774
1304.7042768853044,0.01428601613376083,0.9451552610620857,0.8371454630978405,0.8907293132627383,optimal,7.7196342889494485,4,2,18,0,0.46415888336127825,449,0.18264880002243444,KAM-KEL:1;KAM-KEL:2;OTT-MON:1;OTT-MON:2,3.0,0.7238211088549626
1304.7042768853044,0.004244152695860524,0.9229176170285791,0.8371454630978405,0.8907293132627383,optimal,7.087541455017625,4,2,18,0,0.46415888336127825,173,0.051117700000759214,KAM-KEL:1;KAM-KEL:2;OTT-MON:1;OTT-MON:2,3.0,0.679788368524596
1304.7042768853044,0.004244152695860524,0.9451552610620857,0.9226563752628862,0.8907293132627383,optimal,8.280894756166127,4,2,18,0,0.46415888336127825,173,0.04305660002864897,KAM-KEL:1;KAM-KEL:2;OTT-MON:1;OTT-MON:2,3.0,0.7238211088549626
1304.7042768853044,0.004244152695860524,0.9451552610620857,0.8371454630978405,0.8709497646773234,optimal,7.438063508903667,4,2,18,0,0.46415888336127825,173,0.0384920000215061,KAM-KEL:1;KAM-KEL:2;OTT-MON:1;OTT-MON:2,3.0,0.7030113960098474
55174.75429760171,0.01428601613376083,0.9229176170285791,0.9226563752628862,0.8709497646773234,optimal,20.753299891149545,7,3,18,0,0.23713737056616555,368,0.1417364999651909,CAL-EDM:1;CAL-EDM:2;CAL-EDM:3;KAM-KEL:1;KAM-KEL:2;OTT-MON:1;OTT-MON:2,3.3333333333333335,0.6309757114819349
21937.323715411745,0.08253653114382484,0.978051853807643,0.5031220586039126,0.815803034751676,optimal,12.693515917067677,4,2,18,0,0.46415888336127825,368,0.1509313000133261,KAM-KEL:1;KAM-KEL:2;OTT-MON:1;OTT-MON:2,3.0,0.7065990908310156
5735.669067828268,0.08253653114382484,0.978051853807643,0.5031220586039126,0.815803034751676,optimal,8.82280823675743,4,2,18,0,0.46415888336127825,368,0.14198270003544167,KAM-KEL:1;KAM-KEL:2;OTT-MON:1;OTT-MON:2,3.0,0.7065990908310156
21937.323715411745,0.001756949739609657,0.978051853807643,0.5031220586039126,0.815803034751676,infeasible,-50.0,0,0,18,0,,0,0.0006222000229172409,,,
21937.323715411745,0.08253653114382484,0.9604576610792428,0.5031220586039126,0.815803034751676,optimal,12.20282633117661,4,2,18,0,0.46415888336127825,368,0.15036879997933283,KAM-KEL:1;KAM-KEL:2;OTT-MON:1;OTT-MON:2,3.0,0.6742899173905135
21937.323715411745,0.08253653114382484,0.978051853807643,0.5313642895780504,0.815803034751676,optimal,13.008687240291675,4,2,18,0,0.46415888336127825,368,0.15225529996678233,KAM-KEL:1;KAM-KEL:2;OTT-MON:1;OTT-MON:2,3.0,0.7065990908310156
21937.323715411745,0.08253653114382484,0.978051853807643,0.5031220586039126,0.8307041254024953,optimal,12.919513201886373,4,2,18,0,0.46415888336127825,368,0.1413101000362076,KAM-KEL:1;KAM-KEL:2;OTT-MON:1;OTT-MON:2,3.0,0.7234314926410056
5735.669067828268,0.001756949739609657,0.9604576610792428,0.5313642895780504,0.8307041254024953,infeasible,-50.0,0,0,18,0,,0,0.0004954999894835055,,,
177685.49712830322,0.002486601065805946,0.9200339572634548,0.8768139484804123,0.7363126273760572,optimal,17.192084302388295,4,2,18,0,0.46415888336127825,101,0.027416300028562546,KAM-KEL:1;KAM-KEL:2;OTT-MON:1;OTT-MON:2,3.0,0.5399295022451958
1541.5230613635536,0.002486601065805946,0.9200339572634548,0.8768139484804123,0.7363126273760572,optimal,3.4944330039623934,4,2,18,0,0.46415888336127825,101,0.014681000029668212,KAM-KEL:1;KAM-KEL:2;OTT-MON:1;OTT-MON:2,3.0,0.5399295022451958
177685.49712830322,0.07541842129734254,0.9200339572634548,0.8768139484804123,0.7363126273760572,optimal,17.192084302388295,4,2,18,0,0.46415888336127825,231,0.07096569996792823,KAM-KEL:1;KAM-KEL:2;OTT-MON:1;OTT-MON:2,3.0,0.5399295022451958
177685.49712830322,0.002486601065805946,0.9885057146772742,0.8768139484804123,0.7363126273760572,optimal,20.774695218250784,4,2,18,0,0.46415888336127825,101,0.022443699999712408,KAM-KEL:1;KAM-KEL:2;OTT-MON:1;OTT-MON:2,3.0,0.6382071688500996
177685.49712830322,0.002486601065805946,0.9200339572634548,0.6817430064547807,0.7363126273760572,optimal,15.739913288371005,4,2,18,0,0.46415888336127825,101,0.02422879997175187,KAM-KEL:1;KAM-KEL:2;OTT-MON:1;OTT-MON:2,3.0,0.5399295022451958
177685.49712830322,0.002486601065805946,0.9200339572634548,0.8768139484804123,0.7217966039823368,optimal,16.23027015641102,4,2,18,0,0.46415888336127825,101,0.02665409998735413,KAM-KEL:1;KAM-KEL:2;OTT-MON:1;OTT-MON:2,3.0,0.5286105655250669
1541.5230613635536,0.07541842129734254,0.9885057146772742,0.6817430064547807,0.7217966039823368,optimal,5.289731130140066,4,2,18,0,0.46415888336127825,311,0.09137249999912456,KAM-KEL:1;KAM-KEL:2;OTT-MON:1;OTT-MON:2,3.0,0.6230514418734134
7865.4036353125,0.015309603378849993,0.9919305219687522,0.6834129154216498,0.970175966403447,optimal,14.662645481537492,7,3,18,0,0.23713737056616555,721,0.562335999973584,CAL-EDM:1;CAL-EDM:2;CAL-EDM:3;KAM-KEL:1;KAM-KEL:2;OTT-MON:1;OTT-MON:2,3.3333333333333335,0.9242177121742788
14525.222763567224,0.015309603378849993,0.9919305219687522,0.6834129154216498,0.970175966403447,optimal,17.317548224042195,7,3,18,0,0.23713737056616555,721,0.5557116999989375,CAL-EDM:1;CAL-EDM:2;CAL-EDM:3;KAM-KEL:1;KAM-KEL:2;OTT-MON:1;OTT-MON:2,3.3333333333333335,0.9242177121742788
7865.4036353125,0.00944358372683426,0.9919305219687522,0.6834129154216498,0.970175966403447,optimal,14.662645481537492,7,3,18,0,0.23713737056616555,457,0.2454027000349015,CAL-EDM:1;CAL-EDM:2;CAL-EDM:3;KAM-KEL:1;KAM-KEL:2;OTT-MON:1;OTT-MON:2,3.3333333333333335,0.9242177121742788
7865.4036353125,0.015309603378849993,0.9533787732757628,0.6834129154216498,0.970175966403447,optimal,13.35972776627637,7,3,18,0,0.23713737056616555,617,0.39158840000163764,CAL-EDM:1;CAL-EDM:2;CAL-EDM:3;KAM-KEL:1;KAM-KEL:2;OTT-MON:1;OTT-MON:2,3.3333333333333335,0.8148047503640461
7865.4036353125,0.015309603378849993,0.9919305219687522,0.7368803842458873,0.970175966403447,optimal,15.423356040224345,7,3,18,0,0.23713737056616555,721,0.5637560000177473,CAL-EDM:1;CAL-EDM:2;CAL-EDM:3;KAM-KEL:1;KAM-KEL:2;OTT-MON:1;OTT-MON:2,3.3333333333333335,0.9242177121742788
7865.4036353125,0.015309603378849993,0.9919305219687522,0.6834129154216498,0.9776590324509888,optimal,14.785619464746823,7,3,18,0,0.23713737056616555,721,0.5077144000097178,CAL-EDM:1;CAL-EDM:2;CAL-EDM:3;KAM-KEL:1;KAM-KEL:2;OTT-MON:1;OTT-MON:2,3.3333333333333335,0.9363708310314379
14525.222763567224,0.00944358372683426,0.9533787732757628,0.7368803842458873,0.9776590324509888,optimal,16.914927293599646,7,3,18,0,0.23713737056616555,457,0.20764159999089316,CAL-EDM:1;CAL-EDM:2;CAL-EDM:3;KAM-KEL:1;KAM-KEL:2;OTT-MON:1;OTT-MON:2,3.3333333333333335,0.8249344130516638
8434.551491643559,0.005209057225238996,0.9702001972850413,0.5626151363831013,0.7901774880681187,optimal,9.925684869472637,4,2,18,0,0.46415888336127825,173,0.04612380004255101,KAM-KEL:1;KAM-KEL:2;OTT-MON:1;OTT-MON:2,3.0,0.664654598846389
32405.67959585962,0.005209057225238996,0.9702001972850413,0.5626151363831013,0.7901774880681187,optimal,13.809411728848577,4,2,18,0,0.46415888336127825,173,0.048284600023180246,KAM-KEL:1;KAM-KEL:2;OTT-MON:1;OTT-MON:2,3.0,0.664654598846389
8434.551491643559,0.05639934236154449,0.9702001972850413,0.5626151363831013,0.7901774880681187,optimal,9.925684869472637,4,2,18,0,0.46415888336127825,311,0.11388269998133183,KAM-KEL:1;KAM-KEL:2;OTT-MON:1;OTT-MON:2,3.0,0.664654598846389
8434.551491643559,0.005209057225238996,0.9427607600744814,0.5626151363831013,0.7901774880681187,optimal,8.989757552088086,4,2,18,0,0.46415888336127825,173,0.04251270001986995,KAM-KEL:1;KAM-KEL:2;OTT-MON:1;OTT-MON:2,3.0,0.6190426995916876
8434.551491643559,0.005209057225238996,0.9702001972850413,0.5072506471537054,0.7901774880681187,optimal,9.327886604236243,4,2,18,0,0.46415888336127825,173,0.05297309998422861,KAM-KEL:1;KAM-KEL:2;OTT-MON:1;OTT-MON:2,3.0,0.664654598846389
8434.551491643559,0.005209057225238996,0.9702001972850413,0.5626151363831013,0.7390920706717297,optimal,8.833627924105528,4,2,18,0,0.46415888336127825,173,0.037654400046449155,KAM-KEL:1;KAM-KEL:2;OTT-MON:1;OTT-MON:2,3.0,0.6127724242298931
32405.67959585962,0.05639934236154449,0.9427607600744814,0.5072506471537054,0.7390920706717297,optimal,10.859424661075664,4,2,18,0,0.46415888336127825,231,0.08292399998754263,KAM-KEL:1;KAM-KEL:2;OTT-MON:1;OTT-MON:2,3.0,0.5728675508427599
195536.1006692067,0.09767427304452378,0.942178614128381,0.7769931830000132,0.9173271263241768,optimal,26.977882696450774,7,3,18,0,0.23713737056616555,505,0.26152490003732964,CAL-EDM:1;CAL-EDM:2;CAL-EDM:3;KAM-KEL:1;KAM-KEL:2;OTT-MON:1;OTT-MON:2,3.3333333333333335,0.7207458772959928
3585.924899500826,0.09767427304452378,0.942178614128381,0.7769931830000132,0.9173271263241768,optimal,10.480521369841199,4,2,18,0,0.46415888336127825,505,0.23831400001654401,KAM-KEL:1;KAM-KEL:2;OTT-MON:1;OTT-MON:2,3.0,0.746112850799856
195536.1006692067,0.007062092481933606,0.942178614128381,0.7769931830000132,0.9173271263241768,optimal,26.977882696450774,7,3,18,0,0.23713737056616555,326,0.12977389997104183,CAL-EDM:1;CAL-EDM:2;CAL-EDM:3;KAM-KEL:1;KAM-KEL:2;OTT-MON:1;OTT-MON:2,3.3333333333333335,0.7207458772959928
195536.1006692067,0.09767427304452378,0.9809094352591783,0.7769931830000132,0.9173271263241768,optimal,28.539216054134496,7,3,18,0,0.23713737056616555,633,0.35937469999771565,CAL-EDM:1;CAL-EDM:2;CAL-EDM:3;KAM-KEL:1;KAM-KEL:2;OTT-MON:1;OTT-MON:2,3.3333333333333335,0.8134956025191092
195536.1006692067,0.09767427304452378,0.942178614128381,0.9038160362280905,0.9173271263241768,optimal,28.504773191488837,7,3,18,0,0.23713737056616555,505,0.23102540004765615,CAL-EDM:1;CAL-EDM:2;CAL-EDM:3;KAM-KEL:1;KAM-KEL:2;OTT-MON:1;OTT-MON:2,3.3333333333333335,0.7207458772959928
195536.1006692067,0.09767427304452378,0.942178614128381,0.7769931830000132,0.9945173908695579,optimal,28.597713141007365,7,3,18,0,0.23713737056616555,705,0.43179499998223037,CAL-EDM:1;CAL-EDM:2;CAL-EDM:3;KAM-KEL:1;KAM-KEL:2;OTT-MON:1;OTT-MON:2,3.3333333333333335,0.81714971108305
3585.924899500826,0.007062092481933606,0.9809094352591783,0.9038160362280905,0.9945173908695579,optimal,14.140803677891462,7,3,18,0,0.23713737056616555,367,0.15646869997726753,CAL-EDM:1;CAL-EDM:2;CAL-EDM:3;KAM-KEL:1;KAM-KEL:2;OTT-MON:1;OTT-MON:2,3.3333333333333335,0.9295345723861965
20351.009843763844,0.0028019851037065927,0.9950500004664063,0.6301820513792336,0.9810652724821121,optimal,16.071317327789238,4,2,18,0,0.46415888336127825,101,0.0265030000009574,KAM-KEL:1;KAM-KEL:2;OTT-MON:1;OTT-MON:2,3.0,0.957667966328912
13359.695028450215,0.0028019851037065927,0.9950500004664063,0.6301820513792336,0.9810652724821121,optimal,14.856890707880279,4,2,18,0,0.46415888336127825,101,0.02753399999346584,KAM-KEL:1;KAM-KEL:2;OTT-MON:1;OTT-MON:2,3.0,0.957667966328912
20351.009843763844,0.0106833566695854,0.9950500004664063,0.6301820513792336,0.9810652724821121,optimal,18.230962893326044,7,3,18,0,0.23713737056616555,513,0.2985331999952905,CAL-EDM:1;CAL-EDM:2;CAL-EDM:3;KAM-KEL:1;KAM-KEL:2;OTT-MON:1;OTT-MON:2,3.3333333333333335,0.9516740758086334
20351.009843763844,0.0028019851037065927,0.9699568984135986,0.6301820513792336,0.9810652724821121,optimal,15.59889187279882,4,2,18,0,0.46415888336127825,101,0.030451200029347092,KAM-KEL:1;KAM-KEL:2;OTT-MON:1;OTT-MON:2,3.0,0.8885468563021375
20351.009843763844,0.0028019851037065927,0.9950500004664063,0.7584672650787979,0.9810652724821121,optimal,17.14059033372601,4,2,18,0,0.46415888336127825,101,0.025939500017557293,KAM-KEL:1;KAM-KEL:2;OTT-MON:1;OTT-MON:2,3.0,0.957667966328912
20351.009843763844,0.0028019851037065927,0.9950500004664063,0.6301820513792336,0.885898897155188,optimal,15.101603578508378,4,2,18,0,0.46415888336127825,101,0.029109700000844896,KAM-KEL:1;KAM-KEL:2;OTT-MON:1;OTT-MON:2,3.0,0.8270348634342269
13359.695028450215,0.0106833566695854,0.9699568984135986,0.7584672650787979,0.885898897155188,optimal,15.575584834422717,7,3,18,0,0.23713737056616555,417,0.17973749997327104,CAL-EDM:1;CAL-EDM:2;CAL-EDM:3;KAM-KEL:1;KAM-KEL:2;OTT-MON:1;OTT-MON:2,3.3333333333333335,0.7447111227201221
1191.7255819860725,0.016633651047443153,0.9280284267533571,0.9289462023414671,0.7264129679128527,optimal,3.2588431971438654,4,2,18,0,0.46415888336127825,231,0.05640770000172779,KAM-KEL:1;KAM-KEL:2;OTT-MON:1;OTT-MON:2,3.0,0.5424073987608746
123253.99217071431,0.016633651047443153,0.9280284267533571,0.9289462023414671,0.7264129679128527,optimal,16.643720197735924,4,2,18,0,0.46415888336127825,231,0.0705487999948673,KAM-KEL:1;KAM-KEL:2;OTT-MON:1;OTT-MON:2,3.0,0.5424073987608746
1191.7255819860725,0.0013138806212313926,0.9280284267533571,0.9289462023414671,0.7264129679128527,infeasible,-50.0,0,0,18,0,,0,0.0005530999624170363,,,
1191.7255819860725,0.016633651047443153,0.9342225160636008,0.9289462023414671,0.7264129679128527,optimal,3.762471940900086,4,2,18,0,0.46415888336127825,231,0.04468099999940023,KAM-KEL:1;KAM-KEL:2;OTT-MON:1;OTT-MON:2,3.0,0.550494643835037
1191.7255819860725,0.016633651047443153,0.9280284267533571,0.7015719943214207,0.7264129679128527,optimal,1.6388276367542836,4,2,18,0,0.46415888336127825,231,0.059644400025717914,KAM-KEL:1;KAM-KEL:2;OTT-MON:1;OTT-MON:2,3.0,0.5424073987608746
1191.7255819860725,0.016633651047443153,0.9280284267533571,0.9289462023414671,0.8454947850964963,optimal,6.828667863743129,4,2,18,0,0.46415888336127825,311,0.09303310001268983,KAM-KEL:1;KAM-KEL:2;OTT-MON:1;OTT-MON:2,3.0,0.6461348458941647
123253.99217071431,0.0013138806212313926,0.9342225160636008,0.7015719943214207,0.8454947850964963,infeasible,-50.0,0,0,18,0,,0,0.00028310000197961926,,,
2860.335867592603,0.0014497091429035082,0.950528947789222,0.8556790366303175,0.7719154987866059,infeasible,-50.0,0,0,18,0,,0,0.00017610000213608146,,,
15957.308581928133,0.0014497091429035082,0.950528947789222,0.8556790366303175,0.7719154987866059,infeasible,-50.0,0,0,18,0,,0,0.00015769997844472528,,,
2860.335867592603,0.022592362145206196,0.950528947789222,0.8556790366303175,0.7719154987866059,optimal,8.168409529295339,4,2,18,0,0.46415888336127825,311,0.10413279995555058,KAM-KEL:1;KAM-KEL:2;OTT-MON:1;OTT-MON:2,3.0,0.6141625267894768
2860.335867592603,0.0014497091429035082,0.9591354610435665,0.8556790366303175,0.7719154987866059,infeasible,-50.0,0,0,18,0,,0,0.00030230003176257014,,,
2860.335867592603,0.0014497091429035082,0.950528947789222,0.8136843333952128,0.7719154987866059,infeasible,-50.0,0,0,18,0,,0,0.00015249999705702066,,,
2860.335867592603,0.0014497091429035082,0.950528947789222,0.8556790366303175,0.9606873932341113,infeasible,-50.0,0,0,18,0,,0,0.00013840000610798597,,,
15957.308581928133,0.022592362145206196,0.9591354610435665,0.8136843333952128,0.9606873932341113,optimal,18.216298702089894,7,3,18,0,0.23713737056616555,673,0.4363846000051126,CAL-EDM:1;CAL-EDM:2;CAL-EDM:3;KAM-KEL:1;KAM-KEL:2;OTT-MON:1;OTT-MON:2,3.3333333333333335,0.8172228076894706
34550.13668542263,0.024436098986370797,0.9615070855375379,0.7045478540938348,0.9345733815273269,optimal,19.679074213286327,7,3,18,0,0.23713737056616555,601,0.34563880000496283,CAL-EDM:1;CAL-EDM:2;CAL-EDM:3;KAM-KEL:1;KAM-KEL:2;OTT-MON:1;OTT-MON:2,3.3333333333333335,0.788156324361645
1405.9371057108517,0.024436098986370797,0.9615070855375379,0.7045478540938348,0.9345733815273269,optimal,7.873417498424461,4,2,18,0,0.46415888336127825,601,0.3218075000331737,KAM-KEL:1;KAM-KEL:2;OTT-MON:1;OTT-MON:2,3.0,0.8092963381656665
34550.13668542263,0.0018370844253350407,0.9615070855375379,0.7045478540938348,0.9345733815273269,infeasible,-50.0,0,0,18,0,,0,0.0009870000067166984,,,
34550.13668542263,0.024436098986370797,0.9240109938681126,0.7045478540938348,0.9345733815273269,optimal,18.047219002645964,7,3,18,0,0.23713737056616555,457,0.1880160000291653,CAL-EDM:1;CAL-EDM:2;CAL-EDM:3;KAM-KEL:1;KAM-KEL:2;OTT-MON:1;OTT-MON:2,3.3333333333333335,0.7000746174036993
34550.13668542263,0.024436098986370797,0.9615070855375379,0.6473652076907456,0.9345733815273269,optimal,18.824249127171015,7,3,18,0,0.23713737056616555,601,0.3306748000322841,CAL-EDM:1;CAL-EDM:2;CAL-EDM:3;KAM-KEL:1;KAM-KEL:2;OTT-MON:1;OTT-MON:2,3.3333333333333335,0.788156324361645
34550.13668542263,0.024436098986370797,0.9615070855375379,0.7045478540938348,0.7768722415622323,optimal,14.75075390577752,4,2,18,0,0.46415888336127825,311,0.11336999997729436,KAM-KEL:1;KAM-KEL:2;OTT-MON:1;OTT-MON:2,3.0,0.6364687381724392
1405.9371057108517,0.0018370844253350407,0.9240109938681126,0.6473652076907456,0.7768722415622323,infeasible,-50.0,0,0,18,0,,0,0.0004746000049635768,,,
58176.604705980295,0.008408151321145415,0.936645375924185,0.7878854707814753,0.8551443780520931,optimal,19.722469765034987,7,3,18,0,0.23713737056616555,302,0.10286450001876801,CAL-EDM:1;CAL-EDM:2;CAL-EDM:3;KAM-KEL:1;KAM-KEL:2;OTT-MON:1;OTT-MON:2,3.3333333333333335,0.6404194477451566
5343.980314196541,0.008408151321145415,0.936645375924185,0.7878854707814753,0.8551443780520931,optimal,10.659250854529192,4,2,18,0,0.46415888336127825,302,0.09606180002447218,KAM-KEL:1;KAM-KEL:2;OTT-MON:1;OTT-MON:2,3.0,0.670875710181233
58176.604705980295,0.04126555662404273,0.936645375924185,0.7878854707814753,0.8551443780520931,optimal,19.722469765034987,7,3,18,0,0.23713737056616555,368,0.129562399990391,CAL-EDM:1;CAL-EDM:2;CAL-EDM:3;KAM-KEL:1;KAM-KEL:2;OTT-MON:1;OTT-MON:2,3.3333333333333335,0.6404194477451566
58176.604705980295,0.008408151321145415,0.9520545951668173,0.7878854707814753,0.8551443780520931,optimal,20.64403704930807,7,3,18,0,0.23713737056616555,302,0.10662129998672754,CAL-EDM:1;CAL-EDM:2;CAL-EDM:3;KAM-KEL:1;KAM-KEL:2;OTT-MON:1;OTT-MON:2,3.3333333333333335,0.6699328383268669
58176.604705980295,0.008408151321145415,0.936645375924185,0.5657420749310405,0.8551443780520931,optimal,16.37757953944388,7,3,18,0,0.23713737056616555,302,0.10748519998742267,CAL-EDM:1;CAL-EDM:2;CAL-EDM:3;KAM-KEL:1;KAM-KEL:2;OTT-MON:1;OTT-MON:2,3.3333333333333335,0.6404194477451566
58176.604705980295,0.008408151321145415,0.936645375924185,0.7878854707814753,0.8114986466737464,optimal,17.57970082579262,7,3,18,0,0.23713737056616555,278,0.08360020001418889,CAL-EDM:1;CAL-EDM:2;CAL-EDM:3;KAM-KEL:1;KAM-KEL:2;OTT-MON:1;OTT-MON:2,3.3333333333333335,0.5965349637399198
5343.980314196541,0.04126555662404273,0.9520545951668173,0.5657420749310405,0.8114986466737464,optimal,8.468448254510356,4,2,18,0,0.46415888336127825,311,0.11199720000149682,KAM-KEL:1;KAM-KEL:2;OTT-MON:1;OTT-MON:2,3.0,0.6551032541762366
6957.225549009856,0.04476921216158476,0.9866234856322408,0.5523820240981877,0.8513882650500163,optimal,10.638061133834608,4,2,18,0,0.46415888336127825,505,0.25328090001130477,KAM-KEL:1;KAM-KEL:2;OTT-MON:1;OTT-MON:2,3.0,0.7650738205884646
59411.99388064093,0.04476921216158476,0.9866234856322408,0.5523820240981877,0.8513882650500163,optimal,18.67856796371423,7,3,18,0,0.23713737056616555,505,0.2580692999763414,CAL-EDM:1;CAL-EDM:2;CAL-EDM:3;KAM-KEL:1;KAM-KEL:2;OTT-MON:1;OTT-MON:2,3.3333333333333335,0.7369513832183247
6957.225549009856,0.0032956647896342037,0.9866234856322408,0.5523820240981877,0.8513882650500163,optimal,10.638061133834608,4,2,18,0,0.46415888336127825,125,0.034051100024953485,KAM-KEL:1;KAM-KEL:2;OTT-MON:1;OTT-MON:2,3.0,0.7650738205884646
6957.225549009856,0.04476921216158476,0.989601683570072,0.5523820240981877,0.8513882650500163,optimal,10.70554539801742,4,2,18,0,0.46415888336127825,505,0.23447820002911612,KAM-KEL:1;KAM-KEL:2;OTT-MON:1;OTT-MON:2,3.0,0.7713465046729308
6957.225549009856,0.04476921216158476,0.9866234856322408,0.8458524127025158,0.8513882650500163,optimal,13.69923444936051,7,3,18,0,0.23713737056616555,505,0.2417972999974154,CAL-EDM:1;CAL-EDM:2;CAL-EDM:3;KAM-KEL:1;KAM-KEL:2;OTT-MON:1;OTT-MON:2,3.3333333333333335,0.7369513832183247
6957.225549009856,0.04476921216158476,0.9866234856322408,0.5523820240981877,0.9237926575634628,optimal,11.492312374215548,4,2,18,0,0.46415888336127825,705,0.4604053999646567,KAM-KEL:1;KAM-KEL:2;OTT-MON:1;OTT-MON:2,3.0,0.856405552482582
59411.99388064093,0.0032956647896342037,0.989601683570072,0.8458524127025158,0.9237926575634628,optimal,24.66984872745035,7,3,18,0,0.23713737056616555,125,0.025132799986749887,CAL-EDM:1;CAL-EDM:2;CAL-EDM:3;KAM-KEL:1;KAM-KEL:2;OTT-MON:1;OTT-MON:2,3.3333333333333335,0.8455782682328165
5107.16161035977,0.002031363582731963,0.9312915162760764,0.6908432563301176,0.907274513874203,optimal,10.402485538821796,4,2,18,0,0.46415888336127825,101,0.03146480000577867,KAM-KEL:1;KAM-KEL:2;OTT-MON:1;OTT-MON:2,3.0,0.7127578970172419
151931.6685558643,0.002031363582731963,0.9312915162760764,0.6908432563301176,0.907274513874203,optimal,20.191999725453705,4,2,18,0,0.46415888336127825,101,0.02592220000224188,KAM-KEL:1;KAM-KEL:2;OTT-MON:1;OTT-MON:2,3.0,0.7127578970172419
5107.16161035977,0.028549093265097056,0.9312915162760764,0.6908432563301176,0.907274513874203,optimal,10.402485538821796,4,2,18,0,0.46415888336127825,457,0.19287569995503873,KAM-KEL:1;KAM-KEL:2;OTT-MON:1;OTT-MON:2,3.0,0.7127578970172419
5107.16161035977,0.002031363582731963,0.9651926905661822,0.6908432563301176,0.907274513874203,optimal,11.249354415019551,4,2,18,0,0.46415888336127825,101,0.03709950001211837,KAM-KEL:1;KAM-KEL:2;OTT-MON:1;OTT-MON:2,3.0,0.7853331007799514
5107.16161035977,0.002031363582731963,0.9312915162760764,0.7845992580521852,0.907274513874203,optimal,11.13687575008138,4,2,18,0,0.46415888336127825,101,0.02788670000154525,KAM-KEL:1;KAM-KEL:2;OTT-MON:1;OTT-MON:2,3.0,0.7127578970172419
5107.16161035977,0.002031363582731963,0.9312915162760764,0.6908432563301176,0.8349200382241979,optimal,9.233642764453704,4,2,18,0,0.46415888336127825,101,0.027014499995857477,KAM-KEL:1;KAM-KEL:2;OTT-MON:1;OTT-MON:2,3.0,0.6418918075801159
151931.6685558643,0.028549093265097056,0.9651926905661822,0.7845992580521852,0.8349200382241979,optimal,24.817786985052933,7,3,18,0,0.23713737056616555,368,0.15333070000633597,CAL-EDM:1;CAL-EDM:2;CAL-EDM:3;KAM-KEL:1;KAM-KEL:2;OTT-MON:1;OTT-MON:2,3.3333333333333335,0.6725508804402955
85872.16117550131,0.010444047569368337,0.9812515035495162,0.8702075922396033,0.8003790000583977,optimal,23.091584096388615,7,3,18,0,0.23713737056616555,343,0.11434820003341883,CAL-EDM:1;CAL-EDM:2;CAL-EDM:3;KAM-KEL:1;KAM-KEL:2;OTT-MON:1;OTT-MON:2,3.3333333333333335,0.6627154011583104
8443.409630720505,0.010444047569368337,0.9812515035495162,0.8702075922396033,0.8003790000583977,optimal,13.052705432369274,7,3,18,0,0.23713737056616555,343,0.12728499999502674,CAL-EDM:1;CAL-EDM:2;CAL-EDM:3;KAM-KEL:1;KAM-KEL:2;OTT-MON:1;OTT-MON:2,3.3333333333333335,0.6627154011583104
85872.16117550131,0.0026806831750133403,0.9812515035495162,0.8702075922396033,0.8003790000583977,optimal,19.63089199595308,4,2,18,0,0.46415888336127825,101,0.031043299997691065,KAM-KEL:1;KAM-KEL:2;OTT-MON:1;OTT-MON:2,3.0,0.6953168824450333
85872.16117550131,0.010444047569368337,0.9276278946660459,0.8702075922396033,0.8003790000583977,optimal,17.82235075208539,4,2,18,0,0.46415888336127825,311,0.10749960003886372,KAM-KEL:1;KAM-KEL:2;OTT-MON:1;OTT-MON:2,3.0,0.6043583496089497
85872.16117550131,0.010444047569368337,0.9812515035495162,0.6129518939647823,0.8003790000583977,optimal,19.552483832676813,7,3,18,0,0.23713737056616555,343,0.13154470000881702,CAL-EDM:1;CAL-EDM:2;CAL-EDM:3;KAM-KEL:1;KAM-KEL:2;OTT-MON:1;OTT-MON:2,3.3333333333333335,0.6627154011583104
85872.16117550131,0.010444047569368337,0.9812515035495162,0.8702075922396033,0.8662149807717651,optimal,25.00905428096253,7,3,18,0,0.23713737056616555,417,0.1712464999873191,CAL-EDM:1;CAL-EDM:2;CAL-EDM:3;KAM-KEL:1;KAM-KEL:2;OTT-MON:1;OTT-MON:2,3.3333333333333335,0.744564818639628
8443.409630720505,0.0026806831750133403,0.9276278946660459,0.6129518939647823,0.8662149807717651,optimal,10.430173973806909,4,2,18,0,0.46415888336127825,101,0.02943479997338727,KAM-KEL:1;KAM-KEL:2;OTT-MON:1;OTT-MON:2,3.0,0.6650521620143531
45391.70668061601,0.003498483014775713,0.956443645182997,0.5087911973707377,0.7388435360006987,optimal,12.526665567095549,4,2,18,0,0.46415888336127825,117,0.032658500014804304,KAM-KEL:1;KAM-KEL:2;OTT-MON:1;OTT-MON:2,3.0,0.5921487815999088
2269.2829581365495,0.003498483014775713,0.956443645182997,0.5087911973707377,0.7388435360006987,optimal,3.882424932410168,4,2,18,0,0.46415888336127825,117,0.023728200001642108,KAM-KEL:1;KAM-KEL:2;OTT-MON:1;OTT-MON:2,3.0,0.5921487815999088
45391.70668061601,0.05033133895847035,0.956443645182997,0.5087911973707377,0.7388435360006987,optimal,12.526665567095549,4,2,18,0,0.46415888336127825,231,0.07201299996813759,KAM-KEL:1;KAM-KEL:2;OTT-MON:1;OTT-MON:2,3.0,0.5921487815999088
45391.70668061601,0.003498483014775713,0.9581128591280431,0.5087911973707377,0.7388435360006987,optimal,12.60180097746031,4,2,18,0,0.46415888336127825,117,0.03145910002058372,KAM-KEL:1;KAM-KEL:2;OTT-MON:1;OTT-MON:2,3.0,0.59457984619585
45391.70668061601,0.003498483014775713,0.956443645182997,0.5965848655439914,0.7388435360006987,optimal,13.445280240963953,4,2,18,0,0.46415888336127825,117,0.034205099975224584,KAM-KEL:1;KAM-KEL:2;OTT-MON:1;OTT-MON:2,3.0,0.5921487815999088
45391.70668061601,0.003498483014775713,0.956443645182997,0.5087911973707377,0.9728629435421898,optimal,18.12910878649967,7,3,18,0,0.23713737056616555,125,0.035731000010855496,CAL-EDM:1;CAL-EDM:2;CAL-EDM:3;KAM-KEL:1;KAM-KEL:2;OTT-MON:1;OTT-MON:2,3.3333333333333335,0.8266785625746466
2269.2829581365495,0.05033133895847035,0.9581128591280431,0.5965848655439914,0.9728629435421898,optimal,8.630424133575652,4,2,18,0,0.46415888336127825,713,0.4780529999989085,KAM-KEL:1;KAM-KEL:2;OTT-MON:1;OTT-MON:2,3.0,0.8474316678174602
2009.2901940330796,0.056814141837750756,0.9674036047067494,0.8287846638821066,0.9687660782914609,optimal,10.326914066807626,4,2,18,0,0.46415888336127825,729,0.4993852999759838,KAM-KEL:1;KAM-KEL:2;OTT-MON:1;OTT-MON:2,3.0,0.8660358458952776
39996.855535576186,0.056814141837750756,0.9674036047067494,0.8287846638821066,0.9687660782914609,optimal,22.822744340215166,7,3,18,0,0.23713737056616555,729,0.5006547999801114,CAL-EDM:1;CAL-EDM:2;CAL-EDM:3;KAM-KEL:1;KAM-KEL:2;OTT-MON:1;OTT-MON:2,3.3333333333333335,0.8509761724639824
2009.2901940330796,0.004641705644515466,0.9674036047067494,0.8287846638821066,0.9687660782914609,optimal,10.326914066807626,4,2,18,0,0.46415888336127825,197,0.06304380000801757,KAM-KEL:1;KAM-KEL:2;OTT-MON:1;OTT-MON:2,3.0,0.8660358458952776
2009.2901940330796,0.056814141837750756,0.9932169455382973,0.8287846638821066,0.9687660782914609,optimal,10.824677420394572,4,2,18,0,0.46415888336127825,809,0.6941760999616235,KAM-KEL:1;KAM-KEL:2;OTT-MON:1;OTT-MON:2,3.0,0.934955140625727
2009.2901940330796,0.056814141837750756,0.9674036047067494,0.8785080379806458,0.9687660782914609,optimal,10.66314678363059,4,2,18,0,0.46415888336127825,729,0.523021399974823,KAM-KEL:1;KAM-KEL:2;OTT-MON:1;OTT-MON:2,3.0,0.8660358458952776
2009.2901940330796,0.056814141837750756,0.9674036047067494,0.8287846638821066,0.7259862278047948,optimal,6.463930661710412,4,2,18,0,0.46415888336127825,231,0.05589979997603223,KAM-KEL:1;KAM-KEL:2;OTT-MON:1;OTT-MON:2,3.0,0.5959592133559809
39996.855535576186,0.004641705644515466,0.9932169455382973,0.8785080379806458,0.7259862278047948,optimal,16.94076159650832,7,3,18,0,0.23713737056616555,173,0.04727020004065707,CAL-EDM:1;CAL-EDM:2;CAL-EDM:3;KAM-KEL:1;KAM-KEL:2;OTT-MON:1;OTT-MON:2,3.3333333333333335,0.5986873051421031
1749.98057129346,0.006552285449546185,0.9900779114291072,0.7343997122254222,0.9603256921647116,optimal,9.589819947061171,4,2,18,0,0.46415888336127825,367,0.14791160001186654,KAM-KEL:1;KAM-KEL:2;OTT-MON:1;OTT-MON:2,3.0,0.9145794318531445
101959.12347086695,0.006552285449546185,0.9900779114291072,0.7343997122254222,0.9603256921647116,optimal,26.254340383218278,7,3,18,0,0.23713737056616555,367,0.1412830000044778,CAL-EDM:1;CAL-EDM:2;CAL-EDM:3;KAM-KEL:1;KAM-KEL:2;OTT-MON:1;OTT-MON:2,3.3333333333333335,0.9029761208818431
1749.98057129346,0.08538782359740611,0.9900779114291072,0.7343997122254222,0.9603256921647116,optimal,9.589819947061171,4,2,18,0,0.46415888336127825,809,0.6395623999997042,KAM-KEL:1;KAM-KEL:2;OTT-MON:1;OTT-MON:2,3.0,0.9145794318531445
1749.98057129346,0.006552285449546185,0.9488135220427066,0.7343997122254222,0.9603256921647116,optimal,8.746382201592986,4,2,18,0,0.46415888336127825,367,0.1661675000214018,KAM-KEL:1;KAM-KEL:2;OTT-MON:1;OTT-MON:2,3.0,0.8094979106981246
1749.98057129346,0.006552285449546185,0.9900779114291072,0.541388450236991,0.9603256921647116,optimal,7.830214413360851,4,2,18,0,0.46415888336127825,367,0.1428023999906145,KAM-KEL:1;KAM-KEL:2;OTT-MON:1;OTT-MON:2,3.0,0.9145794318531445
1749.98057129346,0.006552285449546185,0.9900779114291072,0.7343997122254222,0.8994756756601855,optimal,8.957800916759721,4,2,18,0,0.46415888336127825,367,0.17987429996719584,KAM-KEL:1;KAM-KEL:2;OTT-MON:1;OTT-MON:2,3.0,0.8330269723332703
101959.12347086695,0.08538782359740611,0.9488135220427066,0.541388450236991,0.8994756756601855,optimal,20.373110828314076,7,3,18,0,0.23713737056616555,457,0.21448460000101477,CAL-EDM:1;CAL-EDM:2;CAL-EDM:3;KAM-KEL:1;KAM-KEL:2;OTT-MON:1;OTT-MON:2,3.3333333333333335,0.7143492778919485
15016.773299865637,0.040270799979186894,0.9230363928098232,0.6042747793253511,0.7460318142520264,optimal,8.657262406780356,4,2,18,0,0.46415888336127825,231,0.06619470001896843,KAM-KEL:1;KAM-KEL:2;OTT-MON:1;OTT-MON:2,3.0,0.5516531150405843
4704.465210282732,0.040270799979186894,0.9230363928098232,0.6042747793253511,0.7460318142520264,optimal,5.30831797923984,4,2,18,0,0.46415888336127825,231,0.054663000046275556,KAM-KEL:1;KAM-KEL:2;OTT-MON:1;OTT-MON:2,3.0,0.5516531150405843
15016.773299865637,0.0092585078623712,0.9230363928098232,0.6042747793253511,0.7460318142520264,optimal,8.657262406780356,4,2,18,0,0.46415888336127825,231,0.06694550003157929,KAM-KEL:1;KAM-KEL:2;OTT-MON:1;OTT-MON:2,3.0,0.5516531150405843
15016.773299865637,0.040270799979186894,0.9845301992204041,0.6042747793253511,0.7460318142520264,optimal,11.577666362379759,4,2,18,0,0.46415888336127825,311,0.099739600031171,KAM-KEL:1;KAM-KEL:2;OTT-MON:1;OTT-MON:2,3.0,0.642121935277878
15016.773299865637,0.040270799979186894,0.9230363928098232,0.9327354776207357,0.7460318142520264,optimal,11.162315460962803,4,2,18,0,0.46415888336127825,231,0.06253840000135824,KAM-KEL:1;KAM-KEL:2;OTT-MON:1;OTT-MON:2,3.0,0.5516531150405843
15016.773299865637,0.040270799979186894,0.9230363928098232,0.6042747793253511,0.7965705592408776,optimal,10.382031810738507,4,2,18,0,0.46415888336127825,231,0.06858399999327958,KAM-KEL:1;KAM-KEL:2;OTT-MON:1;OTT-MON:2,3.0,0.5939074787596184
4704.465210282732,0.0092585078623712,0.9845301992204041,0.9327354776207357,0.7965705592408776,optimal,11.676622585351051,4,2,18,0,0.46415888336127825,327,0.12658720003673807,KAM-KEL:1;KAM-KEL:2;OTT-MON:1;OTT-MON:2,3.0,0.6970488100532761
136648.70689300468,0.0012085598897967425,0.9758872530963272,0.9162252343259751,0.8277336195064708,infeasible,-50.0,0,0,18,0,,0,0.0003915000124834478,,,
1239.2778102366956,0.0012085598897967425,0.9758872530963272,0.9162252343259751,0.8277336195064708,infeasible,-50.0,0,0,18,0,,0,0.00024850002955645323,,,
136648.70689300468,0.014511471352021391,0.9758872530963272,0.9162252343259751,0.8277336195064708,optimal,26.24889978310067,7,3,18,0,0.23713737056616555,368,0.15211419999832287,CAL-EDM:1;CAL-EDM:2;CAL-EDM:3;KAM-KEL:1;KAM-KEL:2;OTT-MON:1;OTT-MON:2,3.3333333333333335,0.6849876215555799
136648.70689300468,0.0012085598897967425,0.9760112992115318,0.9162252343259751,0.8277336195064708,infeasible,-50.0,0,0,18,0,,0,0.0003150000120513141,,,
136648.70689300468,0.0012085598897967425,0.9758872530963272,0.7260871772654354,0.8277336195064708,infeasible,-50.0,0,0,18,0,,0,0.00015440001152455807,,,
136648.70689300468,0.0012085598897967425,0.9758872530963272,0.9162252343259751,0.7594305762937292,infeasible,-50.0,0,0,18,0,,0,0.0001401000190526247,,,
1239.2778102366956,0.014511471352021391,0.9760112992115318,0.7260871772654354,0.7594305762937292,optimal,5.444223624738733,4,2,18,0,0.46415888336127825,311,0.09456980001414195,KAM-KEL:1;KAM-KEL:2;OTT-MON:1;OTT-MON:2,3.0,0.642359136740751
11138.735172549601,0.023514810423097467,0.9478457436300814,0.6454847964458168,0.8786501240553334,optimal,12.3099614265482,4,2,18,0,0.46415888336127825,457,0.23189240001374856,KAM-KEL:1;KAM-KEL:2;OTT-MON:1;OTT-MON:2,3.0,0.7164313410901502
27420.652814491084,0.023514810423097467,0.9478457436300814,0.6454847964458168,0.8786501240553334,optimal,15.859698465149167,7,3,18,0,0.23713737056616555,457,0.20286089996807277,CAL-EDM:1;CAL-EDM:2;CAL-EDM:3;KAM-KEL:1;KAM-KEL:2;OTT-MON:1;OTT-MON:2,3.3333333333333335,0.6880644897071369
11138.735172549601,0.0015454089238236062,0.9478457436300814,0.6454847964458168,0.8786501240553334,infeasible,-50.0,0,0,18,0,,0,0.00032049999572336674,,,
11138.735172549601,0.023514810423097467,0.9378422455862164,0.6454847964458168,0.8786501240553334,optimal,12.033533033525096,4,2,18,0,0.46415888336127825,368,0.14283759996760637,KAM-KEL:1;KAM-KEL:2;OTT-MON:1;OTT-MON:2,3.0,0.6966588664442359
11138.735172549601,0.023514810423097467,0.9478457436300814,0.6708948644809425,0.8786501240553334,optimal,12.532775767197744,4,2,18,0,0.46415888336127825,457,0.20085780002409592,KAM-KEL:1;KAM-KEL:2;OTT-MON:1;OTT-MON:2,3.0,0.7164313410901502
11138.735172549601,0.023514810423097467,0.9478457436300814,0.6454847964458168,0.9344173964075744,optimal,13.345859280221179,7,3,18,0,0.23713737056616555,577,0.2957113000447862,CAL-EDM:1;CAL-EDM:2;CAL-EDM:3;KAM-KEL:1;KAM-KEL:2;OTT-MON:1;OTT-MON:2,3.3333333333333335,0.7545606042676193
27420.652814491084,0.0015454089238236062,0.9378422455862164,0.6708948644809425,0.9344173964075744,infeasible,-50.0,0,0,18,0,,0,0.0003083999617956579,,,
12776.680161473898,0.001111618066464956,0.9808840638361871,0.7965632002335041,0.7148623908907175,infeasible,-50.0,0,0,18,0,,0,0.00014159997226670384,,,
3991.053786793659,0.001111618066464956,0.9808840638361871,0.7965632002335041,0.7148623908907175,infeasible,-50.0,0,0,18,0,,0,0.00013040000339969993,,,
12776.680161473898,0.0063922197467348235,0.9808840638361871,0.7965632002335041,0.7148623908907175,optimal,11.82429344875882,4,2,18,0,0.46415888336127825,205,0.06370999995851889,KAM-KEL:1;KAM-KEL:2;OTT-MON:1;OTT-MON:2,3.0,0.6047054405215233
12776.680161473898,0.001111618066464956,0.9779726099986583,0.7965632002335041,0.7148623908907175,infeasible,-50.0,0,0,18,0,,0,0.0003776000230573118,,,
12776.680161473898,0.001111618066464956,0.9808840638361871,0.6376246340572834,0.7148623908907175,infeasible,-50.0,0,0,18,0,,0,0.0002384000108577311,,,
12776.680161473898,0.001111618066464956,0.9808840638361871,0.7965632002335041,0.7648887575268745,infeasible,-50.0,0,0,18,0,,0,0.00022869999520480633,,,
3991.053786793659,0.0063922197467348235,0.9779726099986583,0.6376246340572834,0.7648887575268745,optimal,8.243894555535498,4,2,18,0,0.46415888336127825,253,0.09088660002453253,KAM-KEL:1;KAM-KEL:2;OTT-MON:1;OTT-MON:2,3.0,0.6512537888704625
109665.43630627105,0.018082706649114873,0.9333633708488196,0.539968518121168,0.9916612151507288,optimal,22.02577193155096,7,3,18,0,0.23713737056616555,633,0.36308820004342124,CAL-EDM:1;CAL-EDM:2;CAL-EDM:3;KAM-KEL:1;KAM-KEL:2;OTT-MON:1;OTT-MON:2,3.3333333333333335,0.7899676743379992
86470.37807895704,0.018082706649114873,0.9333633708488196,0.539968518121168,0.9916612151507288,optimal,20.997278946483615,7,3,18,0,0.23713737056616555,633,0.3728014000225812,CAL-EDM:1;CAL-EDM:2;CAL-EDM:3;KAM-KEL:1;KAM-KEL:2;OTT-MON:1;OTT-MON:2,3.3333333333333335,0.7899676743379992
109665.43630627105,0.06931387106860683,0.9333633708488196,0.539968518121168,0.9916612151507288,optimal,22.02577193155096,7,3,18,0,0.23713737056616555,633,0.3845745999715291,CAL-EDM:1;CAL-EDM:2;CAL-EDM:3;KAM-KEL:1;KAM-KEL:2;OTT-MON:1;OTT-MON:2,3.3333333333333335,0.7899676743379992
109665.43630627105,0.018082706649114873,0.9355762381460518,0.539968518121168,0.9916612151507288,optimal,22.113061664410747,7,3,18,0,0.23713737056616555,673,0.4170371000072919,CAL-EDM:1;CAL-EDM:2;CAL-EDM:3;KAM-KEL:1;KAM-KEL:2;OTT-MON:1;OTT-MON:2,3.3333333333333335,0.7957796728582034
109665.43630627105,0.018082706649114873,0.9333633708488196,0.809244562499225,0.9916612151507288,optimal,26.11167522602647,7,3,18,0,0.23713737056616555,633,0.3834173000068404,CAL-EDM:1;CAL-EDM:2;CAL-EDM:3;KAM-KEL:1;KAM-KEL:2;OTT-MON:1;OTT-MON:2,3.3333333333333335,0.7899676743379992
109665.43630627105,0.018082706649114873,0.9333633708488196,0.539968518121168,0.9485826666457579,optimal,21.13302434963071,7,3,18,0,0.23713737056616555,505,0.2282751000020653,CAL-EDM:1;CAL-EDM:2;CAL-EDM:3;KAM-KEL:1;KAM-KEL:2;OTT-MON:1;OTT-MON:2,3.3333333333333335,0.7373943752894384
86470.37807895704,0.06931387106860683,0.9355762381460518,0.809244562499225,0.9485826666457579,optimal,24.287716578620426,7,3,18,0,0.23713737056616555,577,0.2972833000239916,CAL-EDM:1;CAL-EDM:2;CAL-EDM:3;KAM-KEL:1;KAM-KEL:2;OTT-MON:1;OTT-MON:2,3.3333333333333335,0.7426254527896144
18714.78302239523,0.006389516456481253,0.9654746555034072,0.8395323273725808,0.9096746192649007,optimal,18.421555103435335,7,3,18,0,0.23713737056616555,318,0.13707980001345277,CAL-EDM:1;CAL-EDM:2;CAL-EDM:3;KAM-KEL:1;KAM-KEL:2;OTT-MON:1;OTT-MON:2,3.3333333333333335,0.7650623703903568
23210.770576327093,0.006389516456481253,0.9654746555034072,0.8395323273725808,0.9096746192649007,optimal,19.353403396777004,7,3,18,0,0.23713737056616555,318,0.1411581999855116,CAL-EDM:1;CAL-EDM:2;CAL-EDM:3;KAM-KEL:1;KAM-KEL:2;OTT-MON:1;OTT-MON:2,3.3333333333333335,0.7650623703903568
18714.78302239523,0.0010863447792137403,0.9654746555034072,0.8395323273725808,0.9096746192649007,infeasible,-50.0,0,0,18,0,,0,0.000519900000654161,,,
18714.78302239523,0.006389516456481253,0.9465094378180802,0.8395323273725808,0.9096746192649007,optimal,17.614840940705655,7,3,18,0,0.23713737056616555,293,0.10503259999677539,CAL-EDM:1;CAL-EDM:2;CAL-EDM:3;KAM-KEL:1;KAM-KEL:2;OTT-MON:1;OTT-MON:2,3.3333333333333335,0.7213684499243929
18714.78302239523,0.006389516456481253,0.9654746555034072,0.882097623636946,0.9096746192649007,optimal,18.921022264230064,7,3,18,0,0.23713737056616555,318,0.1202523999963887,CAL-EDM:1;CAL-EDM:2;CAL-EDM:3;KAM-KEL:1;KAM-KEL:2;OTT-MON:1;OTT-MON:2,3.3333333333333335,0.7650623703903568
18714.78302239523,0.006389516456481253,0.9654746555034072,0.8395323273725808,0.9139027437455952,optimal,18.514072769967935,7,3,18,0,0.23713737056616555,318,0.13666099996771663,CAL-EDM:1;CAL-EDM:2;CAL-EDM:3;KAM-KEL:1;KAM-KEL:2;OTT-MON:1;OTT-MON:2,3.3333333333333335,0.7705926407014059
23210.770576327093,0.0010863447792137403,0.9465094378180802,0.882097623636946,0.9139027437455952,infeasible,-50.0,0,0,18,0,,0,0.00037480000173673034,,,
1525.3821715005904,0.03283263193267652,0.9569539716690779,0.7235514336265623,0.7968227496314794,optimal,6.151397591982599,4,2,18,0,0.46415888336127825,311,0.10297139995964244,KAM-KEL:1;KAM-KEL:2;OTT-MON:1;OTT-MON:2,3.0,0.6488176214748025
1049.3618592522716,0.03283263193267652,0.9569539716690779,0.7235514336265623,0.7968227496314794,optimal,5.072080624107781,4,2,18,0,0.46415888336127825,311,0.10751150001306087,KAM-KEL:1;KAM-KEL:2;OTT-MON:1;OTT-MON:2,3.0,0.6488176214748025
1525.3821715005904,0.0115696995799623,0.9569539716690779,0.7235514336265623,0.7968227496314794,optimal,6.151397591982599,4,2,18,0,0.46415888336127825,311,0.10123839997686446,KAM-KEL:1;KAM-KEL:2;OTT-MON:1;OTT-MON:2,3.0,0.6488176214748025
1525.3821715005904,0.03283263193267652,0.9865296050980688,0.7235514336265623,0.7968227496314794,optimal,7.018623409379929,4,2,18,0,0.46415888336127825,368,0.1343644000007771,KAM-KEL:1;KAM-KEL:2;OTT-MON:1;OTT-MON:2,3.0,0.7009948135306601
1525.3821715005904,0.03283263193267652,0.9569539716690779,0.6001469619106501,0.7968227496314794,optimal,5.072278599287065,4,2,18,0,0.46415888336127825,311,0.09611370001221076,KAM-KEL:1;KAM-KEL:2;OTT-MON:1;OTT-MON:2,3.0,0.6488176214748025
1525.3821715005904,0.03283263193267652,0.9569539716690779,0.7235514336265623,0.8017672163313254,optimal,6.246089279354544,4,2,18,0,0.46415888336127825,311,0.10046510002575815,KAM-KEL:1;KAM-KEL:2;OTT-MON:1;OTT-MON:2,3.0,0.6537824862944436
1049.3618592522716,0.0115696995799623,0.9865296050980688,0.6001469619106501,0.8017672163313254,optimal,4.939680314133289,4,2,18,0,0.46415888336127825,352,0.12659290002193302,KAM-KEL:1;KAM-KEL:2;OTT-MON:1;OTT-MON:2,3.0,0.7066092301536238
2636.6445970560567,0.003853084539886291,0.922175625545904,0.6151323094498367,0.8410649192621931,optimal,6.446141240674884,4,2,18,0,0.46415888336127825,141,0.030817799968644977,KAM-KEL:1;KAM-KEL:2;OTT-MON:1;OTT-MON:2,3.0,0.6319308955692716
9968.5744136164,0.003853084539886291,0.922175625545904,0.6151323094498367,0.8410649192621931,optimal,10.28350940905613,4,2,18,0,0.46415888336127825,141,0.04275760002201423,KAM-KEL:1;KAM-KEL:2;OTT-MON:1;OTT-MON:2,3.0,0.6319308955692716
2636.6445970560567,0.0021468876867026983,0.922175625545904,0.6151323094498367,0.8410649192621931,optimal,6.446141240674884,4,2,18,0,0.46415888336127825,101,0.010459900018759072,KAM-KEL:1;KAM-KEL:2;OTT-MON:1;OTT-MON:2,3.0,0.6319308955692716
2636.6445970560567,0.003853084539886291,0.9555038665682077,0.6151323094498367,0.8410649192621931,optimal,7.522857836971825,4,2,18,0,0.46415888336127825,149,0.029034099949058145,KAM-KEL:1;KAM-KEL:2;OTT-MON:1;OTT-MON:2,3.0,0.6916057362151057
2636.6445970560567,0.003853084539886291,0.922175625545904,0.936208252236247,0.8410649192621931,optimal,8.869872149377274,4,2,18,0,0.46415888336127825,141,0.028718199988361448,KAM-KEL:1;KAM-KEL:2;OTT-MON:1;OTT-MON:2,3.0,0.6319308955692716
2636.6445970560567,0.003853084539886291,0.922175625545904,0.6151323094498367,0.986467597944662,optimal,8.569650363228964,4,2,18,0,0.46415888336127825,149,0.022613400011323392,KAM-KEL:1;KAM-KEL:2;OTT-MON:1;OTT-MON:2,3.0,0.7754016142313821
9968.5744136164,0.0021468876867026983,0.9555038665682077,0.936208252236247,0.986467597944662,optimal,15.583505841354997,4,2,18,0,0.46415888336127825,101,0.0253293999703601,KAM-KEL:1;KAM-KEL:2;OTT-MON:1;OTT-MON:2,3.0,0.8574930552958433
44343.33443219236,0.07492677809123775,0.991652868475765,0.9490500885527581,0.8664048325503245,optimal,23.441204182558124,7,3,18,0,0.23713737056616555,577,0.2892349999747239,CAL-EDM:1;CAL-EDM:2;CAL-EDM:3;KAM-KEL:1;KAM-KEL:2;OTT-MON:1;OTT-MON:2,3.3333333333333335,0.7684108462987375
179315.8463833886,0.07492677809123775,0.991652868475765,0.9490500885527581,0.8664048325503245,optimal,29.488345650819387,7,3,18,0,0.23713737056616555,577,0.2990199000341818,CAL-EDM:1;CAL-EDM:2;CAL-EDM:3;KAM-KEL:1;KAM-KEL:2;OTT-MON:1;OTT-MON:2,3.3333333333333335,0.7684108462987375
44343.33443219236,0.020159031767613213,0.991652868475765,0.9490500885527581,0.8664048325503245,optimal,23.441204182558124,7,3,18,0,0.23713737056616555,577,0.29297359997872263,CAL-EDM:1;CAL-EDM:2;CAL-EDM:3;KAM-KEL:1;KAM-KEL:2;OTT-MON:1;OTT-MON:2,3.3333333333333335,0.7684108462987375
44343.33443219236,0.07492677809123775,0.9961306347511709,0.9490500885527581,0.8664048325503245,optimal,23.610676228800767,7,3,18,0,0.23713737056616555,577,0.30306119995657355,CAL-EDM:1;CAL-EDM:2;CAL-EDM:3;KAM-KEL:1;KAM-KEL:2;OTT-MON:1;OTT-MON:2,3.3333333333333335,0.778813238392868
44343.33443219236,0.07492677809123775,0.991652868475765,0.5448337892070413,0.8664048325503245,optimal,17.836527813081425,7,3,18,0,0.23713737056616555,577,0.31563420000020415,CAL-EDM:1;CAL-EDM:2;CAL-EDM:3;KAM-KEL:1;KAM-KEL:2;OTT-MON:1;OTT-MON:2,3.3333333333333335,0.7684108462987375
44343.33443219236,0.07492677809123775,0.991652868475765,0.9490500885527581,0.7308837942713872,optimal,18.392036860080236,7,3,18,0,0.23713737056616555,311,0.12868639995576814,CAL-EDM:1;CAL-EDM:2;CAL-EDM:3;KAM-KEL:1;KAM-KEL:2;OTT-MON:1;OTT-MON:2,3.3333333333333335,0.6016111182998629
179315.8463833886,0.020159031767613213,0.9961306347511709,0.5448337892070413,0.7308837942713872,optimal,19.274689799722765,7,3,18,0,0.23713737056616555,311,0.10280019999481738,CAL-EDM:1;CAL-EDM:2;CAL-EDM:3;KAM-KEL:1;KAM-KEL:2;OTT-MON:1;OTT-MON:2,3.3333333333333335,0.6085920363692806
87916.13464074222,0.002054035802431528,0.9461090044528246,0.5719502643682063,0.9282160528516397,optimal,18.175289513298054,4,2,18,0,0.46415888336127825,101,0.032041999977082014,KAM-KEL:1;KAM-KEL:2;OTT-MON:1;OTT-MON:2,3.0,0.7666630196572471
47177.75484878109,0.002054035802431528,0.9461090044528246,0.5719502643682063,0.9282160528516397,optimal,16.379247125298633,4,2,18,0,0.46415888336127825,101,0.03405140002723783,KAM-KEL:1;KAM-KEL:2;OTT-MON:1;OTT-MON:2,3.0,0.7666630196572471
87916.13464074222,0.003784905161105838,0.9461090044528246,0.5719502643682063,0.9282160528516397,optimal,20.85417748336263,7,3,18,0,0.23713737056616555,149,0.03801219997694716,CAL-EDM:1;CAL-EDM:2;CAL-EDM:3;KAM-KEL:1;KAM-KEL:2;OTT-MON:1;OTT-MON:2,3.3333333333333335,0.7428137519039145
87916.13464074222,0.002054035802431528,0.9680682846885175,0.5719502643682063,0.9282160528516397,optimal,18.675286714191344,4,2,18,0,0.46415888336127825,101,0.031053799961227924,KAM-KEL:1;KAM-KEL:2;OTT-MON:1;OTT-MON:2,3.0,0.8171172526500348
87916.13464074222,0.002054035802431528,0.9461090044528246,0.6954646890517324,0.9282160528516397,optimal,19.30363978446738,4,2,18,0,0.46415888336127825,101,0.028098299982957542,KAM-KEL:1;KAM-KEL:2;OTT-MON:1;OTT-MON:2,3.0,0.7666630196572471
87916.13464074222,0.002054035802431528,0.9461090044528246,0.5719502643682063,0.8395560794789344,optimal,16.921406384836317,4,2,18,0,0.46415888336127825,101,0.02509270003065467,KAM-KEL:1;KAM-KEL:2;OTT-MON:1;OTT-MON:2,3.0,0.6726770324007629
47177.75484878109,0.003784905161105838,0.9680682846885175,0.6954646890517324,0.8395560794789344,optimal,18.83280207744236,7,3,18,0,0.23713737056616555,149,0.04424030001973733,CAL-EDM:1;CAL-EDM:2;CAL-EDM:3;KAM-KEL:1;KAM-KEL:2;OTT-MON:1;OTT-MON:2,3.3333333333333335,0.6836123895263131
3891.371058348762,0.012645590656588681,0.9765862196329981,0.7652406294830143,0.7792975986013189,optimal,9.459621653544493,4,2,18,0,0.46415888336127825,311,0.10185819998150691,KAM-KEL:1;KAM-KEL:2;OTT-MON:1;OTT-MON:2,3.0,0.6641385128125832
2677.540979926871,0.012645590656588681,0.9765862196329981,0.7652406294830143,0.7792975986013189,optimal,8.380881857267719,4,2,18,0,0.46415888336127825,311,0.10248000000137836,KAM-KEL:1;KAM-KEL:2;OTT-MON:1;OTT-MON:2,3.0,0.6641385128125832
3891.371058348762,0.03490617464870354,0.9765862196329981,0.7652406294830143,0.7792975986013189,optimal,9.459621653544493,4,2,18,0,0.46415888336127825,311,0.10652560001472011,KAM-KEL:1;KAM-KEL:2;OTT-MON:1;OTT-MON:2,3.0,0.6641385128125832
3891.371058348762,0.012645590656588681,0.9250569788906724,0.7652406294830143,0.7792975986013189,optimal,7.461684965430946,4,2,18,0,0.46415888336127825,231,0.06912910001119599,KAM-KEL:1;KAM-KEL:2;OTT-MON:1;OTT-MON:2,3.0,0.5821279642504764
3891.371058348762,0.012645590656588681,0.9765862196329981,0.750629512546584,0.7792975986013189,optimal,9.348371813880586,4,2,18,0,0.46415888336127825,311,0.10942870000144467,KAM-KEL:1;KAM-KEL:2;OTT-MON:1;OTT-MON:2,3.0,0.6641385128125832
3891.371058348762,0.012645590656588681,0.9765862196329981,0.7652406294830143,0.8800814340906218,optimal,10.981865666755064,4,2,18,0,0.46415888336127825,489,0.21925839997129515,KAM-KEL:1;KAM-KEL:2;OTT-MON:1;OTT-MON:2,3.0,0.7781832960187652
2677.540979926871,0.03490617464870354,0.9250569788906724,0.750629512546584,0.8800814340906218,optimal,8.431152467535007,4,2,18,0,0.46415888336127825,368,0.11063589999685064,KAM-KEL:1;KAM-KEL:2;OTT-MON:1;OTT-MON:2,3.0,0.6735888173414263
5553.679481031826,0.008853173816306611,0.9413642594516277,0.9073269208427518,0.9747419013436884,optimal,14.344529944619493,7,3,18,0,0.23713737056616555,384,0.1742890999885276,CAL-EDM:1;CAL-EDM:2;CAL-EDM:3;KAM-KEL:1;KAM-KEL:2;OTT-MON:1;OTT-MON:2,3.3333333333333335,0.7893055688218208
1659.3767452597588,0.008853173816306611,0.9413642594516277,0.9073269208427518,0.9747419013436884,optimal,9.800941430031218,4,2,18,0,0.46415888336127825,384,0.15721500001382083,KAM-KEL:1;KAM-KEL:2;OTT-MON:1;OTT-MON:2,3.0,0.8081841730544157
5553.679481031826,0.0030179052853689515,0.9413642594516277,0.9073269208427518,0.9747419013436884,optimal,14.344529944619493,7,3,18,0,0.23713737056616555,125,0.03144739998970181,CAL-EDM:1;CAL-EDM:2;CAL-EDM:3;KAM-KEL:1;KAM-KEL:2;OTT-MON:1;OTT-MON:2,3.3333333333333335,0.7893055688218208
5553.679481031826,0.008853173816306611,0.9494457397572696,0.9073269208427518,0.9747419013436884,optimal,14.65499411424747,7,3,18,0,0.23713737056616555,400,0.16541430004872382,CAL-EDM:1;CAL-EDM:2;CAL-EDM:3;KAM-KEL:1;KAM-KEL:2;OTT-MON:1;OTT-MON:2,3.3333333333333335,0.8104631782889848
5553.679481031826,0.008853173816306611,0.9413642594516277,0.9143166586291045,0.9747419013436884,optimal,14.422030030269921,7,3,18,0,0.23713737056616555,384,0.1521978999953717,CAL-EDM:1;CAL-EDM:2;CAL-EDM:3;KAM-KEL:1;KAM-KEL:2;OTT-MON:1;OTT-MON:2,3.3333333333333335,0.7893055688218208
5553.679481031826,0.008853173816306611,0.9413642594516277,0.9073269208427518,0.7889480276387184,optimal,10.459110067516132,4,2,18,0,0.46415888336127825,278,0.10584479995304719,KAM-KEL:1;KAM-KEL:2;OTT-MON:1;OTT-MON:2,3.0,0.6156748034908668
1659.3767452597588,0.0030179052853689515,0.9494457397572696,0.9143166586291045,0.7889480276387184,optimal,7.324513066805283,4,2,18,0,0.46415888336127825,125,0.025049999996554106,KAM-KEL:1;KAM-KEL:2;OTT-MON:1;OTT-MON:2,3.0,0.6286485958088441
67088.80126219854,0.05252642641535211,0.9718239472899586,0.6576794350054115,0.7316503308005631,optimal,15.590880933739838,4,2,18,0,0.46415888336127825,311,0.11986399994930252,KAM-KEL:1;KAM-KEL:2;OTT-MON:1;OTT-MON:2,3.0,0.6079138284708159
18840.11643908478,0.05252642641535211,0.9718239472899586,0.6576794350054115,0.7316503308005631,optimal,11.926352764603068,4,2,18,0,0.46415888336127825,311,0.10484089999226853,KAM-KEL:1;KAM-KEL:2;OTT-MON:1;OTT-MON:2,3.0,0.6079138284708159
67088.80126219854,0.024538597512697064,0.9718239472899586,0.6576794350054115,0.7316503308005631,optimal,15.590880933739838,4,2,18,0,0.46415888336127825,311,0.11177439999300987,KAM-KEL:1;KAM-KEL:2;OTT-MON:1;OTT-MON:2,3.0,0.6079138284708159
67088.80126219854,0.05252642641535211,0.9925152170360089,0.6576794350054115,0.7316503308005631,optimal,16.62725199363863,7,3,18,0,0.23713737056616555,311,0.1046335999853909,CAL-EDM:1;CAL-EDM:2;CAL-EDM:3;KAM-KEL:1;KAM-KEL:2;OTT-MON:1;OTT-MON:2,3.3333333333333335,0.603787211234974
67088.80126219854,0.05252642641535211,0.9718239472899586,0.5177237735595555,0.7316503308005631,optimal,14.210072966078688,4,2,18,0,0.46415888336127825,311,0.11918129998957738,KAM-KEL:1;KAM-KEL:2;OTT-MON:1;OTT-MON:2,3.0,0.6079138284708159
67088.80126219854,0.05252642641535211,0.9718239472899586,0.6576794350054115,0.8919744037175551,optimal,21.338356826215577,7,3,18,0,0.23713737056616555,505,0.25364109996007755,CAL-EDM:1;CAL-EDM:2;CAL-EDM:3;KAM-KEL:1;KAM-KEL:2;OTT-MON:1;OTT-MON:2,3.3333333333333335,0.7568596111881719
18840.11643908478,0.024538597512697064,0.9925152170360089,0.5177237735595555,0.8919744037175551,optimal,14.209142614497777,7,3,18,0,0.23713737056616555,601,0.344127899967134,CAL-EDM:1;CAL-EDM:2;CAL-EDM:3;KAM-KEL:1;KAM-KEL:2;OTT-MON:1;OTT-MON:2,3.3333333333333335,0.8064583712009656
29965.430787691923,0.0016477128211751673,0.9262619375865907,0.7498880992643535,0.8113553663622588,infeasible,-50.0,0,0,18,0,,0,0.0005759999621659517,,,
70096.32266051424,0.0016477128211751673,0.9262619375865907,0.7498880992643535,0.8113553663622588,infeasible,-50.0,0,0,18,0,,0,0.0003530000103637576,,,
29965.430787691923,0.005512279009870605,0.9262619375865907,0.7498880992643535,0.8113553663622588,optimal,14.128360902280651,4,2,18,0,0.46415888336127825,213,0.06729560001986101,KAM-KEL:1;KAM-KEL:2;OTT-MON:1;OTT-MON:2,3.0,0.6119466260185454
29965.430787691923,0.0016477128211751673,0.9620109180156142,0.7498880992643535,0.8113553663622588,infeasible,-50.0,0,0,18,0,,0,0.00032320001628249884,,,
29965.430787691923,0.0016477128211751673,0.9262619375865907,0.7191139778122306,0.8113553663622588,infeasible,-50.0,0,0,18,0,,0,0.000298700004350394,,,
29965.430787691923,0.0016477128211751673,0.9262619375865907,0.7498880992643535,0.9291681610513478,infeasible,-50.0,0,0,18,0,,0,0.00023900001542642713,,,
70096.32266051424,0.005512279009870605,0.9620109180156142,0.7191139778122306,0.9291681610513478,optimal,22.855325411814505,7,3,18,0,0.23713737056616555,262,0.08993920002831146,CAL-EDM:1;CAL-EDM:2;CAL-EDM:3;KAM-KEL:1;KAM-KEL:2;OTT-MON:1;OTT-MON:2,3.3333333333333335,0.7822484934202182
3582.6129148895666,0.030948126086358035,0.9957215973846615,0.5846111609600484,0.8949931029938161,optimal,9.773138886638332,4,2,18,0,0.46415888336127825,633,0.3552524999831803,KAM-KEL:1;KAM-KEL:2;OTT-MON:1;OTT-MON:2,3.0,0.8405368646540188
6303.037661176465,0.030948126086358035,0.9957215973846615,0.5846111609600484,0.8949931029938161,optimal,11.403209102001915,4,2,18,0,0.46415888336127825,633,0.3588080999907106,KAM-KEL:1;KAM-KEL:2;OTT-MON:1;OTT-MON:2,3.0,0.8405368646540188
3582.6129148895666,0.044021429591594,0.9957215973846615,0.5846111609600484,0.8949931029938161,optimal,9.773138886638332,4,2,18,0,0.46415888336127825,633,0.36756520002381876,KAM-KEL:1;KAM-KEL:2;OTT-MON:1;OTT-MON:2,3.0,0.8405368646540188
3582.6129148895666,0.030948126086358035,0.9214402338396758,0.5846111609600484,0.8949931029938161,optimal,7.950471772065674,4,2,18,0,0.46415888336127825,368,0.1498725000419654,KAM-KEL:1;KAM-KEL:2;OTT-MON:1;OTT-MON:2,3.0,0.6810612008187367
3582.6129148895666,0.030948126086358035,0.9957215973846615,0.7759818062186241,0.8949931029938161,optimal,11.407320706273584,4,2,18,0,0.46415888336127825,633,0.37259460001951084,KAM-KEL:1;KAM-KEL:2;OTT-MON:1;OTT-MON:2,3.0,0.8405368646540188
3582.6129148895666,0.030948126086358035,0.9957215973846615,0.5846111609600484,0.754022874568589,optimal,7.7542419464417245,4,2,18,0,0.46415888336127825,311,0.09495449997484684,KAM-KEL:1;KAM-KEL:2;OTT-MON:1;OTT-MON:2,3.0,0.6691569572438782
6303.037661176465,0.044021429591594,0.9214402338396758,0.7759818062186241,0.754022874568589,optimal,7.8268480701247265,4,2,18,0,0.46415888336127825,231,0.06706060003489256,KAM-KEL:1;KAM-KEL:2;OTT-MON:1;OTT-MON:2,3.0,0.5559627808789405
1158.011760958358,0.002647702167544241,0.9611122762057931,0.5253798843827099,0.8855707152681425,optimal,5.021688664640383,4,2,18,0,0.46415888336127825,101,0.014977100014220923,KAM-KEL:1;KAM-KEL:2;OTT-MON:1;OTT-MON:2,3.0,0.7513470854738018
3041.2435292534997,0.002647702167544241,0.9611122762057931,0.5253798843827099,0.8855707152681425,optimal,7.807711544531225,4,2,18,0,0.46415888336127825,101,0.010162900027353317,KAM-KEL:1;KAM-KEL:2;OTT-MON:1;OTT-MON:2,3.0,0.7513470854738018
1158.011760958358,0.007499922590073817,0.9611122762057931,0.5253798843827099,0.8855707152681425,optimal,5.021688664640383,4,2,18,0,0.46415888336127825,310,0.09744849998969585,KAM-KEL:1;KAM-KEL:2;OTT-MON:1;OTT-MON:2,3.0,0.7513470854738018
1158.011760958358,0.002647702167544241,0.9719183649476618,0.5253798843827099,0.8855707152681425,optimal,5.276481638918371,4,2,18,0,0.46415888336127825,101,0.016169500013347715,KAM-KEL:1;KAM-KEL:2;OTT-MON:1;OTT-MON:2,3.0,0.7745516244432902
1158.011760958358,0.002647702167544241,0.9611122762057931,0.6650101620238275,0.8855707152681425,optimal,6.38175035520395,4,2,18,0,0.46415888336127825,101,0.019276800041552633,KAM-KEL:1;KAM-KEL:2;OTT-MON:1;OTT-MON:2,3.0,0.7513470854738018
1158.011760958358,0.002647702167544241,0.9611122762057931,0.5253798843827099,0.8535201643258333,optimal,4.580570374449984,4,2,18,0,0.46415888336127825,101,0.01932010002201423,KAM-KEL:1;KAM-KEL:2;OTT-MON:1;OTT-MON:2,3.0,0.7157142995758916
3041.2435292534997,0.007499922590073817,0.9719183649476618,0.6650101620238275,0.8535201643258333,optimal,9.00146581619877,4,2,18,0,0.46415888336127825,310,0.10977419995469972,KAM-KEL:1;KAM-KEL:2;OTT-MON:1;OTT-MON:2,3.0,0.7372695971457257
26847.881373543853,0.0141215104724631,0.9525710523724557,0.8102180061396211,0.8220479360846802,optimal,16.418299995334305,7,3,18,0,0.23713737056616555,311,0.10139270004583523,CAL-EDM:1;CAL-EDM:2;CAL-EDM:3;KAM-KEL:1;KAM-KEL:2;OTT-MON:1;OTT-MON:2,3.3333333333333335,0.6346899780641037
27492.05452817889,0.0141215104724631,0.9525710523724557,0.8102180061396211,0.8220479360846802,optimal,16.520919433949356,7,3,18,0,0.23713737056616555,311,0.11361569998553023,CAL-EDM:1;CAL-EDM:2;CAL-EDM:3;KAM-KEL:1;KAM-KEL:2;OTT-MON:1;OTT-MON:2,3.3333333333333335,0.6346899780641037
26847.881373543853,0.09390939143680917,0.9525710523724557,0.8102180061396211,0.8220479360846802,optimal,16.418299995334305,7,3,18,0,0.23713737056616555,311,0.12079830002039671,CAL-EDM:1;CAL-EDM:2;CAL-EDM:3;KAM-KEL:1;KAM-KEL:2;OTT-MON:1;OTT-MON:2,3.3333333333333335,0.6346899780641037
26847.881373543853,0.0141215104724631,0.9319563714731485,0.8102180061396211,0.8220479360846802,optimal,14.711749913433934,4,2,18,0,0.46415888336127825,311,0.10542649996932596,KAM-KEL:1;KAM-KEL:2;OTT-MON:1;OTT-MON:2,3.0,0.6310145264429614
26847.881373543853,0.0141215104724631,0.9525710523724557,0.8313017917331308,0.8220479360846802,optimal,16.677735209535424,7,3,18,0,0.23713737056616555,311,0.10603480000281706,CAL-EDM:1;CAL-EDM:2;CAL-EDM:3;KAM-KEL:1;KAM-KEL:2;OTT-MON:1;OTT-MON:2,3.3333333333333335,0.6346899780641037
26847.881373543853,0.0141215104724631,0.9525710523724557,0.8102180061396211,0.8223836881471798,optimal,16.432177200373868,7,3,18,0,0.23713737056616555,311,0.11596379999537021,CAL-EDM:1;CAL-EDM:2;CAL-EDM:3;KAM-KEL:1;KAM-KEL:2;OTT-MON:1;OTT-MON:2,3.3333333333333335,0.6350479972329516
27492.05452817889,0.09390939143680917,0.9319563714731485,0.8313017917331308,0.8223836881471798,optimal,15.082554513990349,7,3,18,0,0.23713737056616555,311,0.11722910002572462,CAL-EDM:1;CAL-EDM:2;CAL-EDM:3;KAM-KEL:1;KAM-KEL:2;OTT-MON:1;OTT-MON:2,3.3333333333333335,0.5992656128817783
148241.88267504252,0.004601171524497167,0.9847433293871581,0.6826059020124375,0.7580252751382067,optimal,21.40066473806867,7,3,18,0,0.23713737056616555,173,0.042178999981842935,CAL-EDM:1;CAL-EDM:2;CAL-EDM:3;KAM-KEL:1;KAM-KEL:2;OTT-MON:1;OTT-MON:2,3.3333333333333335,0.6204195218764877
104359.31718049878,0.004601171524497167,0.9847433293871581,0.6826059020124375,0.7580252751382067,optimal,19.881483640894974,7,3,18,0,0.23713737056616555,173,0.0435373000218533,CAL-EDM:1;CAL-EDM:2;CAL-EDM:3;KAM-KEL:1;KAM-KEL:2;OTT-MON:1;OTT-MON:2,3.3333333333333335,0.6204195218764877
148241.88267504252,0.0014206626301687718,0.9847433293871581,0.6826059020124375,0.7580252751382067,infeasible,-50.0,0,0,18,0,,0,0.00029309996170923114,,,
148241.88267504252,0.004601171524497167,0.9404565201029181,0.6826059020124375,0.7580252751382067,optimal,17.44638731007661,4,2,18,0,0.46415888336127825,165,0.04236069996841252,KAM-KEL:1;KAM-KEL:2;OTT-MON:1;OTT-MON:2,3.0,0.5862434646106002
148241.88267504252,0.004601171524497167,0.9847433293871581,0.8564697908237576,0.7580252751382067,optimal,23.692111044796583,7,3,18,0,0.23713737056616555,173,0.05668460001470521,CAL-EDM:1;CAL-EDM:2;CAL-EDM:3;KAM-KEL:1;KAM-KEL:2;OTT-MON:1;OTT-MON:2,3.3333333333333335,0.6204195218764877
148241.88267504252,0.004601171524497167,0.9847433293871581,0.6826059020124375,0.7156822246946394,optimal,18.17923363432628,4,2,18,0,0.46415888336127825,173,0.03287260001525283,KAM-KEL:1;KAM-KEL:2;OTT-MON:1;OTT-MON:2,3.0,0.6111809953548817
104359.31718049878,0.0014206626301687718,0.9404565201029181,0.8564697908237576,0.7156822246946394,infeasible,-50.0,0,0,18,0,,0,0.00028909998945891857,,,
8678.751601842387,0.07751290574844995,0.9372021149974317,0.8830596360377967,0.9496197502119467,optimal,15.312575161268422,7,3,18,0,0.23713737056616555,577,0.3152750000008382,CAL-EDM:1;CAL-EDM:2;CAL-EDM:3;KAM-KEL:1;KAM-KEL:2;OTT-MON:1;OTT-MON:2,3.3333333333333335,0.7477454935203717
11307.899647893262,0.07751290574844995,0.9372021149974317,0.8830596360377967,0.9496197502119467,optimal,16.45788980348167,7,3,18,0,0.23713737056616555,577,0.33007870003348216,CAL-EDM:1;CAL-EDM:2;CAL-EDM:3;KAM-KEL:1;KAM-KEL:2;OTT-MON:1;OTT-MON:2,3.3333333333333335,0.7477454935203717
8678.751601842387,0.01747153458347324,0.9372021149974317,0.8830596360377967,0.9496197502119467,optimal,15.312575161268422,7,3,18,0,0.23713737056616555,569,0.32245189999230206,CAL-EDM:1;CAL-EDM:2;CAL-EDM:3;KAM-KEL:1;KAM-KEL:2;OTT-MON:1;OTT-MON:2,3.3333333333333335,0.7477454935203717
8678.751601842387,0.07751290574844995,0.9829089782871306,0.8830596360377967,0.9496197502119467,optimal,17.032232146459226,7,3,18,0,0.23713737056616555,753,0.5408693000208586,CAL-EDM:1;CAL-EDM:2;CAL-EDM:3;KAM-KEL:1;KAM-KEL:2;OTT-MON:1;OTT-MON:2,3.3333333333333335,0.8659903316493333
8678.751601842387,0.07751290574844995,0.9372021149974317,0.5763320107012987,0.9496197502119467,optimal,11.576982340770964,4,2,18,0,0.46415888336127825,577,0.30517589999362826,KAM-KEL:1;KAM-KEL:2;OTT-MON:1;OTT-MON:2,3.0,0.770271950784633
8678.751601842387,0.07751290574844995,0.9372021149974317,0.8830596360377967,0.9624376807725057,optimal,15.586246161593598,7,3,18,0,0.23713737056616555,601,0.35375810001278296,CAL-EDM:1;CAL-EDM:2;CAL-EDM:3;KAM-KEL:1;KAM-KEL:2;OTT-MON:1;OTT-MON:2,3.3333333333333335,0.7633654445668371
11307.899647893262,0.01747153458347324,0.9829089782871306,0.5763320107012987,0.9624376807725057,optimal,14.095070123779958,7,3,18,0,0.23713737056616555,769,0.5772943000192754,CAL-EDM:1;CAL-EDM:2;CAL-EDM:3;KAM-KEL:1;KAM-KEL:2;OTT-MON:1;OTT-MON:2,3.3333333333333335,0.8854386023179588
9082.927608294258,0.008187569591768341,0.9877426725141705,0.6599242553580552,0.9206481993421912,optimal,13.910830991987307,7,3,18,0,0.23713737056616555,383,0.18306170002324507,CAL-EDM:1;CAL-EDM:2;CAL-EDM:3;KAM-KEL:1;KAM-KEL:2;OTT-MON:1;OTT-MON:2,3.3333333333333335,0.8359957510039514
2291.5568208341065,0.008187569591768341,0.9877426725141705,0.6599242553580552,0.9206481993421912,optimal,9.303353349295486,4,2,18,0,0.46415888336127825,383,0.17576900002313778,KAM-KEL:1;KAM-KEL:2;OTT-MON:1;OTT-MON:2,3.0,0.8550337530183225
9082.927608294258,0.02067848841858117,0.9877426725141705,0.6599242553580552,0.9206481993421912,optimal,13.910830991987307,7,3,18,0,0.23713737056616555,673,0.4459348000236787,CAL-EDM:1;CAL-EDM:2;CAL-EDM:3;KAM-KEL:1;KAM-KEL:2;OTT-MON:1;OTT-MON:2,3.3333333333333335,0.8359957510039514
9082.927608294258,0.008187569591768341,0.98582339916192,0.6599242553580552,0.9206481993421912,optimal,13.8445287750109,7,3,18,0,0.23713737056616555,383,0.18264459999045357,CAL-EDM:1;CAL-EDM:2;CAL-EDM:3;KAM-KEL:1;KAM-KEL:2;OTT-MON:1;OTT-MON:2,3.3333333333333335,0.8309627018277358
9082.927608294258,0.008187569591768341,0.9877426725141705,0.6986339243594557,0.9206481993421912,optimal,14.4864847726123,7,3,18,0,0.23713737056616555,383,0.15164769999682903,CAL-EDM:1;CAL-EDM:2;CAL-EDM:3;KAM-KEL:1;KAM-KEL:2;OTT-MON:1;OTT-MON:2,3.3333333333333335,0.8359957510039514
9082.927608294258,0.008187569591768341,0.9877426725141705,0.6599242553580552,0.7235855191415176,optimal,10.23577044737583,4,2,18,0,0.46415888336127825,278,0.08686050004325807,KAM-KEL:1;KAM-KEL:2;OTT-MON:1;OTT-MON:2,3.0,0.6237420134690979
2291.5568208341065,0.02067848841858117,0.98582339916192,0.6986339243594557,0.7235855191415176,optimal,6.522407174891704,4,2,18,0,0.46415888336127825,311,0.09532419999595731,KAM-KEL:1;KAM-KEL:2;OTT-MON:1;OTT-MON:2,3.0,0.6208326714700525
154272.41065350015,0.04365801935062961,0.9353455034177751,0.9024316471535712,0.7868632790464908,optimal,19.832235844277736,7,3,18,0,0.23713737056616555,311,0.10737420001532882,CAL-EDM:1;CAL-EDM:2;CAL-EDM:3;KAM-KEL:1;KAM-KEL:2;OTT-MON:1;OTT-MON:2,3.3333333333333335,0.5711423853241521
50711.405606795175,0.04365801935062961,0.9353455034177751,0.9024316471535712,0.7868632790464908,optimal,16.511566559874243,4,2,18,0,0.46415888336127825,311,0.10401640000054613,KAM-KEL:1;KAM-KEL:2;OTT-MON:1;OTT-MON:2,3.0,0.6043273963493278
154272.41065350015,0.0019416182790884075,0.9353455034177751,0.9024316471535712,0.7868632790464908,optimal,10.30948906228612,2,1,18,0,0.6072021956909884,77,0.01726529997540638,KAM-KEL:1;KAM-KEL:2,3.0,0.6043273963493278
154272.41065350015,0.04365801935062961,0.9459971774984152,0.9024316471535712,0.7868632790464908,optimal,22.39907758140588,7,3,18,0,0.23713737056616555,311,0.11290219996590167,CAL-EDM:1;CAL-EDM:2;CAL-EDM:3;KAM-KEL:1;KAM-KEL:2;OTT-MON:1;OTT-MON:2,3.3333333333333335,0.5877323429528729
154272.41065350015,0.04365801935062961,0.9353455034177751,0.7542657908517867,0.7868632790464908,optimal,18.686783715383555,4,2,18,0,0.46415888336127825,311,0.09324369998648763,KAM-KEL:1;KAM-KEL:2;OTT-MON:1;OTT-MON:2,3.0,0.6043273963493278
154272.41065350015,0.04365801935062961,0.9353455034177751,0.9024316471535712,0.9702514412291348,optimal,28.34543946713698,7,3,18,0,0.23713737056616555,601,0.3087970999768004,CAL-EDM:1;CAL-EDM:2;CAL-EDM:3;KAM-KEL:1;KAM-KEL:2;OTT-MON:1;OTT-MON:2,3.3333333333333335,0.7683721001748568
50711.405606795175,0.0019416182790884075,0.9459971774984152,0.7542657908517867,0.9702514412291348,optimal,9.777678212557436,2,1,18,0,0.6072021956909884,77,0.014919399982318282,KAM-KEL:1;KAM-KEL:2,3.0,0.8142460162045002
25266.74996932926,0.0014882307989109989,0.9628927159104497,0.590386358462274,0.7253104240596294,infeasible,-50.0,0,0,18,0,,0,0.00040249997982755303,,,
188922.36726517454,0.0014882307989109989,0.9628927159104497,0.590386358462274,0.7253104240596294,infeasible,-50.0,0,0,18,0,,0,0.00018910004291683435,,,
25266.74996932926,0.03917549356929697,0.9628927159104497,0.590386358462274,0.7253104240596294,optimal,11.589199949863044,4,2,18,0,0.46415888336127825,231,0.062488999974448234,KAM-KEL:1;KAM-KEL:2;OTT-MON:1;OTT-MON:2,3.0,0.588842473421822
25266.74996932926,0.0014882307989109989,0.9350208462402225,0.590386358462274,0.7253104240596294,infeasible,-50.0,0,0,18,0,,0,0.00046439998550340533,,,
25266.74996932926,0.0014882307989109989,0.9628927159104497,0.9044469940476119,0.7253104240596294,infeasible,-50.0,0,0,18,0,,0,0.00026080000679939985,,,
25266.74996932926,0.0014882307989109989,0.9628927159104497,0.590386358462274,0.8636386885149404,infeasible,-50.0,0,0,18,0,,0,0.0004770999657921493,,,
188922.36726517454,0.03917549356929697,0.9350208462402225,0.9044469940476119,0.8636386885149404,optimal,26.41983152078972,7,3,18,0,0.23713737056616555,368,0.1380261000012979,CAL-EDM:1;CAL-EDM:2;CAL-EDM:3;KAM-KEL:1;KAM-KEL:2;OTT-MON:1;OTT-MON:2,3.3333333333333335,0.6462336105594493
1129.809685135747,0.025067060146933873,0.9494955373704433,0.7485211642459035,0.9821571546886116,optimal,7.838905179967416,4,2,18,0,0.46415888336127825,705,0.47339460003422573,KAM-KEL:1;KAM-KEL:2;OTT-MON:1;OTT-MON:2,3.0,0.8369407828614795
8715.513996372752,0.025067060146933873,0.9494955373704433,0.7485211642459035,0.9821571546886116,optimal,14.802778899807738,7,3,18,0,0.23713737056616555,705,0.46747019997565076,CAL-EDM:1;CAL-EDM:2;CAL-EDM:3;KAM-KEL:1;KAM-KEL:2;OTT-MON:1;OTT-MON:2,3.3333333333333335,0.8205102356312038
1129.809685135747,0.003612820930377175,0.9494955373704433,0.7485211642459035,0.9821571546886116,optimal,7.838905179967416,4,2,18,0,0.46415888336127825,149,0.039790600014384836,KAM-KEL:1;KAM-KEL:2;OTT-MON:1;OTT-MON:2,3.0,0.8369407828614795
1129.809685135747,0.025067060146933873,0.9773089681603014,0.7485211642459035,0.9821571546886116,optimal,8.40358344059296,4,2,18,0,0.46415888336127825,809,0.6744192999904044,KAM-KEL:1;KAM-KEL:2;OTT-MON:1;OTT-MON:2,3.0,0.9097756310387205
1129.809685135747,0.025067060146933873,0.9494955373704433,0.5135395337827504,0.9821571546886116,optimal,5.664634120075284,4,2,18,0,0.46415888336127825,705,0.46972319995984435,KAM-KEL:1;KAM-KEL:2;OTT-MON:1;OTT-MON:2,3.0,0.8369407828614795
1129.809685135747,0.025067060146933873,0.9494955373704433,0.7485211642459035,0.8324143162965775,optimal,5.892190402553005,4,2,18,0,0.46415888336127825,368,0.14170420001028106,KAM-KEL:1;KAM-KEL:2;OTT-MON:1;OTT-MON:2,3.0,0.6716104815943361
8715.513996372752,0.003612820930377175,0.9773089681603014,0.5135395337827504,0.8324143162965775,optimal,10.380740094106741,4,2,18,0,0.46415888336127825,149,0.04434749996289611,KAM-KEL:1;KAM-KEL:2;OTT-MON:1;OTT-MON:2,3.0,0.7239291077888701
3710.9135011890235,0.0029411461696889508,0.9293374479394406,0.8150043804664164,0.937980654365383,optimal,10.786849787162906,4,2,18,0,0.46415888336127825,101,0.02812239999184385,KAM-KEL:1;KAM-KEL:2;OTT-MON:1;OTT-MON:2,3.0,0.7403677518802012
1128.3247064536233,0.0029411461696889508,0.9293374479394406,0.8150043804664164,0.937980654365383,optimal,7.351665646036956,4,2,18,0,0.46415888336127825,101,0.013203400012571365,KAM-KEL:1;KAM-KEL:2;OTT-MON:1;OTT-MON:2,3.0,0.7403677518802012
3710.9135011890235,0.061551564670991744,0.9293374479394406,0.8150043804664164,0.937980654365383,optimal,10.786849787162906,4,2,18,0,0.46415888336127825,505,0.25489220005692914,KAM-KEL:1;KAM-KEL:2;OTT-MON:1;OTT-MON:2,3.0,0.7403677518802012
3710.9135011890235,0.0029411461696889508,0.9257263448648155,0.8150043804664164,0.937980654365383,optimal,10.691933929500468,4,2,18,0,0.46415888336127825,101,0.0296911999466829,KAM-KEL:1;KAM-KEL:2;OTT-MON:1;OTT-MON:2,3.0,0.7325894123868251
3710.9135011890235,0.0029411461696889508,0.9293374479394406,0.8505483387503773,0.937980654365383,optimal,11.03319145353075,4,2,18,0,0.46415888336127825,101,0.03507550002541393,KAM-KEL:1;KAM-KEL:2;OTT-MON:1;OTT-MON:2,3.0,0.7403677518802012
3710.9135011890235,0.0029411461696889508,0.9293374479394406,0.8150043804664164,0.9369559521870687,optimal,10.773966820013603,4,2,18,0,0.46415888336127825,101,0.023724000027868897,KAM-KEL:1;KAM-KEL:2;OTT-MON:1;OTT-MON:2,3.0,0.7392969271629499
1128.3247064536233,0.061551564670991744,0.9257263448648155,0.8505483387503773,0.9369559521870687,optimal,7.489988338232924,4,2,18,0,0.46415888336127825,457,0.21213439997518435,KAM-KEL:1;KAM-KEL:2;OTT-MON:1;OTT-MON:2,3.0,0.7315355733668525
31508.334771008584,0.017455367116346952,0.9939411530308425,0.5232439600396901,0.7685145083228125,optimal,13.603661518572132,4,2,18,0,0.46415888336127825,368,0.1494173000101,KAM-KEL:1;KAM-KEL:2;OTT-MON:1;OTT-MON:2,3.0,0.6823120740309261
19884.075063545028,0.017455367116346952,0.9939411530308425,0.5232439600396901,0.7685145083228125,optimal,12.275421409256662,4,2,18,0,0.46415888336127825,368,0.15472159994533285,KAM-KEL:1;KAM-KEL:2;OTT-MON:1;OTT-MON:2,3.0,0.6823120740309261
31508.334771008584,0.006674093078271141,0.9939411530308425,0.5232439600396901,0.7685145083228125,optimal,13.603661518572132,4,2,18,0,0.46415888336127825,302,0.11912119999760762,KAM-KEL:1;KAM-KEL:2;OTT-MON:1;OTT-MON:2,3.0,0.6823120740309261
31508.334771008584,0.017455367116346952,0.9686173849701881,0.5232439600396901,0.7685145083228125,optimal,12.834474163708487,4,2,18,0,0.46415888336127825,311,0.10887620004359633,KAM-KEL:1;KAM-KEL:2;OTT-MON:1;OTT-MON:2,3.0,0.6396500831732421
31508.334771008584,0.017455367116346952,0.9939411530308425,0.5681858271826059,0.7685145083228125,optimal,14.079177887756725,4,2,18,0,0.46415888336127825,368,0.14891370001714677,KAM-KEL:1;KAM-KEL:2;OTT-MON:1;OTT-MON:2,3.0,0.6823120740309261
31508.334771008584,0.017455367116346952,0.9939411530308425,0.5232439600396901,0.7618995870668441,optimal,13.483933657154566,4,2,18,0,0.46415888336127825,311,0.11307049996685237,KAM-KEL:1;KAM-KEL:2;OTT-MON:1;OTT-MON:2,3.0,0.6749019264178036
19884.075063545028,0.006674093078271141,0.9686173849701881,0.5681858271826059,0.7618995870668441,optimal,11.840345034984036,4,2,18,0,0.46415888336127825,278,0.0982369999983348,KAM-KEL:1;KAM-KEL:2;OTT-MON:1;OTT-MON:2,3.0,0.6329711935302649
65127.64501313836,0.004958098267466592,0.9432208756804467,0.8843157405033708,0.8502339739343151,optimal,21.6176106581934,7,3,18,0,0.23713737056616555,189,0.05404710001312196,CAL-EDM:1;CAL-EDM:2;CAL-EDM:3;KAM-KEL:1;KAM-KEL:2;OTT-MON:1;OTT-MON:2,3.3333333333333335,0.6475651796264693
75576.51533024221,0.004958098267466592,0.9432208756804467,0.8843157405033708,0.8502339739343151,optimal,22.26161447873118,7,3,18,0,0.23713737056616555,189,0.06283649994293228,CAL-EDM:1;CAL-EDM:2;CAL-EDM:3;KAM-KEL:1;KAM-KEL:2;OTT-MON:1;OTT-MON:2,3.3333333333333335,0.6475651796264693
65127.64501313836,0.01124100339087413,0.9432208756804467,0.8843157405033708,0.8502339739343151,optimal,21.6176106581934,7,3,18,0,0.23713737056616555,352,0.13695479999296367,CAL-EDM:1;CAL-EDM:2;CAL-EDM:3;KAM-KEL:1;KAM-KEL:2;OTT-MON:1;OTT-MON:2,3.3333333333333335,0.6475651796264693
65127.64501313836,0.004958098267466592,0.9966466947440058,0.8843157405033708,0.8502339739343151,optimal,24.203147798298204,7,3,18,0,0.23713737056616555,197,0.05206839996390045,CAL-EDM:1;CAL-EDM:2;CAL-EDM:3;KAM-KEL:1;KAM-KEL:2;OTT-MON:1;OTT-MON:2,3.3333333333333335,0.7575507341540084
65127.64501313836,0.004958098267466592,0.9432208756804467,0.6414608023129403,0.8502339739343151,optimal,18.375207443389996,7,3,18,0,0.23713737056616555,189,0.062685499957297,CAL-EDM:1;CAL-EDM:2;CAL-EDM:3;KAM-KEL:1;KAM-KEL:2;OTT-MON:1;OTT-MON:2,3.3333333333333335,0.6475651796264693
65127.64501313836,0.004958098267466592,0.9432208756804467,0.8843157405033708,0.7990046946043148,optimal,19.101340946086886,7,3,18,0,0.23713737056616555,173,0.051190400030463934,CAL-EDM:1;CAL-EDM:2;CAL-EDM:3;KAM-KEL:1;KAM-KEL:2;OTT-MON:1;OTT-MON:2,3.3333333333333335,0.5951318225387504
75576.51533024221,0.01124100339087413,0.9966466947440058,0.6414608023129403,0.7990046946043148,optimal,20.200838654560428,7,3,18,0,0.23713737056616555,352,0.132222099986393,CAL-EDM:1;CAL-EDM:2;CAL-EDM:3;KAM-KEL:1;KAM-KEL:2;OTT-MON:1;OTT-MON:2,3.3333333333333335,0.690199249746066
5252.875242470561,0.09316054028178988,0.9688246088121086,0.6769415317103267,0.8562874258989468,optimal,10.642864007964729,4,2,18,0,0.46415888336127825,457,0.20270159997744486,KAM-KEL:1;KAM-KEL:2;OTT-MON:1;OTT-MON:2,3.0,0.7341561096170091
4200.789869241139,0.09316054028178988,0.9688246088121086,0.6769415317103267,0.8562874258989468,optimal,9.997970610204451,4,2,18,0,0.46415888336127825,457,0.2035452999989502,KAM-KEL:1;KAM-KEL:2;OTT-MON:1;OTT-MON:2,3.0,0.7341561096170091
5252.875242470561,0.0011971379496249954,0.9688246088121086,0.6769415317103267,0.8562874258989468,infeasible,-50.0,0,0,18,0,,0,0.0002747999969869852,,,
5252.875242470561,0.09316054028178988,0.956206840319559,0.6769415317103267,0.8562874258989468,optimal,10.31638277420936,4,2,18,0,0.46415888336127825,368,0.13048350001918152,KAM-KEL:1;KAM-KEL:2;OTT-MON:1;OTT-MON:2,3.0,0.7091053631201933
5252.875242470561,0.09316054028178988,0.9688246088121086,0.8126688138581812,0.8562874258989468,optimal,11.69740920853949,4,2,18,0,0.46415888336127825,457,0.1884311999892816,KAM-KEL:1;KAM-KEL:2;OTT-MON:1;OTT-MON:2,3.0,0.7341561096170091
5252.875242470561,0.09316054028178988,0.9688246088121086,0.6769415317103267,0.9021194403599948,optimal,11.23375336224196,4,2,18,0,0.46415888336127825,577,0.3135508000268601,KAM-KEL:1;KAM-KEL:2;OTT-MON:1;OTT-MON:2,3.0,0.787371175042407
4200.789869241139,0.0011971379496249954,0.956206840319559,0.8126688138581812,0.9021194403599948,infeasible,-50.0,0,0,18,0,,0,0.00027169997338205576,,,
4029.4055928337843,0.0011594236286871498,0.9491273905485869,0.5386016367468983,0.8037081430833787,infeasible,-50.0,0,0,18,0,,0,0.0001352000399492681,,,
10742.49698699173,0.0011594236286871498,0.9491273905485869,0.5386016367468983,0.8037081430833787,infeasible,-50.0,0,0,18,0,,0,0.00012600002810359,,,
4029.4055928337843,0.07788715505292394,0.9491273905485869,0.5386016367468983,0.8037081430833787,optimal,7.1237491896151015,4,2,18,0,0.46415888336127825,311,0.10656330001074821,KAM-KEL:1;KAM-KEL:2;OTT-MON:1;OTT-MON:2,3.0,0.6424127975673386
4029.4055928337843,0.0011594236286871498,0.9221063128560781,0.5386016367468983,0.8037081430833787,infeasible,-50.0,0,0,18,0,,0,0.00024809996830299497,,,
4029.4055928337843,0.0011594236286871498,0.9491273905485869,0.8743599799461663,0.8037081430833787,infeasible,-50.0,0,0,18,0,,0,0.0001897999900393188,,,
4029.4055928337843,0.0011594236286871498,0.9491273905485869,0.5386016367468983,0.8473353686677292,infeasible,-50.0,0,0,18,0,,0,0.00015929999062791467,,,
10742.49698699173,0.07788715505292394,0.9221063128560781,0.8743599799461663,0.8473353686677292,optimal,12.648439130242142,4,2,18,0,0.46415888336127825,311,0.11168070003623143,KAM-KEL:1;KAM-KEL:2;OTT-MON:1;OTT-MON:2,3.0,0.6375270893000455
92473.26323617376,0.022554577647369654,0.9747105650845915,0.8023383440915495,0.9039347092024982,optimal,25.114363822533754,7,3,18,0,0.23713737056616555,577,0.31832200003555045,CAL-EDM:1;CAL-EDM:2;CAL-EDM:3;KAM-KEL:1;KAM-KEL:2;OTT-MON:1;OTT-MON:2,3.3333333333333335,0.7795762238915626
119409.76378972092,0.022554577647369654,0.9747105650845915,0.8023383440915495,0.9039347092024982,optimal,26.22080162648268,7,3,18,0,0.23713737056616555,577,0.31749490002403036,CAL-EDM:1;CAL-EDM:2;CAL-EDM:3;KAM-KEL:1;KAM-KEL:2;OTT-MON:1;OTT-MON:2,3.3333333333333335,0.7795762238915626
92473.26323617376,0.00975288959010829,0.9747105650845915,0.8023383440915495,0.9039347092024982,optimal,25.114363822533754,7,3,18,0,0.23713737056616555,449,0.21336160000646487,CAL-EDM:1;CAL-EDM:2;CAL-EDM:3;KAM-KEL:1;KAM-KEL:2;OTT-MON:1;OTT-MON:2,3.3333333333333335,0.7795762238915626
92473.26323617376,0.022554577647369654,0.9625638724528254,0.8023383440915495,0.9039347092024982,optimal,24.631303362154092,7,3,18,0,0.23713737056616555,505,0.2721445999923162,CAL-EDM:1;CAL-EDM:2;CAL-EDM:3;KAM-KEL:1;KAM-KEL:2;OTT-MON:1;OTT-MON:2,3.3333333333333335,0.7508270620992095
92473.26323617376,0.022554577647369654,0.9747105650845915,0.5938100750558079,0.9039347092024982,optimal,22.074899601255165,7,3,18,0,0.23713737056616555,577,0.3178623999701813,CAL-EDM:1;CAL-EDM:2;CAL-EDM:3;KAM-KEL:1;KAM-KEL:2;OTT-MON:1;OTT-MON:2,3.3333333333333335,0.7795762238915626
92473.26323617376,0.022554577647369654,0.9747105650845915,0.8023383440915495,0.8879491656590253,optimal,24.75857405245584,7,3,18,0,0.23713737056616555,505,0.23110059997998178,CAL-EDM:1;CAL-EDM:2;CAL-EDM:3;KAM-KEL:1;KAM-KEL:2;OTT-MON:1;OTT-MON:2,3.3333333333333335,0.7582643771685112
119409.76378972092,0.00975288959010829,0.9625638724528254,0.5938100750558079,0.8879491656590253,optimal,22.319367728089752,7,3,18,0,0.23713737056616555,417,0.1785088000469841,CAL-EDM:1;CAL-EDM:2;CAL-EDM:3;KAM-KEL:1;KAM-KEL:2;OTT-MON:1;OTT-MON:2,3.3333333333333335,0.7307026355720118
43033.38160223199,0.0068237895901221,0.9239751082193107,0.7186561062932014,0.9676902249064296,optimal,19.97704912177506,7,3,18,0,0.23713737056616555,359,0.1434801000286825,CAL-EDM:1;CAL-EDM:2;CAL-EDM:3;KAM-KEL:1;KAM-KEL:2;OTT-MON:1;OTT-MON:2,3.3333333333333335,0.7375079304491976
32094.325687940403,0.0068237895901221,0.9239751082193107,0.7186561062932014,0.9676902249064296,optimal,18.707635232163483,7,3,18,0,0.23713737056616555,359,0.14804199995705858,CAL-EDM:1;CAL-EDM:2;CAL-EDM:3;KAM-KEL:1;KAM-KEL:2;OTT-MON:1;OTT-MON:2,3.3333333333333335,0.7375079304491976
43033.38160223199,0.013729350915501565,0.9239751082193107,0.7186561062932014,0.9676902249064296,optimal,19.97704912177506,7,3,18,0,0.23713737056616555,553,0.3172420000191778,CAL-EDM:1;CAL-EDM:2;CAL-EDM:3;KAM-KEL:1;KAM-KEL:2;OTT-MON:1;OTT-MON:2,3.3333333333333335,0.7375079304491976
43033.38160223199,0.0068237895901221,0.9930250425022096,0.7186561062932014,0.9676902249064296,optimal,22.518622314310473,7,3,18,0,0.23713737056616555,367,0.17421440000180155,CAL-EDM:1;CAL-EDM:2;CAL-EDM:3;KAM-KEL:1;KAM-KEL:2;OTT-MON:1;OTT-MON:2,3.3333333333333335,0.9235019474124676
43033.38160223199,0.0068237895901221,0.9239751082193107,0.6194070641417057,0.9676902249064296,optimal,18.476152969916996,7,3,18,0,0.23713737056616555,359,0.16294800001196563,CAL-EDM:1;CAL-EDM:2;CAL-EDM:3;KAM-KEL:1;KAM-KEL:2;OTT-MON:1;OTT-MON:2,3.3333333333333335,0.7375079304491976
43033.38160223199,0.0068237895901221,0.9239751082193107,0.7186561062932014,0.9965327326441183,optimal,20.577369079996952,7,3,18,0,0.23713737056616555,367,0.144906000001356,CAL-EDM:1;CAL-EDM:2;CAL-EDM:3;KAM-KEL:1;KAM-KEL:2;OTT-MON:1;OTT-MON:2,3.3333333333333335,0.7716715431588593
32094.325687940403,0.013729350915501565,0.9930250425022096,0.6194070641417057,0.9965327326441183,optimal,20.211715037764733,7,3,18,0,0.23713737056616555,681,0.517317500023637,CAL-EDM:1;CAL-EDM:2;CAL-EDM:3;KAM-KEL:1;KAM-KEL:2;OTT-MON:1;OTT-MON:2,3.3333333333333335,0.9711464408487066
2494.6300628138233,0.04202330948013773,0.9885583105050028,0.8417772013694047,0.7399262533821165,optimal,8.311019359596,4,2,18,0,0.46415888336127825,311,0.11116069997660816,KAM-KEL:1;KAM-KEL:2;OTT-MON:1;OTT-MON:2,3.0,0.6421107192234055
2828.1358655518347,0.04202330948013773,0.9885583105050028,0.8417772013694047,0.7399262533821165,optimal,8.673070440775053,4,2,18,0,0.46415888336127825,311,0.10306170000694692,KAM-KEL:1;KAM-KEL:2;OTT-MON:1;OTT-MON:2,3.0,0.6421107192234055
2494.6300628138233,0.0016885166111029813,0.9885583105050028,0.8417772013694047,0.7399262533821165,infeasible,-50.0,0,0,18,0,,0,0.0003760000108741224,,,
2494.6300628138233,0.04202330948013773,0.9501543808374554,0.8417772013694047,0.7399262533821165,optimal,6.7962697118832285,4,2,18,0,0.46415888336127825,231,0.04475349996937439,KAM-KEL:1;KAM-KEL:2;OTT-MON:1;OTT-MON:2,3.0,0.58406869336846
2494.6300628138233,0.04202330948013773,0.9885583105050028,0.7852866361383348,0.7399262533821165,optimal,7.910142997319433,4,2,18,0,0.46415888336127825,311,0.08668980002403259,KAM-KEL:1;KAM-KEL:2;OTT-MON:1;OTT-MON:2,3.0,0.6421107192234055
2494.6300628138233,0.04202330948013773,0.9885583105050028,0.8417772013694047,0.7410379144828766,optimal,8.334860719388807,4,2,18,0,0.46415888336127825,311,0.11210859997663647,KAM-KEL:1;KAM-KEL:2;OTT-MON:1;OTT-MON:2,3.0,0.6432898142326657
2828.1358655518347,0.0016885166111029813,0.9501543808374554,0.7852866361383348,0.7410379144828766,infeasible,-50.0,0,0,18,0,,0,0.00031019997550174594,,,
1595.9121346371765,0.003595484833223717,0.9685692088250071,0.9433857718948274,0.749414312553592,optimal,7.202557677546854,4,2,18,0,0.46415888336127825,125,0.019704699981957674,KAM-KEL:1;KAM-KEL:2;OTT-MON:1;OTT-MON:2,3.0,0.6204479960948035
7209.714524130324,0.003595484833223717,0.9685692088250071,0.9433857718948274,0.749414312553592,optimal,11.553679500863133,4,2,18,0,0.46415888336127825,125,0.034390399989206344,KAM-KEL:1;KAM-KEL:2;OTT-MON:1;OTT-MON:2,3.0,0.6204479960948035
1595.9121346371765,0.03133232248863422,0.9685692088250071,0.9433857718948274,0.749414312553592,optimal,7.202557677546854,4,2,18,0,0.46415888336127825,311,0.08722990000387654,KAM-KEL:1;KAM-KEL:2;OTT-MON:1;OTT-MON:2,3.0,0.6204479960948035
1595.9121346371765,0.003595484833223717,0.9822084396798164,0.9433857718948274,0.749414312553592,optimal,7.676410168055798,4,2,18,0,0.46415888336127825,125,0.019456900015939027,KAM-KEL:1;KAM-KEL:2;OTT-MON:1;OTT-MON:2,3.0,0.6419454531418368
1595.9121346371765,0.003595484833223717,0.9685692088250071,0.6732851737178862,0.749414312553592,optimal,5.256037091572711,4,2,18,0,0.46415888336127825,125,0.027132199960760772,KAM-KEL:1;KAM-KEL:2;OTT-MON:1;OTT-MON:2,3.0,0.6204479960948035
1595.9121346371765,0.003595484833223717,0.9685692088250071,0.9433857718948274,0.9218139585172758,optimal,9.934854193118307,4,2,18,0,0.46415888336127825,125,0.0405964000383392,KAM-KEL:1;KAM-KEL:2;OTT-MON:1;OTT-MON:2,3.0,0.8104925492811316
7209.714524130324,0.03133232248863422,0.9822084396798164,0.6732851737178862,0.9218139585172758,optimal,12.943632173984803,7,3,18,0,0.23713737056616555,673,0.43281679996289313,CAL-EDM:1;CAL-EDM:2;CAL-EDM:3;KAM-KEL:1;KAM-KEL:2;OTT-MON:1;OTT-MON:2,3.3333333333333335,0.8232406407741456
19482.30577216133,0.05847804192294623,0.955154484346509,0.6163883602712303,0.9569319505942986,optimal,16.055188094826697,7,3,18,0,0.23713737056616555,633,0.39582330000121146,CAL-EDM:1;CAL-EDM:2;CAL-EDM:3;KAM-KEL:1;KAM-KEL:2;OTT-MON:1;OTT-MON:2,3.3333333333333335,0.801729470330064
66526.8864940936,0.05847804192294623,0.955154484346509,0.6163883602712303,0.9569319505942986,optimal,21.37050734262624,7,3,18,0,0.23713737056616555,633,0.357453600037843,CAL-EDM:1;CAL-EDM:2;CAL-EDM:3;KAM-KEL:1;KAM-KEL:2;OTT-MON:1;OTT-MON:2,3.3333333333333335,0.801729470330064
19482.30577216133,0.002547721522754648,0.955154484346509,0.6163883602712303,0.9569319505942986,optimal,14.792574612733995,4,2,18,0,0.46415888336127825,101,0.024699500005226582,KAM-KEL:1;KAM-KEL:2;OTT-MON:1;OTT-MON:2,3.0,0.8208110872288366
19482.30577216133,0.05847804192294623,0.9399380252566188,0.6163883602712303,0.9569319505942986,optimal,15.453727276231374,7,3,18,0,0.23713737056616555,577,0.30432449997169897,CAL-EDM:1;CAL-EDM:2;CAL-EDM:3;KAM-KEL:1;KAM-KEL:2;OTT-MON:1;OTT-MON:2,3.3333333333333335,0.7633174689726436
19482.30577216133,0.05847804192294623,0.955154484346509,0.7306197970174253,0.9569319505942986,optimal,17.77215668503055,7,3,18,0,0.23713737056616555,633,0.3778641000390053,CAL-EDM:1;CAL-EDM:2;CAL-EDM:3;KAM-KEL:1;KAM-KEL:2;OTT-MON:1;OTT-MON:2,3.3333333333333335,0.801729470330064
19482.30577216133,0.05847804192294623,0.955154484346509,0.6163883602712303,0.809590607766062,optimal,12.759276221678533,4,2,18,0,0.46415888336127825,311,0.10776889999397099,KAM-KEL:1;KAM-KEL:2;OTT-MON:1;OTT-MON:2,3.0,0.6585650490275068
66526.8864940936,0.002547721522754648,0.9399380252566188,0.7306197970174253,0.809590607766062,optimal,16.76975459398427,4,2,18,0,0.46415888336127825,101,0.025211399944964796,KAM-KEL:1;KAM-KEL:2;OTT-MON:1;OTT-MON:2,3.0,0.6326825326627161
103173.0955041543,0.0019758495228982425,0.982759723033756,0.7631046514958143,0.8774852995919064,optimal,10.713004229002342,2,1,18,0,0.6072021956909884,77,0.017968399974051863,KAM-KEL:1;KAM-KEL:2,3.0,0.7885697315384044
17525.608174739198,0.0019758495228982425,0.982759723033756,0.7631046514958143,0.8774852995919064,optimal,8.155473836160223,2,1,18,0,0.6072021956909884,77,0.02257500000996515,KAM-KEL:1;KAM-KEL:2,3.0,0.7885697315384044
103173.0955041543,0.05325595508666923,0.982759723033756,0.7631046514958143,0.8774852995919064,optimal,24.804377416976156,7,3,18,0,0.23713737056616555,505,0.25227360002463683,CAL-EDM:1;CAL-EDM:2;CAL-EDM:3;KAM-KEL:1;KAM-KEL:2;OTT-MON:1;OTT-MON:2,3.3333333333333335,0.7629543701450173
103173.0955041543,0.0019758495228982425,0.9314048337228596,0.7631046514958143,0.8774852995919064,optimal,10.056595174615202,2,1,18,0,0.6072021956909884,77,0.015955000009853393,KAM-KEL:1;KAM-KEL:2,3.0,0.6830846611639487
103173.0955041543,0.0019758495228982425,0.982759723033756,0.9315536477137356,0.8774852995919064,optimal,11.288520099214056,2,1,18,0,0.6072021956909884,77,0.017497199994977564,KAM-KEL:1;KAM-KEL:2,3.0,0.7885697315384044
103173.0955041543,0.0019758495228982425,0.982759723033756,0.7631046514958143,0.7749993271781132,optimal,9.950567577464014,2,1,18,0,0.6072021956909884,77,0.014464999956544489,KAM-KEL:1;KAM-KEL:2,3.0,0.6701118131312289
17525.608174739198,0.05325595508666923,0.9314048337228596,0.9315536477137356,0.7749993271781132,optimal,13.132432287138602,4,2,18,0,0.46415888336127825,231,0.06554560002405196,KAM-KEL:1;KAM-KEL:2;OTT-MON:1;OTT-MON:2,3.0,0.5878280872213041
12469.61228535025,0.010150526624216519,0.9303449894022197,0.5767366923391819,0.8289047263441607,optimal,10.616514270931496,4,2,18,0,0.46415888336127825,311,0.08812100003706291,KAM-KEL:1;KAM-KEL:2;OTT-MON:1;OTT-MON:2,3.0,0.6346575641204769
1939.0427744557394,0.010150526624216519,0.9303449894022197,0.5767366923391819,0.8289047263441607,optimal,5.246514122230133,4,2,18,0,0.46415888336127825,311,0.10003849997883663,KAM-KEL:1;KAM-KEL:2;OTT-MON:1;OTT-MON:2,3.0,0.6346575641204769
12469.61228535025,0.004253205331473833,0.9303449894022197,0.5767366923391819,0.8289047263441607,optimal,10.616514270931496,4,2,18,0,0.46415888336127825,157,0.04321700002765283,KAM-KEL:1;KAM-KEL:2;OTT-MON:1;OTT-MON:2,3.0,0.6346575641204769
12469.61228535025,0.010150526624216519,0.9712514361515642,0.5767366923391819,0.8289047263441607,optimal,11.875204391264784,4,2,18,0,0.46415888336127825,343,0.12765290000243112,KAM-KEL:1;KAM-KEL:2;OTT-MON:1;OTT-MON:2,3.0,0.7082967504684128
12469.61228535025,0.010150526624216519,0.9303449894022197,0.5354275977704674,0.8289047263441607,optimal,10.187629038464063,4,2,18,0,0.46415888336127825,311,0.107860799995251,KAM-KEL:1;KAM-KEL:2;OTT-MON:1;OTT-MON:2,3.0,0.6346575641204769
12469.61228535025,0.010150526624216519,0.9303449894022197,0.5767366923391819,0.9586037664562463,optimal,12.563915430265887,4,2,18,0,0.46415888336127825,449,0.19315479998476803,KAM-KEL:1;KAM-KEL:2;OTT-MON:1;OTT-MON:2,3.0,0.764450160742717
1939.0427744557394,0.004253205331473833,0.9712514361515642,0.5354275977704674,0.9586037664562463,optimal,7.6784762876549815,4,2,18,0,0.46415888336127825,173,0.04544080002233386,KAM-KEL:1;KAM-KEL:2;OTT-MON:1;OTT-MON:2,3.0,0.8629369572789555
11621.715061367291,0.002157268375379049,0.9776678438987583,0.8688277826178818,0.988272541390732,optimal,16.05331297376477,4,2,18,0,0.46415888336127825,101,0.028758600004948676,KAM-KEL:1;KAM-KEL:2;OTT-MON:1;OTT-MON:2,3.0,0.9190067225321279
56440.796833047716,0.002157268375379049,0.9776678438987583,0.8688277826178818,0.988272541390732,optimal,20.6131437088929,4,2,18,0,0.46415888336127825,101,0.035940099973231554,KAM-KEL:1;KAM-KEL:2;OTT-MON:1;OTT-MON:2,3.0,0.9190067225321279
11621.715061367291,0.002343016441937574,0.9776678438987583,0.8688277826178818,0.988272541390732,optimal,16.05331297376477,4,2,18,0,0.46415888336127825,101,0.030105900019407272,KAM-KEL:1;KAM-KEL:2;OTT-MON:1;OTT-MON:2,3.0,0.9190067225321279
11621.715061367291,0.002157268375379049,0.9337091480810196,0.8688277826178818,0.988272541390732,optimal,15.136405804370733,4,2,18,0,0.46415888336127825,101,0.02502270002150908,KAM-KEL:1;KAM-KEL:2;OTT-MON:1;OTT-MON:2,3.0,0.8049388163559615
11621.715061367291,0.002157268375379049,0.9776678438987583,0.604293313389644,0.988272541390732,optimal,13.9580279390847,4,2,18,0,0.46415888336127825,101,0.03379789995960891,KAM-KEL:1;KAM-KEL:2;OTT-MON:1;OTT-MON:2,3.0,0.9190067225321279
11621.715061367291,0.002157268375379049,0.9776678438987583,0.8688277826178818,0.7515892759226263,optimal,12.826351641141894,4,2,18,0,0.46415888336127825,101,0.02298579999478534,KAM-KEL:1;KAM-KEL:2;OTT-MON:1;OTT-MON:2,3.0,0.6369351408508581
56440.796833047716,0.002343016441937574,0.9337091480810196,0.604293313389644,0.7515892759226263,optimal,13.394124332670263,4,2,18,0,0.46415888336127825,101,0.031030500016640872,KAM-KEL:1;KAM-KEL:2;OTT-MON:1;OTT-MON:2,3.0,0.5709613922227674
141909.00394509203,0.013262797512292982,0.9447703750766814,0.6966038626153022,0.7182578944340348,optimal,16.272005522569422,4,2,18,0,0.46415888336127825,231,0.06270109995966777,KAM-KEL:1;KAM-KEL:2;OTT-MON:1;OTT-MON:2,3.0,0.5575828842438474
6114.739384463092,0.013262797512292982,0.9447703750766814,0.6966038626153022,0.7182578944340348,optimal,7.19894290637746,4,2,18,0,0.46415888336127825,231,0.07738909998442978,KAM-KEL:1;KAM-KEL:2;OTT-MON:1;OTT-MON:2,3.0,0.5575828842438474
141909.00394509203,0.01905142976867973,0.9447703750766814,0.6966038626153022,0.7182578944340348,optimal,16.272005522569422,4,2,18,0,0.46415888336127825,231,0.06841429998166859,KAM-KEL:1;KAM-KEL:2;OTT-MON:1;OTT-MON:2,3.0,0.5575828842438474
141909.00394509203,0.013262797512292982,0.9692518187370152,0.6966038626153022,0.7182578944340348,optimal,17.600586603238987,4,2,18,0,0.46415888336127825,231,0.06674089998705313,KAM-KEL:1;KAM-KEL:2;OTT-MON:1;OTT-MON:2,3.0,0.5912567069064143
141909.00394509203,0.013262797512292982,0.9447703750766814,0.8848706606309861,0.7182578944340348,optimal,17.65251801391986,4,2,18,0,0.46415888336127825,231,0.05958080000709742,KAM-KEL:1;KAM-KEL:2;OTT-MON:1;OTT-MON:2,3.0,0.5575828842438474
141909.00394509203,0.013262797512292982,0.9447703750766814,0.6966038626153022,0.9265238510807976,optimal,24.820968670624566,7,3,18,0,0.23713737056616555,489,0.22643340000649914,CAL-EDM:1;CAL-EDM:2;CAL-EDM:3;KAM-KEL:1;KAM-KEL:2;OTT-MON:1;OTT-MON:2,3.3333333333333335,0.7376411715686434
6114.739384463092,0.01905142976867973,0.9692518187370152,0.8848706606309861,0.9265238510807976,optimal,14.614236968228473,7,3,18,0,0.23713737056616555,601,0.33971710002515465,CAL-EDM:1;CAL-EDM:2;CAL-EDM:3;KAM-KEL:1;KAM-KEL:2;OTT-MON:1;OTT-MON:2,3.3333333333333335,0.7967521638316093
14166.719032935385,0.0036695096624492817,0.9930771081075073,0.8239022647961973,0.7979803038183599,optimal,15.275907285746968,7,3,18,0,0.23713737056616555,149,0.04340069997124374,CAL-EDM:1;CAL-EDM:2;CAL-EDM:3;KAM-KEL:1;KAM-KEL:2;OTT-MON:1;OTT-MON:2,3.3333333333333335,0.6820580091767097
1641.2799564907866,0.0036695096624492817,0.9930771081075073,0.8239022647961973,0.7979803038183599,optimal,8.166753702489856,4,2,18,0,0.46415888336127825,149,0.029273300024215132,KAM-KEL:1;KAM-KEL:2;OTT-MON:1;OTT-MON:2,3.0,0.714476198422432
14166.719032935385,0.0039824597865961466,0.9930771081075073,0.8239022647961973,0.7979803038183599,optimal,15.275907285746968,7,3,18,0,0.23713737056616555,173,0.04611540003679693,CAL-EDM:1;CAL-EDM:2;CAL-EDM:3;KAM-KEL:1;KAM-KEL:2;OTT-MON:1;OTT-MON:2,3.3333333333333335,0.6820580091767097
14166.719032935385,0.0036695096624492817,0.9802468987591565,0.8239022647961973,0.7979803038183599,optimal,14.59726787878611,7,3,18,0,0.23713737056616555,149,0.051745900011155754,CAL-EDM:1;CAL-EDM:2;CAL-EDM:3;KAM-KEL:1;KAM-KEL:2;OTT-MON:1;OTT-MON:2,3.3333333333333335,0.6580561252508548
14166.719032935385,0.0036695096624492817,0.9930771081075073,0.8027910653501749,0.7979803038183599,optimal,15.013766750628278,7,3,18,0,0.23713737056616555,149,0.05241490004118532,CAL-EDM:1;CAL-EDM:2;CAL-EDM:3;KAM-KEL:1;KAM-KEL:2;OTT-MON:1;OTT-MON:2,3.3333333333333335,0.6820580091767097
14166.719032935385,0.0036695096624492817,0.9930771081075073,0.8239022647961973,0.8894352941140532,optimal,17.634179554301806,7,3,18,0,0.23713737056616555,149,0.04713119997177273,CAL-EDM:1;CAL-EDM:2;CAL-EDM:3;KAM-KEL:1;KAM-KEL:2;OTT-MON:1;OTT-MON:2,3.3333333333333335,0.8041965386584448
1641.2799564907866,0.0039824597865961466,0.9802468987591565,0.8027910653501749,0.8894352941140532,optimal,8.962707694287694,4,2,18,0,0.46415888336127825,173,0.0612775000045076,KAM-KEL:1;KAM-KEL:2;OTT-MON:1;OTT-MON:2,3.0,0.7976654637837259
1712.0612099987716,0.07142419804455628,0.9211796301323921,0.5110506089404225,0.9085063692182302,optimal,5.2379599902100065,4,2,18,0,0.46415888336127825,368,0.13311880000401288,KAM-KEL:1;KAM-KEL:2;OTT-MON:1;OTT-MON:2,3.0,0.6936594416344717
14839.292888542446,0.07142419804455628,0.9211796301323921,0.5110506089404225,0.9085063692182302,optimal,11.469192310177013,4,2,18,0,0.46415888336127825,368,0.15432490000966936,KAM-KEL:1;KAM-KEL:2;OTT-MON:1;OTT-MON:2,3.0,0.6936594416344717
1712.0612099987716,0.03180471454933437,0.9211796301323921,0.5110506089404225,0.9085063692182302,optimal,5.2379599902100065,4,2,18,0,0.46415888336127825,368,0.12654500000644475,KAM-KEL:1;KAM-KEL:2;OTT-MON:1;OTT-MON:2,3.0,0.6936594416344717
1712.0612099987716,0.07142419804455628,0.9422042442336679,0.5110506089404225,0.9085063692182302,optimal,5.816692180195295,4,2,18,0,0.46415888336127825,457,0.1967820000136271,KAM-KEL:1;KAM-KEL:2;OTT-MON:1;OTT-MON:2,3.0,0.7366718195429971
1712.0612099987716,0.07142419804455628,0.9211796301323921,0.6369389893487096,0.9085063692182302,optimal,6.508716070514598,4,2,18,0,0.46415888336127825,368,0.11812840000493452,KAM-KEL:1;KAM-KEL:2;OTT-MON:1;OTT-MON:2,3.0,0.6936594416344717
1712.0612099987716,0.07142419804455628,0.9211796301323921,0.5110506089404225,0.7864795792428776,optimal,2.775233180245511,4,2,18,0,0.46415888336127825,231,0.06631409999681637,KAM-KEL:1;KAM-KEL:2;OTT-MON:1;OTT-MON:2,3.0,0.582482412479314
14839.292888542446,0.03180471454933437,0.9422042442336679,0.6369389893487096,0.7864795792428776,optimal,11.229044975542259,4,2,18,0,0.46415888336127825,311,0.1129792999709025,KAM-KEL:1;KAM-KEL:2;OTT-MON:1;OTT-MON:2,3.0,0.6147162788900302
2074.863007972607,0.006225400350351675,0.9583004125095904,0.5986232836265117,0.8630695482799783,optimal,7.080643836042139,4,2,18,0,0.46415888336127825,277,0.09911980002652854,KAM-KEL:1;KAM-KEL:2;OTT-MON:1;OTT-MON:2,3.0,0.7205670835055588
140985.24172370948,0.006225400350351675,0.9583004125095904,0.5986232836265117,0.8630695482799783,optimal,22.263989467312854,7,3,18,0,0.23713737056616555,277,0.09596070001134649,CAL-EDM:1;CAL-EDM:2;CAL-EDM:3;KAM-KEL:1;KAM-KEL:2;OTT-MON:1;OTT-MON:2,3.3333333333333335,0.6915618549008724
2074.863007972607,0.005850726515979924,0.9583004125095904,0.5986232836265117,0.8630695482799783,optimal,7.080643836042139,4,2,18,0,0.46415888336127825,237,0.07220950000919402,KAM-KEL:1;KAM-KEL:2;OTT-MON:1;OTT-MON:2,3.0,0.7205670835055588
2074.863007972607,0.006225400350351675,0.9901496599167585,0.5986232836265117,0.8630695482799783,optimal,7.839731060787388,4,2,18,0,0.46415888336127825,293,0.09651490004034713,KAM-KEL:1;KAM-KEL:2;OTT-MON:1;OTT-MON:2,3.0,0.7869423908938747
2074.863007972607,0.006225400350351675,0.9583004125095904,0.7482409299816937,0.8630695482799783,optimal,8.368061803302805,4,2,18,0,0.46415888336127825,277,0.0852673000190407,KAM-KEL:1;KAM-KEL:2;OTT-MON:1;OTT-MON:2,3.0,0.7205670835055588
2074.863007972607,0.006225400350351675,0.9583004125095904,0.5986232836265117,0.9650134320352226,optimal,8.31479005852432,4,2,18,0,0.46415888336127825,318,0.1292371000163257,KAM-KEL:1;KAM-KEL:2;OTT-MON:1;OTT-MON:2,3.0,0.8382970546620594
140985.24172370948,0.005850726515979924,0.9901496599167585,0.7482409299816937,0.9650134320352226,optimal,27.927516755439996,7,3,18,0,0.23713737056616555,262,0.09555560001172125,CAL-EDM:1;CAL-EDM:2;CAL-EDM:3;KAM-KEL:1;KAM-KEL:2;OTT-MON:1;OTT-MON:2,3.3333333333333335,0.9106140601681197
47628.68463236426,0.031999667655647455,0.9644044126775115,0.7356704079080373,0.8444065201198682,optimal,19.403603364710456,7,3,18,0,0.23713737056616555,368,0.1446882999734953,CAL-EDM:1;CAL-EDM:2;CAL-EDM:3;KAM-KEL:1;KAM-KEL:2;OTT-MON:1;OTT-MON:2,3.3333333333333335,0.6820369865591309
12679.26917998394,0.031999667655647455,0.9644044126775115,0.7356704079080373,0.8444065201198682,optimal,13.675526023501712,7,3,18,0,0.23713737056616555,368,0.14051719999406487,CAL-EDM:1;CAL-EDM:2;CAL-EDM:3;KAM-KEL:1;KAM-KEL:2;OTT-MON:1;OTT-MON:2,3.3333333333333335,0.6820369865591309
47628.68463236426,0.07325781095127616,0.9644044126775115,0.7356704079080373,0.8444065201198682,optimal,19.403603364710456,7,3,18,0,0.23713737056616555,368,0.1534331999719143,CAL-EDM:1;CAL-EDM:2;CAL-EDM:3;KAM-KEL:1;KAM-KEL:2;OTT-MON:1;OTT-MON:2,3.3333333333333335,0.6820369865591309
47628.68463236426,0.031999667655647455,0.9527250664792956,0.7356704079080373,0.8444065201198682,optimal,18.77057971692838,7,3,18,0,0.23713737056616555,368,0.1379024000489153,CAL-EDM:1;CAL-EDM:2;CAL-EDM:3;KAM-KEL:1;KAM-KEL:2;OTT-MON:1;OTT-MON:2,3.3333333333333335,0.6592641325888143
47628.68463236426,0.031999667655647455,0.9644044126775115,0.6909337490331382,0.8444065201198682,optimal,18.7700181200133,7,3,18,0,0.23713737056616555,368,0.1450046999962069,CAL-EDM:1;CAL-EDM:2;CAL-EDM:3;KAM-KEL:1;KAM-KEL:2;OTT-MON:1;OTT-MON:2,3.3333333333333335,0.6820369865591309
47628.68463236426,0.031999667655647455,0.9644044126775115,0.7356704079080373,0.7181884790631011,optimal,14.537874328975121,4,2,18,0,0.46415888336127825,231,0.05584480002289638,KAM-KEL:1;KAM-KEL:2;OTT-MON:1;OTT-MON:2,3.0,0.5843387593093532
12679.26917998394,0.07325781095127616,0.9527250664792956,0.6909337490331382,0.7181884790631011,optimal,9.744584793490954,4,2,18,0,0.46415888336127825,231,0.0619165999814868,KAM-KEL:1;KAM-KEL:2;OTT-MON:1;OTT-MON:2,3.0,0.5682076945733123
83564.36125073466,0.0011417943361509708,0.9343668801803142,0.6433359974995255,0.7803662159228697,infeasible,-50.0,0,0,18,0,,0,0.00031159998616203666,,,
3335.7630736915585,0.0011417943361509708,0.9343668801803142,0.6433359974995255,0.7803662159228697,infeasible,-50.0,0,0,18,0,,0,0.00023010000586509705,,,
83564.36125073466,0.0010313201357236912,0.9343668801803142,0.6433359974995255,0.7803662159228697,infeasible,-50.0,0,0,18,0,,0,0.00020030001178383827,,,
83564.36125073466,0.0011417943361509708,0.9247150938790292,0.6433359974995255,0.7803662159228697,infeasible,-50.0,0,0,18,0,,0,0.0001990000018849969,,,
83564.36125073466,0.0011417943361509708,0.9343668801803142,0.5460138589143753,0.7803662159228697,infeasible,-50.0,0,0,18,0,,0,0.00019450002582743764,,,
83564.36125073466,0.0011417943361509708,0.9343668801803142,0.6433359974995255,0.8247849549110978,infeasible,-50.0,0,0,18,0,,0,0.00018069997895509005,,,
3335.7630736915585,0.0010313201357236912,0.9247150938790292,0.5460138589143753,0.8247849549110978,infeasible,-50.0,0,0,18,0,,0,0.00017519999528303742,,,
4843.838796364475,0.018539246825387948,0.9794709080979228,0.9209970174357295,0.9271362264743075,optimal,14.393695638248143,7,3,18,0,0.23713737056616555,673,0.43621120002353564,CAL-EDM:1;CAL-EDM:2;CAL-EDM:3;KAM-KEL:1;KAM-KEL:2;OTT-MON:1;OTT-MON:2,3.3333333333333335,0.823757692236713
37866.85509061261,0.018539246825387948,0.9794709080979228,0.9209970174357295,0.9271362264743075,optimal,23.293834188154808,7,3,18,0,0.23713737056616555,673,0.40152769995620474,CAL-EDM:1;CAL-EDM:2;CAL-EDM:3;KAM-KEL:1;KAM-KEL:2;OTT-MON:1;OTT-MON:2,3.3333333333333335,0.823757692236713
4843.838796364475,0.012683129886235519,0.9794709080979228,0.9209970174357295,0.9271362264743075,optimal,14.393695638248143,7,3,18,0,0.23713737056616555,601,0.34602160000940785,CAL-EDM:1;CAL-EDM:2;CAL-EDM:3;KAM-KEL:1;KAM-KEL:2;OTT-MON:1;OTT-MON:2,3.3333333333333335,0.823757692236713
4843.838796364475,0.018539246825387948,0.9596504133734852,0.9209970174357295,0.9271362264743075,optimal,13.653699658927144,7,3,18,0,0.23713737056616555,577,0.31097930000396445,CAL-EDM:1;CAL-EDM:2;CAL-EDM:3;KAM-KEL:1;KAM-KEL:2;OTT-MON:1;OTT-MON:2,3.3333333333333335,0.7737877374364072
4843.838796364475,0.018539246825387948,0.9794709080979228,0.9421674048528075,0.9271362264743075,optimal,14.623204198785956,7,3,18,0,0.23713737056616555,673,0.43103470001369715,CAL-EDM:1;CAL-EDM:2;CAL-EDM:3;KAM-KEL:1;KAM-KEL:2;OTT-MON:1;OTT-MON:2,3.3333333333333335,0.823757692236713
4843.838796364475,0.018539246825387948,0.9794709080979228,0.9209970174357295,0.8561311170915141,optimal,12.810845510026153,7,3,18,0,0.23713737056616555,457,0.19713560002855957,CAL-EDM:1;CAL-EDM:2;CAL-EDM:3;KAM-KEL:1;KAM-KEL:2;OTT-MON:1;OTT-MON:2,3.3333333333333335,0.7275961684566662
37866.85509061261,0.012683129886235519,0.9596504133734852,0.9421674048528075,0.8561311170915141,optimal,21.020258747376516,7,3,18,0,0.23713737056616555,368,0.1530233999947086,CAL-EDM:1;CAL-EDM:2;CAL-EDM:3;KAM-KEL:1;KAM-KEL:2;OTT-MON:1;OTT-MON:2,3.3333333333333335,0.6862019170565481
7186.56009016274,0.004731392667743516,0.938445009695366,0.7792526482138782,0.7282360613904894,optimal,8.314366855238614,4,2,18,0,0.46415888336127825,165,0.039423500013072044,KAM-KEL:1;KAM-KEL:2;OTT-MON:1;OTT-MON:2,3.0,0.5576306503864192
23467.56754187157,0.004731392667743516,0.938445009695366,0.7792526482138782,0.7282360613904894,optimal,11.72895691348114,4,2,18,0,0.46415888336127825,165,0.04423150001093745,KAM-KEL:1;KAM-KEL:2;OTT-MON:1;OTT-MON:2,3.0,0.5576306503864192
7186.56009016274,0.00823106622098897,0.938445009695366,0.7792526482138782,0.7282360613904894,optimal,8.314366855238614,4,2,18,0,0.46415888336127825,222,0.0739931000280194,KAM-KEL:1;KAM-KEL:2;OTT-MON:1;OTT-MON:2,3.0,0.5576306503864192
7186.56009016274,0.004731392667743516,0.9937711750082672,0.7792526482138782,0.7282360613904894,optimal,10.832170698869419,4,2,18,0,0.46415888336127825,173,0.04672709997976199,KAM-KEL:1;KAM-KEL:2;OTT-MON:1;OTT-MON:2,3.0,0.6379179397292385
7186.56009016274,0.004731392667743516,0.938445009695366,0.7789215827360749,0.7282360613904894,optimal,8.311914618405343,4,2,18,0,0.46415888336127825,165,0.04461519996402785,KAM-KEL:1;KAM-KEL:2;OTT-MON:1;OTT-MON:2,3.0,0.5576306503864192
7186.56009016274,0.004731392667743516,0.938445009695366,0.7792526482138782,0.8036406674329191,optimal,10.539983040688309,4,2,18,0,0.46415888336127825,173,0.06055890000425279,KAM-KEL:1;KAM-KEL:2;OTT-MON:1;OTT-MON:2,3.0,0.6246356078624994
23467.56754187157,0.00823106622098897,0.9937711750082672,0.7789215827360749,0.8036406674329191,optimal,17.10808328032258,7,3,18,0,0.23713737056616555,302,0.10471560002770275,CAL-EDM:1;CAL-EDM:2;CAL-EDM:3;KAM-KEL:1;KAM-KEL:2;OTT-MON:1;OTT-MON:2,3.3333333333333335,0.6904385265300537
61024.209662440415,0.07973839890985066,0.9835290741100907,0.5577326836530119,0.9781454748939723,optimal,21.346999060739687,7,3,18,0,0.23713737056616555,809,0.663569699972868,CAL-EDM:1;CAL-EDM:2;CAL-EDM:3;KAM-KEL:1;KAM-KEL:2;OTT-MON:1;OTT-MON:2,3.3333333333333335,0.9116329372805129
1332.1146758320506,0.07973839890985066,0.9835290741100907,0.5577326836530119,0.9781454748939723,optimal,7.2612195315516,4,2,18,0,0.46415888336127825,809,0.6732682000147179,KAM-KEL:1;KAM-KEL:2;OTT-MON:1;OTT-MON:2,3.0,0.9213304868118904
61024.209662440415,0.08925168978077126,0.9835290741100907,0.5577326836530119,0.9781454748939723,optimal,21.346999060739687,7,3,18,0,0.23713737056616555,809,0.6827439999906346,CAL-EDM:1;CAL-EDM:2;CAL-EDM:3;KAM-KEL:1;KAM-KEL:2;OTT-MON:1;OTT-MON:2,3.3333333333333335,0.9116329372805129
61024.209662440415,0.07973839890985066,0.9587776817083359,0.5577326836530119,0.9781454748939723,optimal,20.51774009780723,7,3,18,0,0.23713737056616555,729,0.4991440000012517,CAL-EDM:1;CAL-EDM:2;CAL-EDM:3;KAM-KEL:1;KAM-KEL:2;OTT-MON:1;OTT-MON:2,3.3333333333333335,0.8403744533456076
61024.209662440415,0.07973839890985066,0.9835290741100907,0.7233172055333852,0.9781454748939723,optimal,23.97238162968397,7,3,18,0,0.23713737056616555,809,0.6768816999974661,CAL-EDM:1;CAL-EDM:2;CAL-EDM:3;KAM-KEL:1;KAM-KEL:2;OTT-MON:1;OTT-MON:2,3.3333333333333335,0.9116329372805129
61024.209662440415,0.07973839890985066,0.9835290741100907,0.5577326836530119,0.9159858252527192,optimal,20.21757263170984,7,3,18,0,0.23713737056616555,633,0.37180099997203797,CAL-EDM:1;CAL-EDM:2;CAL-EDM:3;KAM-KEL:1;KAM-KEL:2;OTT-MON:1;OTT-MON:2,3.3333333333333335,0.8182830856358562
1332.1146758320506,0.08925168978077126,0.9587776817083359,0.7233172055333852,0.9159858252527192,optimal,7.593810633068147,4,2,18,0,0.46415888336127825,577,0.2841871000127867,KAM-KEL:1;KAM-KEL:2;OTT-MON:1;OTT-MON:2,3.0,0.7811107365688363
33632.64927978177,0.002576796622004586,0.953547187436372,0.9347067549824715,0.8961414923556149,optimal,18.018299184192838,4,2,18,0,0.46415888336127825,101,0.026874199975281954,KAM-KEL:1;KAM-KEL:2;OTT-MON:1;OTT-MON:2,3.0,0.747176209629236
4956.450259672306,0.002576796622004586,0.953547187436372,0.9347067549824715,0.8961414923556149,optimal,12.493332647328048,4,2,18,0,0.46415888336127825,101,0.03581800003303215,KAM-KEL:1;KAM-KEL:2;OTT-MON:1;OTT-MON:2,3.0,0.747176209629236
33632.64927978177,0.0015032167419280693,0.953547187436372,0.9347067549824715,0.8961414923556149,infeasible,-50.0,0,0,18,0,,0,0.00030719995265826583,,,
33632.64927978177,0.002576796622004586,0.9283352630380541,0.9347067549824715,0.8961414923556149,optimal,17.343314351434373,4,2,18,0,0.46415888336127825,101,0.029529499995987862,KAM-KEL:1;KAM-KEL:2;OTT-MON:1;OTT-MON:2,3.0,0.6956191320070972
33632.64927978177,0.002576796622004586,0.953547187436372,0.517091142712161,0.8961414923556149,optimal,14.601918275887844,4,2,18,0,0.46415888336127825,101,0.0314735000138171,KAM-KEL:1;KAM-KEL:2;OTT-MON:1;OTT-MON:2,3.0,0.747176209629236
33632.64927978177,0.002576796622004586,0.953547187436372,0.9347067549824715,0.9505608118679374,optimal,18.666099926109624,4,2,18,0,0.46415888336127825,101,0.02876369998557493,KAM-KEL:1;KAM-KEL:2;OTT-MON:1;OTT-MON:2,3.0,0.8093929372092505
4956.450259672306,0.0015032167419280693,0.9283352630380541,0.517091142712161,0.9505608118679374,infeasible,-50.0,0,0,18,0,,0,0.0004295999533496797,,,
2711.967246556775,0.013716903344806646,0.9596312798913569,0.6288022954016924,0.8102138067837804,optimal,7.335030842882123,4,2,18,0,0.46415888336127825,311,0.0970200999872759,KAM-KEL:1;KAM-KEL:2;OTT-MON:1;OTT-MON:2,3.0,0.667037399888957
89143.68914345144,0.013716903344806646,0.9596312798913569,0.6288022954016924,0.8102138067837804,optimal,19.036473410587515,7,3,18,0,0.23713737056616555,311,0.10625479998998344,CAL-EDM:1;CAL-EDM:2;CAL-EDM:3;KAM-KEL:1;KAM-KEL:2;OTT-MON:1;OTT-MON:2,3.3333333333333335,0.634592457477023
2711.967246556775,0.016009171315903983,0.9596312798913569,0.6288022954016924,0.8102138067837804,optimal,7.335030842882123,4,2,18,0,0.46415888336127825,311,0.09872790001099929,KAM-KEL:1;KAM-KEL:2;OTT-MON:1;OTT-MON:2,3.0,0.667037399888957
2711.967246556775,0.013716903344806646,0.9657037701439113,0.6288022954016924,0.8102138067837804,optimal,7.515772817516986,4,2,18,0,0.46415888336127825,368,0.10089060000609607,KAM-KEL:1;KAM-KEL:2;OTT-MON:1;OTT-MON:2,3.0,0.6778353520668325
2711.967246556775,0.013716903344806646,0.9596312798913569,0.9080260386224835,0.8102138067837804,optimal,9.455539582362054,4,2,18,0,0.46415888336127825,311,0.1162888000253588,KAM-KEL:1;KAM-KEL:2;OTT-MON:1;OTT-MON:2,3.0,0.667037399888957
2711.967246556775,0.013716903344806646,0.9596312798913569,0.6288022954016924,0.766797358811833,optimal,6.464641519215384,4,2,18,0,0.46415888336127825,311,0.10094229999231175,KAM-KEL:1;KAM-KEL:2;OTT-MON:1;OTT-MON:2,3.0,0.6235398512161687
89143.68914345144,0.016009171315903983,0.9657037701439113,0.9080260386224835,0.766797358811833,optimal,20.897725222591145,7,3,18,0,0.23713737056616555,311,0.1119501999928616,CAL-EDM:1;CAL-EDM:2;CAL-EDM:3;KAM-KEL:1;KAM-KEL:2;OTT-MON:1;OTT-MON:2,3.3333333333333335,0.5989438925028079
1243.8078096409713,0.0015816084897108803,0.9969258107617498,0.7093196908477694,0.8187199007077143,infeasible,-50.0,0,0,18,0,,0,0.0003497999859973788,,,
43007.00827577248,0.0015816084897108803,0.9969258107617498,0.7093196908477694,0.8187199007077143,infeasible,-50.0,0,0,18,0,,0,0.00020980002591386437,,,
1243.8078096409713,0.0027527992965598776,0.9969258107617498,0.7093196908477694,0.8187199007077143,optimal,6.90484999478859,4,2,18,0,0.46415888336127825,101,0.015794200007803738,KAM-KEL:1;KAM-KEL:2;OTT-MON:1;OTT-MON:2,3.0,0.7465701032526406
1243.8078096409713,0.0015816084897108803,0.9373250048514455,0.7093196908477694,0.8187199007077143,infeasible,-50.0,0,0,18,0,,0,0.0003796000382862985,,,
1243.8078096409713,0.0015816084897108803,0.9969258107617498,0.5716343579813838,0.8187199007077143,infeasible,-50.0,0,0,18,0,,0,0.0003125000512227416,,,
1243.8078096409713,0.0015816084897108803,0.9969258107617498,0.7093196908477694,0.8780655513219535,infeasible,-50.0,0,0,18,0,,0,0.0002941000275313854,,,
43007.00827577248,0.0027527992965598776,0.9373250048514455,0.5716343579813838,0.8780655513219535,optimal,15.206777432670224,4,2,18,0,0.46415888336127825,101,0.028712900006212294,KAM-KEL:1;KAM-KEL:2;OTT-MON:1;OTT-MON:2,3.0,0.695059199783173
21127.484216323683,0.02966771365053252,0.9250101917553694,0.853530184039846,0.8888875415893271,optimal,16.595202194584918,7,3,18,0,0.23713737056616555,368,0.1365910000167787,CAL-EDM:1;CAL-EDM:2;CAL-EDM:3;KAM-KEL:1;KAM-KEL:2;OTT-MON:1;OTT-MON:2,3.3333333333333335,0.6532186064231755
1944.0179441276,0.02966771365053252,0.9250101917553694,0.853530184039846,0.8888875415893271,optimal,8.38560119967785,4,2,18,0,0.46415888336127825,368,0.13243870000587776,KAM-KEL:1;KAM-KEL:2;OTT-MON:1;OTT-MON:2,3.0,0.6820182588322665
21127.484216323683,0.02584895550418711,0.9250101917553694,0.853530184039846,0.8888875415893271,optimal,16.595202194584918,7,3,18,0,0.23713737056616555,368,0.13521129998844117,CAL-EDM:1;CAL-EDM:2;CAL-EDM:3;KAM-KEL:1;KAM-KEL:2;OTT-MON:1;OTT-MON:2,3.3333333333333335,0.6532186064231755
21127.484216323683,0.02966771365053252,0.9753094878960401,0.853530184039846,0.8888875415893271,optimal,19.038820403629583,7,3,18,0,0.23713737056616555,577,0.30234689998906106,CAL-EDM:1;CAL-EDM:2;CAL-EDM:3;KAM-KEL:1;KAM-KEL:2;OTT-MON:1;OTT-MON:2,3.3333333333333335,0.7608918575292692
21127.484216323683,0.02966771365053252,0.9250101917553694,0.8540243588387966,0.8888875415893271,optimal,16.601047518686087,7,3,18,0,0.23713737056616555,368,0.1395771000534296,CAL-EDM:1;CAL-EDM:2;CAL-EDM:3;KAM-KEL:1;KAM-KEL:2;OTT-MON:1;OTT-MON:2,3.3333333333333335,0.6532186064231755
21127.484216323683,0.02966771365053252,0.9250101917553694,0.853530184039846,0.8376107681086287,optimal,14.41635852918258,7,3,18,0,0.23713737056616555,311,0.10312729998258874,CAL-EDM:1;CAL-EDM:2;CAL-EDM:3;KAM-KEL:1;KAM-KEL:2;OTT-MON:1;OTT-MON:2,3.3333333333333335,0.602138686504485
1944.0179441276,0.02584895550418711,0.9753094878960401,0.8540243588387966,0.8376107681086287,optimal,9.012372377357156,4,2,18,0,0.46415888336127825,457,0.20917290000943467,KAM-KEL:1;KAM-KEL:2;OTT-MON:1;OTT-MON:2,3.0,0.7259179143950817
184526.1370343325,0.009225229729464964,0.9732946041580289,0.5536526661366225,0.9507164265243336,optimal,25.240991981196984,7,3,18,0,0.23713737056616555,457,0.26157500001136214,CAL-EDM:1;CAL-EDM:2;CAL-EDM:3;KAM-KEL:1;KAM-KEL:2;OTT-MON:1;OTT-MON:2,3.3333333333333335,0.8411804752319666
7379.754688475757,0.009225229729464964,0.9732946041580289,0.5536526661366225,0.9507164265243336,optimal,11.688816039326204,4,2,18,0,0.46415888336127825,457,0.21979830000782385,KAM-KEL:1;KAM-KEL:2;OTT-MON:1;OTT-MON:2,3.0,0.8580301913037579
184526.1370343325,0.005215196806854374,0.9732946041580289,0.5536526661366225,0.9507164265243336,optimal,25.240991981196984,7,3,18,0,0.23713737056616555,197,0.06373439996968955,CAL-EDM:1;CAL-EDM:2;CAL-EDM:3;KAM-KEL:1;KAM-KEL:2;OTT-MON:1;OTT-MON:2,3.3333333333333335,0.8411804752319666
184526.1370343325,0.009225229729464964,0.9838620139881968,0.5536526661366225,0.9507164265243336,optimal,25.59943221499358,7,3,18,0,0.23713737056616555,457,0.21849729999667034,CAL-EDM:1;CAL-EDM:2;CAL-EDM:3;KAM-KEL:1;KAM-KEL:2;OTT-MON:1;OTT-MON:2,3.3333333333333335,0.8703082125610914
184526.1370343325,0.009225229729464964,0.9732946041580289,0.837207957310602,0.9507164265243336,optimal,29.417225848547975,7,3,18,0,0.23713737056616555,457,0.2538983999984339,CAL-EDM:1;CAL-EDM:2;CAL-EDM:3;KAM-KEL:1;KAM-KEL:2;OTT-MON:1;OTT-MON:2,3.3333333333333335,0.8411804752319666
184526.1370343325,0.009225229729464964,0.9732946041580289,0.5536526661366225,0.729043768800795,optimal,17.506743611666252,4,2,18,0,0.46415888336127825,303,0.10416090005310252,KAM-KEL:1;KAM-KEL:2;OTT-MON:1;OTT-MON:2,3.0,0.6075447073304472
7379.754688475757,0.005215196806854374,0.9838620139881968,0.837207957310602,0.729043768800795,optimal,11.002834904858826,4,2,18,0,0.46415888336127825,173,0.051784400013275445,KAM-KEL:1;KAM-KEL:2;OTT-MON:1;OTT-MON:2,3.0,0.623446078384648
8249.162130949031,0.054781316945875305,0.9403789757080376,0.7822340287268161,0.7569349154131486,optimal,9.86110695091579,4,2,18,0,0.46415888336127825,231,0.07634269999107346,KAM-KEL:1;KAM-KEL:2;OTT-MON:1;OTT-MON:2,3.0,0.5851638897655801
159914.36105381965,0.054781316945875305,0.9403789757080376,0.7822340287268161,0.7569349154131486,optimal,18.414923157244168,4,2,18,0,0.46415888336127825,231,0.07568569999421015,KAM-KEL:1;KAM-KEL:2;OTT-MON:1;OTT-MON:2,3.0,0.5851638897655801
8249.162130949031,0.04809778870806153,0.9403789757080376,0.7822340287268161,0.7569349154131486,optimal,9.86110695091579,4,2,18,0,0.46415888336127825,231,0.06203960004495457,KAM-KEL:1;KAM-KEL:2;OTT-MON:1;OTT-MON:2,3.0,0.5851638897655801
8249.162130949031,0.054781316945875305,0.9482632593251765,0.7822340287268161,0.7569349154131486,optimal,10.229995476688067,4,2,18,0,0.46415888336127825,231,0.06680440000491217,KAM-KEL:1;KAM-KEL:2;OTT-MON:1;OTT-MON:2,3.0,0.5967784684082944
8249.162130949031,0.054781316945875305,0.9403789757080376,0.6660273814108223,0.7569349154131486,optimal,8.933031720543372,4,2,18,0,0.46415888336127825,231,0.07416179997380823,KAM-KEL:1;KAM-KEL:2;OTT-MON:1;OTT-MON:2,3.0,0.5851638897655801
8249.162130949031,0.054781316945875305,0.9403789757080376,0.7822340287268161,0.9844167798934504,optimal,14.707179253459204,7,3,18,0,0.23713737056616555,673,0.4013550000381656,CAL-EDM:1;CAL-EDM:2;CAL-EDM:3;KAM-KEL:1;KAM-KEL:2;OTT-MON:1;OTT-MON:2,3.3333333333333335,0.7991570406175587
159914.36105381965,0.04809778870806153,0.9482632593251765,0.6660273814108223,0.9844167798934504,optimal,26.212342125911,7,3,18,0,0.23713737056616555,705,0.4327900999924168,CAL-EDM:1;CAL-EDM:2;CAL-EDM:3;KAM-KEL:1;KAM-KEL:2;OTT-MON:1;OTT-MON:2,3.3333333333333335,0.8202104765383561
7495.9513914081745,0.0013973777132515026,0.9231094676163047,0.913571823015809,0.8605556034557521,infeasible,-50.0,0,0,18,0,,0,0.000603599997702986,,,
95771.36920834577,0.0013973777132515026,0.9231094676163047,0.913571823015809,0.8605556034557521,infeasible,-50.0,0,0,18,0,,0,0.00039569998625665903,,,
7495.9513914081745,0.0039041371746216347,0.9231094676163047,0.913571823015809,0.8605556034557521,optimal,12.14263587573317,4,2,18,0,0.46415888336127825,157,0.048268300015479326,KAM-KEL:1;KAM-KEL:2;OTT-MON:1;OTT-MON:2,3.0,0.6515063741708287
7495.9513914081745,0.0013973777132515026,0.9577769278045744,0.913571823015809,0.8605556034557521,infeasible,-50.0,0,0,18,0,,0,0.00027929997304454446,,,
7495.9513914081745,0.0013973777132515026,0.9231094676163047,0.8879185020923615,0.8605556034557521,infeasible,-50.0,0,0,18,0,,0,0.000139000010676682,,,
7495.9513914081745,0.0013973777132515026,0.9231094676163047,0.913571823015809,0.7139676545280963,infeasible,-50.0,0,0,18,0,,0,0.00012589996913447976,,,
95771.36920834577,0.0039041371746216347,0.9577769278045744,0.8879185020923615,0.7139676545280963,optimal,17.15467510429577,4,2,18,0,0.46415888336127825,149,0.025272099999710917,KAM-KEL:1;KAM-KEL:2;OTT-MON:1;OTT-MON:2,3.0,0.57130963686102
172070.89996413194,0.02718188998861127,0.9901500776149332,0.6499372005462647,0.8457994348090142,optimal,24.927767000639435,7,3,18,0,0.23713737056616555,505,0.24397579999640584,CAL-EDM:1;CAL-EDM:2;CAL-EDM:3;KAM-KEL:1;KAM-KEL:2;OTT-MON:1;OTT-MON:2,3.3333333333333335,0.7372548225654322
4604.5880266923,0.02718188998861127,0.9901500776149332,0.6499372005462647,0.8457994348090142,optimal,10.392196041796922,4,2,18,0,0.46415888336127825,505,0.2268358000437729,KAM-KEL:1;KAM-KEL:2;OTT-MON:1;OTT-MON:2,3.0,0.7656697092901755
172070.89996413194,0.03600637823639158,0.9901500776149332,0.6499372005462647,0.8457994348090142,optimal,24.927767000639435,7,3,18,0,0.23713737056616555,505,0.24929329997394234,CAL-EDM:1;CAL-EDM:2;CAL-EDM:3;KAM-KEL:1;KAM-KEL:2;OTT-MON:1;OTT-MON:2,3.3333333333333335,0.7372548225654322
172070.89996413194,0.02718188998861127,0.995152482168749,0.6499372005462647,0.8457994348090142,optimal,25.13094426725184,7,3,18,0,0.23713737056616555,505,0.24163810000754893,CAL-EDM:1;CAL-EDM:2;CAL-EDM:3;KAM-KEL:1;KAM-KEL:2;OTT-MON:1;OTT-MON:2,3.3333333333333335,0.7481907682784855
172070.89996413194,0.02718188998861127,0.9901500776149332,0.6072862332686781,0.8457994348090142,optimal,24.242301371132587,7,3,18,0,0.23713737056616555,505,0.25195319997146726,CAL-EDM:1;CAL-EDM:2;CAL-EDM:3;KAM-KEL:1;KAM-KEL:2;OTT-MON:1;OTT-MON:2,3.3333333333333335,0.7372548225654322
172070.89996413194,0.02718188998861127,0.9901500776149332,0.6499372005462647,0.9697443776624277,optimal,27.446926621373006,7,3,18,0,0.23713737056616555,809,0.6946219999808818,CAL-EDM:1;CAL-EDM:2;CAL-EDM:3;KAM-KEL:1;KAM-KEL:2;OTT-MON:1;OTT-MON:2,3.3333333333333335,0.9181634259066819
4604.5880266923,0.03600637823639158,0.995152482168749,0.6072862332686781,0.9697443776624277,optimal,11.467468443603401,4,2,18,0,0.46415888336127825,809,0.6528995000408031,KAM-KEL:1;KAM-KEL:2;OTT-MON:1;OTT-MON:2,3.0,0.9417154423776298
23130.00940035589,0.007550712529548237,0.9470118772909045,0.7299926894251256,0.7638390824832022,optimal,12.936006967286627,4,2,18,0,0.46415888336127825,222,0.05458229995565489,KAM-KEL:1;KAM-KEL:2;OTT-MON:1;OTT-MON:2,3.0,0.6012382143066172
1211.4011060952917,0.007550712529548237,0.9470118772909045,0.7299926894251256,0.7638390824832022,optimal,4.425972340474741,4,2,18,0,0.46415888336127825,222,0.05411430000094697,KAM-KEL:1;KAM-KEL:2;OTT-MON:1;OTT-MON:2,3.0,0.6012382143066172
23130.00940035589,0.0020607670600813724,0.9470118772909045,0.7299926894251256,0.7638390824832022,optimal,12.936006967286627,4,2,18,0,0.46415888336127825,101,0.02765579998958856,KAM-KEL:1;KAM-KEL:2;OTT-MON:1;OTT-MON:2,3.0,0.6012382143066172
23130.00940035589,0.007550712529548237,0.9647056080028414,0.7299926894251256,0.7638390824832022,optimal,13.627887519863219,4,2,18,0,0.46415888336127825,278,0.09380069997860119,KAM-KEL:1;KAM-KEL:2;OTT-MON:1;OTT-MON:2,3.0,0.6286716517803226
23130.00940035589,0.007550712529548237,0.9470118772909045,0.6331221015658229,0.7638390824832022,optimal,12.114413940076371,4,2,18,0,0.46415888336127825,222,0.056596399983391166,KAM-KEL:1;KAM-KEL:2;OTT-MON:1;OTT-MON:2,3.0,0.6012382143066172
23130.00940035589,0.007550712529548237,0.9470118772909045,0.7299926894251256,0.8609233762752264,optimal,15.786922296424912,7,3,18,0,0.23713737056616555,302,0.10425390000455081,CAL-EDM:1;CAL-EDM:2;CAL-EDM:3;KAM-KEL:1;KAM-KEL:2;OTT-MON:1;OTT-MON:2,3.3333333333333335,0.6664655209870938
1211.4011060952917,0.0020607670600813724,0.9647056080028414,0.6331221015658229,0.8609233762752264,optimal,5.985251462838086,4,2,18,0,0.46415888336127825,101,0.017121999990195036,KAM-KEL:1;KAM-KEL:2;OTT-MON:1;OTT-MON:2,3.0,0.7310475898977908
1340.7297253465033,0.04649710021622695,0.9750525153297931,0.6069926692638546,0.9425422014798969,optimal,7.249384706468894,4,2,18,0,0.46415888336127825,705,0.44187360000796616,KAM-KEL:1;KAM-KEL:2;OTT-MON:1;OTT-MON:2,3.0,0.8519874990127146
25723.20445670462,0.04649710021622695,0.9750525153297931,0.6069926692638546,0.9425422014798969,optimal,17.550069122994824,7,3,18,0,0.23713737056616555,705,0.4687067000195384,CAL-EDM:1;CAL-EDM:2;CAL-EDM:3;KAM-KEL:1;KAM-KEL:2;OTT-MON:1;OTT-MON:2,3.3333333333333335,0.8341666875632918
1340.7297253465033,0.019350729043537317,0.9750525153297931,0.6069926692638546,0.9425422014798969,optimal,7.249384706468894,4,2,18,0,0.46415888336127825,705,0.4550063000060618,KAM-KEL:1;KAM-KEL:2;OTT-MON:1;OTT-MON:2,3.0,0.8519874990127146
1340.7297253465033,0.04649710021622695,0.9297145918346942,0.6069926692638546,0.9425422014798969,optimal,6.215347328306941,4,2,18,0,0.46415888336127825,505,0.22166899999137968,KAM-KEL:1;KAM-KEL:2;OTT-MON:1;OTT-MON:2,3.0,0.7459739446253537
1340.7297253465033,0.04649710021622695,0.9750525153297931,0.799029105855152,0.9425422014798969,optimal,8.835660560570894,4,2,18,0,0.46415888336127825,705,0.4618828999809921,KAM-KEL:1;KAM-KEL:2;OTT-MON:1;OTT-MON:2,3.0,0.8519874990127146
1340.7297253465033,0.04649710021622695,0.9750525153297931,0.6069926692638546,0.8205903937155381,optimal,5.7076513271480565,4,2,18,0,0.46415888336127825,368,0.1234979999717325,KAM-KEL:1;KAM-KEL:2;OTT-MON:1;OTT-MON:2,3.0,0.7062876570681144
25723.20445670462,0.019350729043537317,0.9297145918346942,0.799029105855152,0.8205903937155381,optimal,14.393878262913141,4,2,18,0,0.46415888336127825,311,0.10853739996673539,KAM-KEL:1;KAM-KEL:2;OTT-MON:1;OTT-MON:2,3.0,0.6259327054649577
2968.895359008843,0.005377531092763356,0.9817806986607611,0.5045026175677776,0.9868621737612411,optimal,9.043299182349317,4,2,18,0,0.46415888336127825,229,0.0743701999890618,KAM-KEL:1;KAM-KEL:2;OTT-MON:1;OTT-MON:2,3.0,0.9284741884175192
148706.1144332861,0.005377531092763356,0.9817806986607611,0.5045026175677776,0.9868621737612411,optimal,24.27766547859426,7,3,18,0,0.23713737056616555,229,0.0754929999820888,CAL-EDM:1;CAL-EDM:2;CAL-EDM:3;KAM-KEL:1;KAM-KEL:2;OTT-MON:1;OTT-MON:2,3.3333333333333335,0.9200812187566895
2968.895359008843,0.0011303920330487996,0.9817806986607611,0.5045026175677776,0.9868621737612411,infeasible,-50.0,0,0,18,0,,0,0.0004162999684922397,,,
2968.895359008843,0.005377531092763356,0.9740037575177849,0.5045026175677776,0.9868621737612411,optimal,8.895450337670152,4,2,18,0,0.46415888336127825,229,0.07879160001175478,KAM-KEL:1;KAM-KEL:2;OTT-MON:1;OTT-MON:2,3.0,0.907071967542199
2968.895359008843,0.005377531092763356,0.9817806986607611,0.6876661751419306,0.9868621737612411,optimal,10.830685700526203,4,2,18,0,0.46415888336127825,229,0.08518590003950521,KAM-KEL:1;KAM-KEL:2;OTT-MON:1;OTT-MON:2,3.0,0.9284741884175192
2968.895359008843,0.005377531092763356,0.9817806986607611,0.5045026175677776,0.9318592063374818,optimal,8.500130562445227,4,2,18,0,0.46415888336127825,229,0.08022270002402365,KAM-KEL:1;KAM-KEL:2;OTT-MON:1;OTT-MON:2,3.0,0.8549520111329594
148706.1144332861,0.0011303920330487996,0.9740037575177849,0.6876661751419306,0.9318592063374818,infeasible,-50.0,0,0,18,0,,0,0.0003929000231437385,,,
36251.95771828454,0.08745486429519019,0.9318216246571392,0.8313841041177511,0.7207894204976036,optimal,12.496051234908563,4,2,18,0,0.46415888336127825,231,0.06597399996826425,KAM-KEL:1;KAM-KEL:2;OTT-MON:1;OTT-MON:2,3.0,0.5427565320897915
7930.991103038375,0.08745486429519019,0.9318216246571392,0.8313841041177511,0.7207894204976036,optimal,8.111079560259265,4,2,18,0,0.46415888336127825,231,0.07357110001612455,KAM-KEL:1;KAM-KEL:2;OTT-MON:1;OTT-MON:2,3.0,0.5427565320897915
36251.95771828454,0.012038609120747331,0.9318216246571392,0.8313841041177511,0.7207894204976036,optimal,12.496051234908563,4,2,18,0,0.46415888336127825,231,0.07096380001166835,KAM-KEL:1;KAM-KEL:2;OTT-MON:1;OTT-MON:2,3.0,0.5427565320897915
36251.95771828454,0.08745486429519019,0.9384025257229806,0.8313841041177511,0.7207894204976036,optimal,13.022557612496463,4,2,18,0,0.46415888336127825,231,0.06125249998876825,KAM-KEL:1;KAM-KEL:2;OTT-MON:1;OTT-MON:2,3.0,0.5513156198694811
36251.95771828454,0.08745486429519019,0.9318216246571392,0.7450282843783498,0.7207894204976036,optimal,11.863171367380204,4,2,18,0,0.46415888336127825,231,0.06395650003105402,KAM-KEL:1;KAM-KEL:2;OTT-MON:1;OTT-MON:2,3.0,0.5427565320897915
36251.95771828454,0.08745486429519019,0.9318216246571392,0.8313841041177511,0.7479728578096255,optimal,13.71592177954388,4,2,18,0,0.46415888336127825,231,0.07627429999411106,KAM-KEL:1;KAM-KEL:2;OTT-MON:1;OTT-MON:2,3.0,0.5652546230780295
7930.991103038375,0.012038609120747331,0.9384025257229806,0.7450282843783498,0.7479728578096255,optimal,9.079285657095564,4,2,18,0,0.46415888336127825,231,0.07091190002392977,KAM-KEL:1;KAM-KEL:2;OTT-MON:1;OTT-MON:2,3.0,0.5744714694883095
55454.48269204794,0.0031330693024997852,0.9664165208656341,0.6882945618126541,0.7825567475734279,optimal,17.089381826776922,7,3,18,0,0.23713737056616555,125,0.03126639995025471,CAL-EDM:1;CAL-EDM:2;CAL-EDM:3;KAM-KEL:1;KAM-KEL:2;OTT-MON:1;OTT-MON:2,3.3333333333333335,0.6166273152633878
2128.805243885849,0.0031330693024997852,0.9664165208656341,0.6882945618126541,0.7825567475734279,optimal,6.853825396307302,4,2,18,0,0.46415888336127825,125,0.016661499976180494,KAM-KEL:1;KAM-KEL:2;OTT-MON:1;OTT-MON:2,3.0,0.6503187492436151
55454.48269204794,0.006189614245234985,0.9664165208656341,0.6882945618126541,0.7825567475734279,optimal,17.089381826776922,7,3,18,0,0.23713737056616555,253,0.08857520000310615,CAL-EDM:1;CAL-EDM:2;CAL-EDM:3;KAM-KEL:1;KAM-KEL:2;OTT-MON:1;OTT-MON:2,3.3333333333333335,0.6166273152633878
55454.48269204794,0.0031330693024997852,0.9469595073107631,0.6882945618126541,0.7825567475734279,optimal,15.57587388033176,4,2,18,0,0.46415888336127825,125,0.029943599947728217,KAM-KEL:1;KAM-KEL:2;OTT-MON:1;OTT-MON:2,3.0,0.6185800243408254
55454.48269204794,0.0031330693024997852,0.9664165208656341,0.9462040183600038,0.7825567475734279,optimal,20.30325806163838,7,3,18,0,0.23713737056616555,125,0.030887999979313463,CAL-EDM:1;CAL-EDM:2;CAL-EDM:3;KAM-KEL:1;KAM-KEL:2;OTT-MON:1;OTT-MON:2,3.3333333333333335,0.6166273152633878
55454.48269204794,0.0031330693024997852,0.9664165208656341,0.6882945618126541,0.7828018379509449,optimal,17.10240806441423,7,3,18,0,0.23713737056616555,125,0.033123300003353506,CAL-EDM:1;CAL-EDM:2;CAL-EDM:3;KAM-KEL:1;KAM-KEL:2;OTT-MON:1;OTT-MON:2,3.3333333333333335,0.6168882604594814
2128.805243885849,0.006189614245234985,0.9469595073107631,0.9462040183600038,0.7828018379509449,optimal,8.011611365002503,4,2,18,0,0.46415888336127825,253,0.06812449998687953,KAM-KEL:1;KAM-KEL:2;OTT-MON:1;OTT-MON:2,3.0,0.6188109329969664
6701.749242689318,0.016094236031658802,0.9554574374184013,0.8745552862528712,0.9250509555982426,optimal,14.323153839412253,7,3,18,0,0.23713737056616555,569,0.31483389995992184,CAL-EDM:1;CAL-EDM:2;CAL-EDM:3;KAM-KEL:1;KAM-KEL:2;OTT-MON:1;OTT-MON:2,3.3333333333333335,0.7609740442942131
39097.15370993083,0.016094236031658802,0.9554574374184013,0.8745552862528712,0.9250509555982426,optimal,21.956515751617495,7,3,18,0,0.23713737056616555,569,0.2878818000317551,CAL-EDM:1;CAL-EDM:2;CAL-EDM:3;KAM-KEL:1;KAM-KEL:2;OTT-MON:1;OTT-MON:2,3.3333333333333335,0.7609740442942131
6701.749242689318,0.06711566500133812,0.9554574374184013,0.8745552862528712,0.9250509555982426,optimal,14.323153839412253,7,3,18,0,0.23713737056616555,577,0.3146987999789417,CAL-EDM:1;CAL-EDM:2;CAL-EDM:3;KAM-KEL:1;KAM-KEL:2;OTT-MON:1;OTT-MON:2,3.3333333333333335,0.7609740442942131
6701.749242689318,0.016094236031658802,0.98493694309704,0.8745552862528712,0.9250509555982426,optimal,15.426953094711124,7,3,18,0,0.23713737056616555,657,0.4095081999548711,CAL-EDM:1;CAL-EDM:2;CAL-EDM:3;KAM-KEL:1;KAM-KEL:2;OTT-MON:1;OTT-MON:2,3.3333333333333335,0.8350647520230216
6701.749242689318,0.016094236031658802,0.9554574374184013,0.5499955508392305,0.9250509555982426,optimal,10.70511916955492,4,2,18,0,0.46415888336127825,569,0.3095222000265494,KAM-KEL:1;KAM-KEL:2;OTT-MON:1;OTT-MON:2,3.0,0.7840983481901518
6701.749242689318,0.016094236031658802,0.9554574374184013,0.8745552862528712,0.8947443785471841,optimal,13.61800690562314,7,3,18,0,0.23713737056616555,505,0.2597014000057243,CAL-EDM:1;CAL-EDM:2;CAL-EDM:3;KAM-KEL:1;KAM-KEL:2;OTT-MON:1;OTT-MON:2,3.3333333333333335,0.7232933469626142
39097.15370993083,0.06711566500133812,0.98493694309704,0.5499955508392305,0.8947443785471841,optimal,17.76261638153951,7,3,18,0,0.23713737056616555,601,0.33605620003072545,CAL-EDM:1;CAL-EDM:2;CAL-EDM:3;KAM-KEL:1;KAM-KEL:2;OTT-MON:1;OTT-MON:2,3.3333333333333335,0.7917640665105946
4493.552190704121,0.007268051309498056,0.9626488914657384,0.7887871699407696,0.8335659446734935,optimal,10.57738780617339,4,2,18,0,0.46415888336127825,302,0.09634569997433573,KAM-KEL:1;KAM-KEL:2;OTT-MON:1;OTT-MON:2,3.0,0.6970789697136048
16278.267349482248,0.007268051309498056,0.9626488914657384,0.7887871699407696,0.8335659446734935,optimal,15.02215836401567,7,3,18,0,0.23713737056616555,302,0.11510539997834712,CAL-EDM:1;CAL-EDM:2;CAL-EDM:3;KAM-KEL:1;KAM-KEL:2;OTT-MON:1;OTT-MON:2,3.3333333333333335,0.6660894120370955
4493.552190704121,0.0013775668904476694,0.9626488914657384,0.7887871699407696,0.8335659446734935,infeasible,-50.0,0,0,18,0,,0,0.00027739995857700706,,,
4493.552190704121,0.007268051309498056,0.9703077024072408,0.7887871699407696,0.8335659446734935,optimal,10.783182799456881,4,2,18,0,0.46415888336127825,302,0.09558769996510819,KAM-KEL:1;KAM-KEL:2;OTT-MON:1;OTT-MON:2,3.0,0.7116486565816753
4493.552190704121,0.007268051309498056,0.9626488914657384,0.7132896057795732,0.8335659446734935,optimal,9.99679526519552,4,2,18,0,0.46415888336127825,302,0.10645159997511655,KAM-KEL:1;KAM-KEL:2;OTT-MON:1;OTT-MON:2,3.0,0.6970789697136048
4493.552190704121,0.007268051309498056,0.9626488914657384,0.7887871699407696,0.8412573749758303,optimal,10.696256691052762,4,2,18,0,0.46415888336127825,302,0.10733410000102594,KAM-KEL:1;KAM-KEL:2;OTT-MON:1;OTT-MON:2,3.0,0.7053675552403895
16278.267349482248,0.0013775668904476694,0.9703077024072408,0.7132896057795732,0.8412573749758303,infeasible,-50.0,0,0,18,0,,0,0.0005040999967604876,,,
76328.62716336818,0.03875187010991465,0.95166988170892,0.5461656769737602,0.8729204760417342,optimal,18.633149730818122,7,3,18,0,0.23713737056616555,457,0.20363539998652413,CAL-EDM:1;CAL-EDM:2;CAL-EDM:3;KAM-KEL:1;KAM-KEL:2;OTT-MON:1;OTT-MON:2,3.3333333333333335,0.6893796647930968
1495.192482116682,0.03875187010991465,0.95166988170892,0.5461656769737602,0.8729204760417342,optimal,5.571963828646398,4,2,18,0,0.46415888336127825,457,0.1861291999812238,KAM-KEL:1;KAM-KEL:2;OTT-MON:1;OTT-MON:2,3.0,0.717977896556393
76328.62716336818,0.016941256448022954,0.95166988170892,0.5461656769737602,0.8729204760417342,optimal,18.633149730818122,7,3,18,0,0.23713737056616555,457,0.19429219997255132,CAL-EDM:1;CAL-EDM:2;CAL-EDM:3;KAM-KEL:1;KAM-KEL:2;OTT-MON:1;OTT-MON:2,3.3333333333333335,0.6893796647930968
76328.62716336818,0.03875187010991465,0.9322720974646509,0.5461656769737602,0.8729204760417342,optimal,17.55598319492399,7,3,18,0,0.23713737056616555,368,0.12775889999466017,CAL-EDM:1;CAL-EDM:2;CAL-EDM:3;KAM-KEL:1;KAM-KEL:2;OTT-MON:1;OTT-MON:2,3.3333333333333335,0.6506998431828998
76328.62716336818,0.03875187010991465,0.95166988170892,0.7688390546943993,0.8729204760417342,optimal,22.086550518938164,7,3,18,0,0.23713737056616555,457,0.20349220000207424,CAL-EDM:1;CAL-EDM:2;CAL-EDM:3;KAM-KEL:1;KAM-KEL:2;OTT-MON:1;OTT-MON:2,3.3333333333333335,0.6893796647930968
76328.62716336818,0.03875187010991465,0.95166988170892,0.5461656769737602,0.8727614625310525,optimal,18.628611238323916,7,3,18,0,0.23713737056616555,457,0.20512909995159134,CAL-EDM:1;CAL-EDM:2;CAL-EDM:3;KAM-KEL:1;KAM-KEL:2;OTT-MON:1;OTT-MON:2,3.3333333333333335,0.6891964041932498
1495.192482116682,0.016941256448022954,0.9322720974646509,0.7688390546943993,0.8727614625310525,optimal,6.994123855722811,4,2,18,0,0.46415888336127825,368,0.13998249999713153,KAM-KEL:1;KAM-KEL:2;OTT-MON:1;OTT-MON:2,3.0,0.6800722564755792
51075.4002430133,0.0012573289400011375,0.9862442518658936,0.8618377682287246,0.9526692722532898,infeasible,-50.0,0,0,18,0,,0,0.0002730999840423465,,,
5675.886963617163,0.0012573289400011375,0.9862442518658936,0.8618377682287246,0.9526692722532898,infeasible,-50.0,0,0,18,0,,0,0.00015380000695586205,,,
51075.4002430133,0.007815000465619441,0.9862442518658936,0.8618377682287246,0.9526692722532898,optimal,24.622097622253776,7,3,18,0,0.23713737056616555,367,0.15695420000702143,CAL-EDM:1;CAL-EDM:2;CAL-EDM:3;KAM-KEL:1;KAM-KEL:2;OTT-MON:1;OTT-MON:2,3.3333333333333335,0.8800042021198315
51075.4002430133,0.0012573289400011375,0.9432627246063203,0.8618377682287246,0.9526692722532898,infeasible,-50.0,0,0,18,0,,0,0.00036419997923076153,,,
51075.4002430133,0.0012573289400011375,0.9862442518658936,0.9188226846978068,0.9526692722532898,infeasible,-50.0,0,0,18,0,,0,0.00020859995856881142,,,
51075.4002430133,0.0012573289400011375,0.9862442518658936,0.8618377682287246,0.9790689021199941,infeasible,-50.0,0,0,18,0,,0,0.0001908999984152615,,,
5675.886963617163,0.007815000465619441,0.9432627246063203,0.9188226846978068,0.9790689021199941,optimal,14.723515498157814,7,3,18,0,0.23713737056616555,367,0.15089379996061325,CAL-EDM:1;CAL-EDM:2;CAL-EDM:3;KAM-KEL:1;KAM-KEL:2;OTT-MON:1;OTT-MON:2,3.3333333333333335,0.7998228828840576
2283.2960178333096,0.021176184191573494,0.9362652329560369,0.7035939038265496,0.7538609026968479,optimal,5.235348773850353,4,2,18,0,0.46415888336127825,231,0.05732500000158325,KAM-KEL:1;KAM-KEL:2;OTT-MON:1;OTT-MON:2,3.0,0.5765396374696282
60528.71230642992,0.021176184191573494,0.9362652329560369,0.7035939038265496,0.7538609026968479,optimal,14.6922084626385,4,2,18,0,0.46415888336127825,231,0.07403309998335317,KAM-KEL:1;KAM-KEL:2;OTT-MON:1;OTT-MON:2,3.0,0.5765396374696282
2283.2960178333096,0.09785276683537858,0.9362652329560369,0.7035939038265496,0.7538609026968479,optimal,5.235348773850353,4,2,18,0,0.46415888336127825,231,0.05996649997541681,KAM-KEL:1;KAM-KEL:2;OTT-MON:1;OTT-MON:2,3.0,0.5765396374696282
2283.2960178333096,0.021176184191573494,0.9788078654203564,0.7035939038265496,0.7538609026968479,optimal,7.000433982758182,4,2,18,0,0.46415888336127825,311,0.09281579998787493,KAM-KEL:1;KAM-KEL:2;OTT-MON:1;OTT-MON:2,3.0,0.6411101317171329
2283.2960178333096,0.021176184191573494,0.9362652329560369,0.5279427103698253,0.7538609026968479,optimal,3.5779023792663796,4,2,18,0,0.46415888336127825,231,0.0657078999793157,KAM-KEL:1;KAM-KEL:2;OTT-MON:1;OTT-MON:2,3.0,0.5765396374696282
2283.2960178333096,0.021176184191573494,0.9362652329560369,0.7035939038265496,0.7326816048277541,optimal,4.4573149988937715,4,2,18,0,0.46415888336127825,231,0.06042589998105541,KAM-KEL:1;KAM-KEL:2;OTT-MON:1;OTT-MON:2,3.0,0.5584494796126124
60528.71230642992,0.09785276683537858,0.9788078654203564,0.5279427103698253,0.7326816048277541,optimal,14.318843802282107,4,2,18,0,0.46415888336127825,311,0.1045297000091523,KAM-KEL:1;KAM-KEL:2;OTT-MON:1;OTT-MON:2,3.0,0.6194427957787838
1835.882600633085,0.0018219051481781147,0.9428625144734979,0.6362360728904605,0.7442207167306915,infeasible,-50.0,0,0,18,0,,0,0.00047420000191777945,,,
34462.94170116043,0.0018219051481781147,0.9428625144734979,0.6362360728904605,0.7442207167306915,infeasible,-50.0,0,0,18,0,,0,0.0003501999890431762,,,
1835.882600633085,0.005295628131412165,0.9428625144734979,0.6362360728904605,0.7442207167306915,optimal,4.061621145760565,4,2,18,0,0.46415888336127825,165,0.034181400027591735,KAM-KEL:1;KAM-KEL:2;OTT-MON:1;OTT-MON:2,3.0,0.5775082017517427
1835.882600633085,0.0018219051481781147,0.9540853501278908,0.6362360728904605,0.7442207167306915,infeasible,-50.0,0,0,18,0,,0,0.00041690003126859665,,,
1835.882600633085,0.0018219051481781147,0.9428625144734979,0.8642716910224408,0.7442207167306915,infeasible,-50.0,0,0,18,0,,0,0.0003264000406488776,,,
1835.882600633085,0.0018219051481781147,0.9428625144734979,0.6362360728904605,0.9112159408796578,infeasible,-50.0,0,0,18,0,,0,0.00030640000477433205,,,
34462.94170116043,0.005295628131412165,0.9540853501278908,0.8642716910224408,0.9112159408796578,optimal,20.92175653833067,7,3,18,0,0.23713737056616555,197,0.07189820002531633,CAL-EDM:1;CAL-EDM:2;CAL-EDM:3;KAM-KEL:1;KAM-KEL:2;OTT-MON:1;OTT-MON:2,3.3333333333333335,0.7403955727300168
15589.224071769333,0.010812134755672513,0.9708849742878228,0.9280969688668846,0.9632819865411147,optimal,19.90903505339077,7,3,18,0,0.23713737056616555,513,0.2875093999900855,CAL-EDM:1;CAL-EDM:2;CAL-EDM:3;KAM-KEL:1;KAM-KEL:2;OTT-MON:1;OTT-MON:2,3.3333333333333335,0.8527241839604273
3658.0507238763003,0.010812134755672513,0.9708849742878228,0.9280969688668846,0.9632819865411147,optimal,13.634828643141997,7,3,18,0,0.23713737056616555,513,0.2984021000447683,CAL-EDM:1;CAL-EDM:2;CAL-EDM:3;KAM-KEL:1;KAM-KEL:2;OTT-MON:1;OTT-MON:2,3.3333333333333335,0.8527241839604273
15589.224071769333,0.042291934045041085,0.9708849742878228,0.9280969688668846,0.9632819865411147,optimal,19.90903505339077,7,3,18,0,0.23713737056616555,729,0.51779880002141,CAL-EDM:1;CAL-EDM:2;CAL-EDM:3;KAM-KEL:1;KAM-KEL:2;OTT-MON:1;OTT-MON:2,3.3333333333333335,0.8527241839604273
15589.224071769333,0.010812134755672513,0.9890181994643062,0.9280969688668846,0.9632819865411147,optimal,20.507085656030945,7,3,18,0,0.23713737056616555,513,0.29234680003719404,CAL-EDM:1;CAL-EDM:2;CAL-EDM:3;KAM-KEL:1;KAM-KEL:2;OTT-MON:1;OTT-MON:2,3.3333333333333335,0.9045297169040459
15589.224071769333,0.010812134755672513,0.9708849742878228,0.5819366117473692,0.9632819865411147,optimal,15.195140316185514,7,3,18,0,0.23713737056616555,513,0.30943919997662306,CAL-EDM:1;CAL-EDM:2;CAL-EDM:3;KAM-KEL:1;KAM-KEL:2;OTT-MON:1;OTT-MON:2,3.3333333333333335,0.8527241839604273
15589.224071769333,0.010812134755672513,0.9708849742878228,0.9280969688668846,0.8078214755104854,optimal,16.03758898655169,7,3,18,0,0.23713737056616555,343,0.1362383000086993,CAL-EDM:1;CAL-EDM:2;CAL-EDM:3;KAM-KEL:1;KAM-KEL:2;OTT-MON:1;OTT-MON:2,3.3333333333333335,0.6522320136996087
3658.0507238763003,0.042291934045041085,0.9890181994643062,0.5819366117473692,0.8078214755104854,optimal,8.523085834327537,4,2,18,0,0.46415888336127825,368,0.1471587999840267,KAM-KEL:1;KAM-KEL:2;OTT-MON:1;OTT-MON:2,3.0,0.7182455549025725
131652.05218205636,0.003375514285991258,0.9278006252106279,0.5633983858395368,0.8992329494589939,optimal,20.80726669190523,7,3,18,0,0.23713737056616555,125,0.03475370001979172,CAL-EDM:1;CAL-EDM:2;CAL-EDM:3;KAM-KEL:1;KAM-KEL:2;OTT-MON:1;OTT-MON:2,3.3333333333333335,0.6696864411897581
13610.806237260413,0.003375514285991258,0.9278006252106279,0.5633983858395368,0.8992329494589939,optimal,11.841299489018347,4,2,18,0,0.46415888336127825,125,0.037193400028627366,KAM-KEL:1;KAM-KEL:2;OTT-MON:1;OTT-MON:2,3.0,0.6976388714460027
131652.05218205636,0.003115597982336383,0.9278006252106279,0.5633983858395368,0.8992329494589939,optimal,20.80726669190523,7,3,18,0,0.23713737056616555,125,0.033433299977332354,CAL-EDM:1;CAL-EDM:2;CAL-EDM:3;KAM-KEL:1;KAM-KEL:2;OTT-MON:1;OTT-MON:2,3.3333333333333335,0.6696864411897581
131652.05218205636,0.003375514285991258,0.9610126797445119,0.5633983858395368,0.8992329494589939,optimal,22.415663716416176,7,3,18,0,0.23713737056616555,125,0.03226350003387779,CAL-EDM:1;CAL-EDM:2;CAL-EDM:3;KAM-KEL:1;KAM-KEL:2;OTT-MON:1;OTT-MON:2,3.3333333333333335,0.7413110267193321
131652.05218205636,0.003375514285991258,0.9278006252106279,0.6550110096111894,0.8992329494589939,optimal,22.328812772129492,7,3,18,0,0.23713737056616555,125,0.03664329997263849,CAL-EDM:1;CAL-EDM:2;CAL-EDM:3;KAM-KEL:1;KAM-KEL:2;OTT-MON:1;OTT-MON:2,3.3333333333333335,0.6696864411897581
131652.05218205636,0.003375514285991258,0.9278006252106279,0.5633983858395368,0.7710219462495297,optimal,15.746571383929588,4,2,18,0,0.46415888336127825,117,0.027370500029064715,KAM-KEL:1;KAM-KEL:2;OTT-MON:1;OTT-MON:2,3.0,0.5790916387961614
13610.806237260413,0.003115597982336383,0.9610126797445119,0.6550110096111894,0.7710219462495297,optimal,11.499312695687646,4,2,18,0,0.46415888336127825,125,0.03830349998315796,KAM-KEL:1;KAM-KEL:2;OTT-MON:1;OTT-MON:2,3.0,0.6298769918152889
10615.834745285867,0.06342056471681458,0.9948231127746403,0.770895278872922,0.808243371262215,optimal,13.761006245738141,7,3,18,0,0.23713737056616555,368,0.15086589998099953,CAL-EDM:1;CAL-EDM:2;CAL-EDM:3;KAM-KEL:1;KAM-KEL:2;OTT-MON:1;OTT-MON:2,3.3333333333333335,0.6983023982027826
130909.11385228581,0.06342056471681458,0.9948231127746403,0.770895278872922,0.808243371262215,optimal,24.6338336992006,7,3,18,0,0.23713737056616555,368,0.13411099999211729,CAL-EDM:1;CAL-EDM:2;CAL-EDM:3;KAM-KEL:1;KAM-KEL:2;OTT-MON:1;OTT-MON:2,3.3333333333333335,0.6983023982027826
10615.834745285867,0.025333408690868284,0.9948231127746403,0.770895278872922,0.808243371262215,optimal,13.761006245738141,7,3,18,0,0.23713737056616555,368,0.13908970000920817,CAL-EDM:1;CAL-EDM:2;CAL-EDM:3;KAM-KEL:1;KAM-KEL:2;OTT-MON:1;OTT-MON:2,3.3333333333333335,0.6983023982027826
10615.834745285867,0.06342056471681458,0.9235810367241503,0.770895278872922,0.808243371262215,optimal,11.1066132115572,4,2,18,0,0.46415888336127825,311,0.11683459999039769,KAM-KEL:1;KAM-KEL:2;OTT-MON:1;OTT-MON:2,3.0,0.6049207022669476
10615.834745285867,0.06342056471681458,0.9948231127746403,0.8261366572231055,0.808243371262215,optimal,14.459925132819995,7,3,18,0,0.23713737056616555,368,0.14500829996541142,CAL-EDM:1;CAL-EDM:2;CAL-EDM:3;KAM-KEL:1;KAM-KEL:2;OTT-MON:1;OTT-MON:2,3.3333333333333335,0.6983023982027826
10615.834745285867,0.06342056471681458,0.9948231127746403,0.770895278872922,0.9457996908510103,optimal,16.851976682579156,7,3,18,0,0.23713737056616555,785,0.6800643999595195,CAL-EDM:1;CAL-EDM:2;CAL-EDM:3;KAM-KEL:1;KAM-KEL:2;OTT-MON:1;OTT-MON:2,3.3333333333333335,0.8938039865966281
130909.11385228581,0.025333408690868284,0.9235810367241503,0.8261366572231055,0.9457996908510103,optimal,25.677428382360002,7,3,18,0,0.23713737056616555,505,0.25872620003065094,CAL-EDM:1;CAL-EDM:2;CAL-EDM:3;KAM-KEL:1;KAM-KEL:2;OTT-MON:1;OTT-MON:2,3.3333333333333335,0.7116173785752514
13371.950260637705,0.003979371658442412,0.9520373955182732,0.669506037607789,0.9315258443783969,optimal,14.616010355744134,7,3,18,0,0.23713737056616555,173,0.055094400013331324,CAL-EDM:1;CAL-EDM:2;CAL-EDM:3;KAM-KEL:1;KAM-KEL:2;OTT-MON:1;OTT-MON:2,3.3333333333333335,0.7609805277194833
3098.4738227233756,0.003979371658442412,0.9520373955182732,0.669506037607789,0.9315258443783969,optimal,9.610454424659334,4,2,18,0,0.46415888336127825,173,0.05773380002938211,KAM-KEL:1;KAM-KEL:2;OTT-MON:1;OTT-MON:2,3.0,0.7837624638926056
13371.950260637705,0.039599762467732794,0.9520373955182732,0.669506037607789,0.9315258443783969,optimal,14.616010355744134,7,3,18,0,0.23713737056616555,577,0.29086629999801517,CAL-EDM:1;CAL-EDM:2;CAL-EDM:3;KAM-KEL:1;KAM-KEL:2;OTT-MON:1;OTT-MON:2,3.3333333333333335,0.7609805277194833
13371.950260637705,0.003979371658442412,0.9635834468919784,0.669506037607789,0.9315258443783969,optimal,15.07234288565465,7,3,18,0,0.23713737056616555,173,0.05291670002043247,CAL-EDM:1;CAL-EDM:2;CAL-EDM:3;KAM-KEL:1;KAM-KEL:2;OTT-MON:1;OTT-MON:2,3.3333333333333335,0.7892884120873588
13371.950260637705,0.003979371658442412,0.9520373955182732,0.7653903118334711,0.9315258443783969,optimal,15.967700373201492,7,3,18,0,0.23713737056616555,173,0.045189499971456826,CAL-EDM:1;CAL-EDM:2;CAL-EDM:3;KAM-KEL:1;KAM-KEL:2;OTT-MON:1;OTT-MON:2,3.3333333333333335,0.7609805277194833
13371.950260637705,0.003979371658442412,0.9520373955182732,0.669506037607789,0.7577029025228694,optimal,10.909664526317508,4,2,18,0,0.46415888336127825,157,0.04377439996460453,KAM-KEL:1;KAM-KEL:2;OTT-MON:1;OTT-MON:2,3.0,0.6031474820890887
3098.4738227233756,0.039599762467732794,0.9635834468919784,0.7653903118334711,0.7577029025228694,optimal,7.920148413240118,4,2,18,0,0.46415888336127825,311,0.10695789998862892,KAM-KEL:1;KAM-KEL:2;OTT-MON:1;OTT-MON:2,3.0,0.6208597287048716
113537.8344805571,0.06705924779805093,0.960577110407874,0.8909272432327271,0.7760903388224542,optimal,21.868935571107265,7,3,18,0,0.23713737056616555,311,0.11333640001248568,CAL-EDM:1;CAL-EDM:2;CAL-EDM:3;KAM-KEL:1;KAM-KEL:2;OTT-MON:1;OTT-MON:2,3.3333333333333335,0.6002827498073413
29200.245874618475,0.06705924779805093,0.960577110407874,0.8909272432327271,0.7760903388224542,optimal,15.99157344673214,7,3,18,0,0.23713737056616555,311,0.10871359996963292,CAL-EDM:1;CAL-EDM:2;CAL-EDM:3;KAM-KEL:1;KAM-KEL:2;OTT-MON:1;OTT-MON:2,3.3333333333333335,0.6002827498073413
113537.8344805571,0.0031625746834508237,0.960577110407874,0.8909272432327271,0.7760903388224542,optimal,21.868935571107265,7,3,18,0,0.23713737056616555,125,0.03925260005053133,CAL-EDM:1;CAL-EDM:2;CAL-EDM:3;KAM-KEL:1;KAM-KEL:2;OTT-MON:1;OTT-MON:2,3.3333333333333335,0.6002827498073413
113537.8344805571,0.06705924779805093,0.9207055915202946,0.8909272432327271,0.7760903388224542,optimal,17.735608989347213,4,2,18,0,0.46415888336127825,231,0.06581989995902404,KAM-KEL:1;KAM-KEL:2;OTT-MON:1;OTT-MON:2,3.0,0.5730708753716294
113537.8344805571,0.06705924779805093,0.960577110407874,0.7098133669234812,0.7760903388224542,optimal,19.57386043030464,7,3,18,0,0.23713737056616555,311,0.11166950000915676,CAL-EDM:1;CAL-EDM:2;CAL-EDM:3;KAM-KEL:1;KAM-KEL:2;OTT-MON:1;OTT-MON:2,3.3333333333333335,0.6002827498073413
113537.8344805571,0.06705924779805093,0.960577110407874,0.8909272432327271,0.9417460922989994,optimal,27.308672623927507,7,3,18,0,0.23713737056616555,633,0.34529100003419444,CAL-EDM:1;CAL-EDM:2;CAL-EDM:3;KAM-KEL:1;KAM-KEL:2;OTT-MON:1;OTT-MON:2,3.3333333333333335,0.7953715581048018
29200.245874618475,0.0031625746834508237,0.9207055915202946,0.7098133669234812,0.9417460922989994,optimal,17.41017128228218,7,3,18,0,0.23713737056616555,125,0.032219499989878386,CAL-EDM:1;CAL-EDM:2;CAL-EDM:3;KAM-KEL:1;KAM-KEL:2;OTT-MON:1;OTT-MON:2,3.3333333333333335,0.7006829243923866
18073.551403170484,0.002297715407860038,0.9381942562554032,0.5175765412393958,0.8398548611160368,optimal,11.537139661144618,4,2,18,0,0.46415888336127825,101,0.03037739999126643,KAM-KEL:1;KAM-KEL:2;OTT-MON:1;OTT-MON:2,3.0,0.6587135957609872
110986.9116775017,0.002297715407860038,0.9381942562554032,0.5175765412393958,0.8398548611160368,optimal,16.774014920206106,4,2,18,0,0.46415888336127825,101,0.02507299999706447,KAM-KEL:1;KAM-KEL:2;OTT-MON:1;OTT-MON:2,3.0,0.6587135957609872
18073.551403170484,0.023297911693368936,0.9381942562554032,0.5175765412393958,0.8398548611160368,optimal,11.537139661144618,4,2,18,0,0.46415888336127825,311,0.11359059996902943,KAM-KEL:1;KAM-KEL:2;OTT-MON:1;OTT-MON:2,3.0,0.6587135957609872
18073.551403170484,0.002297715407860038,0.9511718095429242,0.5175765412393958,0.8398548611160368,optimal,11.936508636872087,4,2,18,0,0.46415888336127825,101,0.027350899996235967,KAM-KEL:1;KAM-KEL:2;OTT-MON:1;OTT-MON:2,3.0,0.6822741793097873
18073.551403170484,0.002297715407860038,0.9381942562554032,0.5034037856850773,0.8398548611160368,optimal,11.376915005531288,4,2,18,0,0.46415888336127825,101,0.027128799993079156,KAM-KEL:1;KAM-KEL:2;OTT-MON:1;OTT-MON:2,3.0,0.6587135957609872
18073.551403170484,0.002297715407860038,0.9381942562554032,0.5175765412393958,0.906865784005262,optimal,12.563781775091627,4,2,18,0,0.46415888336127825,101,0.03332980000413954,KAM-KEL:1;KAM-KEL:2;OTT-MON:1;OTT-MON:2,3.0,0.726537011283168
110986.9116775017,0.023297911693368936,0.9511718095429242,0.5034037856850773,0.906865784005262,optimal,20.29518331341895,7,3,18,0,0.23713737056616555,505,0.2601472000242211,CAL-EDM:1;CAL-EDM:2;CAL-EDM:3;KAM-KEL:1;KAM-KEL:2;OTT-MON:1;OTT-MON:2,3.3333333333333335,0.7284415458854726
1457.7140179563507,0.012230320875224975,0.9857339988946915,0.8233634664211422,0.8677877046354114,optimal,8.62246849265303,4,2,18,0,0.46415888336127825,425,0.16912529995897785,KAM-KEL:1;KAM-KEL:2;OTT-MON:1;OTT-MON:2,3.0,0.7831715102369052
11535.618973433604,0.012230320875224975,0.9857339988946915,0.8233634664211422,0.8677877046354114,optimal,15.98026088861727,7,3,18,0,0.23713737056616555,425,0.18805460003204644,CAL-EDM:1;CAL-EDM:2;CAL-EDM:3;KAM-KEL:1;KAM-KEL:2;OTT-MON:1;OTT-MON:2,3.3333333333333335,0.7567406387992307
1457.7140179563507,0.0018944205024334832,0.9857339988946915,0.8233634664211422,0.8677877046354114,infeasible,-50.0,0,0,18,0,,0,0.0005942000425420702,,,
1457.7140179563507,0.012230320875224975,0.9916270431056619,0.8233634664211422,0.8677877046354114,optimal,8.7511498864959,4,2,18,0,0.46415888336127825,465,0.24674079997930676,KAM-KEL:1;KAM-KEL:2;OTT-MON:1;OTT-MON:2,3.0,0.7960861117173038
1457.7140179563507,0.012230320875224975,0.9857339988946915,0.8942563176620751,0.8677877046354114,optimal,9.099104370370554,4,2,18,0,0.46415888336127825,425,0.20079390000319108,KAM-KEL:1;KAM-KEL:2;OTT-MON:1;OTT-MON:2,3.0,0.7831715102369052
1457.7140179563507,0.012230320875224975,0.9857339988946915,0.8233634664211422,0.7947992638107388,optimal,7.579234833822662,4,2,18,0,0.46415888336127825,352,0.1293310000328347,KAM-KEL:1;KAM-KEL:2;OTT-MON:1;OTT-MON:2,3.0,0.69725464784574
11535.618973433604,0.0018944205024334832,0.9916270431056619,0.8942563176620751,0.7947992638107388,infeasible,-50.0,0,0,18,0,,0,0.0005333999870344996,,,
2314.3382512836492,0.001071940480052485,0.9717458150666207,0.7419697396457194,0.9130898132296279,infeasible,-50.0,0,0,18,0,,0,0.00023210002109408379,,,
1762.4804617837622,0.001071940480052485,0.9717458150666207,0.7419697396457194,0.9130898132296279,infeasible,-50.0,0,0,18,0,,0,0.00021710002329200506,,,
2314.3382512836492,0.010347460832719998,0.9717458150666207,0.7419697396457194,0.9130898132296279,optimal,9.591136901168571,4,2,18,0,0.46415888336127825,457,0.24114190001273528,KAM-KEL:1;KAM-KEL:2;OTT-MON:1;OTT-MON:2,3.0,0.8072592570961226
2314.3382512836492,0.001071940480052485,0.9412631698101759,0.7419697396457194,0.9130898132296279,infeasible,-50.0,0,0,18,0,,0,0.00037159997737035155,,,
2314.3382512836492,0.001071940480052485,0.9717458150666207,0.5572810369543731,0.9130898132296279,infeasible,-50.0,0,0,18,0,,0,0.00022069999249652028,,,
2314.3382512836492,0.001071940480052485,0.9717458150666207,0.7419697396457194,0.9755757825514302,infeasible,-50.0,0,0,18,0,,0,0.00021299999207258224,,,
1762.4804617837622,0.010347460832719998,0.9412631698101759,0.5572810369543731,0.9755757825514302,optimal,7.168645198317355,4,2,18,0,0.46415888336127825,465,0.22085399995557964,KAM-KEL:1;KAM-KEL:2;OTT-MON:1;OTT-MON:2,3.0,0.8088943903296736
39308.49046229661,0.020106157073436094,0.9412876315228641,0.5978716310113669,0.7933004992408678,optimal,13.794844086916605,4,2,18,0,0.46415888336127825,311,0.10648800001945347,KAM-KEL:1;KAM-KEL:2;OTT-MON:1;OTT-MON:2,3.0,0.619597724002372
19194.65082031538,0.020106157073436094,0.9412876315228641,0.5978716310113669,0.7933004992408678,optimal,11.726570794217363,4,2,18,0,0.46415888336127825,311,0.10679510002955794,KAM-KEL:1;KAM-KEL:2;OTT-MON:1;OTT-MON:2,3.0,0.619597724002372
39308.49046229661,0.0012725918731000267,0.9412876315228641,0.5978716310113669,0.7933004992408678,infeasible,-50.0,0,0,18,0,,0,0.0005531000206246972,,,
39308.49046229661,0.020106157073436094,0.9811120982728898,0.5978716310113669,0.7933004992408678,optimal,15.6505911872095,7,3,18,0,0.23713737056616555,368,0.13563819997943938,CAL-EDM:1;CAL-EDM:2;CAL-EDM:3;KAM-KEL:1;KAM-KEL:2;OTT-MON:1;OTT-MON:2,3.3333333333333335,0.6541884523025484
39308.49046229661,0.020106157073436094,0.9412876315228641,0.8395886202342808,0.7933004992408678,optimal,15.754231510173817,4,2,18,0,0.46415888336127825,311,0.10338069999124855,KAM-KEL:1;KAM-KEL:2;OTT-MON:1;OTT-MON:2,3.0,0.619597724002372
39308.49046229661,0.020106157073436094,0.9412876315228641,0.5978716310113669,0.7199230390153825,optimal,11.521127146158545,4,2,18,0,0.46415888336127825,231,0.08096539997495711,KAM-KEL:1;KAM-KEL:2;OTT-MON:1;OTT-MON:2,3.0,0.5543869136933598
19194.65082031538,0.0012725918731000267,0.9811120982728898,0.8395886202342808,0.7199230390153825,infeasible,-50.0,0,0,18,0,,0,0.0003603000077418983,,,
99160.89715074559,0.005740364637866251,0.9965599254667759,0.8941257795784622,0.7138277351157739,optimal,20.293057657244823,7,3,18,0,0.23713737056616555,213,0.059768800041638315,CAL-EDM:1;CAL-EDM:2;CAL-EDM:3;KAM-KEL:1;KAM-KEL:2;OTT-MON:1;OTT-MON:2,3.3333333333333335,0.5905611247148275
71507.92762838163,0.005740364637866251,0.9965599254667759,0.8941257795784622,0.7138277351157739,optimal,18.878053264267155,7,3,18,0,0.23713737056616555,213,0.06475529994349927,CAL-EDM:1;CAL-EDM:2;CAL-EDM:3;KAM-KEL:1;KAM-KEL:2;OTT-MON:1;OTT-MON:2,3.3333333333333335,0.5905611247148275
99160.89715074559,0.05870155628644686,0.9965599254667759,0.8941257795784622,0.7138277351157739,optimal,20.293057657244823,7,3,18,0,0.23713737056616555,311,0.10052310000173748,CAL-EDM:1;CAL-EDM:2;CAL-EDM:3;KAM-KEL:1;KAM-KEL:2;OTT-MON:1;OTT-MON:2,3.3333333333333335,0.5905611247148275
99160.89715074559,0.005740364637866251,0.9725738587658852,0.8941257795784622,0.7138277351157739,optimal,18.02251565466591,4,2,18,0,0.46415888336127825,181,0.056686699972487986,KAM-KEL:1;KAM-KEL:2;OTT-MON:1;OTT-MON:2,3.0,0.5917519853761684
99160.89715074559,0.005740364637866251,0.9965599254667759,0.8225848379079252,0.7138277351157739,optimal,19.450864457001657,7,3,18,0,0.23713737056616555,213,0.06370739999692887,CAL-EDM:1;CAL-EDM:2;CAL-EDM:3;KAM-KEL:1;KAM-KEL:2;OTT-MON:1;OTT-MON:2,3.3333333333333335,0.5905611247148275
99160.89715074559,0.005740364637866251,0.9965599254667759,0.8941257795784622,0.8287956422595307,optimal,25.587644601510284,7,3,18,0,0.23713737056616555,237,0.07702840003184974,CAL-EDM:1;CAL-EDM:2;CAL-EDM:3;KAM-KEL:1;KAM-KEL:2;OTT-MON:1;OTT-MON:2,3.3333333333333335,0.7284788113410908
71507.92762838163,0.05870155628644686,0.9725738587658852,0.8225848379079252,0.8287956422595307,optimal,22.223184799437053,7,3,18,0,0.23713737056616555,368,0.147580899996683,CAL-EDM:1;CAL-EDM:2;CAL-EDM:3;KAM-KEL:1;KAM-KEL:2;OTT-MON:1;OTT-MON:2,3.3333333333333335,0.6797553933934134
4434.019434573002,0.03408537253439521,0.9271017327699811,0.6656483257655055,0.9925188231198117,optimal,10.710016776059017,4,2,18,0,0.46415888336127825,633,0.36861289996886626,KAM-KEL:1;KAM-KEL:2;OTT-MON:1;OTT-MON:2,3.0,0.7936466955934599
6703.327533190136,0.03408537253439521,0.9271017327699811,0.6656483257655055,0.9925188231198117,optimal,11.902541443781077,4,2,18,0,0.46415888336127825,633,0.3686373000382446,KAM-KEL:1;KAM-KEL:2;OTT-MON:1;OTT-MON:2,3.0,0.7936466955934599
4434.019434573002,0.007350504020193847,0.9271017327699811,0.6656483257655055,0.9925188231198117,optimal,10.710016776059017,4,2,18,0,0.46415888336127825,367,0.17049089999636635,KAM-KEL:1;KAM-KEL:2;OTT-MON:1;OTT-MON:2,3.0,0.7936466955934599
4434.019434573002,0.03408537253439521,0.9303106380496174,0.6656483257655055,0.9925188231198117,optimal,10.785334367964547,4,2,18,0,0.46415888336127825,633,0.366780300042592,KAM-KEL:1;KAM-KEL:2;OTT-MON:1;OTT-MON:2,3.0,0.8014126985739436
4434.019434573002,0.03408537253439521,0.9271017327699811,0.6514317479450256,0.9925188231198117,optimal,10.58543219939066,4,2,18,0,0.46415888336127825,633,0.40669219999108464,KAM-KEL:1;KAM-KEL:2;OTT-MON:1;OTT-MON:2,3.0,0.7936466955934599
4434.019434573002,0.03408537253439521,0.9271017327699811,0.6656483257655055,0.8689717835709452,optimal,9.076812186478595,4,2,18,0,0.46415888336127825,368,0.13020179996965453,KAM-KEL:1;KAM-KEL:2;OTT-MON:1;OTT-MON:2,3.0,0.6667260007264542
6703.327533190136,0.007350504020193847,0.9303106380496174,0.6514317479450256,0.8689717835709452,optimal,10.245978331956593,4,2,18,0,0.46415888336127825,302,0.12013179995119572,KAM-KEL:1;KAM-KEL:2;OTT-MON:1;OTT-MON:2,3.0,0.67267893926157
5750.718048659474,0.0023763662309570985,0.9909645058065653,0.5832864003255963,0.7614745223298669,optimal,9.1099634280063,4,2,18,0,0.46415888336127825,101,0.03341759997420013,KAM-KEL:1;KAM-KEL:2;OTT-MON:1;OTT-MON:2,3.0,0.66935366342477
9351.32611932794,0.0023763662309570985,0.9909645058065653,0.5832864003255963,0.7614745223298669,optimal,10.512821155147478,4,2,18,0,0.46415888336127825,101,0.033321900002192706,KAM-KEL:1;KAM-KEL:2;OTT-MON:1;OTT-MON:2,3.0,0.66935366342477
5750.718048659474,0.015116585490073971,0.9909645058065653,0.5832864003255963,0.7614745223298669,optimal,9.1099634280063,4,2,18,0,0.46415888336127825,311,0.0980250000138767,KAM-KEL:1;KAM-KEL:2;OTT-MON:1;OTT-MON:2,3.0,0.66935366342477
5750.718048659474,0.0023763662309570985,0.9449601129107178,0.5832864003255963,0.7614745223298669,optimal,7.471900484530847,4,2,18,0,0.46415888336127825,101,0.03494929999578744,KAM-KEL:1;KAM-KEL:2;OTT-MON:1;OTT-MON:2,3.0,0.5959934400071374
5750.718048659474,0.0023763662309570985,0.9909645058065653,0.5896653123665601,0.7614745223298669,optimal,9.172730993941174,4,2,18,0,0.46415888336127825,101,0.026874000031966716,KAM-KEL:1;KAM-KEL:2;OTT-MON:1;OTT-MON:2,3.0,0.66935366342477
5750.718048659474,0.0023763662309570985,0.9909645058065653,0.5832864003255963,0.8132218043198809,optimal,9.971570470268754,4,2,18,0,0.46415888336127825,101,0.01941790001001209,KAM-KEL:1;KAM-KEL:2;OTT-MON:1;OTT-MON:2,3.0,0.728286052166033
9351.32611932794,0.015116585490073971,0.9449601129107178,0.5896653123665601,0.8132218043198809,optimal,10.119972833852636,4,2,18,0,0.46415888336127825,311,0.11564969999017194,KAM-KEL:1;KAM-KEL:2;OTT-MON:1;OTT-MON:2,3.0,0.6446164083673158
70203.10706528855,0.014608903502621966,0.9214857917074114,0.7556210955604911,0.9459927698839455,optimal,21.98242497200671,7,3,18,0,0.23713737056616555,449,0.18349800002761185,CAL-EDM:1;CAL-EDM:2;CAL-EDM:3;KAM-KEL:1;KAM-KEL:2;OTT-MON:1;OTT-MON:2,3.3333333333333335,0.7071132860388509
175278.93817539894,0.014608903502621966,0.9214857917074114,0.7556210955604911,0.9459927698839455,optimal,25.94256255668918,7,3,18,0,0.23713737056616555,449,0.1614555999985896,CAL-EDM:1;CAL-EDM:2;CAL-EDM:3;KAM-KEL:1;KAM-KEL:2;OTT-MON:1;OTT-MON:2,3.3333333333333335,0.7071132860388509
70203.10706528855,0.0016098775581711415,0.9214857917074114,0.7556210955604911,0.9459927698839455,infeasible,-50.0,0,0,18,0,,0,0.00043219997314736247,,,
70203.10706528855,0.014608903502621966,0.9872410341501237,0.7556210955604911,0.9459927698839455,optimal,24.58427899070395,7,3,18,0,0.23713737056616555,681,0.4511750999954529,CAL-EDM:1;CAL-EDM:2;CAL-EDM:3;KAM-KEL:1;KAM-KEL:2;OTT-MON:1;OTT-MON:2,3.3333333333333335,0.8726056935069382
70203.10706528855,0.014608903502621966,0.9214857917074114,0.8702701455447823,0.9459927698839455,optimal,23.40902725416785,7,3,18,0,0.23713737056616555,449,0.2097967000445351,CAL-EDM:1;CAL-EDM:2;CAL-EDM:3;KAM-KEL:1;KAM-KEL:2;OTT-MON:1;OTT-MON:2,3.3333333333333335,0.7071132860388509
70203.10706528855,0.014608903502621966,0.9214857917074114,0.7556210955604911,0.9164594455473125,optimal,21.202577566093822,7,3,18,0,0.23713737056616555,368,0.14507080003386363,CAL-EDM:1;CAL-EDM:2;CAL-EDM:3;KAM-KEL:1;KAM-KEL:2;OTT-MON:1;OTT-MON:2,3.3333333333333335,0.675032642355335
175278.93817539894,0.0016098775581711415,0.9872410341501237,0.8702701455447823,0.9164594455473125,infeasible,-50.0,0,0,18,0,,0,0.000514900020789355,,,
28631.477636812157,0.004442555017934054,0.9768190780114383,0.6246993776876479,0.8845011990517377,optimal,17.16184061402365,7,3,18,0,0.23713737056616555,173,0.05217640002956614,CAL-EDM:1;CAL-EDM:2;CAL-EDM:3;KAM-KEL:1;KAM-KEL:2;OTT-MON:1;OTT-MON:2,3.3333333333333335,0.7585891168682952
46175.39891179235,0.004442555017934054,0.9768190780114383,0.6246993776876479,0.8845011990517377,optimal,19.230407504224573,7,3,18,0,0.23713737056616555,173,0.056276699993759394,CAL-EDM:1;CAL-EDM:2;CAL-EDM:3;KAM-KEL:1;KAM-KEL:2;OTT-MON:1;OTT-MON:2,3.3333333333333335,0.7585891168682952
28631.477636812157,0.08277281387273931,0.9768190780114383,0.6246993776876479,0.8845011990517377,optimal,17.16184061402365,7,3,18,0,0.23713737056616555,505,0.2553360000019893,CAL-EDM:1;CAL-EDM:2;CAL-EDM:3;KAM-KEL:1;KAM-KEL:2;OTT-MON:1;OTT-MON:2,3.3333333333333335,0.7585891168682952
28631.477636812157,0.004442555017934054,0.9762697534803301,0.6246993776876479,0.8845011990517377,optimal,17.139891118976728,7,3,18,0,0.23713737056616555,173,0.05034149996936321,CAL-EDM:1;CAL-EDM:2;CAL-EDM:3;KAM-KEL:1;KAM-KEL:2;OTT-MON:1;OTT-MON:2,3.3333333333333335,0.7573217674084395
28631.477636812157,0.004442555017934054,0.9768190780114383,0.7884426259435713,0.8845011990517377,optimal,19.51274639409216,7,3,18,0,0.23713737056616555,173,0.06422289996407926,CAL-EDM:1;CAL-EDM:2;CAL-EDM:3;KAM-KEL:1;KAM-KEL:2;OTT-MON:1;OTT-MON:2,3.3333333333333335,0.7585891168682952
28631.477636812157,0.004442555017934054,0.9768190780114383,0.6246993776876479,0.9533105595586822,optimal,18.564742131788176,7,3,18,0,0.23713737056616555,173,0.055530000012367964,CAL-EDM:1;CAL-EDM:2;CAL-EDM:3;KAM-KEL:1;KAM-KEL:2;OTT-MON:1;OTT-MON:2,3.3333333333333335,0.8545864871348258
46175.39891179235,0.08277281387273931,0.9762697534803301,0.7884426259435713,0.9533105595586822,optimal,22.96549517321226,7,3,18,0,0.23713737056616555,729,0.5327524999738671,CAL-EDM:1;CAL-EDM:2;CAL-EDM:3;KAM-KEL:1;KAM-KEL:2;OTT-MON:1;OTT-MON:2,3.3333333333333335,0.8530726442519256
3460.4216225044424,0.0864656200999277,0.9463403544686735,0.9376565516460686,0.8230099842492491,optimal,10.157626720969866,4,2,18,0,0.46415888336127825,311,0.07908970001153648,KAM-KEL:1;KAM-KEL:2;OTT-MON:1;OTT-MON:2,3.0,0.6565859561110482
2514.997168867591,0.0864656200999277,0.9463403544686735,0.9376565516460686,0.8230099842492491,optimal,9.236844615931705,4,2,18,0,0.46415888336127825,311,0.10919280000962317,KAM-KEL:1;KAM-KEL:2;OTT-MON:1;OTT-MON:2,3.0,0.6565859561110482
3460.4216225044424,0.008975133523844539,0.9463403544686735,0.9376565516460686,0.8230099842492491,optimal,10.157626720969866,4,2,18,0,0.46415888336127825,278,0.1045589999994263,KAM-KEL:1;KAM-KEL:2;OTT-MON:1;OTT-MON:2,3.0,0.6565859561110482
3460.4216225044424,0.0864656200999277,0.936441208107397,0.9376565516460686,0.8230099842492491,optimal,9.824066625309584,4,2,18,0,0.46415888336127825,311,0.11410210002213717,KAM-KEL:1;KAM-KEL:2;OTT-MON:1;OTT-MON:2,3.0,0.6394912645520302
3460.4216225044424,0.0864656200999277,0.9463403544686735,0.6225081323646009,0.8230099842492491,optimal,7.793759123891469,4,2,18,0,0.46415888336127825,311,0.11529399995924905,KAM-KEL:1;KAM-KEL:2;OTT-MON:1;OTT-MON:2,3.0,0.6565859561110482
3460.4216225044424,0.0864656200999277,0.9463403544686735,0.9376565516460686,0.7786568116620183,optimal,9.240362236500054,4,2,18,0,0.46415888336127825,311,0.10300760000245646,KAM-KEL:1;KAM-KEL:2;OTT-MON:1;OTT-MON:2,3.0,0.6139438124799881
2514.997168867591,0.008975133523844539,0.936441208107397,0.6225081323646009,0.7786568116620183,optimal,5.539614908207929,4,2,18,0,0.46415888336127825,222,0.04942799999844283,KAM-KEL:1;KAM-KEL:2;OTT-MON:1;OTT-MON:2,3.0,0.5986419873046511
1026.6942802570043,0.009827211084458361,0.9322165080849082,0.8492006791755558,0.8146297425543889,optimal,5.420564645425724,4,2,18,0,0.46415888336127825,311,0.09390500001609325,KAM-KEL:1;KAM-KEL:2;OTT-MON:1;OTT-MON:2,3.0,0.6245973237771458
3901.203848177589,0.009827211084458361,0.9322165080849082,0.8492006791755558,0.8146297425543889,optimal,9.27239010949419,4,2,18,0,0.46415888336127825,311,0.12264629994751886,KAM-KEL:1;KAM-KEL:2;OTT-MON:1;OTT-MON:2,3.0,0.6245973237771458
1026.6942802570043,0.05197610367812604,0.9322165080849082,0.8492006791755558,0.8146297425543889,optimal,5.420564645425724,4,2,18,0,0.46415888336127825,311,0.10668379999697208,KAM-KEL:1;KAM-KEL:2;OTT-MON:1;OTT-MON:2,3.0,0.6245973237771458
1026.6942802570043,0.009827211084458361,0.9672765169497579,0.8492006791755558,0.8146297425543889,optimal,6.56682367975257,4,2,18,0,0.46415888336127825,343,0.09517050004797056,KAM-KEL:1;KAM-KEL:2;OTT-MON:1;OTT-MON:2,3.0,0.685369334297693
1026.6942802570043,0.009827211084458361,0.9322165080849082,0.7345448289532215,0.8146297425543889,optimal,4.583544707174809,4,2,18,0,0.46415888336127825,311,0.09410260000731796,KAM-KEL:1;KAM-KEL:2;OTT-MON:1;OTT-MON:2,3.0,0.6245973237771458
1026.6942802570043,0.009827211084458361,0.9322165080849082,0.8492006791755558,0.8831990591110661,optimal,6.642764144671618,4,2,18,0,0.46415888336127825,343,0.09908189997076988,KAM-KEL:1;KAM-KEL:2;OTT-MON:1;OTT-MON:2,3.0,0.6903128308007949
3901.203848177589,0.05197610367812604,0.9672765169497579,0.7345448289532215,0.8831990591110661,optimal,10.577159635893917,4,2,18,0,0.46415888336127825,505,0.25239059998421,KAM-KEL:1;KAM-KEL:2;OTT-MON:1;OTT-MON:2,3.0,0.7617460586625002
23562.160325413686,0.050509625159646444,0.9797386675924062,0.7120566198602318,0.8918919523665682,optimal,17.921140239435623,7,3,18,0,0.23713737056616555,577,0.3159842999884859,CAL-EDM:1;CAL-EDM:2;CAL-EDM:3;KAM-KEL:1;KAM-KEL:2;OTT-MON:1;OTT-MON:2,3.3333333333333335,0.7753288509243755
81116.18286897709,0.050509625159646444,0.9797386675924062,0.7120566198602318,0.8918919523665682,optimal,23.27169407058991,7,3,18,0,0.23713737056616555,577,0.31779010000173,CAL-EDM:1;CAL-EDM:2;CAL-EDM:3;KAM-KEL:1;KAM-KEL:2;OTT-MON:1;OTT-MON:2,3.3333333333333335,0.7753288509243755
23562.160325413686,0.0047933122022584315,0.9797386675924062,0.7120566198602318,0.8918919523665682,optimal,17.921140239435623,7,3,18,0,0.23713737056616555,197,0.07189349998952821,CAL-EDM:1;CAL-EDM:2;CAL-EDM:3;KAM-KEL:1;KAM-KEL:2;OTT-MON:1;OTT-MON:2,3.3333333333333335,0.7753288509243755
23562.160325413686,0.050509625159646444,0.9268389862347395,0.7120566198602318,0.8918919523665682,optimal,15.4442438488583,7,3,18,0,0.23713737056616555,368,0.14999930001795292,CAL-EDM:1;CAL-EDM:2;CAL-EDM:3;KAM-KEL:1;KAM-KEL:2;OTT-MON:1;OTT-MON:2,3.3333333333333335,0.6599704828220582
23562.160325413686,0.050509625159646444,0.9797386675924062,0.6771552840713412,0.8918919523665682,optimal,17.41360345466466,7,3,18,0,0.23713737056616555,577,0.29801999998744577,CAL-EDM:1;CAL-EDM:2;CAL-EDM:3;KAM-KEL:1;KAM-KEL:2;OTT-MON:1;OTT-MON:2,3.3333333333333335,0.7753288509243755
23562.160325413686,0.050509625159646444,0.9797386675924062,0.7120566198602318,0.8515709748510272,optimal,16.952021600548722,7,3,18,0,0.23713737056616555,457,0.22138669999549165,CAL-EDM:1;CAL-EDM:2;CAL-EDM:3;KAM-KEL:1;KAM-KEL:2;OTT-MON:1;OTT-MON:2,3.3333333333333335,0.722352552827621
81116.18286897709,0.0047933122022584315,0.9268389862347395,0.6771552840713412,0.8515709748510272,optimal,18.775527520091106,7,3,18,0,0.23713737056616555,173,0.04987049999181181,CAL-EDM:1;CAL-EDM:2;CAL-EDM:3;KAM-KEL:1;KAM-KEL:2;OTT-MON:1;OTT-MON:2,3.3333333333333335,0.6188916681904376
168886.80367041842,0.0017154042809866988,0.9573376677595079,0.8080143459606915,0.9735675140609965,infeasible,-50.0,0,0,18,0,,0,0.00035230000503361225,,,
21801.728796805233,0.0017154042809866988,0.9573376677595079,0.8080143459606915,0.9735675140609965,infeasible,-50.0,0,0,18,0,,0,0.00018930004443973303,,,
168886.80367041842,0.02743519449749501,0.9573376677595079,0.8080143459606915,0.9735675140609965,optimal,28.53227568748633,7,3,18,0,0.23713737056616555,713,0.4926872000214644,CAL-EDM:1;CAL-EDM:2;CAL-EDM:3;KAM-KEL:1;KAM-KEL:2;OTT-MON:1;OTT-MON:2,3.3333333333333335,0.8300721127157641
168886.80367041842,0.0017154042809866988,0.9548632454201579,0.8080143459606915,0.9735675140609965,infeasible,-50.0,0,0,18,0,,0,0.00047530001029372215,,,
168886.80367041842,0.0017154042809866988,0.9573376677595079,0.53249133201316,0.9735675140609965,infeasible,-50.0,0,0,18,0,,0,0.00032519997330382466,,,
168886.80367041842,0.0017154042809866988,0.9573376677595079,0.8080143459606915,0.7452122242162004,infeasible,-50.0,0,0,18,0,,0,0.0003024000325240195,,,
21801.728796805233,0.02743519449749501,0.9548632454201579,0.53249133201316,0.7452122242162004,optimal,10.783801076980179,4,2,18,0,0.46415888336127825,231,0.07281119999242947,KAM-KEL:1;KAM-KEL:2;OTT-MON:1;OTT-MON:2,3.0,0.5957418960960443
9790.373799458548,0.027850714947284604,0.9658598553072661,0.5302339677233249,0.7329279351616278,optimal,8.584489321148817,4,2,18,0,0.46415888336127825,231,0.07376800000201911,KAM-KEL:1;KAM-KEL:2;OTT-MON:1;OTT-MON:2,3.0,0.6003354199254837
1027.066731113119,0.027850714947284604,0.9658598553072661,0.5302339677233249,0.7329279351616278,optimal,2.0788212747799446,4,2,18,0,0.46415888336127825,231,0.05654349998803809,KAM-KEL:1;KAM-KEL:2;OTT-MON:1;OTT-MON:2,3.0,0.6003354199254837
9790.373799458548,0.002576043122203447,0.9658598553072661,0.5302339677233249,0.7329279351616278,optimal,8.584489321148817,4,2,18,0,0.46415888336127825,101,0.03378649998921901,KAM-KEL:1;KAM-KEL:2;OTT-MON:1;OTT-MON:2,3.0,0.6003354199254837
9790.373799458548,0.027850714947284604,0.9977614862062036,0.5302339677233249,0.7329279351616278,optimal,9.731077829523809,4,2,18,0,0.46415888336127825,311,0.11286059999838471,KAM-KEL:1;KAM-KEL:2;OTT-MON:1;OTT-MON:2,3.0,0.6492907980049265
9790.373799458548,0.027850714947284604,0.9658598553072661,0.928672310244292,0.7329279351616278,optimal,11.818651419911877,4,2,18,0,0.46415888336127825,231,0.07000010000774637,KAM-KEL:1;KAM-KEL:2;OTT-MON:1;OTT-MON:2,3.0,0.6003354199254837
9790.373799458548,0.027850714947284604,0.9658598553072661,0.5302339677233249,0.9917563456501812,optimal,12.569462219144391,7,3,18,0,0.23713737056616555,809,0.6325057999929413,CAL-EDM:1;CAL-EDM:2;CAL-EDM:3;KAM-KEL:1;KAM-KEL:2;OTT-MON:1;OTT-MON:2,3.3333333333333335,0.8800471985464454
1027.066731113119,0.002576043122203447,0.9977614862062036,0.928672310244292,0.9917563456501812,optimal,9.835994426563822,4,2,18,0,0.46415888336127825,101,0.020944299991242588,KAM-KEL:1;KAM-KEL:2;OTT-MON:1;OTT-MON:2,3.0,0.9810999053580374
9921.057868079835,0.0016991768808375253,0.9902742744646966,0.876003662776202,0.7855972846755758,infeasible,-50.0,0,0,18,0,,0,0.00032049999572336674,,,
173822.6911276719,0.0016991768808375253,0.9902742744646966,0.876003662776202,0.7855972846755758,infeasible,-50.0,0,0,18,0,,0,0.00018360000103712082,,,
9921.057868079835,0.013216988882295843,0.9902742744646966,0.876003662776202,0.7855972846755758,optimal,13.778875065619062,7,3,18,0,0.23713737056616555,368,0.14040949998889118,CAL-EDM:1;CAL-EDM:2;CAL-EDM:3;KAM-KEL:1;KAM-KEL:2;OTT-MON:1;OTT-MON:2,3.3333333333333335,0.6617762348491312
9921.057868079835,0.0016991768808375253,0.9719781383555383,0.876003662776202,0.7855972846755758,infeasible,-50.0,0,0,18,0,,0,0.00032080005621537566,,,
9921.057868079835,0.0016991768808375253,0.9902742744646966,0.8648988577071577,0.7855972846755758,infeasible,-50.0,0,0,18,0,,0,0.0006131000118330121,,,
9921.057868079835,0.0016991768808375253,0.9902742744646966,0.876003662776202,0.9408776059113443,infeasible,-50.0,0,0,18,0,,0,0.0004314000252634287,,,
173822.6911276719,0.013216988882295843,0.9719781383555383,0.8648988577071577,0.9408776059113443,optimal,29.2549575800023,7,3,18,0,0.23713737056616555,601,0.34437639999669045,CAL-EDM:1;CAL-EDM:2;CAL-EDM:3;KAM-KEL:1;KAM-KEL:2;OTT-MON:1;OTT-MON:2,3.3333333333333335,0.8236526404449266
166665.53056536903,0.027615418443521677,0.9232517961990089,0.68971639117226,0.9207839827155695,optimal,24.239794711030996,7,3,18,0,0.23713737056616555,457,0.19207390001975,CAL-EDM:1;CAL-EDM:2;CAL-EDM:3;KAM-KEL:1;KAM-KEL:2;OTT-MON:1;OTT-MON:2,3.3333333333333335,0.6833735414787213
9466.691215311133,0.027615418443521677,0.9232517961990089,0.68971639117226,0.9207839827155695,optimal,12.135625416019424,4,2,18,0,0.46415888336127825,457,0.2012690000119619,KAM-KEL:1;KAM-KEL:2;OTT-MON:1;OTT-MON:2,3.0,0.7099658062486903
166665.53056536903,0.0010555341044817146,0.9232517961990089,0.68971639117226,0.9207839827155695,infeasible,-50.0,0,0,18,0,,0,0.0003664999967440963,,,
166665.53056536903,0.027615418443521677,0.9321155776772648,0.68971639117226,0.9207839827155695,optimal,24.692479302623298,7,3,18,0,0.23713737056616555,457,0.20719039998948574,CAL-EDM:1;CAL-EDM:2;CAL-EDM:3;KAM-KEL:1;KAM-KEL:2;OTT-MON:1;OTT-MON:2,3.3333333333333335,0.702452033791597
166665.53056536903,0.027615418443521677,0.9232517961990089,0.5811904069501906,0.9207839827155695,optimal,22.510848171967865,7,3,18,0,0.23713737056616555,457,0.18451689998619258,CAL-EDM:1;CAL-EDM:2;CAL-EDM:3;KAM-KEL:1;KAM-KEL:2;OTT-MON:1;OTT-MON:2,3.3333333333333335,0.6833735414787213
166665.53056536903,0.027615418443521677,0.9232517961990089,0.68971639117226,0.7568525234004482,optimal,16.833860654960894,4,2,18,0,0.46415888336127825,231,0.062605099985376,KAM-KEL:1;KAM-KEL:2;OTT-MON:1;OTT-MON:2,3.0,0.5607653303211892
9466.691215311133,0.0010555341044817146,0.9321155776772648,0.5811904069501906,0.7568525234004482,infeasible,-50.0,0,0,18,0,,0,0.00044600002001971006,,,
23387.94529909063,0.009910614854441863,0.9749102419558913,0.8312815477605908,0.9848243628228084,optimal,21.061373723358884,7,3,18,0,0.23713737056616555,513,0.30030909995548427,CAL-EDM:1;CAL-EDM:2;CAL-EDM:3;KAM-KEL:1;KAM-KEL:2;OTT-MON:1;OTT-MON:2,3.3333333333333335,0.8962864461499813
2490.5760272821512,0.009910614854441863,0.9749102419558913,0.8312815477605908,0.9848243628228084,optimal,11.367732426242693,7,3,18,0,0.23713737056616555,513,0.287145700014662,CAL-EDM:1;CAL-EDM:2;CAL-EDM:3;KAM-KEL:1;KAM-KEL:2;OTT-MON:1;OTT-MON:2,3.3333333333333335,0.8962864461499813
23387.94529909063,0.0698041276669513,0.9749102419558913,0.8312815477605908,0.9848243628228084,optimal,21.061373723358884,7,3,18,0,0.23713737056616555,809,0.678818800020963,CAL-EDM:1;CAL-EDM:2;CAL-EDM:3;KAM-KEL:1;KAM-KEL:2;OTT-MON:1;OTT-MON:2,3.3333333333333335,0.8962864461499813
23387.94529909063,0.009910614854441863,0.9406782261580229,0.8312815477605908,0.9848243628228084,optimal,19.850999536490967,7,3,18,0,0.23713737056616555,489,0.2497802999569103,CAL-EDM:1;CAL-EDM:2;CAL-EDM:3;KAM-KEL:1;KAM-KEL:2;OTT-MON:1;OTT-MON:2,3.3333333333333335,0.8004723433308109
23387.94529909063,0.009910614854441863,0.9749102419558913,0.655592446308583,0.9848243628228084,optimal,18.66360803133249,7,3,18,0,0.23713737056616555,513,0.30062170000746846,CAL-EDM:1;CAL-EDM:2;CAL-EDM:3;KAM-KEL:1;KAM-KEL:2;OTT-MON:1;OTT-MON:2,3.3333333333333335,0.8962864461499813
23387.94529909063,0.009910614854441863,0.9749102419558913,0.8312815477605908,0.7917241715118288,optimal,16.29327720437334,7,3,18,0,0.23713737056616555,311,0.124832300003618,CAL-EDM:1;CAL-EDM:2;CAL-EDM:3;KAM-KEL:1;KAM-KEL:2;OTT-MON:1;OTT-MON:2,3.3333333333333335,0.6412815291831397
2490.5760272821512,0.0698041276669513,0.9406782261580229,0.655592446308583,0.7917241715118288,optimal,6.306641126113561,4,2,18,0,0.46415888336127825,311,0.10407850000774488,KAM-KEL:1;KAM-KEL:2;OTT-MON:1;OTT-MON:2,3.0,0.6171576458536968
1034.3629638895525,0.05099366329231654,0.9468877728432418,0.5043716901447624,0.7215306588700041,optimal,0.6879990097133533,2,1,18,0,0.6072021956909884,231,0.045831500028725713,KAM-KEL:1;KAM-KEL:2,3.0,0.5632388253082489
46686.51287147229,0.05099366329231654,0.9468877728432418,0.5043716901447624,0.7215306588700041,optimal,11.471165087812341,4,2,18,0,0.46415888336127825,231,0.05301680002594367,KAM-KEL:1;KAM-KEL:2;OTT-MON:1;OTT-MON:2,3.0,0.5632388253082489
1034.3629638895525,0.005675886464614306,0.9468877728432418,0.5043716901447624,0.7215306588700041,optimal,0.6879990097133533,2,1,18,0,0.6072021956909884,181,0.04629690002184361,KAM-KEL:1;KAM-KEL:2,3.0,0.5632388253082489
1034.3629638895525,0.05099366329231654,0.9829253227077425,0.5043716901447624,0.7215306588700041,optimal,2.188934613321381,4,2,18,0,0.46415888336127825,311,0.10444329999154434,KAM-KEL:1;KAM-KEL:2;OTT-MON:1;OTT-MON:2,3.0,0.6143898180170803
1034.3629638895525,0.05099366329231654,0.9468877728432418,0.8254545320756733,0.7215306588700041,optimal,3.321588076124095,4,2,18,0,0.46415888336127825,231,0.061593799968250096,KAM-KEL:1;KAM-KEL:2;OTT-MON:1;OTT-MON:2,3.0,0.5632388253082489
1034.3629638895525,0.05099366329231654,0.9468877728432418,0.5043716901447624,0.9038077041534707,optimal,4.344990193528552,4,2,18,0,0.46415888336127825,457,0.1970916999853216,KAM-KEL:1;KAM-KEL:2;OTT-MON:1;OTT-MON:2,3.0,0.7414938470980107
46686.51287147229,0.005675886464614306,0.9829253227077425,0.8254545320756733,0.9038077041534707,optimal,22.74789682123026,7,3,18,0,0.23713737056616555,262,0.09265920001780614,CAL-EDM:1;CAL-EDM:2;CAL-EDM:3;KAM-KEL:1;KAM-KEL:2;OTT-MON:1;OTT-MON:2,3.3333333333333335,0.7994990891488275
3399.4738388707287,0.004401782699132843,0.9316783087085933,0.6057914323173463,0.7680896245408803,optimal,5.726986957256649,4,2,18,0,0.46415888336127825,149,0.03086749999783933,KAM-KEL:1;KAM-KEL:2;OTT-MON:1;OTT-MON:2,3.0,0.5822306492140044
82116.8956298977,0.004401782699132843,0.9316783087085933,0.6057914323173463,0.7680896245408803,optimal,14.915578389280137,4,2,18,0,0.46415888336127825,149,0.03985189995728433,KAM-KEL:1;KAM-KEL:2;OTT-MON:1;OTT-MON:2,3.0,0.5822306492140044
3399.4738388707287,0.03331626933661191,0.9316783087085933,0.6057914323173463,0.7680896245408803,optimal,5.726986957256649,4,2,18,0,0.46415888336127825,231,0.05631190002895892,KAM-KEL:1;KAM-KEL:2;OTT-MON:1;OTT-MON:2,3.0,0.5822306492140044
3399.4738388707287,0.004401782699132843,0.9493573112376035,0.6057914323173463,0.7680896245408803,optimal,6.533668771627221,4,2,18,0,0.46415888336127825,157,0.03298909997101873,KAM-KEL:1;KAM-KEL:2;OTT-MON:1;OTT-MON:2,3.0,0.6087555503829759
3399.4738388707287,0.004401782699132843,0.9316783087085933,0.7144143758807331,0.7680896245408803,optimal,6.6787467062010055,4,2,18,0,0.46415888336127825,149,0.019587400020100176,KAM-KEL:1;KAM-KEL:2;OTT-MON:1;OTT-MON:2,3.0,0.5822306492140044
3399.4738388707287,0.004401782699132843,0.9316783087085933,0.6057914323173463,0.723031489053741,optimal,3.9484241466752934,4,2,18,0,0.46415888336127825,149,0.029198500036727637,KAM-KEL:1;KAM-KEL:2;OTT-MON:1;OTT-MON:2,3.0,0.5443949265158983
82116.8956298977,0.03331626933661191,0.9493573112376035,0.7144143758807331,0.723031489053741,optimal,15.314769262387069,4,2,18,0,0.46415888336127825,231,0.07270670001162216,KAM-KEL:1;KAM-KEL:2;OTT-MON:1;OTT-MON:2,3.0,0.5678990684394535
29145.387955271482,0.08571070296715796,0.9816573369167745,0.7287631752900778,0.939518095202744,optimal,20.10867359552916,7,3,18,0,0.23713737056616555,713,0.507485700014513,CAL-EDM:1;CAL-EDM:2;CAL-EDM:3;KAM-KEL:1;KAM-KEL:2;OTT-MON:1;OTT-MON:2,3.3333333333333335,0.8475272428642516
3868.791910781337,0.08571070296715796,0.9816573369167745,0.7287631752900778,0.939518095202744,optimal,11.463984903989555,4,2,18,0,0.46415888336127825,713,0.4779965000343509,KAM-KEL:1;KAM-KEL:2;OTT-MON:1;OTT-MON:2,3.0,0.8646260557299852
29145.387955271482,0.0040972078487694075,0.9816573369167745,0.7287631752900778,0.939518095202744,optimal,20.10867359552916,7,3,18,0,0.23713737056616555,173,0.04639329999918118,CAL-EDM:1;CAL-EDM:2;CAL-EDM:3;KAM-KEL:1;KAM-KEL:2;OTT-MON:1;OTT-MON:2,3.3333333333333335,0.8475272428642516
29145.387955271482,0.08571070296715796,0.9922132792249322,0.7287631752900778,0.939518095202744,optimal,20.460084641994158,7,3,18,0,0.23713737056616555,753,0.5197749999933876,CAL-EDM:1;CAL-EDM:2;CAL-EDM:3;KAM-KEL:1;KAM-KEL:2;OTT-MON:1;OTT-MON:2,3.3333333333333335,0.876592622541478
29145.387955271482,0.08571070296715796,0.9816573369167745,0.7678214103449136,0.939518095202744,optimal,20.635918695977793,7,3,18,0,0.23713737056616555,713,0.4881515999441035,CAL-EDM:1;CAL-EDM:2;CAL-EDM:3;KAM-KEL:1;KAM-KEL:2;OTT-MON:1;OTT-MON:2,3.3333333333333335,0.8475272428642516
29145.387955271482,0.08571070296715796,0.9816573369167745,0.7287631752900778,0.9786661937506869,optimal,20.798959395557866,7,3,18,0,0.23713737056616555,809,0.6656945000286214,CAL-EDM:1;CAL-EDM:2;CAL-EDM:3;KAM-KEL:1;KAM-KEL:2;OTT-MON:1;OTT-MON:2,3.3333333333333335,0.9068505175034378
3868.791910781337,0.0040972078487694075,0.9922132792249322,0.7678214103449136,0.9786661937506869,optimal,12.915821017984316,7,3,18,0,0.23713737056616555,173,0.06267650000518188,CAL-EDM:1;CAL-EDM:2;CAL-EDM:3;KAM-KEL:1;KAM-KEL:2;OTT-MON:1;OTT-MON:2,3.3333333333333335,0.938889229450457
70407.82096606912,0.002397196019050247,0.9555808915644884,0.6507264585699886,0.8597957446221263,optimal,17.612413428896847,4,2,18,0,0.46415888336127825,101,0.028724799980409443,KAM-KEL:1;KAM-KEL:2;OTT-MON:1;OTT-MON:2,3.0,0.7116453742698754
1038.4353601981793,0.002397196019050247,0.9555808915644884,0.6507264585699886,0.8597957446221263,optimal,5.445908681987879,4,2,18,0,0.46415888336127825,101,0.01498629996785894,KAM-KEL:1;KAM-KEL:2;OTT-MON:1;OTT-MON:2,3.0,0.7116453742698754
70407.82096606912,0.01823250553456857,0.9555808915644884,0.6507264585699886,0.8597957446221263,optimal,19.86856069320963,7,3,18,0,0.23713737056616555,368,0.132173000019975,CAL-EDM:1;CAL-EDM:2;CAL-EDM:3;KAM-KEL:1;KAM-KEL:2;OTT-MON:1;OTT-MON:2,3.3333333333333335,0.682234552344215
70407.82096606912,0.002397196019050247,0.9617797811347991,0.6507264585699886,0.8597957446221263,optimal,17.775081746694177,4,2,18,0,0.46415888336127825,101,0.02876359998481348,KAM-KEL:1;KAM-KEL:2;OTT-MON:1;OTT-MON:2,3.0,0.7239199572045714
70407.82096606912,0.002397196019050247,0.9555808915644884,0.9200051507912576,0.8597957446221263,optimal,19.610776322369382,4,2,18,0,0.46415888336127825,101,0.022781700012274086,KAM-KEL:1;KAM-KEL:2;OTT-MON:1;OTT-MON:2,3.0,0.7116453742698754
70407.82096606912,0.002397196019050247,0.9555808915644884,0.6507264585699886,0.8698024645205586,optimal,17.756124557797975,4,2,18,0,0.46415888336127825,101,0.02677529997890815,KAM-KEL:1;KAM-KEL:2;OTT-MON:1;OTT-MON:2,3.0,0.7224536116871398
1038.4353601981793,0.01823250553456857,0.9617797811347991,0.9200051507912576,0.8698024645205586,optimal,7.746486369409268,4,2,18,0,0.46415888336127825,457,0.190796600014437,KAM-KEL:1;KAM-KEL:2;OTT-MON:1;OTT-MON:2,3.0,0.7350155723666382
5734.113301687012,0.01474483189866523,0.9665598920229822,0.9143344131764024,0.8478558662086725,optimal,12.648046475879624,7,3,18,0,0.23713737056616555,368,0.14906740002334118,CAL-EDM:1;CAL-EDM:2;CAL-EDM:3;KAM-KEL:1;KAM-KEL:2;OTT-MON:1;OTT-MON:2,3.3333333333333335,0.6904252664389289
21590.02823206496,0.01474483189866523,0.9665598920229822,0.9143344131764024,0.8478558662086725,optimal,18.386214915992714,7,3,18,0,0.23713737056616555,368,0.15210190002107993,CAL-EDM:1;CAL-EDM:2;CAL-EDM:3;KAM-KEL:1;KAM-KEL:2;OTT-MON:1;OTT-MON:2,3.3333333333333335,0.6904252664389289
5734.113301687012,0.0022829258432943145,0.9665598920229822,0.9143344131764024,0.8478558662086725,optimal,12.453189366275101,4,2,18,0,0.46415888336127825,101,0.027809199993498623,KAM-KEL:1;KAM-KEL:2;OTT-MON:1;OTT-MON:2,3.0,0.720196096326313
5734.113301687012,0.01474483189866523,0.9213000194635242,0.9143344131764024,0.8478558662086725,optimal,11.075708211982057,4,2,18,0,0.46415888336127825,311,0.10726380004780367,KAM-KEL:1;KAM-KEL:2;OTT-MON:1;OTT-MON:2,3.0,0.6366086006003696
5734.113301687012,0.01474483189866523,0.9665598920229822,0.5268728450872004,0.8478558662086725,optimal,9.272120987225872,4,2,18,0,0.46415888336127825,368,0.15506840002490208,KAM-KEL:1;KAM-KEL:2;OTT-MON:1;OTT-MON:2,3.0,0.720196096326313
5734.113301687012,0.01474483189866523,0.9665598920229822,0.9143344131764024,0.8296093791881576,optimal,12.178148550052079,4,2,18,0,0.46415888336127825,368,0.13680330000352114,KAM-KEL:1;KAM-KEL:2;OTT-MON:1;OTT-MON:2,3.0,0.7001759266453933
21590.02823206496,0.0022829258432943145,0.9213000194635242,0.5268728450872004,0.8296093791881576,optimal,11.349600834040075,4,2,18,0,0.46415888336127825,101,0.02688499999931082,KAM-KEL:1;KAM-KEL:2;OTT-MON:1;OTT-MON:2,3.0,0.6201474478077467
4353.09657782797,0.00579149507160076,0.9515084154307842,0.7723025170154869,0.9018370636207983,optimal,11.040376726149791,4,2,18,0,0.46415888336127825,253,0.10887419997015968,KAM-KEL:1;KAM-KEL:2;OTT-MON:1;OTT-MON:2,3.0,0.7491513946795008
29559.589424491933,0.00579149507160076,0.9515084154307842,0.7723025170154869,0.9018370636207983,optimal,18.78369475425351,7,3,18,0,0.23713737056616555,253,0.10570489999372512,CAL-EDM:1;CAL-EDM:2;CAL-EDM:3;KAM-KEL:1;KAM-KEL:2;OTT-MON:1;OTT-MON:2,3.3333333333333335,0.7231170532225312
4353.09657782797,0.04694994255507945,0.9515084154307842,0.7723025170154869,0.9018370636207983,optimal,11.040376726149791,4,2,18,0,0.46415888336127825,505,0.2729549999930896,KAM-KEL:1;KAM-KEL:2;OTT-MON:1;OTT-MON:2,3.0,0.7491513946795008
4353.09657782797,0.00579149507160076,0.9554875767752529,0.7723025170154869,0.9018370636207983,optimal,11.137645571845416,4,2,18,0,0.46415888336127825,253,0.10012630000710487,KAM-KEL:1;KAM-KEL:2;OTT-MON:1;OTT-MON:2,3.0,0.7576936652652541
4353.09657782797,0.00579149507160076,0.9515084154307842,0.6870836940594017,0.9018370636207983,optimal,10.365655814060084,4,2,18,0,0.46415888336127825,253,0.09236399998189881,KAM-KEL:1;KAM-KEL:2;OTT-MON:1;OTT-MON:2,3.0,0.7491513946795008
4353.09657782797,0.00579149507160076,0.9515084154307842,0.7723025170154869,0.9201301103476435,optimal,11.268042489345405,4,2,18,0,0.46415888336127825,253,0.09175309998681769,KAM-KEL:1;KAM-KEL:2;OTT-MON:1;OTT-MON:2,3.0,0.7696065471425428
29559.589424491933,0.04694994255507945,0.9554875767752529,0.6870836940594017,0.9201301103476435,optimal,18.20242748422836,7,3,18,0,0.23713737056616555,577,0.3119173999875784,CAL-EDM:1;CAL-EDM:2;CAL-EDM:3;KAM-KEL:1;KAM-KEL:2;OTT-MON:1;OTT-MON:2,3.3333333333333335,0.7548081206769593
101006.31315968683,0.03439768499749005,0.9624675081763416,0.5648338877595961,0.8046930947573855,optimal,18.451016689364767,7,3,18,0,0.23713737056616555,311,0.11079279996920377,CAL-EDM:1;CAL-EDM:2;CAL-EDM:3;KAM-KEL:1;KAM-KEL:2;OTT-MON:1;OTT-MON:2,3.3333333333333335,0.6336335194771326
3072.576133530102,0.03439768499749005,0.9624675081763416,0.5648338877595961,0.8046930947573855,optimal,7.063809248970939,4,2,18,0,0.46415888336127825,311,0.10524560004705563,KAM-KEL:1;KAM-KEL:2;OTT-MON:1;OTT-MON:2,3.0,0.6663256916468903
101006.31315968683,0.0050001485763467015,0.9624675081763416,0.5648338877595961,0.8046930947573855,optimal,18.451016689364767,7,3,18,0,0.23713737056616555,173,0.04917429998749867,CAL-EDM:1;CAL-EDM:2;CAL-EDM:3;KAM-KEL:1;KAM-KEL:2;OTT-MON:1;OTT-MON:2,3.3333333333333335,0.6336335194771326
101006.31315968683,0.03439768499749005,0.9959088740684092,0.5648338877595961,0.8046930947573855,optimal,20.313191596754177,7,3,18,0,0.23713737056616555,368,0.13884870003676042,CAL-EDM:1;CAL-EDM:2;CAL-EDM:3;KAM-KEL:1;KAM-KEL:2;OTT-MON:1;OTT-MON:2,3.3333333333333335,0.6959428576042314
101006.31315968683,0.03439768499749005,0.9624675081763416,0.7457093114964664,0.8046930947573855,optimal,21.256523653267116,7,3,18,0,0.23713737056616555,311,0.11253969999961555,CAL-EDM:1;CAL-EDM:2;CAL-EDM:3;KAM-KEL:1;KAM-KEL:2;OTT-MON:1;OTT-MON:2,3.3333333333333335,0.6336335194771326
101006.31315968683,0.03439768499749005,0.9624675081763416,0.5648338877595961,0.8168754737796262,optimal,18.944308868133696,7,3,18,0,0.23713737056616555,368,0.13975319999735802,CAL-EDM:1;CAL-EDM:2;CAL-EDM:3;KAM-KEL:1;KAM-KEL:2;OTT-MON:1;OTT-MON:2,3.3333333333333335,0.646992229897485
3072.576133530102,0.0050001485763467015,0.9959088740684092,0.7457093114964664,0.8168754737796262,optimal,9.7527478908561,4,2,18,0,0.46415888336127825,197,0.060087299963925034,KAM-KEL:1;KAM-KEL:2;OTT-MON:1;OTT-MON:2,3.0,0.7423189002549574
39397.924988242004,0.0010622518374139018,0.9364467086475343,0.9279806326609105,0.7428642921475693,infeasible,-50.0,0,0,18,0,,0,0.00030040001729503274,,,
11663.89743055268,0.0010622518374139018,0.9364467086475343,0.9279806326609105,0.7428642921475693,infeasible,-50.0,0,0,18,0,,0,0.00032729998929426074,,,
39397.924988242004,0.026649873565563188,0.9364467086475343,0.9279806326609105,0.7428642921475693,optimal,14.680881355162239,4,2,18,0,0.46415888336127825,231,0.07434349996037781,KAM-KEL:1;KAM-KEL:2;OTT-MON:1;OTT-MON:2,3.0,0.567334230004221
39397.924988242004,0.0010622518374139018,0.9679090215321631,0.9279806326609105,0.7428642921475693,infeasible,-50.0,0,0,18,0,,0,0.00025860004825517535,,,
39397.924988242004,0.0010622518374139018,0.9364467086475343,0.945577896060422,0.7428642921475693,infeasible,-50.0,0,0,18,0,,0,0.00014089996693655849,,,
39397.924988242004,0.0010622518374139018,0.9364467086475343,0.9279806326609105,0.7800508021917194,infeasible,-50.0,0,0,18,0,,0,0.00031400000443682075,,,
11663.89743055268,0.026649873565563188,0.9679090215321631,0.945577896060422,0.7800508021917194,optimal,13.593056863954374,4,2,18,0,0.46415888336127825,311,0.09435620001750067,KAM-KEL:1;KAM-KEL:2;OTT-MON:1;OTT-MON:2,3.0,0.6502501298566574
2309.131324104849,0.019927812692629207,0.9864057733528316,0.6361463911365718,0.9636221119957045,optimal,9.523602248079097,4,2,18,0,0.46415888336127825,809,0.6374661999871023,KAM-KEL:1;KAM-KEL:2;OTT-MON:1;OTT-MON:2,3.0,0.9092384679327846
109912.54130397846,0.019927812692629207,0.9864057733528316,0.6361463911365718,0.9636221119957045,optimal,25.068495309314716,7,3,18,0,0.23713737056616555,809,0.6525982999592088,CAL-EDM:1;CAL-EDM:2;CAL-EDM:3;KAM-KEL:1;KAM-KEL:2;OTT-MON:1;OTT-MON:2,3.3333333333333335,0.8974064226859054
2309.131324104849,0.0028897143090371507,0.9864057733528316,0.6361463911365718,0.9636221119957045,optimal,9.523602248079097,4,2,18,0,0.46415888336127825,101,0.035791899950709194,KAM-KEL:1;KAM-KEL:2;OTT-MON:1;OTT-MON:2,3.0,0.9092384679327846
2309.131324104849,0.019927812692629207,0.924997262435034,0.6361463911365718,0.9636221119957045,optimal,8.188971049770526,4,2,18,0,0.46415888336127825,505,0.2281754999421537,KAM-KEL:1;KAM-KEL:2;OTT-MON:1;OTT-MON:2,3.0,0.7576881444129046
2309.131324104849,0.019927812692629207,0.9864057733528316,0.5507428536657244,0.9636221119957045,optimal,8.69168253069219,4,2,18,0,0.46415888336127825,809,0.6700588000239804,KAM-KEL:1;KAM-KEL:2;OTT-MON:1;OTT-MON:2,3.0,0.9092384679327846
2309.131324104849,0.019927812692629207,0.9864057733528316,0.6361463911365718,0.9546864599296823,optimal,9.43649774542688,4,2,18,0,0.46415888336127825,777,0.5904080999898724,KAM-KEL:1;KAM-KEL:2;OTT-MON:1;OTT-MON:2,3.0,0.8970689396413944
109912.54130397846,0.0028897143090371507,0.924997262435034,0.5507428536657244,0.9546864599296823,optimal,18.395880099219212,4,2,18,0,0.46415888336127825,101,0.0280172000057064,KAM-KEL:1;KAM-KEL:2;OTT-MON:1;OTT-MON:2,3.0,0.7483162319151251
1476.227988218001,0.0023175418534850116,0.9710654074046761,0.7023789809085428,0.9562359624765813,optimal,8.429922080575743,4,2,18,0,0.46415888336127825,101,0.015539299987722188,KAM-KEL:1;KAM-KEL:2;OTT-MON:1;OTT-MON:2,3.0,0.8594409075533723
19034.218308864973,0.0023175418534850116,0.9710654074046761,0.7023789809085428,0.9562359624765813,optimal,15.807137820305535,4,2,18,0,0.46415888336127825,101,0.023238699999637902,KAM-KEL:1;KAM-KEL:2;OTT-MON:1;OTT-MON:2,3.0,0.8594409075533723
1476.227988218001,0.015572288869564988,0.9710654074046761,0.7023789809085428,0.9562359624765813,optimal,8.429922080575743,4,2,18,0,0.46415888336127825,649,0.38749940000707284,KAM-KEL:1;KAM-KEL:2;OTT-MON:1;OTT-MON:2,3.0,0.8594409075533723
1476.227988218001,0.0023175418534850116,0.978112881327048,0.7023789809085428,0.9562359624765813,optimal,8.571256062772289,4,2,18,0,0.46415888336127825,101,0.016079600027296692,KAM-KEL:1;KAM-KEL:2;OTT-MON:1;OTT-MON:2,3.0,0.8774855973727818
1476.227988218001,0.0023175418534850116,0.9710654074046761,0.8867354207672178,0.9562359624765813,optimal,9.77493821370491,4,2,18,0,0.46415888336127825,101,0.02721099997870624,KAM-KEL:1;KAM-KEL:2;OTT-MON:1;OTT-MON:2,3.0,0.8594409075533723
1476.227988218001,0.0023175418534850116,0.9710654074046761,0.7023789809085428,0.8501447213999926,optimal,7.163074467408046,4,2,18,0,0.46415888336127825,101,0.018258499971125275,KAM-KEL:1;KAM-KEL:2;OTT-MON:1;OTT-MON:2,3.0,0.7317116855272653
19034.218308864973,0.015572288869564988,0.978112881327048,0.8867354207672178,0.8501447213999926,optimal,18.134688387189847,7,3,18,0,0.23713737056616555,449,0.17916910001076758,CAL-EDM:1;CAL-EDM:2;CAL-EDM:3;KAM-KEL:1;KAM-KEL:2;OTT-MON:1;OTT-MON:2,3.3333333333333335,0.7170980468150038
17847.243896772943,0.012345789921849704,0.9430247786641122,0.8606494058854878,0.7512403748165816,optimal,12.597753074630731,4,2,18,0,0.46415888336127825,231,0.07731059996876866,KAM-KEL:1;KAM-KEL:2;OTT-MON:1;OTT-MON:2,3.0,0.5839501193824526
1784.1698324875945,0.012345789921849704,0.9430247786641122,0.8606494058854878,0.7512403748165816,optimal,5.953000184798112,4,2,18,0,0.46415888336127825,231,0.06341379997320473,KAM-KEL:1;KAM-KEL:2;OTT-MON:1;OTT-MON:2,3.0,0.5839501193824526
17847.243896772943,0.001436178461085081,0.9430247786641122,0.8606494058854878,0.7512403748165816,infeasible,-50.0,0,0,18,0,,0,0.0003893999964930117,,,
17847.243896772943,0.012345789921849704,0.9358073180746287,0.8606494058854878,0.7512403748165816,optimal,12.219067989880685,4,2,18,0,0.46415888336127825,231,0.07319289998849854,KAM-KEL:1;KAM-KEL:2;OTT-MON:1;OTT-MON:2,3.0,0.5736246991842986
17847.243896772943,0.012345789921849704,0.9430247786641122,0.6083554296754301,0.7512403748165816,optimal,10.595708269745417,4,2,18,0,0.46415888336127825,231,0.07629370002541691,KAM-KEL:1;KAM-KEL:2;OTT-MON:1;OTT-MON:2,3.0,0.5839501193824526
17847.243896772943,0.012345789921849704,0.9430247786641122,0.8606494058854878,0.8817897325744852,optimal,16.748146147880153,7,3,18,0,0.23713737056616555,352,0.11939500004518777,CAL-EDM:1;CAL-EDM:2;CAL-EDM:3;KAM-KEL:1;KAM-KEL:2;OTT-MON:1;OTT-MON:2,3.3333333333333335,0.6816985238919134
1784.1698324875945,0.001436178461085081,0.9358073180746287,0.6083554296754301,0.8817897325744852,infeasible,-50.0,0,0,18,0,,0,0.0004854999715462327,,,
112625.20021557828,0.003942281558935942,0.9946609037928283,0.5469136759173125,0.8332444225735962,optimal,21.212840657932972,7,3,18,0,0.23713737056616555,173,0.045761800021864474,CAL-EDM:1;CAL-EDM:2;CAL-EDM:3;KAM-KEL:1;KAM-KEL:2;OTT-MON:1;OTT-MON:2,3.3333333333333335,0.7303419939326803
6638.4386848596405,0.003942281558935942,0.9946609037928283,0.5469136759173125,0.8332444225735962,optimal,10.38599821769786,4,2,18,0,0.46415888336127825,173,0.058660399983637035,KAM-KEL:1;KAM-KEL:2;OTT-MON:1;OTT-MON:2,3.0,0.7596804355409869
112625.20021557828,0.09156570585575358,0.9946609037928283,0.5469136759173125,0.8332444225735962,optimal,21.212840657932972,7,3,18,0,0.23713737056616555,457,0.21279379999032244,CAL-EDM:1;CAL-EDM:2;CAL-EDM:3;KAM-KEL:1;KAM-KEL:2;OTT-MON:1;OTT-MON:2,3.3333333333333335,0.7303419939326803
112625.20021557828,0.003942281558935942,0.9468113210014999,0.5469136759173125,0.8332444225735962,optimal,18.721653312409593,7,3,18,0,0.23713737056616555,173,0.050404699984937906,CAL-EDM:1;CAL-EDM:2;CAL-EDM:3;KAM-KEL:1;KAM-KEL:2;OTT-MON:1;OTT-MON:2,3.3333333333333335,0.6361685725425869
112625.20021557828,0.003942281558935942,0.9946609037928283,0.6319979466963559,0.8332444225735962,optimal,22.6730877902463,7,3,18,0,0.23713737056616555,173,0.06019589997595176,CAL-EDM:1;CAL-EDM:2;CAL-EDM:3;KAM-KEL:1;KAM-KEL:2;OTT-MON:1;OTT-MON:2,3.3333333333333335,0.7303419939326803
112625.20021557828,0.003942281558935942,0.9946609037928283,0.5469136759173125,0.9881223914697767,optimal,24.305307079826534,7,3,18,0,0.23713737056616555,173,0.050213899987284094,CAL-EDM:1;CAL-EDM:2;CAL-EDM:3;KAM-KEL:1;KAM-KEL:2;OTT-MON:1;OTT-MON:2,3.3333333333333335,0.9622429804051483
6638.4386848596405,0.09156570585575358,0.9468113210014999,0.6319979466963559,0.9881223914697767,optimal,11.974836383167908,4,2,18,0,0.46415888336127825,705,0.4839913999894634,KAM-KEL:1;KAM-KEL:2;OTT-MON:1;OTT-MON:2,3.0,0.83727910436933
13480.579065274636,0.06648335423575792,0.9276202844958753,0.7895635533612222,0.8742582972701639,optimal,13.525737622648688,7,3,18,0,0.23713737056616555,368,0.1405079999822192,CAL-EDM:1;CAL-EDM:2;CAL-EDM:3;KAM-KEL:1;KAM-KEL:2;OTT-MON:1;OTT-MON:2,3.3333333333333335,0.6431710496329742
72303.10621927967,0.06648335423575792,0.9276202844958753,0.7895635533612222,0.8742582972701639,optimal,20.795263098671615,7,3,18,0,0.23713737056616555,368,0.14304080000147223,CAL-EDM:1;CAL-EDM:2;CAL-EDM:3;KAM-KEL:1;KAM-KEL:2;OTT-MON:1;OTT-MON:2,3.3333333333333335,0.6431710496329742
13480.579065274636,0.008598045681957968,0.9276202844958753,0.7895635533612222,0.8742582972701639,optimal,13.525737622648688,7,3,18,0,0.23713737056616555,302,0.10539119999157265,CAL-EDM:1;CAL-EDM:2;CAL-EDM:3;KAM-KEL:1;KAM-KEL:2;OTT-MON:1;OTT-MON:2,3.3333333333333335,0.6431710496329742
13480.579065274636,0.06648335423575792,0.9866180882453919,0.7895635533612222,0.8742582972701639,optimal,16.416395585239254,7,3,18,0,0.23713737056616555,577,0.293540499988012,CAL-EDM:1;CAL-EDM:2;CAL-EDM:3;KAM-KEL:1;KAM-KEL:2;OTT-MON:1;OTT-MON:2,3.3333333333333335,0.767517785600218
13480.579065274636,0.06648335423575792,0.9276202844958753,0.8000474190805107,0.8742582972701639,optimal,13.658948432770138,7,3,18,0,0.23713737056616555,368,0.14475899998797104,CAL-EDM:1;CAL-EDM:2;CAL-EDM:3;KAM-KEL:1;KAM-KEL:2;OTT-MON:1;OTT-MON:2,3.3333333333333335,0.6431710496329742
13480.579065274636,0.06648335423575792,0.9276202844958753,0.7895635533612222,0.7415962917683646,optimal,10.028623500728273,4,2,18,0,0.46415888336127825,231,0.0757603999809362,KAM-KEL:1;KAM-KEL:2;OTT-MON:1;OTT-MON:2,3.0,0.554208795480913
72303.10621927967,0.008598045681957968,0.9866180882453919,0.8000474190805107,0.7415962917683646,optimal,19.060300827911153,7,3,18,0,0.23713737056616555,278,0.08996660000411794,CAL-EDM:1;CAL-EDM:2;CAL-EDM:3;KAM-KEL:1;KAM-KEL:2;OTT-MON:1;OTT-MON:2,3.3333333333333335,0.6054027769430527
10750.581663106383,0.003346880844889106,0.9607396169360727,0.666658107470721,0.7108263805275783,optimal,9.238351938345806,4,2,18,0,0.46415888336127825,117,0.038608199974987656,KAM-KEL:1;KAM-KEL:2;OTT-MON:1;OTT-MON:2,3.0,0.5725047527491848
1511.6854741853358,0.003346880844889106,0.9607396169360727,0.666658107470721,0.7108263805275783,optimal,3.5779823085609044,4,2,18,0,0.46415888336127825,117,0.020261399971786886,KAM-KEL:1;KAM-KEL:2;OTT-MON:1;OTT-MON:2,3.0,0.5725047527491848
10750.581663106383,0.0011697591462730245,0.9607396169360727,0.666658107470721,0.7108263805275783,infeasible,-50.0,0,0,18,0,,0,0.00026380002964287996,,,
10750.581663106383,0.003346880844889106,0.9487728619221598,0.666658107470721,0.7108263805275783,optimal,8.518059457802613,4,2,18,0,0.46415888336127825,117,0.02839480002876371,KAM-KEL:1;KAM-KEL:2;OTT-MON:1;OTT-MON:2,3.0,0.5564874090044857
10750.581663106383,0.003346880844889106,0.9607396169360727,0.7351264802273363,0.7108263805275783,optimal,9.802533613434079,4,2,18,0,0.46415888336127825,117,0.040577300009317696,KAM-KEL:1;KAM-KEL:2;OTT-MON:1;OTT-MON:2,3.0,0.5725047527491848
10750.581663106383,0.003346880844889106,0.9607396169360727,0.666658107470721,0.9666884874468669,optimal,14.665054322096465,7,3,18,0,0.23713737056616555,125,0.030376499984413385,CAL-EDM:1;CAL-EDM:2;CAL-EDM:3;KAM-KEL:1;KAM-KEL:2;OTT-MON:1;OTT-MON:2,3.3333333333333335,0.8297771205819826
1511.6854741853358,0.0011697591462730245,0.9487728619221598,0.7351264802273363,0.9666884874468669,infeasible,-50.0,0,0,18,0,,0,0.00040259998058900237,,,
130004.55975633832,0.06282278496991578,0.9522174386866391,0.8951072975061833,0.9968162028649822,optimal,28.667558822277144,7,3,18,0,0.23713737056616555,753,0.5253559000557289,CAL-EDM:1;CAL-EDM:2;CAL-EDM:3;KAM-KEL:1;KAM-KEL:2;OTT-MON:1;OTT-MON:2,3.3333333333333335,0.8480796644885542
16122.197583399351,0.06282278496991578,0.9522174386866391,0.8951072975061833,0.9968162028649822,optimal,19.633233086857548,7,3,18,0,0.23713737056616555,753,0.5442857000161894,CAL-EDM:1;CAL-EDM:2;CAL-EDM:3;KAM-KEL:1;KAM-KEL:2;OTT-MON:1;OTT-MON:2,3.3333333333333335,0.8480796644885542
130004.55975633832,0.010787703592876114,0.9522174386866391,0.8951072975061833,0.9968162028649822,optimal,28.667558822277144,7,3,18,0,0.23713737056616555,513,0.2990304999984801,CAL-EDM:1;CAL-EDM:2;CAL-EDM:3;KAM-KEL:1;KAM-KEL:2;OTT-MON:1;OTT-MON:2,3.3333333333333335,0.8480796644885542
130004.55975633832,0.06282278496991578,0.9843518692683428,0.8951072975061833,0.9968162028649822,optimal,29.726698720966986,7,3,18,0,0.23713737056616555,809,0.6964415000402369,CAL-EDM:1;CAL-EDM:2;CAL-EDM:3;KAM-KEL:1;KAM-KEL:2;OTT-MON:1;OTT-MON:2,3.3333333333333335,0.9439603063401458
130004.55975633832,0.06282278496991578,0.9522174386866391,0.6764733735006303,0.9968162028649822,optimal,25.83936645919913,7,3,18,0,0.23713737056616555,753,0.5625656999764033,CAL-EDM:1;CAL-EDM:2;CAL-EDM:3;KAM-KEL:1;KAM-KEL:2;OTT-MON:1;OTT-MON:2,3.3333333333333335,0.8480796644885542
130004.55975633832,0.06282278496991578,0.9522174386866391,0.8951072975061833,0.7108947518654167,optimal,17.63724942110582,4,2,18,0,0.46415888336127825,231,0.0726886999909766,KAM-KEL:1;KAM-KEL:2;OTT-MON:1;OTT-MON:2,3.0,0.5611020842151521
16122.197583399351,0.010787703592876114,0.9843518692683428,0.6764733735006303,0.7108947518654167,optimal,11.582230851905958,4,2,18,0,0.46415888336127825,231,0.06270770000992343,KAM-KEL:1;KAM-KEL:2;OTT-MON:1;OTT-MON:2,3.0,0.6057957068746973
15463.954602338044,0.0018391720985617708,0.9855538633242249,0.5973287632223219,0.9150966698965057,infeasible,-50.0,0,0,18,0,,0,0.0003369000041857362,,,
61278.07189169033,0.0018391720985617708,0.9855538633242249,0.5973287632223219,0.9150966698965057,infeasible,-50.0,0,0,18,0,,0,0.00018500001169741154,,,
15463.954602338044,0.0068782246751613015,0.9855538633242249,0.5973287632223219,0.9150966698965057,optimal,15.022643447621755,7,3,18,0,0.23713737056616555,367,0.15544790000421926,CAL-EDM:1;CAL-EDM:2;CAL-EDM:3;KAM-KEL:1;KAM-KEL:2;OTT-MON:1;OTT-MON:2,3.3333333333333335,0.8222063025969305
15463.954602338044,0.0018391720985617708,0.9758085669688881,0.5973287632223219,0.9150966698965057,infeasible,-50.0,0,0,18,0,,0,0.0004243999719619751,,,
15463.954602338044,0.0018391720985617708,0.9855538633242249,0.5331182841211557,0.9150966698965057,infeasible,-50.0,0,0,18,0,,0,0.00027769996086135507,,,
15463.954602338044,0.0018391720985617708,0.9855538633242249,0.5973287632223219,0.8197422042293474,infeasible,-50.0,0,0,18,0,,0,0.0002905000001192093,,,
61278.07189169033,0.0068782246751613015,0.9758085669688881,0.5331182841211557,0.8197422042293474,optimal,17.051659044433144,7,3,18,0,0.23713737056616555,302,0.11687520000850782,CAL-EDM:1;CAL-EDM:2;CAL-EDM:3;KAM-KEL:1;KAM-KEL:2;OTT-MON:1;OTT-MON:2,3.3333333333333335,0.6752994782557756
1850.7919595843728,0.01090503901963434,0.9380316945184023,0.7414002174045891,0.7925195309454575,optimal,6.072906539073941,4,2,18,0,0.46415888336127825,311,0.08963979996042326,KAM-KEL:1;KAM-KEL:2;OTT-MON:1;OTT-MON:2,3.0,0.613682794046784
5628.062572430032,0.01090503901963434,0.9380316945184023,0.7414002174045891,0.7925195309454575,optimal,9.281897802951157,4,2,18,0,0.46415888336127825,311,0.10964820004301146,KAM-KEL:1;KAM-KEL:2;OTT-MON:1;OTT-MON:2,3.0,0.613682794046784
1850.7919595843728,0.0645833880976483,0.9380316945184023,0.7414002174045891,0.7925195309454575,optimal,6.072906539073941,4,2,18,0,0.46415888336127825,311,0.10188840003684163,KAM-KEL:1;KAM-KEL:2;OTT-MON:1;OTT-MON:2,3.0,0.613682794046784
1850.7919595843728,0.01090503901963434,0.9378069354891777,0.7414002174045891,0.7925195309454575,optimal,6.063849169552402,4,2,18,0,0.46415888336127825,311,0.09465769998496398,KAM-KEL:1;KAM-KEL:2;OTT-MON:1;OTT-MON:2,3.0,0.6133264981392048
1850.7919595843728,0.01090503901963434,0.9380316945184023,0.9279258908703922,0.7925195309454575,optimal,7.367934740665074,4,2,18,0,0.46415888336127825,311,0.10166929999832064,KAM-KEL:1;KAM-KEL:2;OTT-MON:1;OTT-MON:2,3.0,0.613682794046784
1850.7919595843728,0.01090503901963434,0.9380316945184023,0.7414002174045891,0.8600570795238018,optimal,7.371640258470697,4,2,18,0,0.46415888336127825,352,0.13908300001639873,KAM-KEL:1;KAM-KEL:2;OTT-MON:1;OTT-MON:2,3.0,0.67830915500224
5628.062572430032,0.0645833880976483,0.9378069354891777,0.9279258908703922,0.8600570795238018,optimal,11.868861619424461,4,2,18,0,0.46415888336127825,368,0.14595470001222566,KAM-KEL:1;KAM-KEL:2;OTT-MON:1;OTT-MON:2,3.0,0.6778895453819773
2241.630497871679,0.0012463067307786654,0.9411058582849801,0.8217219180427491,0.8355738950893283,infeasible,-50.0,0,0,18,0,,0,0.00026890001026913524,,,
3622.9786690568976,0.0012463067307786654,0.9411058582849801,0.8217219180427491,0.8355738950893283,infeasible,-50.0,0,0,18,0,,0,0.00016939995111897588,,,
2241.630497871679,0.003510894987106489,0.9411058582849801,0.8217219180427491,0.8355738950893283,optimal,8.20026463632879,4,2,18,0,0.46415888336127825,125,0.024208599992562085,KAM-KEL:1;KAM-KEL:2;OTT-MON:1;OTT-MON:2,3.0,0.6597141121233481
2241.630497871679,0.0012463067307786654,0.965300240509212,0.8217219180427491,0.8355738950893283,infeasible,-50.0,0,0,18,0,,0,0.0003407999756745994,,,
2241.630497871679,0.0012463067307786654,0.9411058582849801,0.5908475638832897,0.8355738950893283,infeasible,-50.0,0,0,18,0,,0,0.00023230002261698246,,,
2241.630497871679,0.0012463067307786654,0.9411058582849801,0.8217219180427491,0.7487887843744829,infeasible,-50.0,0,0,18,0,,0,0.00021840003319084644,,,
3622.9786690568976,0.003510894987106489,0.965300240509212,0.5908475638832897,0.7487887843744829,optimal,6.729460363762356,4,2,18,0,0.46415888336127825,125,0.022725799994077533,KAM-KEL:1;KAM-KEL:2;OTT-MON:1;OTT-MON:2,3.0,0.6148053912956232
52025.798336181084,0.02098258823156212,0.9715845911260694,0.5159084322862327,0.8707726455051452,optimal,17.266831189081337,7,3,18,0,0.23713737056616555,457,0.21842529997229576,CAL-EDM:1;CAL-EDM:2;CAL-EDM:3;KAM-KEL:1;KAM-KEL:2;OTT-MON:1;OTT-MON:2,3.3333333333333335,0.7290782764095628
34843.09212274106,0.02098258823156212,0.9715845911260694,0.5159084322862327,0.8707726455051452,optimal,15.531767575554703,7,3,18,0,0.23713737056616555,457,0.2145357999834232,CAL-EDM:1;CAL-EDM:2;CAL-EDM:3;KAM-KEL:1;KAM-KEL:2;OTT-MON:1;OTT-MON:2,3.3333333333333335,0.7290782764095628
52025.798336181084,0.03739026204348736,0.9715845911260694,0.5159084322862327,0.8707726455051452,optimal,17.266831189081337,7,3,18,0,0.23713737056616555,457,0.20507099997485057,CAL-EDM:1;CAL-EDM:2;CAL-EDM:3;KAM-KEL:1;KAM-KEL:2;OTT-MON:1;OTT-MON:2,3.3333333333333335,0.7290782764095628
52025.798336181084,0.02098258823156212,0.927910721514374,0.5159084322862327,0.8707726455051452,optimal,14.965755575681772,7,3,18,0,0.23713737056616555,368,0.1417723000049591,CAL-EDM:1;CAL-EDM:2;CAL-EDM:3;KAM-KEL:1;KAM-KEL:2;OTT-MON:1;OTT-MON:2,3.3333333333333335,0.6401502670879676
52025.798336181084,0.02098258823156212,0.9715845911260694,0.8692000656854362,0.8707726455051452,optimal,22.534843985791763,7,3,18,0,0.23713737056616555,457,0.2165546999895014,CAL-EDM:1;CAL-EDM:2;CAL-EDM:3;KAM-KEL:1;KAM-KEL:2;OTT-MON:1;OTT-MON:2,3.3333333333333335,0.7290782764095628
52025.798336181084,0.02098258823156212,0.9715845911260694,0.5159084322862327,0.9326920769233257,optimal,18.64229415464569,7,3,18,0,0.23713737056616555,633,0.37648779997834936,CAL-EDM:1;CAL-EDM:2;CAL-EDM:3;KAM-KEL:1;KAM-KEL:2;OTT-MON:1;OTT-MON:2,3.3333333333333335,0.8111723342421374
34843.09212274106,0.03739026204348736,0.927910721514374,0.8692000656854362,0.9326920769233257,optimal,20.34969844967854,7,3,18,0,0.23713737056616555,457,0.21445730002596974,CAL-EDM:1;CAL-EDM:2;CAL-EDM:3;KAM-KEL:1;KAM-KEL:2;OTT-MON:1;OTT-MON:2,3.3333333333333335,0.7065976481421186
76501.7099297069,0.007334898806552293,0.9272629015017301,0.8912779064383358,0.9323254160284996,optimal,23.96605461927037,7,3,18,0,0.23713737056616555,310,0.11439000000245869,CAL-EDM:1;CAL-EDM:2;CAL-EDM:3;KAM-KEL:1;KAM-KEL:2;OTT-MON:1;OTT-MON:2,3.3333333333333335,0.704750115744129
129806.08055771182,0.007334898806552293,0.9272629015017301,0.8912779064383358,0.9323254160284996,optimal,26.25443681711028,7,3,18,0,0.23713737056616555,310,0.10777030000463128,CAL-EDM:1;CAL-EDM:2;CAL-EDM:3;KAM-KEL:1;KAM-KEL:2;OTT-MON:1;OTT-MON:2,3.3333333333333335,0.704750115744129
76501.7099297069,0.0019928674232472326,0.9272629015017301,0.8912779064383358,0.9323254160284996,optimal,10.4025031346017,2,1,18,0,0.6072021956909884,77,0.018116399995051324,KAM-KEL:1;KAM-KEL:2,3.0,0.7300476865665544
76501.7099297069,0.007334898806552293,0.9583629593607038,0.8912779064383358,0.9323254160284996,optimal,25.325055967141243,7,3,18,0,0.23713737056616555,367,0.17449120001401752,CAL-EDM:1;CAL-EDM:2;CAL-EDM:3;KAM-KEL:1;KAM-KEL:2;OTT-MON:1;OTT-MON:2,3.3333333333333335,0.7773958225511471
76501.7099297069,0.007334898806552293,0.9272629015017301,0.7895676106214523,0.9323254160284996,optimal,22.742366876761547,7,3,18,0,0.23713737056616555,310,0.09576240001479164,CAL-EDM:1;CAL-EDM:2;CAL-EDM:3;KAM-KEL:1;KAM-KEL:2;OTT-MON:1;OTT-MON:2,3.3333333333333335,0.704750115744129
76501.7099297069,0.007334898806552293,0.9272629015017301,0.8912779064383358,0.8978369793826714,optimal,23.017359059706475,7,3,18,0,0.23713737056616555,302,0.0949784999829717,CAL-EDM:1;CAL-EDM:2;CAL-EDM:3;KAM-KEL:1;KAM-KEL:2;OTT-MON:1;OTT-MON:2,3.3333333333333335,0.6671067007693794
129806.08055771182,0.0019928674232472326,0.9583629593607038,0.7895676106214523,0.8978369793826714,optimal,10.988793982171309,2,1,18,0,0.6072021956909884,77,0.013035199954174459,KAM-KEL:1;KAM-KEL:2,3.0,0.7593777629286295
4483.476328054341,0.03909569199285899,0.9967416063025594,0.6698283163364976,0.7740648788008838,optimal,9.575406832646056,4,2,18,0,0.46415888336127825,368,0.1373094999580644,KAM-KEL:1;KAM-KEL:2;OTT-MON:1;OTT-MON:2,3.0,0.6935506785556176
13779.31201104728,0.03909569199285899,0.9967416063025594,0.6698283163364976,0.7740648788008838,optimal,12.815035175931929,4,2,18,0,0.46415888336127825,368,0.14580160001059994,KAM-KEL:1;KAM-KEL:2;OTT-MON:1;OTT-MON:2,3.0,0.6935506785556176
4483.476328054341,0.021608768656436676,0.9967416063025594,0.6698283163364976,0.7740648788008838,optimal,9.575406832646056,4,2,18,0,0.46415888336127825,368,0.14181360002839938,KAM-KEL:1;KAM-KEL:2;OTT-MON:1;OTT-MON:2,3.0,0.6935506785556176
4483.476328054341,0.03909569199285899,0.9933381884265691,0.6698283163364976,0.7740648788008838,optimal,9.483974204828812,4,2,18,0,0.46415888336127825,368,0.1439943999866955,KAM-KEL:1;KAM-KEL:2;OTT-MON:1;OTT-MON:2,3.0,0.6875135761209412
4483.476328054341,0.03909569199285899,0.9967416063025594,0.6214907025918365,0.7740648788008838,optimal,9.143172604974234,4,2,18,0,0.46415888336127825,368,0.13751639996189624,KAM-KEL:1;KAM-KEL:2;OTT-MON:1;OTT-MON:2,3.0,0.6935506785556176
4483.476328054341,0.03909569199285899,0.9967416063025594,0.6698283163364976,0.785912477625534,optimal,9.77248168921717,4,2,18,0,0.46415888336127825,368,0.13500009995186701,KAM-KEL:1;KAM-KEL:2;OTT-MON:1;OTT-MON:2,3.0,0.7072322869832857
13779.31201104728,0.021608768656436676,0.9933381884265691,0.6214907025918365,0.785912477625534,optimal,12.49189792870878,4,2,18,0,0.46415888336127825,368,0.12932790000922978,KAM-KEL:1;KAM-KEL:2;OTT-MON:1;OTT-MON:2,3.0,0.7010089662075216
6583.695905379615,0.0031614411970110764,0.921362635107711,0.5312026110477746,0.9710025824131444,optimal,10.166346263743147,4,2,18,0,0.46415888336127825,125,0.03657830000156537,KAM-KEL:1;KAM-KEL:2;OTT-MON:1;OTT-MON:2,3.0,0.7572122611379921
4560.210805522505,0.0031614411970110764,0.921362635107711,0.5312026110477746,0.9710025824131444,optimal,9.106751897762443,4,2,18,0,0.46415888336127825,125,0.037852699984796345,KAM-KEL:1;KAM-KEL:2;OTT-MON:1;OTT-MON:2,3.0,0.7572122611379921
6583.695905379615,0.004435189113963078,0.921362635107711,0.5312026110477746,0.9710025824131444,optimal,10.166346263743147,4,2,18,0,0.46415888336127825,173,0.05984539998462424,KAM-KEL:1;KAM-KEL:2;OTT-MON:1;OTT-MON:2,3.0,0.7572122611379921
6583.695905379615,0.0031614411970110764,0.9591708629615605,0.5312026110477746,0.9710025824131444,optimal,11.037114402203606,4,2,18,0,0.46415888336127825,125,0.032499800028745085,KAM-KEL:1;KAM-KEL:2;OTT-MON:1;OTT-MON:2,3.0,0.8478206254869289
6583.695905379615,0.0031614411970110764,0.921362635107711,0.5566547000780702,0.9710025824131444,optimal,10.436428043961051,4,2,18,0,0.46415888336127825,125,0.039051300031132996,KAM-KEL:1;KAM-KEL:2;OTT-MON:1;OTT-MON:2,3.0,0.7572122611379921
6583.695905379615,0.0031614411970110764,0.921362635107711,0.5312026110477746,0.8741351732658222,optimal,8.815639964766447,4,2,18,0,0.46415888336127825,125,0.033932399994228035,KAM-KEL:1;KAM-KEL:2;OTT-MON:1;OTT-MON:2,3.0,0.6610608963045014
4560.210805522505,0.004435189113963078,0.9591708629615605,0.5566547000780702,0.8741351732658222,optimal,9.110001940422798,4,2,18,0,0.46415888336127825,173,0.057227800018154085,KAM-KEL:1;KAM-KEL:2;OTT-MON:1;OTT-MON:2,3.0,0.7344927872812572
56449.985423612176,0.016239312534999873,0.9908208371028304,0.8090095364488661,0.7365086185289547,optimal,18.152662868985665,7,3,18,0,0.23713737056616555,311,0.11076250002952293,CAL-EDM:1;CAL-EDM:2;CAL-EDM:3;KAM-KEL:1;KAM-KEL:2;OTT-MON:1;OTT-MON:2,3.3333333333333335,0.6064637308985936
96824.86577546093,0.016239312534999873,0.9908208371028304,0.8090095364488661,0.7365086185289547,optimal,20.48787603248831,7,3,18,0,0.23713737056616555,311,0.10382509999908507,CAL-EDM:1;CAL-EDM:2;CAL-EDM:3;KAM-KEL:1;KAM-KEL:2;OTT-MON:1;OTT-MON:2,3.3333333333333335,0.6064637308985936
56449.985423612176,0.054546528612584154,0.9908208371028304,0.8090095364488661,0.7365086185289547,optimal,18.152662868985665,7,3,18,0,0.23713737056616555,311,0.11002540000481531,CAL-EDM:1;CAL-EDM:2;CAL-EDM:3;KAM-KEL:1;KAM-KEL:2;OTT-MON:1;OTT-MON:2,3.3333333333333335,0.6064637308985936
56449.985423612176,0.016239312534999873,0.9242136342898012,0.8090095364488661,0.7365086185289547,optimal,13.798832906500657,4,2,18,0,0.46415888336127825,231,0.07322510000085458,KAM-KEL:1;KAM-KEL:2;OTT-MON:1;OTT-MON:2,3.0,0.5455464398033683
56449.985423612176,0.016239312534999873,0.9908208371028304,0.8403357084840536,0.7365086185289547,optimal,18.536326436537728,7,3,18,0,0.23713737056616555,311,0.1120361999492161,CAL-EDM:1;CAL-EDM:2;CAL-EDM:3;KAM-KEL:1;KAM-KEL:2;OTT-MON:1;OTT-MON:2,3.3333333333333335,0.6064637308985936
56449.985423612176,0.016239312534999873,0.9908208371028304,0.8090095364488661,0.8426491758693009,optimal,22.26205368047024,7,3,18,0,0.23713737056616555,457,0.2078223999706097,CAL-EDM:1;CAL-EDM:2;CAL-EDM:3;KAM-KEL:1;KAM-KEL:2;OTT-MON:1;OTT-MON:2,3.3333333333333335,0.7345450634550814
96824.86577546093,0.054546528612584154,0.9242136342898012,0.8403357084840536,0.8426491758693009,optimal,21.052882079466436,7,3,18,0,0.23713737056616555,311,0.09745330002624542,CAL-EDM:1;CAL-EDM:2;CAL-EDM:3;KAM-KEL:1;KAM-KEL:2;OTT-MON:1;OTT-MON:2,3.3333333333333335,0.6055969694168336
36357.94484102877,0.005329640598753946,0.9464839679636061,0.7114999722223729,0.8159552128659561,optimal,15.695310084725064,7,3,18,0,0.23713737056616555,197,0.05928230000426993,CAL-EDM:1;CAL-EDM:2;CAL-EDM:3;KAM-KEL:1;KAM-KEL:2;OTT-MON:1;OTT-MON:2,3.3333333333333335,0.6175991038717703
25507.237150249908,0.005329640598753946,0.9464839679636061,0.7114999722223729,0.8159552128659561,optimal,14.202567805486312,4,2,18,0,0.46415888336127825,197,0.051160299975890666,KAM-KEL:1;KAM-KEL:2;OTT-MON:1;OTT-MON:2,3.0,0.6498927108963495
36357.94484102877,0.0024271835515885447,0.9464839679636061,0.7114999722223729,0.8159552128659561,optimal,15.225295830405372,4,2,18,0,0.46415888336127825,101,0.03451230004429817,KAM-KEL:1;KAM-KEL:2;OTT-MON:1;OTT-MON:2,3.0,0.6498927108963495
36357.94484102877,0.005329640598753946,0.9522328309733421,0.7114999722223729,0.8159552128659561,optimal,16.13363087065633,7,3,18,0,0.23713737056616555,197,0.06201110000256449,CAL-EDM:1;CAL-EDM:2;CAL-EDM:3;KAM-KEL:1;KAM-KEL:2;OTT-MON:1;OTT-MON:2,3.3333333333333335,0.6276315814614407
36357.94484102877,0.005329640598753946,0.9464839679636061,0.8220025714021175,0.8159552128659561,optimal,17.153264530568435,7,3,18,0,0.23713737056616555,197,0.0579200999927707,CAL-EDM:1;CAL-EDM:2;CAL-EDM:3;KAM-KEL:1;KAM-KEL:2;OTT-MON:1;OTT-MON:2,3.3333333333333335,0.6175991038717703
36357.94484102877,0.005329640598753946,0.9464839679636061,0.7114999722223729,0.736333084651269,optimal,13.25249934514563,4,2,18,0,0.46415888336127825,181,0.04516949999378994,KAM-KEL:1;KAM-KEL:2;OTT-MON:1;OTT-MON:2,3.0,0.5756562925610234
25507.237150249908,0.0024271835515885447,0.9522328309733421,0.8220025714021175,0.736333084651269,optimal,13.35742276988763,4,2,18,0,0.46415888336127825,101,0.02282099996227771,KAM-KEL:1;KAM-KEL:2;OTT-MON:1;OTT-MON:2,3.0,0.5837870565079035
2960.300469596607,0.0866675176420614,0.9769421422090382,0.8486724026035517,0.8915120969889685,optimal,10.93762968720408,4,2,18,0,0.46415888336127825,577,0.29817419999744743,KAM-KEL:1;KAM-KEL:2;OTT-MON:1;OTT-MON:2,3.0,0.7927895697215723
1226.4606617485963,0.0866675176420614,0.9769421422090382,0.8486724026035517,0.8915120969889685,optimal,8.395144375920903,4,2,18,0,0.46415888336127825,577,0.30132239998783916,KAM-KEL:1;KAM-KEL:2;OTT-MON:1;OTT-MON:2,3.0,0.7927895697215723
2960.300469596607,0.030392781288115397,0.9769421422090382,0.8486724026035517,0.8915120969889685,optimal,10.93762968720408,4,2,18,0,0.46415888336127825,577,0.31185860000550747,KAM-KEL:1;KAM-KEL:2;OTT-MON:1;OTT-MON:2,3.0,0.7927895697215723
2960.300469596607,0.0866675176420614,0.9896424378361552,0.8486724026035517,0.8915120969889685,optimal,11.209678300370761,4,2,18,0,0.46415888336127825,601,0.3322766000055708,KAM-KEL:1;KAM-KEL:2;OTT-MON:1;OTT-MON:2,3.0,0.8217384741679957
2960.300469596607,0.0866675176420614,0.9769421422090382,0.6521129896398634,0.8915120969889685,optimal,9.417286460413614,4,2,18,0,0.46415888336127825,577,0.3069613999687135,KAM-KEL:1;KAM-KEL:2;OTT-MON:1;OTT-MON:2,3.0,0.7927895697215723
2960.300469596607,0.0866675176420614,0.9769421422090382,0.8486724026035517,0.9827373772840946,optimal,12.355544690363775,7,3,18,0,0.23713737056616555,809,0.6412481999723241,CAL-EDM:1;CAL-EDM:2;CAL-EDM:3;KAM-KEL:1;KAM-KEL:2;OTT-MON:1;OTT-MON:2,3.3333333333333335,0.8991187961638127
1226.4606617485963,0.030392781288115397,0.9896424378361552,0.6521129896398634,0.9827373772840946,optimal,8.080951304061237,4,2,18,0,0.46415888336127825,809,0.6668122000410222,KAM-KEL:1;KAM-KEL:2;OTT-MON:1;OTT-MON:2,3.0,0.9447329317041153
1358.6363788806548,0.007621202613711711,0.9798806434199214,0.9360013172961771,0.8809040848594158,optimal,9.192025628176818,4,2,18,0,0.46415888336127825,326,0.13210330001311377,KAM-KEL:1;KAM-KEL:2;OTT-MON:1;OTT-MON:2,3.0,0.78640184087102
8018.232799726708,0.007621202613711711,0.9798806434199214,0.9360013172961771,0.8809040848594158,optimal,15.775237485626725,7,3,18,0,0.23713737056616555,326,0.1277488000341691,CAL-EDM:1;CAL-EDM:2;CAL-EDM:3;KAM-KEL:1;KAM-KEL:2;OTT-MON:1;OTT-MON:2,3.3333333333333335,0.7608821872056529
1358.6363788806548,0.0017674598478911478,0.9798806434199214,0.9360013172961771,0.8809040848594158,infeasible,-50.0,0,0,18,0,,0,0.0004605000140145421,,,
1358.6363788806548,0.007621202613711711,0.942639611331746,0.9360013172961771,0.8809040848594158,optimal,8.274831277474991,4,2,18,0,0.46415888336127825,302,0.08754150004824623,KAM-KEL:1;KAM-KEL:2;OTT-MON:1;OTT-MON:2,3.0,0.7084127573258832
1358.6363788806548,0.007621202613711711,0.9798806434199214,0.7642663715407252,0.8809040848594158,optimal,8.022285594433582,4,2,18,0,0.46415888336127825,326,0.11747110000578687,KAM-KEL:1;KAM-KEL:2;OTT-MON:1;OTT-MON:2,3.0,0.78640184087102
1358.6363788806548,0.007621202613711711,0.9798806434199214,0.9360013172961771,0.8042033534264191,optimal,8.113198309185513,4,2,18,0,0.46415888336127825,302,0.09760380000807345,KAM-KEL:1;KAM-KEL:2;OTT-MON:1;OTT-MON:2,3.0,0.6970589269242884
8018.232799726708,0.0017674598478911478,0.942639611331746,0.7642663715407252,0.8042033534264191,infeasible,-50.0,0,0,18,0,,0,0.0004212000058032572,,,
22825.620397773084,0.04690322208531862,0.9323409100789577,0.6230724205262959,0.8255913467220962,optimal,12.81334169040287,4,2,18,0,0.46415888336127825,311,0.1251928000128828,KAM-KEL:1;KAM-KEL:2;OTT-MON:1;OTT-MON:2,3.0,0.6349567765283382
147272.94588347126,0.04690322208531862,0.9323409100789577,0.6230724205262959,0.8255913467220962,optimal,19.669197590740147,7,3,18,0,0.23713737056616555,311,0.1113797000143677,CAL-EDM:1;CAL-EDM:2;CAL-EDM:3;KAM-KEL:1;KAM-KEL:2;OTT-MON:1;OTT-MON:2,3.3333333333333335,0.6030198642648883
22825.620397773084,0.014115504901160623,0.9323409100789577,0.6230724205262959,0.8255913467220962,optimal,12.81334169040287,4,2,18,0,0.46415888336127825,311,0.11326319997897372,KAM-KEL:1;KAM-KEL:2;OTT-MON:1;OTT-MON:2,3.0,0.6349567765283382
22825.620397773084,0.04690322208531862,0.9806592408809811,0.6230724205262959,0.8255913467220962,optimal,14.778031625107996,7,3,18,0,0.23713737056616555,368,0.15622279996750876,CAL-EDM:1;CAL-EDM:2;CAL-EDM:3;KAM-KEL:1;KAM-KEL:2;OTT-MON:1;OTT-MON:2,3.3333333333333335,0.691830604014822
22825.620397773084,0.04690322208531862,0.9323409100789577,0.7108318947255612,0.8255913467220962,optimal,13.573775916792854,4,2,18,0,0.46415888336127825,311,0.10061790002509952,KAM-KEL:1;KAM-KEL:2;OTT-MON:1;OTT-MON:2,3.0,0.6349567765283382
22825.620397773084,0.04690322208531862,0.9323409100789577,0.6230724205262959,0.9075797970630228,optimal,14.723102153283381,7,3,18,0,0.23713737056616555,457,0.20527430000947788,CAL-EDM:1;CAL-EDM:2;CAL-EDM:3;KAM-KEL:1;KAM-KEL:2;OTT-MON:1;OTT-MON:2,3.3333333333333335,0.6881844128576651
147272.94588347126,0.014115504901160623,0.9806592408809811,0.7108318947255612,0.9075797970630228,optimal,26.205762801649108,7,3,18,0,0.23713737056616555,569,0.31194839999079704,CAL-EDM:1;CAL-EDM:2;CAL-EDM:3;KAM-KEL:1;KAM-KEL:2;OTT-MON:1;OTT-MON:2,3.3333333333333335,0.7991514991546421
170798.20241498275,0.0013853294853654894,0.965735360911116,0.7559304996859282,0.761835757246241,infeasible,-50.0,0,0,18,0,,0,0.0003019000287167728,,,
39583.18836837178,0.0013853294853654894,0.965735360911116,0.7559304996859282,0.761835757246241,infeasible,-50.0,0,0,18,0,,0,0.00019649998284876347,,,
170798.20241498275,0.009334641758969205,0.965735360911116,0.7559304996859282,0.761835757246241,optimal,21.472928870034412,7,3,18,0,0.23713737056616555,303,0.09718689997680485,CAL-EDM:1;CAL-EDM:2;CAL-EDM:3;KAM-KEL:1;KAM-KEL:2;OTT-MON:1;OTT-MON:2,3.3333333333333335,0.593895365762867
170798.20241498275,0.0013853294853654894,0.9696739797443151,0.7559304996859282,0.761835757246241,infeasible,-50.0,0,0,18,0,,0,0.0003749000024981797,,,
170798.20241498275,0.0013853294853654894,0.965735360911116,0.5022204897832125,0.761835757246241,infeasible,-50.0,0,0,18,0,,0,0.0002400000230409205,,,
170798.20241498275,0.0013853294853654894,0.965735360911116,0.7559304996859282,0.944388174678199,infeasible,-50.0,0,0,18,0,,0,0.0002182999742217362,,,
39583.18836837178,0.009334641758969205,0.9696739797443151,0.5022204897832125,0.944388174678199,optimal,17.34645149290679,7,3,18,0,0.23713737056616555,441,0.20299269998213276,CAL-EDM:1;CAL-EDM:2;CAL-EDM:3;KAM-KEL:1;KAM-KEL:2;OTT-MON:1;OTT-MON:2,3.3333333333333335,0.8225198093800904
7551.95995176932,0.026929467500190738,0.9571956367231905,0.5836224723141641,0.944685920033604,optimal,11.654552980987404,4,2,18,0,0.46415888336127825,601,0.31951260002097115,KAM-KEL:1;KAM-KEL:2;OTT-MON:1;OTT-MON:2,3.0,0.811139803461098
2110.9323105200574,0.026929467500190738,0.9571956367231905,0.5836224723141641,0.944685920033604,optimal,7.9766113883340575,4,2,18,0,0.46415888336127825,601,0.33583870000438765,KAM-KEL:1;KAM-KEL:2;OTT-MON:1;OTT-MON:2,3.0,0.811139803461098
7551.95995176932,0.07590289399223694,0.9571956367231905,0.5836224723141641,0.944685920033604,optimal,11.654552980987404,4,2,18,0,0.46415888336127825,601,0.3671786999912001,KAM-KEL:1;KAM-KEL:2;OTT-MON:1;OTT-MON:2,3.0,0.811139803461098
7551.95995176932,0.026929467500190738,0.9341150579415262,0.5836224723141641,0.944685920033604,optimal,11.113856451825926,4,2,18,0,0.46415888336127825,505,0.2486728999647312,KAM-KEL:1;KAM-KEL:2;OTT-MON:1;OTT-MON:2,3.0,0.7579720388819282
7551.95995176932,0.026929467500190738,0.9571956367231905,0.8953252994921058,0.944685920033604,optimal,15.55802570796223,7,3,18,0,0.23713737056616555,601,0.3421548999613151,CAL-EDM:1;CAL-EDM:2;CAL-EDM:3;KAM-KEL:1;KAM-KEL:2;OTT-MON:1;OTT-MON:2,3.3333333333333335,0.7907087682398645
7551.95995176932,0.026929467500190738,0.9571956367231905,0.5836224723141641,0.7695935031622648,optimal,8.962822225488667,4,2,18,0,0.46415888336127825,311,0.10645660001318902,KAM-KEL:1;KAM-KEL:2;OTT-MON:1;OTT-MON:2,3.0,0.6224079780357854
2110.9323105200574,0.07590289399223694,0.9341150579415262,0.8953252994921058,0.7695935031622648,optimal,6.7732252468165335,4,2,18,0,0.46415888336127825,231,0.058223599975463,KAM-KEL:1;KAM-KEL:2;OTT-MON:1;OTT-MON:2,3.0,0.5871224759532656
8098.447514130521,0.009142112075418658,0.9354699054118246,0.676412423653528,0.8521009601028636,optimal,10.890379230383445,4,2,18,0,0.46415888336127825,327,0.12787710002157837,KAM-KEL:1;KAM-KEL:2;OTT-MON:1;OTT-MON:2,3.0,0.6657428222220011
1315.9155728602889,0.009142112075418658,0.9354699054118246,0.676412423653528,0.8521009601028636,optimal,5.647222357309063,4,2,18,0,0.46415888336127825,327,0.10830660001374781,KAM-KEL:1;KAM-KEL:2;OTT-MON:1;OTT-MON:2,3.0,0.6657428222220011
8098.447514130521,0.007019976056640551,0.9354699054118246,0.676412423653528,0.8521009601028636,optimal,10.890379230383445,4,2,18,0,0.46415888336127825,302,0.09805339999729767,KAM-KEL:1;KAM-KEL:2;OTT-MON:1;OTT-MON:2,3.0,0.6657428222220011
8098.447514130521,0.009142112075418658,0.9228721891921013,0.676412423653528,0.8521009601028636,optimal,10.469348560776133,4,2,18,0,0.46415888336127825,303,0.11005610000574961,KAM-KEL:1;KAM-KEL:2;OTT-MON:1;OTT-MON:2,3.0,0.643239665874416
8098.447514130521,0.009142112075418658,0.9354699054118246,0.6726547598838806,0.8521009601028636,optimal,10.858231524343267,4,2,18,0,0.46415888336127825,327,0.11331460002111271,KAM-KEL:1;KAM-KEL:2;OTT-MON:1;OTT-MON:2,3.0,0.6657428222220011
8098.447514130521,0.009142112075418658,0.9354699054118246,0.676412423653528,0.9279331348510459,optimal,11.994791260476624,4,2,18,0,0.46415888336127825,385,0.15264589997241274,KAM-KEL:1;KAM-KEL:2;OTT-MON:1;OTT-MON:2,3.0,0.7430330313784967
1315.9155728602889,0.007019976056640551,0.9228721891921013,0.6726547598838806,0.9279331348510459,optimal,6.3838673256108684,4,2,18,0,0.46415888336127825,310,0.10148379998281598,KAM-KEL:1;KAM-KEL:2;OTT-MON:1;OTT-MON:2,3.0,0.7163463424049233
187956.4285430593,0.05429386222042625,0.9878846483416855,0.8837599779944867,0.8553666020734235,optimal,28.560319499782494,7,3,18,0,0.23713737056616555,505,0.24497619998874143,CAL-EDM:1;CAL-EDM:2;CAL-EDM:3;KAM-KEL:1;KAM-KEL:2;OTT-MON:1;OTT-MON:2,3.3333333333333335,0.7449728735402887
23665.340518702476,0.05429386222042625,0.9878846483416855,0.8837599779944867,0.8553666020734235,optimal,19.591667479108946,7,3,18,0,0.23713737056616555,505,0.23820610000984743,CAL-EDM:1;CAL-EDM:2;CAL-EDM:3;KAM-KEL:1;KAM-KEL:2;OTT-MON:1;OTT-MON:2,3.3333333333333335,0.7449728735402887
187956.4285430593,0.05708162558746681,0.9878846483416855,0.8837599779944867,0.8553666020734235,optimal,28.560319499782494,7,3,18,0,0.23713737056616555,505,0.25546509999549016,CAL-EDM:1;CAL-EDM:2;CAL-EDM:3;KAM-KEL:1;KAM-KEL:2;OTT-MON:1;OTT-MON:2,3.3333333333333335,0.7449728735402887
187956.4285430593,0.05429386222042625,0.9602840802464634,0.8837599779944867,0.8553666020734235,optimal,27.31747934302146,7,3,18,0,0.23713737056616555,368,0.14252019999548793,CAL-EDM:1;CAL-EDM:2;CAL-EDM:3;KAM-KEL:1;KAM-KEL:2;OTT-MON:1;OTT-MON:2,3.3333333333333335,0.6865905574728192
187956.4285430593,0.05429386222042625,0.9878846483416855,0.7313628083094954,0.8553666020734235,optimal,26.648848155952034,7,3,18,0,0.23713737056616555,505,0.2515611000126228,CAL-EDM:1;CAL-EDM:2;CAL-EDM:3;KAM-KEL:1;KAM-KEL:2;OTT-MON:1;OTT-MON:2,3.3333333333333335,0.7449728735402887
187956.4285430593,0.05429386222042625,0.9878846483416855,0.8837599779944867,0.7530155721399933,optimal,25.008438446662584,7,3,18,0,0.23713737056616555,311,0.11320290004368871,CAL-EDM:1;CAL-EDM:2;CAL-EDM:3;KAM-KEL:1;KAM-KEL:2;OTT-MON:1;OTT-MON:2,3.3333333333333335,0.6200113663411375
23665.340518702476,0.05708162558746681,0.9602840802464634,0.7313628083094954,0.7530155721399933,optimal,13.284384537296702,4,2,18,0,0.46415888336127825,311,0.11412720003863797,KAM-KEL:1;KAM-KEL:2;OTT-MON:1;OTT-MON:2,3.0,0.6112281862486835
21175.12540207511,0.0015958752517534795,0.9493535063341261,0.5242399820126593,0.934839429278858,infeasible,-50.0,0,0,18,0,,0,0.0004427999956533313,,,
88162.95060810265,0.0015958752517534795,0.9493535063341261,0.5242399820126593,0.934839429278858,infeasible,-50.0,0,0,18,0,,0,0.00029280001763254404,,,
21175.12540207511,0.0013291914170051966,0.9493535063341261,0.5242399820126593,0.934839429278858,infeasible,-50.0,0,0,18,0,,0,0.00022410001838579774,,,
21175.12540207511,0.0015958752517534795,0.9882982286661863,0.5242399820126593,0.934839429278858,infeasible,-50.0,0,0,18,0,,0,0.00027739995857700706,,,
21175.12540207511,0.0015958752517534795,0.9493535063341261,0.9309754581656307,0.934839429278858,infeasible,-50.0,0,0,18,0,,0,0.00026980001712217927,,,
21175.12540207511,0.0015958752517534795,0.9493535063341261,0.5242399820126593,0.7900954689243809,infeasible,-50.0,0,0,18,0,,0,0.00029520003590732813,,,
88162.95060810265,0.0013291914170051966,0.9882982286661863,0.9309754581656307,0.7900954689243809,infeasible,-50.0,0,0,18,0,,0,0.00022680003894492984,,,
1240.9843391322047,0.029936205085561322,0.9627682215142995,0.8159721386618912,0.7726720325378701,optimal,5.954358233309927,4,2,18,0,0.46415888336127825,311,0.07454459997825325,KAM-KEL:1;KAM-KEL:2;OTT-MON:1;OTT-MON:2,3.0,0.6343375743476406
5004.892716769623,0.029936205085561322,0.9627682215142995,0.8159721386618912,0.7726720325378701,optimal,9.978066703456896,4,2,18,0,0.46415888336127825,311,0.10224730003392324,KAM-KEL:1;KAM-KEL:2;OTT-MON:1;OTT-MON:2,3.0,0.6343375743476406
1240.9843391322047,0.01061535264469405,0.9627682215142995,0.8159721386618912,0.7726720325378701,optimal,5.954358233309927,4,2,18,0,0.46415888336127825,311,0.0957300000009127,KAM-KEL:1;KAM-KEL:2;OTT-MON:1;OTT-MON:2,3.0,0.6343375743476406
1240.9843391322047,0.029936205085561322,0.9533482355438173,0.8159721386618912,0.7726720325378701,optimal,5.61181557930132,4,2,18,0,0.46415888336127825,311,0.077673300052993,KAM-KEL:1;KAM-KEL:2;OTT-MON:1;OTT-MON:2,3.0,0.6192997944556624
1240.9843391322047,0.029936205085561322,0.9627682215142995,0.5361129164230078,0.7726720325378701,optimal,3.530426240148974,4,2,18,0,0.46415888336127825,311,0.10154840000905097,KAM-KEL:1;KAM-KEL:2;OTT-MON:1;OTT-MON:2,3.0,0.6343375743476406
1240.9843391322047,0.029936205085561322,0.9627682215142995,0.8159721386618912,0.8930692910607905,optimal,7.89762106923416,4,2,18,0,0.46415888336127825,505,0.22852140001486987,KAM-KEL:1;KAM-KEL:2;OTT-MON:1;OTT-MON:2,3.0,0.7634436311350189
5004.892716769623,0.01061535264469405,0.9533482355438173,0.5361129164230078,0.8930692910607905,optimal,9.2685264774219,4,2,18,0,0.46415888336127825,393,0.14745499996934086,KAM-KEL:1;KAM-KEL:2;OTT-MON:1;OTT-MON:2,3.0,0.7433543845266126
2746.355586705159,0.0025528754389467266,0.9937974843271077,0.7488580677192658,0.7262498683463782,optimal,7.7833280553049295,4,2,18,0,0.46415888336127825,101,0.014832000015303493,KAM-KEL:1;KAM-KEL:2;OTT-MON:1;OTT-MON:2,3.0,0.6358457509398554
1960.4012756891416,0.0025528754389467266,0.9937974843271077,0.7488580677192658,0.7262498683463782,optimal,6.810589173160871,4,2,18,0,0.46415888336127825,101,0.012905999959912151,KAM-KEL:1;KAM-KEL:2;OTT-MON:1;OTT-MON:2,3.0,0.6358457509398554
2746.355586705159,0.001817136129219045,0.9937974843271077,0.7488580677192658,0.7262498683463782,infeasible,-50.0,0,0,18,0,,0,0.0002742999931797385,,,
2746.355586705159,0.0025528754389467266,0.9796227905638516,0.7488580677192658,0.7262498683463782,optimal,7.282616996712187,4,2,18,0,0.46415888336127825,101,0.011084900004789233,KAM-KEL:1;KAM-KEL:2;OTT-MON:1;OTT-MON:2,3.0,0.6142040577471515
2746.355586705159,0.0025528754389467266,0.9937974843271077,0.8732383999973535,0.7262498683463782,optimal,8.670061114812135,4,2,18,0,0.46415888336127825,101,0.02709829999366775,KAM-KEL:1;KAM-KEL:2;OTT-MON:1;OTT-MON:2,3.0,0.6358457509398554
2746.355586705159,0.0025528754389467266,0.9937974843271077,0.7488580677192658,0.7145347839435562,optimal,7.508365710210146,4,2,18,0,0.46415888336127825,101,0.017998999974224716,KAM-KEL:1;KAM-KEL:2;OTT-MON:1;OTT-MON:2,3.0,0.6234980505181451
1960.4012756891416,0.001817136129219045,0.9796227905638516,0.8732383999973535,0.7145347839435562,infeasible,-50.0,0,0,18,0,,0,0.0004301000153645873,,,
33210.847684719796,0.0135986004947921,0.9292142913397402,0.5906948774587363,0.9802715480588376,optimal,17.368187854106786,7,3,18,0,0.23713737056616555,569,0.3122539999894798,CAL-EDM:1;CAL-EDM:2;CAL-EDM:3;KAM-KEL:1;KAM-KEL:2;OTT-MON:1;OTT-MON:2,3.3333333333333335,0.7652635747434818
42484.021539495174,0.0135986004947921,0.9292142913397402,0.5906948774587363,0.9802715480588376,optimal,18.433985227252663,7,3,18,0,0.23713737056616555,569,0.295508700015489,CAL-EDM:1;CAL-EDM:2;CAL-EDM:3;KAM-KEL:1;KAM-KEL:2;OTT-MON:1;OTT-MON:2,3.3333333333333335,0.7652635747434818
33210.847684719796,0.022753872753987877,0.9292142913397402,0.5906948774587363,0.9802715480588376,optimal,17.368187854106786,7,3,18,0,0.23713737056616555,601,0.3586589999613352,CAL-EDM:1;CAL-EDM:2;CAL-EDM:3;KAM-KEL:1;KAM-KEL:2;OTT-MON:1;OTT-MON:2,3.3333333333333335,0.7652635747434818
33210.847684719796,0.0135986004947921,0.9440566332116723,0.5906948774587363,0.9802715480588376,optimal,17.961519620538414,7,3,18,0,0.23713737056616555,601,0.3373171999701299,CAL-EDM:1;CAL-EDM:2;CAL-EDM:3;KAM-KEL:1;KAM-KEL:2;OTT-MON:1;OTT-MON:2,3.3333333333333335,0.8034794169804309
33210.847684719796,0.0135986004947921,0.9292142913397402,0.5948309632018208,0.9802715480588376,optimal,17.438654377521594,7,3,18,0,0.23713737056616555,569,0.2999540999880992,CAL-EDM:1;CAL-EDM:2;CAL-EDM:3;KAM-KEL:1;KAM-KEL:2;OTT-MON:1;OTT-MON:2,3.3333333333333335,0.7652635747434818
33210.847684719796,0.0135986004947921,0.9292142913397402,0.5906948774587363,0.9613427928946912,optimal,16.969076606825592,7,3,18,0,0.23713737056616555,553,0.282482800015714,CAL-EDM:1;CAL-EDM:2;CAL-EDM:3;KAM-KEL:1;KAM-KEL:2;OTT-MON:1;OTT-MON:2,3.3333333333333335,0.7426148057972423
42484.021539495174,0.022753872753987877,0.9440566332116723,0.5948309632018208,0.9613427928946912,optimal,18.72673848609304,7,3,18,0,0.23713737056616555,601,0.32804829999804497,CAL-EDM:1;CAL-EDM:2;CAL-EDM:3;KAM-KEL:1;KAM-KEL:2;OTT-MON:1;OTT-MON:2,3.3333333333333335,0.7791033400381019
60532.46438378047,0.004772712445003009,0.9689476730097085,0.9008038585074245,0.9165071059521288,optimal,24.497000290793398,7,3,18,0,0.23713737056616555,197,0.06532130000414327,CAL-EDM:1;CAL-EDM:2;CAL-EDM:3;KAM-KEL:1;KAM-KEL:2;OTT-MON:1;OTT-MON:2,3.3333333333333335,0.7824700144337213
161477.30630010462,0.004772712445003009,0.9689476730097085,0.9008038585074245,0.9165071059521288,optimal,28.743651591726206,7,3,18,0,0.23713737056616555,197,0.06683750002412125,CAL-EDM:1;CAL-EDM:2;CAL-EDM:3;KAM-KEL:1;KAM-KEL:2;OTT-MON:1;OTT-MON:2,3.3333333333333335,0.7824700144337213
60532.46438378047,0.0033204503965185753,0.9689476730097085,0.9008038585074245,0.9165071059521288,optimal,24.497000290793398,7,3,18,0,0.23713737056616555,125,0.03473519999533892,CAL-EDM:1;CAL-EDM:2;CAL-EDM:3;KAM-KEL:1;KAM-KEL:2;OTT-MON:1;OTT-MON:2,3.3333333333333335,0.7824700144337213
60532.46438378047,0.004772712445003009,0.9330764203388244,0.9008038585074245,0.9165071059521288,optimal,22.94236818836344,7,3,18,0,0.23713737056616555,197,0.06800110003678128,CAL-EDM:1;CAL-EDM:2;CAL-EDM:3;KAM-KEL:1;KAM-KEL:2;OTT-MON:1;OTT-MON:2,3.3333333333333335,0.699724800994526
60532.46438378047,0.004772712445003009,0.9689476730097085,0.6182214078959077,0.9165071059521288,optimal,20.695374532224264,7,3,18,0,0.23713737056616555,197,0.058220300008542836,CAL-EDM:1;CAL-EDM:2;CAL-EDM:3;KAM-KEL:1;KAM-KEL:2;OTT-MON:1;OTT-MON:2,3.3333333333333335,0.7824700144337213
60532.46438378047,0.004772712445003009,0.9689476730097085,0.9008038585074245,0.8547551910607144,optimal,23.009302685276577,7,3,18,0,0.23713737056616555,197,0.05838430003495887,CAL-EDM:1;CAL-EDM:2;CAL-EDM:3;KAM-KEL:1;KAM-KEL:2;OTT-MON:1;OTT-MON:2,3.3333333333333335,0.7036103628513058
161477.30630010462,0.0033204503965185753,0.9330764203388244,0.6182214078959077,0.8547551910607144,optimal,21.435161403331644,7,3,18,0,0.23713737056616555,125,0.028452200000174344,CAL-EDM:1;CAL-EDM:2;CAL-EDM:3;KAM-KEL:1;KAM-KEL:2;OTT-MON:1;OTT-MON:2,3.3333333333333335,0.6334030103349902
7244.7946310613315,0.08048294394030374,0.9433644891753793,0.6582699061371386,0.7899880733080208,optimal,9.476192345413683,4,2,18,0,0.46415888336127825,311,0.0995958999847062,KAM-KEL:1;KAM-KEL:2;OTT-MON:1;OTT-MON:2,3.0,0.6198310144089184
7298.564166569395,0.08048294394030374,0.9433644891753793,0.6582699061371386,0.7899880733080208,optimal,9.49752810333991,4,2,18,0,0.46415888336127825,311,0.1079293999937363,KAM-KEL:1;KAM-KEL:2;OTT-MON:1;OTT-MON:2,3.0,0.6198310144089184
7244.7946310613315,0.040836827298248585,0.9433644891753793,0.6582699061371386,0.7899880733080208,optimal,9.476192345413683,4,2,18,0,0.46415888336127825,311,0.11329549999209121,KAM-KEL:1;KAM-KEL:2;OTT-MON:1;OTT-MON:2,3.0,0.6198310144089184
7244.7946310613315,0.08048294394030374,0.9710937656965107,0.6582699061371386,0.7899880733080208,optimal,10.41656335789643,4,2,18,0,0.46415888336127825,311,0.10403600003337488,KAM-KEL:1;KAM-KEL:2;OTT-MON:1;OTT-MON:2,3.0,0.6660004161116779
7244.7946310613315,0.08048294394030374,0.9433644891753793,0.7863532576244324,0.7899880733080208,optimal,10.502185639263185,4,2,18,0,0.46415888336127825,311,0.10840460000326857,KAM-KEL:1;KAM-KEL:2;OTT-MON:1;OTT-MON:2,3.0,0.6198310144089184
7244.7946310613315,0.08048294394030374,0.9433644891753793,0.6582699061371386,0.8233909900411963,optimal,10.157909732173973,4,2,18,0,0.46415888336127825,311,0.11140019999584183,KAM-KEL:1;KAM-KEL:2;OTT-MON:1;OTT-MON:2,3.0,0.651767201747107
7298.564166569395,0.040836827298248585,0.9710937656965107,0.7863532576244324,0.8233909900411963,optimal,12.029136209565397,4,2,18,0,0.46415888336127825,368,0.16217319999122992,KAM-KEL:1;KAM-KEL:2;OTT-MON:1;OTT-MON:2,3.0,0.701923490986673
4908.3962179285245,0.0011516038965856512,0.9745493411440402,0.5761663386132568,0.8789511707043275,infeasible,-50.0,0,0,18,0,,0,0.00040250003803521395,,,
6165.960711023933,0.0011516038965856512,0.9745493411440402,0.5761663386132568,0.8789511707043275,infeasible,-50.0,0,0,18,0,,0,0.0002525000018067658,,,
4908.3962179285245,0.0026501775665677733,0.9745493411440402,0.5761663386132568,0.8789511707043275,optimal,9.95357952542033,4,2,18,0,0.46415888336127825,101,0.03179510001791641,KAM-KEL:1;KAM-KEL:2;OTT-MON:1;OTT-MON:2,3.0,0.7724092626801173
4908.3962179285245,0.0011516038965856512,0.9856764379069209,0.5761663386132568,0.8789511707043275,infeasible,-50.0,0,0,18,0,,0,0.00030179996974766254,,,
4908.3962179285245,0.0011516038965856512,0.9745493411440402,0.8511272005271167,0.8789511707043275,infeasible,-50.0,0,0,18,0,,0,0.00015349994646385312,,,
4908.3962179285245,0.0011516038965856512,0.9745493411440402,0.5761663386132568,0.912895439713262,infeasible,-50.0,0,0,18,0,,0,0.00015170004917308688,,,
6165.960711023933,0.0026501775665677733,0.9856764379069209,0.8511272005271167,0.912895439713262,optimal,13.501973742712131,4,2,18,0,0.46415888336127825,101,0.025088499998673797,KAM-KEL:1;KAM-KEL:2;OTT-MON:1;OTT-MON:2,3.0,0.8399022990136202
82463.61949605473,0.018714984183611397,0.9489456173107028,0.7625626688357443,0.8286652910122647,optimal,20.688497835046512,7,3,18,0,0.23713737056616555,311,0.11258449999149889,CAL-EDM:1;CAL-EDM:2;CAL-EDM:3;KAM-KEL:1;KAM-KEL:2;OTT-MON:1;OTT-MON:2,3.3333333333333335,0.6351926577309999
55752.76316519729,0.018714984183611397,0.9489456173107028,0.7625626688357443,0.8286652910122647,optimal,18.99435440357222,7,3,18,0,0.23713737056616555,311,0.09284679999109358,CAL-EDM:1;CAL-EDM:2;CAL-EDM:3;KAM-KEL:1;KAM-KEL:2;OTT-MON:1;OTT-MON:2,3.3333333333333335,0.6351926577309999
82463.61949605473,0.02873602035873659,0.9489456173107028,0.7625626688357443,0.8286652910122647,optimal,20.688497835046512,7,3,18,0,0.23713737056616555,311,0.11145440000109375,CAL-EDM:1;CAL-EDM:2;CAL-EDM:3;KAM-KEL:1;KAM-KEL:2;OTT-MON:1;OTT-MON:2,3.3333333333333335,0.6351926577309999
82463.61949605473,0.018714984183611397,0.9476770975925028,0.7625626688357443,0.8286652910122647,optimal,20.601514521518006,7,3,18,0,0.23713737056616555,311,0.10837880003964528,CAL-EDM:1;CAL-EDM:2;CAL-EDM:3;KAM-KEL:1;KAM-KEL:2;OTT-MON:1;OTT-MON:2,3.3333333333333335,0.6329055141363961
82463.61949605473,0.018714984183611397,0.9489456173107028,0.5675011271145195,0.8286652910122647,optimal,17.704869298450255,7,3,18,0,0.23713737056616555,311,0.0990425999625586,CAL-EDM:1;CAL-EDM:2;CAL-EDM:3;KAM-KEL:1;KAM-KEL:2;OTT-MON:1;OTT-MON:2,3.3333333333333335,0.6351926577309999
82463.61949605473,0.018714984183611397,0.9489456173107028,0.7625626688357443,0.800532191734761,optimal,19.323885656549315,7,3,18,0,0.23713737056616555,311,0.09999840002274141,CAL-EDM:1;CAL-EDM:2;CAL-EDM:3;KAM-KEL:1;KAM-KEL:2;OTT-MON:1;OTT-MON:2,3.3333333333333335,0.6060824045981178
55752.76316519729,0.02873602035873659,0.9476770975925028,0.5675011271145195,0.800532191734761,optimal,14.892259029605768,4,2,18,0,0.46415888336127825,311,0.09625849995063618,KAM-KEL:1;KAM-KEL:2;OTT-MON:1;OTT-MON:2,3.0,0.6368997733043257
47275.569870485066,0.006166741348072807,0.9887399913407862,0.6173707096837461,0.7469897817065939,optimal,15.16471349983487,4,2,18,0,0.46415888336127825,253,0.07818459998816252,KAM-KEL:1;KAM-KEL:2;OTT-MON:1;OTT-MON:2,3.0,0.6499278286374605
14984.782402111263,0.006166741348072807,0.9887399913407862,0.6173707096837461,0.7469897817065939,optimal,11.849520070639922,4,2,18,0,0.46415888336127825,253,0.08465350000187755,KAM-KEL:1;KAM-KEL:2;OTT-MON:1;OTT-MON:2,3.0,0.6499278286374605
47275.569870485066,0.004668898244147094,0.9887399913407862,0.6173707096837461,0.7469897817065939,optimal,15.16471349983487,4,2,18,0,0.46415888336127825,173,0.043713899969588965,KAM-KEL:1;KAM-KEL:2;OTT-MON:1;OTT-MON:2,3.0,0.6499278286374605
47275.569870485066,0.006166741348072807,0.9391287449952215,0.6173707096837461,0.7469897817065939,optimal,13.15238830017362,4,2,18,0,0.46415888336127825,205,0.05187539994949475,KAM-KEL:1;KAM-KEL:2;OTT-MON:1;OTT-MON:2,3.0,0.5746443822502517
47275.569870485066,0.006166741348072807,0.9887399913407862,0.6420905439183116,0.7469897817065939,optimal,15.535435893400024,7,3,18,0,0.23713737056616555,253,0.08586059999652207,CAL-EDM:1;CAL-EDM:2;CAL-EDM:3;KAM-KEL:1;KAM-KEL:2;OTT-MON:1;OTT-MON:2,3.3333333333333335,0.6147041806633928
47275.569870485066,0.006166741348072807,0.9887399913407862,0.6173707096837461,0.7659836475430056,optimal,16.1146310044115,7,3,18,0,0.23713737056616555,253,0.08760459994664416,CAL-EDM:1;CAL-EDM:2;CAL-EDM:3;KAM-KEL:1;KAM-KEL:2;OTT-MON:1;OTT-MON:2,3.3333333333333335,0.6361092864671564
14984.782402111263,0.004668898244147094,0.9391287449952215,0.6420905439183116,0.7659836475430056,optimal,10.64693420618325,4,2,18,0,0.46415888336127825,165,0.04385129996808246,KAM-KEL:1;KAM-KEL:2;OTT-MON:1;OTT-MON:2,3.0,0.5913638803834282
2090.3185253941097,0.031728141932637836,0.9241362769510597,0.9443946684710681,0.960653054007329,optimal,10.124710222432917,4,2,18,0,0.46415888336127825,505,0.251702000037767,KAM-KEL:1;KAM-KEL:2;OTT-MON:1;OTT-MON:2,3.0,0.752636130604311
1623.3051023127632,0.031728141932637836,0.9241362769510597,0.9443946684710681,0.960653054007329,optimal,9.3951329884835,4,2,18,0,0.46415888336127825,505,0.2412760999868624,KAM-KEL:1;KAM-KEL:2;OTT-MON:1;OTT-MON:2,3.0,0.752636130604311
2090.3185253941097,0.04972274546198743,0.9241362769510597,0.9443946684710681,0.960653054007329,optimal,10.124710222432917,4,2,18,0,0.46415888336127825,505,0.2472437000251375,KAM-KEL:1;KAM-KEL:2;OTT-MON:1;OTT-MON:2,3.0,0.752636130604311
2090.3185253941097,0.031728141932637836,0.9747149855662137,0.9443946684710681,0.960653054007329,optimal,11.472072222057129,7,3,18,0,0.23713737056616555,753,0.5477425000281073,CAL-EDM:1;CAL-EDM:2;CAL-EDM:3;KAM-KEL:1;KAM-KEL:2;OTT-MON:1;OTT-MON:2,3.3333333333333335,0.8595391941051965
2090.3185253941097,0.031728141932637836,0.9241362769510597,0.811925183981657,0.960653054007329,optimal,9.252537811971454,4,2,18,0,0.46415888336127825,505,0.2665897000115365,KAM-KEL:1;KAM-KEL:2;OTT-MON:1;OTT-MON:2,3.0,0.752636130604311
2090.3185253941097,0.031728141932637836,0.9241362769510597,0.9443946684710681,0.9497301052585244,optimal,9.991895261028274,4,2,18,0,0.46415888336127825,505,0.26336240000091493,KAM-KEL:1;KAM-KEL:2;OTT-MON:1;OTT-MON:2,3.0,0.7412708295331357
1623.3051023127632,0.04972274546198743,0.9747149855662137,0.811925183981657,0.9497301052585244,optimal,9.547643724820539,4,2,18,0,0.46415888336127825,713,0.49568519997410476,KAM-KEL:1;KAM-KEL:2;OTT-MON:1;OTT-MON:2,3.0,0.8603509261934884
1681.8729903639376,0.003702089832482287,0.9553345275148749,0.842100311582908,0.9679110568836331,optimal,9.645112697944977,4,2,18,0,0.46415888336127825,149,0.05182930000592023,KAM-KEL:1;KAM-KEL:2;OTT-MON:1;OTT-MON:2,3.0,0.8344317575020098
12524.705057736921,0.003702089832482287,0.9553345275148749,0.842100311582908,0.9679110568836331,optimal,17.511544105498476,7,3,18,0,0.23713737056616555,149,0.04943040001671761,CAL-EDM:1;CAL-EDM:2;CAL-EDM:3;KAM-KEL:1;KAM-KEL:2;OTT-MON:1;OTT-MON:2,3.3333333333333335,0.8169510368674272
1681.8729903639376,0.009188107245463142,0.9553345275148749,0.842100311582908,0.9679110568836331,optimal,9.645112697944977,4,2,18,0,0.46415888336127825,457,0.2590264000464231,KAM-KEL:1;KAM-KEL:2;OTT-MON:1;OTT-MON:2,3.0,0.8344317575020098
1681.8729903639376,0.003702089832482287,0.9289309090618044,0.842100311582908,0.9679110568836331,optimal,9.040667788361947,4,2,18,0,0.46415888336127825,149,0.049951800028793514,KAM-KEL:1;KAM-KEL:2;OTT-MON:1;OTT-MON:2,3.0,0.7712248557513665
1681.8729903639376,0.003702089832482287,0.9553345275148749,0.6998206819873303,0.9679110568836331,optimal,8.577085510666883,4,2,18,0,0.46415888336127825,149,0.030391399981454015,KAM-KEL:1;KAM-KEL:2;OTT-MON:1;OTT-MON:2,3.0,0.8344317575020098
1681.8729903639376,0.003702089832482287,0.9553345275148749,0.842100311582908,0.8384611899973824,optimal,7.991733495934299,4,2,18,0,0.46415888336127825,149,0.038068899943027645,KAM-KEL:1;KAM-KEL:2;OTT-MON:1;OTT-MON:2,3.0,0.6885598153140273
12524.705057736921,0.009188107245463142,0.9289309090618044,0.6998206819873303,0.8384611899973824,optimal,11.880965041202813,4,2,18,0,0.46415888336127825,303,0.08657440001843497,KAM-KEL:1;KAM-KEL:2;OTT-MON:1;OTT-MON:2,3.0,0.6411291156600327
14420.707948850673,0.07208071314383464,0.9687317153532058,0.7190058843698353,0.7384789856243879,optimal,11.723693899236096,4,2,18,0,0.46415888336127825,311,0.08290239999769256,KAM-KEL:1;KAM-KEL:2;OTT-MON:1;OTT-MON:2,3.0,0.6099599509773137
142166.22412996672,0.07208071314383464,0.9687317153532058,0.7190058843698353,0.7384789856243879,optimal,18.326423605296988,4,2,18,0,0.46415888336127825,311,0.09529679996194318,KAM-KEL:1;KAM-KEL:2;OTT-MON:1;OTT-MON:2,3.0,0.6099599509773137
14420.707948850673,0.08627213484313676,0.9687317153532058,0.7190058843698353,0.7384789856243879,optimal,11.723693899236096,4,2,18,0,0.46415888336127825,311,0.10693409998202696,KAM-KEL:1;KAM-KEL:2;OTT-MON:1;OTT-MON:2,3.0,0.6099599509773137
14420.707948850673,0.07208071314383464,0.9638989049028606,0.7190058843698353,0.7384789856243879,optimal,11.527943205728807,4,2,18,0,0.46415888336127825,231,0.07449949998408556,KAM-KEL:1;KAM-KEL:2;OTT-MON:1;OTT-MON:2,3.0,0.6027474665706263
14420.707948850673,0.07208071314383464,0.9687317153532058,0.7532002171035856,0.7384789856243879,optimal,11.991813251300925,4,2,18,0,0.46415888336127825,311,0.10331389994826168,KAM-KEL:1;KAM-KEL:2;OTT-MON:1;OTT-MON:2,3.0,0.6099599509773137
14420.707948850673,0.07208071314383464,0.9687317153532058,0.7190058843698353,0.8789339949432761,optimal,15.146535671319544,7,3,18,0,0.23713737056616555,505,0.2374095999985002,CAL-EDM:1;CAL-EDM:2;CAL-EDM:3;KAM-KEL:1;KAM-KEL:2;OTT-MON:1;OTT-MON:2,3.3333333333333335,0.733100632877112
142166.22412996672,0.08627213484313676,0.9638989049028606,0.7532002171035856,0.8789339949432761,optimal,25.309148150690117,7,3,18,0,0.23713737056616555,457,0.20930879999650642,CAL-EDM:1;CAL-EDM:2;CAL-EDM:3;KAM-KEL:1;KAM-KEL:2;OTT-MON:1;OTT-MON:2,3.3333333333333335,0.7224774382298174
142319.937391693,0.002137531349997508,0.9301824276652187,0.8006694036535918,0.7999706259518862,optimal,18.898873288267104,4,2,18,0,0.46415888336127825,101,0.0303567000082694,KAM-KEL:1;KAM-KEL:2;OTT-MON:1;OTT-MON:2,3.0,0.6080154573231529
37452.14827446453,0.002137531349997508,0.9301824276652187,0.8006694036535918,0.7999706259518862,optimal,15.046838485947966,4,2,18,0,0.46415888336127825,101,0.026802700012922287,KAM-KEL:1;KAM-KEL:2;OTT-MON:1;OTT-MON:2,3.0,0.6080154573231529
142319.937391693,0.0015625939422350544,0.9301824276652187,0.8006694036535918,0.7999706259518862,infeasible,-50.0,0,0,18,0,,0,0.0005113999941386282,,,
142319.937391693,0.002137531349997508,0.9943561930470168,0.8006694036535918,0.7999706259518862,optimal,20.941035090680067,4,2,18,0,0.46415888336127825,101,0.020986400020774454,KAM-KEL:1;KAM-KEL:2;OTT-MON:1;OTT-MON:2,3.0,0.7192107702108617
142319.937391693,0.002137531349997508,0.9301824276652187,0.9055674726143479,0.7999706259518862,optimal,19.609335134502352,4,2,18,0,0.46415888336127825,101,0.027185499959159642,KAM-KEL:1;KAM-KEL:2;OTT-MON:1;OTT-MON:2,3.0,0.6080154573231529
142319.937391693,0.002137531349997508,0.9301824276652187,0.8006694036535918,0.9874749025115743,optimal,21.80284981539019,4,2,18,0,0.46415888336127825,101,0.03234039997914806,KAM-KEL:1;KAM-KEL:2;OTT-MON:1;OTT-MON:2,3.0,0.7955139108401715
37452.14827446453,0.0015625939422350544,0.9943561930470168,0.9055674726143479,0.9874749025115743,infeasible,-50.0,0,0,18,0,,0,0.0005937999812886119,,,
11587.924059929934,0.013146630061344844,0.9825795874632895,0.5369609734974802,0.9063756537679583,optimal,12.527664039989993,4,2,18,0,0.46415888336127825,569,0.3353017999907024,KAM-KEL:1;KAM-KEL:2;OTT-MON:1;OTT-MON:2,3.0,0.824193637737603
3368.467971695221,0.013146630061344844,0.9825795874632895,0.5369609734974802,0.9063756537679583,optimal,8.962748743480436,4,2,18,0,0.46415888336127825,569,0.2852432999643497,KAM-KEL:1;KAM-KEL:2;OTT-MON:1;OTT-MON:2,3.0,0.824193637737603
11587.924059929934,0.014410489359715981,0.9825795874632895,0.5369609734974802,0.9063756537679583,optimal,12.527664039989993,4,2,18,0,0.46415888336127825,569,0.3165605000103824,KAM-KEL:1;KAM-KEL:2;OTT-MON:1;OTT-MON:2,3.0,0.824193637737603
11587.924059929934,0.013146630061344844,0.9569643828868866,0.5369609734974802,0.9063756537679583,optimal,11.957279722901143,4,2,18,0,0.46415888336127825,489,0.2132253999589011,KAM-KEL:1;KAM-KEL:2;OTT-MON:1;OTT-MON:2,3.0,0.7660437699682056
11587.924059929934,0.013146630061344844,0.9825795874632895,0.5125175978988409,0.9063756537679583,optimal,12.258801262578828,4,2,18,0,0.46415888336127825,569,0.2738740000058897,KAM-KEL:1;KAM-KEL:2;OTT-MON:1;OTT-MON:2,3.0,0.824193637737603
11587.924059929934,0.013146630061344844,0.9825795874632895,0.5369609734974802,0.7321188183333724,optimal,9.769305202489377,4,2,18,0,0.46415888336127825,311,0.10298229998443276,KAM-KEL:1;KAM-KEL:2;OTT-MON:1;OTT-MON:2,3.0,0.6246321575109379
3368.467971695221,0.014410489359715981,0.9569643828868866,0.5125175978988409,0.7321188183333724,optimal,4.88812677115779,4,2,18,0,0.46415888336127825,231,0.05596499994862825,KAM-KEL:1;KAM-KEL:2;OTT-MON:1;OTT-MON:2,3.0,0.5866923250403795
12249.708711038586,0.0019583355771287314,0.9449326392672956,0.9209082208108157,0.7784688057852909,optimal,6.810091956632523,2,1,18,0,0.6072021956909884,77,0.01458329998422414,KAM-KEL:1;KAM-KEL:2,3.0,0.6115663723911171
120572.2587965171,0.0019583355771287314,0.9449326392672956,0.9209082208108157,0.7784688057852909,optimal,10.109170618981617,2,1,18,0,0.6072021956909884,77,0.013610299967695028,KAM-KEL:1;KAM-KEL:2,3.0,0.6115663723911171
12249.708711038586,0.06901558435102516,0.9449326392672956,0.9209082208108157,0.7784688057852909,optimal,12.722968172331505,4,2,18,0,0.46415888336127825,311,0.1074462000397034,KAM-KEL:1;KAM-KEL:2;OTT-MON:1;OTT-MON:2,3.0,0.6115663723911171
12249.708711038586,0.0019583355771287314,0.9972697336319833,0.9209082208108157,0.7784688057852909,optimal,7.649045343559495,2,1,18,0,0.6072021956909884,77,0.022300100012216717,KAM-KEL:1;KAM-KEL:2,3.0,0.6995645727017765
12249.708711038586,0.0019583355771287314,0.9449326392672956,0.57105638301,0.7784688057852909,optimal,5.431243585278996,2,1,18,0,0.6072021956909884,77,0.0263042000005953,KAM-KEL:1;KAM-KEL:2,3.0,0.6115663723911171
12249.708711038586,0.0019583355771287314,0.9449326392672956,0.9209082208108157,0.9738876278121025,optimal,8.311560090121306,2,1,18,0,0.6072021956909884,77,0.022294199967291206,KAM-KEL:1;KAM-KEL:2,3.0,0.8158786387746625
120572.2587965171,0.06901558435102516,0.9972697336319833,0.57105638301,0.9738876278121025,optimal,24.887456144273884,7,3,18,0,0.23713737056616555,809,0.6637754999683239,CAL-EDM:1;CAL-EDM:2;CAL-EDM:3;KAM-KEL:1;KAM-KEL:2;OTT-MON:1;OTT-MON:2,3.3333333333333335,0.946646721988798
105023.1061894373,0.01005872526748155,0.9778482770156115,0.6432188298087567,0.9280178848924115,optimal,24.043397587268558,7,3,18,0,0.23713737056616555,489,0.2656596999731846,CAL-EDM:1;CAL-EDM:2;CAL-EDM:3;KAM-KEL:1;KAM-KEL:2;OTT-MON:1;OTT-MON:2,3.3333333333333335,0.8207955380383481
10625.626121031588,0.01005872526748155,0.9778482770156115,0.6432188298087567,0.9280178848924115,optimal,14.128136555988196,7,3,18,0,0.23713737056616555,489,0.28132949996506795,CAL-EDM:1;CAL-EDM:2;CAL-EDM:3;KAM-KEL:1;KAM-KEL:2;OTT-MON:1;OTT-MON:2,3.3333333333333335,0.8207955380383481
105023.1061894373,0.006480582560151851,0.9778482770156115,0.6432188298087567,0.9280178848924115,optimal,24.043397587268558,7,3,18,0,0.23713737056616555,342,0.15106569998897612,CAL-EDM:1;CAL-EDM:2;CAL-EDM:3;KAM-KEL:1;KAM-KEL:2;OTT-MON:1;OTT-MON:2,3.3333333333333335,0.8207955380383481
105023.1061894373,0.01005872526748155,0.954355539245531,0.6432188298087567,0.9280178848924115,optimal,23.15029644671108,7,3,18,0,0.23713737056616555,449,0.2683015000075102,CAL-EDM:1;CAL-EDM:2;CAL-EDM:3;KAM-KEL:1;KAM-KEL:2;OTT-MON:1;OTT-MON:2,3.3333333333333335,0.7621055597415337
105023.1061894373,0.01005872526748155,0.9778482770156115,0.8547098920680583,0.9280178848924115,optimal,26.91427383723161,7,3,18,0,0.23713737056616555,489,0.2501383999479003,CAL-EDM:1;CAL-EDM:2;CAL-EDM:3;KAM-KEL:1;KAM-KEL:2;OTT-MON:1;OTT-MON:2,3.3333333333333335,0.8207955380383481
105023.1061894373,0.01005872526748155,0.9778482770156115,0.6432188298087567,0.7272035984592512,optimal,16.875884815794496,4,2,18,0,0.46415888336127825,311,0.11155600001802668,KAM-KEL:1;KAM-KEL:2;OTT-MON:1;OTT-MON:2,3.0,0.6125034018917412
10625.626121031588,0.006480582560151851,0.954355539245531,0.8547098920680583,0.7272035984592512,optimal,10.868635719825118,4,2,18,0,0.46415888336127825,213,0.06176230002893135,KAM-KEL:1;KAM-KEL:2;OTT-MON:1;OTT-MON:2,3.0,0.5785226480769692
19538.86981113318,0.0036284035872952603,0.9209992894176394,0.7371050246991218,0.8662504861829803,optimal,13.697125193495673,4,2,18,0,0.46415888336127825,141,0.04143300000578165,KAM-KEL:1;KAM-KEL:2;OTT-MON:1;OTT-MON:2,3.0,0.6530237472649505
2852.092564187031,0.0036284035872952603,0.9209992894176394,0.7371050246991218,0.8662504861829803,optimal,8.144616574134028,4,2,18,0,0.46415888336127825,141,0.032470100035425276,KAM-KEL:1;KAM-KEL:2;OTT-MON:1;OTT-MON:2,3.0,0.6530237472649505
19538.86981113318,0.011737261604967224,0.9209992894176394,0.7371050246991218,0.8662504861829803,optimal,13.697125193495673,4,2,18,0,0.46415888336127825,311,0.10394579998683184,KAM-KEL:1;KAM-KEL:2;OTT-MON:1;OTT-MON:2,3.0,0.6530237472649505
19538.86981113318,0.0036284035872952603,0.9263601419143379,0.7371050246991218,0.8662504861829803,optimal,14.052846682100938,7,3,18,0,0.23713737056616555,149,0.03960519999964163,CAL-EDM:1;CAL-EDM:2;CAL-EDM:3;KAM-KEL:1;KAM-KEL:2;OTT-MON:1;OTT-MON:2,3.3333333333333335,0.632656310607265
19538.86981113318,0.0036284035872952603,0.9209992894176394,0.8365773288998752,0.8662504861829803,optimal,14.93660024781216,7,3,18,0,0.23713737056616555,141,0.03783849999308586,CAL-EDM:1;CAL-EDM:2;CAL-EDM:3;KAM-KEL:1;KAM-KEL:2;OTT-MON:1;OTT-MON:2,3.3333333333333335,0.6227975861040024
19538.86981113318,0.0036284035872952603,0.9209992894176394,0.7371050246991218,0.8338428021501749,optimal,13.077056893212916,4,2,18,0,0.46415888336127825,141,0.041842600039672107,KAM-KEL:1;KAM-KEL:2;OTT-MON:1;OTT-MON:2,3.0,0.6234324228839383
2852.092564187031,0.011737261604967224,0.9263601419143379,0.8365773288998752,0.8338428021501749,optimal,8.458615664253294,4,2,18,0,0.46415888336127825,311,0.12232150003546849,KAM-KEL:1;KAM-KEL:2;OTT-MON:1;OTT-MON:2,3.0,0.6324545758904594
1591.2598406493394,0.058999361948525515,0.9929148991256952,0.6000313532538712,0.8402799672828987,optimal,6.854641698962244,4,2,18,0,0.46415888336127825,457,0.20316679996903986,KAM-KEL:1;KAM-KEL:2;OTT-MON:1;OTT-MON:2,3.0,0.7646864057400401
31700.279804148875,0.058999361948525515,0.9929148991256952,0.6000313532538712,0.8402799672828987,optimal,16.7726001537723,7,3,18,0,0.23713737056616555,457,0.18460540001979098,CAL-EDM:1;CAL-EDM:2;CAL-EDM:3;KAM-KEL:1;KAM-KEL:2;OTT-MON:1;OTT-MON:2,3.3333333333333335,0.7359226429001375
1591.2598406493394,0.0010824870386381008,0.9929148991256952,0.6000313532538712,0.8402799672828987,infeasible,-50.0,0,0,18,0,,0,0.0004846000229008496,,,
1591.2598406493394,0.058999361948525515,0.9667743501067162,0.6000313532538712,0.8402799672828987,optimal,6.217543860206293,4,2,18,0,0.46415888336127825,368,0.13747740001417696,KAM-KEL:1;KAM-KEL:2;OTT-MON:1;OTT-MON:2,3.0,0.7122456786660527
1591.2598406493394,0.058999361948525515,0.9929148991256952,0.6667701781261712,0.8402799672828987,optimal,7.463248469324246,4,2,18,0,0.46415888336127825,457,0.1952634999761358,KAM-KEL:1;KAM-KEL:2;OTT-MON:1;OTT-MON:2,3.0,0.7646864057400401
1591.2598406493394,0.058999361948525515,0.9929148991256952,0.6000313532538712,0.8650501619214191,optimal,7.172175201719822,4,2,18,0,0.46415888336127825,577,0.3239963000523858,KAM-KEL:1;KAM-KEL:2;OTT-MON:1;OTT-MON:2,3.0,0.7954780274128659
31700.279804148875,0.0010824870386381008,0.9667743501067162,0.6667701781261712,0.8650501619214191,infeasible,-50.0,0,0,18,0,,0,0.0003619999624788761,,,
2527.897002018238,0.006765179616283698,0.9642230293881149,0.5118261072319001,0.7970800420455635,optimal,5.84736267292319,4,2,18,0,0.46415888336127825,278,0.08384259999729693,KAM-KEL:1;KAM-KEL:2;OTT-MON:1;OTT-MON:2,3.0,0.6615123672609163
65803.11652693445,0.006765179616283698,0.9642230293881149,0.5118261072319001,0.7970800420455635,optimal,15.386263165066802,7,3,18,0,0.23713737056616555,278,0.08948069997131824,CAL-EDM:1;CAL-EDM:2;CAL-EDM:3;KAM-KEL:1;KAM-KEL:2;OTT-MON:1;OTT-MON:2,3.3333333333333335,0.6284620573376469
2527.897002018238,0.019817556601598806,0.9642230293881149,0.5118261072319001,0.7970800420455635,optimal,5.84736267292319,4,2,18,0,0.46415888336127825,311,0.11292809998849407,KAM-KEL:1;KAM-KEL:2;OTT-MON:1;OTT-MON:2,3.0,0.6615123672609163
2527.897002018238,0.006765179616283698,0.9368625886365771,0.5118261072319001,0.7970800420455635,optimal,4.89252937252483,4,2,18,0,0.46415888336127825,278,0.08526449999772012,KAM-KEL:1;KAM-KEL:2;OTT-MON:1;OTT-MON:2,3.0,0.616008296738896
2527.897002018238,0.006765179616283698,0.9642230293881149,0.7777357119135558,0.7970800420455635,optimal,8.261867662642782,4,2,18,0,0.46415888336127825,278,0.08500710001681,KAM-KEL:1;KAM-KEL:2;OTT-MON:1;OTT-MON:2,3.0,0.6615123672609163
2527.897002018238,0.006765179616283698,0.9642230293881149,0.5118261072319001,0.760507811833173,optimal,5.099053185151586,4,2,18,0,0.46415888336127825,278,0.0835367999970913,KAM-KEL:1;KAM-KEL:2;OTT-MON:1;OTT-MON:2,3.0,0.6246160501399934
65803.11652693445,0.019817556601598806,0.9368625886365771,0.7777357119135558,0.760507811833173,optimal,15.751900552747928,4,2,18,0,0.46415888336127825,231,0.07146090001333505,KAM-KEL:1;KAM-KEL:2;OTT-MON:1;OTT-MON:2,3.0,0.5831918876592515
42466.20756115976,0.041631701995016736,0.9581389462314547,0.8246510952245444,0.9104223827105016,optimal,21.50475345858348,7,3,18,0,0.23713737056616555,505,0.23345920001156628,CAL-EDM:1;CAL-EDM:2;CAL-EDM:3;KAM-KEL:1;KAM-KEL:2;OTT-MON:1;OTT-MON:2,3.3333333333333335,0.7487741346402158
7279.903998946822,0.041631701995016736,0.9581389462314547,0.8246510952245444,0.9104223827105016,optimal,13.871781626275055,7,3,18,0,0.23713737056616555,505,0.21559789997991174,CAL-EDM:1;CAL-EDM:2;CAL-EDM:3;KAM-KEL:1;KAM-KEL:2;OTT-MON:1;OTT-MON:2,3.3333333333333335,0.7487741346402158
42466.20756115976,0.0021488684300378816,0.9581389462314547,0.8246510952245444,0.9104223827105016,optimal,18.257769463048586,4,2,18,0,0.46415888336127825,101,0.0178829999640584,KAM-KEL:1;KAM-KEL:2;OTT-MON:1;OTT-MON:2,3.0,0.7732614820518154
42466.20756115976,0.041631701995016736,0.9766764449812472,0.8246510952245444,0.9104223827105016,optimal,22.235240908575264,7,3,18,0,0.23713737056616555,601,0.360208900005091,CAL-EDM:1;CAL-EDM:2;CAL-EDM:3;KAM-KEL:1;KAM-KEL:2;OTT-MON:1;OTT-MON:2,3.3333333333333335,0.7932201512684974
42466.20756115976,0.041631701995016736,0.9581389462314547,0.7243836124427616,0.9104223827105016,optimal,20.195543849235765,7,3,18,0,0.23713737056616555,505,0.2559890000266023,CAL-EDM:1;CAL-EDM:2;CAL-EDM:3;KAM-KEL:1;KAM-KEL:2;OTT-MON:1;OTT-MON:2,3.3333333333333335,0.7487741346402158
42466.20756115976,0.041631701995016736,0.9581389462314547,0.8246510952245444,0.9355822157924994,optimal,22.052043010030477,7,3,18,0,0.23713737056616555,601,0.3480804999708198,CAL-EDM:1;CAL-EDM:2;CAL-EDM:3;KAM-KEL:1;KAM-KEL:2;OTT-MON:1;OTT-MON:2,3.3333333333333335,0.7810982707080827
7279.903998946822,0.0021488684300378816,0.9766764449812472,0.7243836124427616,0.9355822157924994,optimal,13.111341059282736,4,2,18,0,0.46415888336127825,101,0.02249980001943186,KAM-KEL:1;KAM-KEL:2;OTT-MON:1;OTT-MON:2,3.0,0.8471241520209345
91787.44292754293,0.001170373696903475,0.9796324295848609,0.6954163854010403,0.9923826805092395,infeasible,-50.0,0,0,18,0,,0,0.0005467000300996006,,,
1915.2356677277626,0.001170373696903475,0.9796324295848609,0.6954163854010403,0.9923826805092395,infeasible,-50.0,0,0,18,0,,0,0.0005419000517576933,,,
91787.44292754293,0.03491322890358221,0.9796324295848609,0.6954163854010403,0.9923826805092395,optimal,25.452765830501985,7,3,18,0,0.23713737056616555,809,0.6903905000071973,CAL-EDM:1;CAL-EDM:2;CAL-EDM:3;KAM-KEL:1;KAM-KEL:2;OTT-MON:1;OTT-MON:2,3.3333333333333335,0.922225589800996
91787.44292754293,0.001170373696903475,0.9876759927030653,0.6954163854010403,0.9923826805092395,infeasible,-50.0,0,0,18,0,,0,0.0004296000115573406,,,
91787.44292754293,0.001170373696903475,0.9796324295848609,0.5159697773400694,0.9923826805092395,infeasible,-50.0,0,0,18,0,,0,0.00023280002642422915,,,
91787.44292754293,0.001170373696903475,0.9796324295848609,0.6954163854010403,0.8984509908556938,infeasible,-50.0,0,0,18,0,,0,0.00021929998183622956,,,
1915.2356677277626,0.03491322890358221,0.9876759927030653,0.5159697773400694,0.8984509908556938,optimal,7.119995133492774,4,2,18,0,0.46415888336127825,601,0.33102209999924526,KAM-KEL:1;KAM-KEL:2;OTT-MON:1;OTT-MON:2,3.0,0.8260540131768828
4059.430624669864,0.02274913627400892,0.9345483558718115,0.8676120282150805,0.7150933702494948,optimal,6.346945781926948,4,2,18,0,0.46415888336127825,231,0.07508280000183731,KAM-KEL:1;KAM-KEL:2;OTT-MON:1;OTT-MON:2,3.0,0.5416187013846496
17674.065222061614,0.02274913627400892,0.9345483558718115,0.8676120282150805,0.7150933702494948,optimal,10.59151501939732,4,2,18,0,0.46415888336127825,231,0.07972449995577335,KAM-KEL:1;KAM-KEL:2;OTT-MON:1;OTT-MON:2,3.0,0.5416187013846496
4059.430624669864,0.0037182435869541025,0.9345483558718115,0.8676120282150805,0.7150933702494948,optimal,6.346945781926948,4,2,18,0,0.46415888336127825,133,0.04267900000559166,KAM-KEL:1;KAM-KEL:2;OTT-MON:1;OTT-MON:2,3.0,0.5416187013846496
4059.430624669864,0.02274913627400892,0.9453728647399694,0.8676120282150805,0.7150933702494948,optimal,7.1864052631126745,4,2,18,0,0.46415888336127825,231,0.07983040000544861,KAM-KEL:1;KAM-KEL:2;OTT-MON:1;OTT-MON:2,3.0,0.555672377318867
4059.430624669864,0.02274913627400892,0.9345483558718115,0.9090471413452178,0.7150933702494948,optimal,6.616166012036102,4,2,18,0,0.46415888336127825,231,0.07591809995938092,KAM-KEL:1;KAM-KEL:2;OTT-MON:1;OTT-MON:2,3.0,0.5416187013846496
4059.430624669864,0.02274913627400892,0.9345483558718115,0.8676120282150805,0.7953531891210004,optimal,9.171028992518991,4,2,18,0,0.46415888336127825,311,0.10510410001734272,KAM-KEL:1;KAM-KEL:2;OTT-MON:1;OTT-MON:2,3.0,0.6107529756026855
17674.065222061614,0.0037182435869541025,0.9453728647399694,0.9090471413452178,0.7953531891210004,optimal,14.105532571115448,4,2,18,0,0.46415888336127825,141,0.03961909998906776,KAM-KEL:1;KAM-KEL:2;OTT-MON:1;OTT-MON:2,3.0,0.628138367511202
5319.4425360862315,0.005005627998386117,0.9834057123661042,0.7821039864327759,0.9492201314428821,optimal,13.696870228861805,7,3,18,0,0.23713737056616555,197,0.06743830000050366,CAL-EDM:1;CAL-EDM:2;CAL-EDM:3;KAM-KEL:1;KAM-KEL:2;OTT-MON:1;OTT-MON:2,3.3333333333333335,0.8667744339334776
50158.18074010645,0.005005627998386117,0.9834057123661042,0.7821039864327759,0.9492201314428821,optimal,23.40828439044531,7,3,18,0,0.23713737056616555,197,0.0638215999933891,CAL-EDM:1;CAL-EDM:2;CAL-EDM:3;KAM-KEL:1;KAM-KEL:2;OTT-MON:1;OTT-MON:2,3.3333333333333335,0.8667744339334776
5319.4425360862315,0.024191687058330212,0.9834057123661042,0.7821039864327759,0.9492201314428821,optimal,13.696870228861805,7,3,18,0,0.23713737056616555,753,0.5495052000042051,CAL-EDM:1;CAL-EDM:2;CAL-EDM:3;KAM-KEL:1;KAM-KEL:2;OTT-MON:1;OTT-MON:2,3.3333333333333335,0.8667744339334776
5319.4425360862315,0.005005627998386117,0.9308104243762791,0.7821039864327759,0.9492201314428821,optimal,11.763811204049786,4,2,18,0,0.46415888336127825,197,0.07332480000331998,KAM-KEL:1;KAM-KEL:2;OTT-MON:1;OTT-MON:2,3.0,0.7554636680746881
5319.4425360862315,0.005005627998386117,0.9834057123661042,0.7488704570103437,0.9492201314428821,optimal,13.258360403619333,7,3,18,0,0.23713737056616555,197,0.059950799972284585,CAL-EDM:1;CAL-EDM:2;CAL-EDM:3;KAM-KEL:1;KAM-KEL:2;OTT-MON:1;OTT-MON:2,3.3333333333333335,0.8667744339334776
5319.4425360862315,0.005005627998386117,0.9834057123661042,0.7821039864327759,0.8871162694133818,optimal,12.46199730903006,7,3,18,0,0.23713737056616555,197,0.07337689999258146,CAL-EDM:1;CAL-EDM:2;CAL-EDM:3;KAM-KEL:1;KAM-KEL:2;OTT-MON:1;OTT-MON:2,3.3333333333333335,0.7775356439552382
50158.18074010645,0.024191687058330212,0.9308104243762791,0.7488704570103437,0.8871162694133818,optimal,19.30465405242125,7,3,18,0,0.23713737056616555,368,0.12439770001219586,CAL-EDM:1;CAL-EDM:2;CAL-EDM:3;KAM-KEL:1;KAM-KEL:2;OTT-MON:1;OTT-MON:2,3.3333333333333335,0.6628304290696446
64311.33849363868,0.09395095016541824,0.9383016937468202,0.5535492782946676,0.7571351853376254,optimal,13.693179414537344,4,2,18,0,0.46415888336127825,231,0.07428919995436445,KAM-KEL:1;KAM-KEL:2;OTT-MON:1;OTT-MON:2,3.0,0.5823233415200599
2313.7492956445567,0.09395095016541824,0.9383016937468202,0.5535492782946676,0.7571351853376254,optimal,4.099642094195866,4,2,18,0,0.46415888336127825,231,0.0572935999953188,KAM-KEL:1;KAM-KEL:2;OTT-MON:1;OTT-MON:2,3.0,0.5823233415200599
64311.33849363868,0.003029085757649066,0.9383016937468202,0.5535492782946676,0.7571351853376254,optimal,13.693179414537344,4,2,18,0,0.46415888336127825,117,0.034377100004348904,KAM-KEL:1;KAM-KEL:2;OTT-MON:1;OTT-MON:2,3.0,0.5823233415200599
64311.33849363868,0.09395095016541824,0.9730550833120942,0.5535492782946676,0.7571351853376254,optimal,15.125610885538523,4,2,18,0,0.46415888336127825,311,0.11074669996742159,KAM-KEL:1;KAM-KEL:2;OTT-MON:1;OTT-MON:2,3.0,0.6352463053650461
64311.33849363868,0.09395095016541824,0.9383016937468202,0.6901899045798927,0.7571351853376254,optimal,14.96630588125014,4,2,18,0,0.46415888336127825,231,0.060272600036114454,KAM-KEL:1;KAM-KEL:2;OTT-MON:1;OTT-MON:2,3.0,0.5823233415200599
64311.33849363868,0.09395095016541824,0.9383016937468202,0.5535492782946676,0.8465194677626714,optimal,16.369348810375058,7,3,18,0,0.23713737056616555,368,0.138974400004372,CAL-EDM:1;CAL-EDM:2;CAL-EDM:3;KAM-KEL:1;KAM-KEL:2;OTT-MON:1;OTT-MON:2,3.3333333333333335,0.6345244057016909
2313.7492956445567,0.003029085757649066,0.9730550833120942,0.6901899045798927,0.8465194677626714,optimal,8.357002679967136,4,2,18,0,0.46415888336127825,125,0.020400499983225018,KAM-KEL:1;KAM-KEL:2;OTT-MON:1;OTT-MON:2,3.0,0.7315767646724689
31254.51327408643,0.002916294296653713,0.959774651048705,0.854951128270477,0.8211841443711891,optimal,16.35548232473825,4,2,18,0,0.46415888336127825,101,0.02279469999484718,KAM-KEL:1;KAM-KEL:2;OTT-MON:1;OTT-MON:2,3.0,0.6786669870124187
8608.942567475426,0.002916294296653713,0.959774651048705,0.854951128270477,0.8211841443711891,optimal,12.635169149551427,4,2,18,0,0.46415888336127825,101,0.030478400003630668,KAM-KEL:1;KAM-KEL:2;OTT-MON:1;OTT-MON:2,3.0,0.6786669870124187
31254.51327408643,0.04420548451082166,0.959774651048705,0.854951128270477,0.8211841443711891,optimal,18.051359268042653,7,3,18,0,0.23713737056616555,368,0.13294879999011755,CAL-EDM:1;CAL-EDM:2;CAL-EDM:3;KAM-KEL:1;KAM-KEL:2;OTT-MON:1;OTT-MON:2,3.3333333333333335,0.6468228768032288
31254.51327408643,0.002916294296653713,0.9816221849638969,0.854951128270477,0.8211841443711891,optimal,16.94914476205677,4,2,18,0,0.46415888336127825,101,0.018701800028793514,KAM-KEL:1;KAM-KEL:2;OTT-MON:1;OTT-MON:2,3.0,0.7194822552796667
31254.51327408643,0.002916294296653713,0.959774651048705,0.5465929352678358,0.8211841443711891,optimal,13.773981763888063,4,2,18,0,0.46415888336127825,101,0.023113799979910254,KAM-KEL:1;KAM-KEL:2;OTT-MON:1;OTT-MON:2,3.0,0.6786669870124187
31254.51327408643,0.002916294296653713,0.959774651048705,0.854951128270477,0.7379272491484881,optimal,14.567694031236266,4,2,18,0,0.46415888336127825,101,0.03170490002958104,KAM-KEL:1;KAM-KEL:2;OTT-MON:1;OTT-MON:2,3.0,0.596151344744724
8608.942567475426,0.04420548451082166,0.9816221849638969,0.5465929352678358,0.7379272491484881,optimal,9.116322477406989,4,2,18,0,0.46415888336127825,311,0.1112606999813579,KAM-KEL:1;KAM-KEL:2;OTT-MON:1;OTT-MON:2,3.0,0.6291099359702602
3740.9745343853006,0.01729027364116946,0.9536706415824592,0.7107688988558948,0.8851974095543846,optimal,9.959700051942967,4,2,18,0,0.46415888336127825,457,0.19627129996661097,KAM-KEL:1;KAM-KEL:2;OTT-MON:1;OTT-MON:2,3.0,0.7353622972011203
190528.49235495398,0.01729027364116946,0.9536706415824592,0.7107688988558948,0.8851974095543846,optimal,25.685926573569127,7,3,18,0,0.23713737056616555,457,0.2053271999466233,CAL-EDM:1;CAL-EDM:2;CAL-EDM:3;KAM-KEL:1;KAM-KEL:2;OTT-MON:1;OTT-MON:2,3.3333333333333335,0.7079420085739413
3740.9745343853006,0.0054363544412741865,0.9536706415824592,0.7107688988558948,0.8851974095543846,optimal,9.959700051942967,4,2,18,0,0.46415888336127825,229,0.08606509998207912,KAM-KEL:1;KAM-KEL:2;OTT-MON:1;OTT-MON:2,3.0,0.7353622972011203
3740.9745343853006,0.01729027364116946,0.9417525421585888,0.7107688988558948,0.8851974095543846,optimal,9.646003129733147,4,2,18,0,0.46415888336127825,457,0.19480040000053123,KAM-KEL:1;KAM-KEL:2;OTT-MON:1;OTT-MON:2,3.0,0.7111158317706797
3740.9745343853006,0.01729027364116946,0.9536706415824592,0.9414829193614422,0.8851974095543846,optimal,11.581917518466774,4,2,18,0,0.46415888336127825,457,0.21830880001652986,KAM-KEL:1;KAM-KEL:2;OTT-MON:1;OTT-MON:2,3.0,0.7353622972011203
3740.9745343853006,0.01729027364116946,0.9536706415824592,0.7107688988558948,0.9934401574684306,optimal,11.196494412449187,4,2,18,0,0.46415888336127825,737,0.5499122999608517,KAM-KEL:1;KAM-KEL:2;OTT-MON:1;OTT-MON:2,3.0,0.8613208262871671
190528.49235495398,0.0054363544412741865,0.9417525421585888,0.9414829193614422,0.9934401574684306,optimal,30.38884191088664,7,3,18,0,0.23713737056616555,245,0.08615019998978823,CAL-EDM:1;CAL-EDM:2;CAL-EDM:3;KAM-KEL:1;KAM-KEL:2;OTT-MON:1;OTT-MON:2,3.3333333333333335,0.8145755888244519
1109.1705323452743,0.0015020675008280294,0.9251525203380734,0.6295640004333108,0.8959598428923636,infeasible,-50.0,0,0,18,0,,0,0.00031370000215247273,,,
20076.640269326603,0.0015020675008280294,0.9251525203380734,0.6295640004333108,0.8959598428923636,infeasible,-50.0,0,0,18,0,,0,0.00042690004920586944,,,
1109.1705323452743,0.09387723149824577,0.9251525203380734,0.6295640004333108,0.8959598428923636,optimal,5.121749617047514,4,2,18,0,0.46415888336127825,368,0.13295880000805482,KAM-KEL:1;KAM-KEL:2;OTT-MON:1;OTT-MON:2,3.0,0.6891978876876029
1109.1705323452743,0.0015020675008280294,0.9912119110506028,0.6295640004333108,0.8959598428923636,infeasible,-50.0,0,0,18,0,,0,0.00042339996434748173,,,
1109.1705323452743,0.0015020675008280294,0.9251525203380734,0.6054140065331012,0.8959598428923636,infeasible,-50.0,0,0,18,0,,0,0.00025809998624026775,,,
1109.1705323452743,0.0015020675008280294,0.9251525203380734,0.6295640004333108,0.8126634676624089,infeasible,-50.0,0,0,18,0,,0,0.00023829995188862085,,,
20076.640269326603,0.09387723149824577,0.9912119110506028,0.6054140065331012,0.8126634676624089,optimal,14.043754316434258,7,3,18,0,0.23713737056616555,368,0.155076100025326,CAL-EDM:1;CAL-EDM:2;CAL-EDM:3;KAM-KEL:1;KAM-KEL:2;OTT-MON:1;OTT-MON:2,3.3333333333333335,0.6967348405698717
25736.387068558008,0.025286973918380903,0.9970500076115132,0.93549684449099,0.8116914814040065,optimal,19.751774766889746,7,3,18,0,0.23713737056616555,457,0.20829070004401729,CAL-EDM:1;CAL-EDM:2;CAL-EDM:3;KAM-KEL:1;KAM-KEL:2;OTT-MON:1;OTT-MON:2,3.3333333333333335,0.7071528868041329
1116.0155636349666,0.025286973918380903,0.9970500076115132,0.93549684449099,0.8116914814040065,optimal,8.091082499475673,4,2,18,0,0.46415888336127825,457,0.2023716999683529,KAM-KEL:1;KAM-KEL:2;OTT-MON:1;OTT-MON:2,3.0,0.7383244538319298
25736.387068558008,0.007633309060393077,0.9970500076115132,0.93549684449099,0.8116914814040065,optimal,19.751774766889746,7,3,18,0,0.23713737056616555,310,0.11636079999152571,CAL-EDM:1;CAL-EDM:2;CAL-EDM:3;KAM-KEL:1;KAM-KEL:2;OTT-MON:1;OTT-MON:2,3.3333333333333335,0.7071528868041329
25736.387068558008,0.025286973918380903,0.9507392315063625,0.93549684449099,0.8116914814040065,optimal,17.093520398367062,7,3,18,0,0.23713737056616555,311,0.100428500038106,CAL-EDM:1;CAL-EDM:2;CAL-EDM:3;KAM-KEL:1;KAM-KEL:2;OTT-MON:1;OTT-MON:2,3.3333333333333335,0.6205624348213524
25736.387068558008,0.025286973918380903,0.9970500076115132,0.8838489393237978,0.8116914814040065,optimal,19.17824397115052,7,3,18,0,0.23713737056616555,457,0.23409959999844432,CAL-EDM:1;CAL-EDM:2;CAL-EDM:3;KAM-KEL:1;KAM-KEL:2;OTT-MON:1;OTT-MON:2,3.3333333333333335,0.7071528868041329
25736.387068558008,0.025286973918380903,0.9970500076115132,0.93549684449099,0.9248698914991691,optimal,22.334062002746744,7,3,18,0,0.23713737056616555,729,0.5367739999783225,CAL-EDM:1;CAL-EDM:2;CAL-EDM:3;KAM-KEL:1;KAM-KEL:2;OTT-MON:1;OTT-MON:2,3.3333333333333335,0.867351611636238
1116.0155636349666,0.007633309060393077,0.9507392315063625,0.8838489393237978,0.9248698914991691,optimal,8.157924575090545,4,2,18,0,0.46415888336127825,359,0.14922000002115965,KAM-KEL:1;KAM-KEL:2;OTT-MON:1;OTT-MON:2,3.0,0.7732485745106544
154619.11360185448,0.008116135460768996,0.9402548712603748,0.5565040546469391,0.7319426242504269,optimal,15.493553290511223,4,2,18,0,0.46415888336127825,222,0.07222089997958392,KAM-KEL:1;KAM-KEL:2;OTT-MON:1;OTT-MON:2,3.0,0.5632275773377071
4236.502835927019,0.008116135460768996,0.9402548712603748,0.5565040546469391,0.7319426242504269,optimal,5.114151235789446,4,2,18,0,0.46415888336127825,222,0.05752490001032129,KAM-KEL:1;KAM-KEL:2;OTT-MON:1;OTT-MON:2,3.0,0.5632275773377071
154619.11360185448,0.017775085473112826,0.9402548712603748,0.5565040546469391,0.7319426242504269,optimal,15.493553290511223,4,2,18,0,0.46415888336127825,231,0.07142720004776493,KAM-KEL:1;KAM-KEL:2;OTT-MON:1;OTT-MON:2,3.0,0.5632275773377071
154619.11360185448,0.008116135460768996,0.920301280245185,0.5565040546469391,0.7319426242504269,optimal,13.935094138810904,4,2,18,0,0.46415888336127825,222,0.07784430001629516,KAM-KEL:1;KAM-KEL:2;OTT-MON:1;OTT-MON:2,3.0,0.5368413101039192
154619.11360185448,0.008116135460768996,0.9402548712603748,0.8039776084013284,0.7319426242504269,optimal,17.616605780341473,4,2,18,0,0.46415888336127825,222,0.056549299973994493,KAM-KEL:1;KAM-KEL:2;OTT-MON:1;OTT-MON:2,3.0,0.5632275773377071
154619.11360185448,0.008116135460768996,0.9402548712603748,0.5565040546469391,0.9594700204413384,optimal,23.45305187538543,7,3,18,0,0.23713737056616555,375,0.17857899999944493,CAL-EDM:1;CAL-EDM:2;CAL-EDM:3;KAM-KEL:1;KAM-KEL:2;OTT-MON:1;OTT-MON:2,3.3333333333333335,0.7672469230869979
4236.502835927019,0.017775085473112826,0.920301280245185,0.8039776084013284,0.9594700204413384,optimal,11.120564037783291,4,2,18,0,0.46415888336127825,505,0.27489859994966537,KAM-KEL:1;KAM-KEL:2;OTT-MON:1;OTT-MON:2,3.0,0.742890489676926
9062.377853310101,0.04325709652889846,0.9731523307841271,0.7780505797825754,0.9756648004055023,optimal,16.075762307878886,7,3,18,0,0.23713737056616555,785,0.658702400047332,CAL-EDM:1;CAL-EDM:2;CAL-EDM:3;KAM-KEL:1;KAM-KEL:2;OTT-MON:1;OTT-MON:2,3.3333333333333335,0.8773405342262258
74652.38344414636,0.04325709652889846,0.9731523307841271,0.7780505797825754,0.9756648004055023,optimal,25.202442624999854,7,3,18,0,0.23713737056616555,785,0.5994439999922179,CAL-EDM:1;CAL-EDM:2;CAL-EDM:3;KAM-KEL:1;KAM-KEL:2;OTT-MON:1;OTT-MON:2,3.3333333333333335,0.8773405342262258
9062.377853310101,0.0014195523265284548,0.9731523307841271,0.7780505797825754,0.9756648004055023,infeasible,-50.0,0,0,18,0,,0,0.0006345000001601875,,,
9062.377853310101,0.04325709652889846,0.9631596858464182,0.7780505797825754,0.9756648004055023,optimal,15.735211564188235,7,3,18,0,0.23713737056616555,729,0.5163120999932289,CAL-EDM:1;CAL-EDM:2;CAL-EDM:3;KAM-KEL:1;KAM-KEL:2;OTT-MON:1;OTT-MON:2,3.3333333333333335,0.8490324025922099
9062.377853310101,0.04325709652889846,0.9731523307841271,0.6358732010237873,0.9756648004055023,optimal,14.037888442034774,7,3,18,0,0.23713737056616555,785,0.6347170000080951,CAL-EDM:1;CAL-EDM:2;CAL-EDM:3;KAM-KEL:1;KAM-KEL:2;OTT-MON:1;OTT-MON:2,3.3333333333333335,0.8773405342262258
9062.377853310101,0.04325709652889846,0.9731523307841271,0.7780505797825754,0.7758475594306364,optimal,11.823528793642343,4,2,18,0,0.46415888336127825,311,0.1154996000113897,KAM-KEL:1;KAM-KEL:2;OTT-MON:1;OTT-MON:2,3.0,0.6546873608659545
74652.38344414636,0.0014195523265284548,0.9631596858464182,0.6358732010237873,0.7758475594306364,infeasible,-50.0,0,0,18,0,,0,0.00038059998769313097,,,
8704.081206390147,0.004561959012865343,0.9420353179387748,0.5514142659027129,0.856450551125221,optimal,10.192276885471582,4,2,18,0,0.46415888336127825,189,0.06377849995624274,KAM-KEL:1;KAM-KEL:2;OTT-MON:1;OTT-MON:2,3.0,0.6821821613936275
18608.806554537183,0.004561959012865343,0.9420353179387748,0.5514142659027129,0.856450551125221,optimal,12.384720109085814,4,2,18,0,0.46415888336127825,189,0.05841050000162795,KAM-KEL:1;KAM-KEL:2;OTT-MON:1;OTT-MON:2,3.0,0.6821821613936275
8704.081206390147,0.0019152452273936663,0.9420353179387748,0.5514142659027129,0.856450551125221,optimal,5.544746313202562,2,1,18,0,0.6072021956909884,77,0.022756799997296184,KAM-KEL:1;KAM-KEL:2,3.0,0.6821821613936275
8704.081206390147,0.004561959012865343,0.9674832294564695,0.5514142659027129,0.856450551125221,optimal,10.88521009889499,4,2,18,0,0.46415888336127825,197,0.07105139998020604,KAM-KEL:1;KAM-KEL:2;OTT-MON:1;OTT-MON:2,3.0,0.7316342050291116
8704.081206390147,0.004561959012865343,0.9420353179387748,0.5407006656285376,0.856450551125221,optimal,10.079051045320945,4,2,18,0,0.46415888336127825,189,0.05514259997289628,KAM-KEL:1;KAM-KEL:2;OTT-MON:1;OTT-MON:2,3.0,0.6821821613936275
8704.081206390147,0.004561959012865343,0.9420353179387748,0.5514142659027129,0.9516380436653271,optimal,11.469103799689602,4,2,18,0,0.46415888336127825,197,0.06483460002345964,KAM-KEL:1;KAM-KEL:2;OTT-MON:1;OTT-MON:2,3.0,0.7835877392360547
18608.806554537183,0.0019152452273936663,0.9674832294564695,0.5407006656285376,0.9516380436653271,optimal,7.504076108493211,2,1,18,0,0.6072021956909884,77,0.024139399989508092,KAM-KEL:1;KAM-KEL:2,3.0,0.8446430222189811
147813.4753507843,0.07678540535732992,0.970076818106696,0.7868894488085061,0.851027706910856,optimal,25.456776490769258,7,3,18,0,0.23713737056616555,457,0.1928312000236474,CAL-EDM:1;CAL-EDM:2;CAL-EDM:3;KAM-KEL:1;KAM-KEL:2;OTT-MON:1;OTT-MON:2,3.3333333333333335,0.7014174318422229
1673.4329187041685,0.07678540535732992,0.970076818106696,0.7868894488085061,0.851027706910856,optimal,8.168261455054541,4,2,18,0,0.46415888336127825,457,0.1914328999700956,KAM-KEL:1;KAM-KEL:2;OTT-MON:1;OTT-MON:2,3.0,0.7307301507799777
147813.4753507843,0.020766766774831955,0.970076818106696,0.7868894488085061,0.851027706910856,optimal,25.456776490769258,7,3,18,0,0.23713737056616555,457,0.2202633999986574,CAL-EDM:1;CAL-EDM:2;CAL-EDM:3;KAM-KEL:1;KAM-KEL:2;OTT-MON:1;OTT-MON:2,3.3333333333333335,0.7014174318422229
147813.4753507843,0.07678540535732992,0.9268703149054199,0.7868894488085061,0.851027706910856,optimal,22.867175319713184,7,3,18,0,0.23713737056616555,311,0.10131689999252558,CAL-EDM:1;CAL-EDM:2;CAL-EDM:3;KAM-KEL:1;KAM-KEL:2;OTT-MON:1;OTT-MON:2,3.3333333333333335,0.6184117824064658
147813.4753507843,0.07678540535732992,0.970076818106696,0.9333109866362065,0.851027706910856,optimal,27.180154895035766,7,3,18,0,0.23713737056616555,457,0.20761000004131347,CAL-EDM:1;CAL-EDM:2;CAL-EDM:3;KAM-KEL:1;KAM-KEL:2;OTT-MON:1;OTT-MON:2,3.3333333333333335,0.7014174318422229
147813.4753507843,0.07678540535732992,0.970076818106696,0.7868894488085061,0.7679621733855456,optimal,22.15938165930507,7,3,18,0,0.23713737056616555,311,0.11688889999641106,CAL-EDM:1;CAL-EDM:2;CAL-EDM:3;KAM-KEL:1;KAM-KEL:2;OTT-MON:1;OTT-MON:2,3.3333333333333335,0.6071891908451903
1673.4329187041685,0.020766766774831955,0.9268703149054199,0.9333109866362065,0.7679621733855456,optimal,5.9160321614313105,4,2,18,0,0.46415888336127825,231,0.061591100005898625,KAM-KEL:1;KAM-KEL:2;OTT-MON:1;OTT-MON:2,3.0,0.5751423460436489
26375.081623283353,0.002672900086421857,0.9281518611405045,0.7051036166027188,0.7693345543546601,optimal,12.3682250165337,4,2,18,0,0.46415888336127825,101,0.031520400021690875,KAM-KEL:1;KAM-KEL:2;OTT-MON:1;OTT-MON:2,3.0,0.5781624045450034
6234.466427826894,0.002672900086421857,0.9281518611405045,0.7051036166027188,0.7693345543546601,optimal,8.20654989636606,4,2,18,0,0.46415888336127825,101,0.03525499999523163,KAM-KEL:1;KAM-KEL:2;OTT-MON:1;OTT-MON:2,3.0,0.5781624045450034
26375.081623283353,0.0036258872988301654,0.9281518611405045,0.7051036166027188,0.7693345543546601,optimal,12.3682250165337,4,2,18,0,0.46415888336127825,133,0.0350161999813281,KAM-KEL:1;KAM-KEL:2;OTT-MON:1;OTT-MON:2,3.0,0.5781624045450034
26375.081623283353,0.002672900086421857,0.9549082577377558,0.7051036166027188,0.7693345543546601,optimal,13.57031554088227,4,2,18,0,0.46415888336127825,101,0.029044600029010326,KAM-KEL:1;KAM-KEL:2;OTT-MON:1;OTT-MON:2,3.0,0.6185579179828194
26375.081623283353,0.002672900086421857,0.9281518611405045,0.7253468465059996,0.7693345543546601,optimal,12.531568008059889,4,2,18,0,0.46415888336127825,101,0.030791800003498793,KAM-KEL:1;KAM-KEL:2;OTT-MON:1;OTT-MON:2,3.0,0.5781624045450034
26375.081623283353,0.002672900086421857,0.9281518611405045,0.7051036166027188,0.8026159874396398,optimal,13.27891127158594,4,2,18,0,0.46415888336127825,101,0.03015050000976771,KAM-KEL:1;KAM-KEL:2;OTT-MON:1;OTT-MON:2,3.0,0.6071691660022414
6234.466427826894,0.0036258872988301654,0.9549082577377558,0.7253468465059996,0.8026159874396398,optimal,10.27248068095098,4,2,18,0,0.46415888336127825,141,0.029529199993703514,KAM-KEL:1;KAM-KEL:2;OTT-MON:1;OTT-MON:2,3.0,0.6511352987614814
1178.794117975693,0.014242301576097228,0.995193389058113,0.8562081446871161,0.9381700776787475,optimal,9.214047364653961,4,2,18,0,0.46415888336127825,673,0.4622306000092067,KAM-KEL:1;KAM-KEL:2;OTT-MON:1;OTT-MON:2,3.0,0.8975116819645452
70778.72811735734,0.014242301576097228,0.995193389058113,0.8562081446871161,0.9381700776787475,optimal,25.999925269777954,7,3,18,0,0.23713737056616555,673,0.4373360999743454,CAL-EDM:1;CAL-EDM:2;CAL-EDM:3;KAM-KEL:1;KAM-KEL:2;OTT-MON:1;OTT-MON:2,3.3333333333333335,0.8828687490999171
1178.794117975693,0.03861418619339446,0.995193389058113,0.8562081446871161,0.9381700776787475,optimal,9.214047364653961,4,2,18,0,0.46415888336127825,769,0.5798413000302389,KAM-KEL:1;KAM-KEL:2;OTT-MON:1;OTT-MON:2,3.0,0.8975116819645452
1178.794117975693,0.014242301576097228,0.9979354627989232,0.8562081446871161,0.9381700776787475,optimal,9.265658193208075,4,2,18,0,0.46415888336127825,681,0.49739020003471524,KAM-KEL:1;KAM-KEL:2;OTT-MON:1;OTT-MON:2,3.0,0.9046859249892489
1178.794117975693,0.014242301576097228,0.995193389058113,0.6715277442708611,0.9381700776787475,optimal,7.811989151855218,4,2,18,0,0.46415888336127825,673,0.4285665999632329,KAM-KEL:1;KAM-KEL:2;OTT-MON:1;OTT-MON:2,3.0,0.8975116819645452
1178.794117975693,0.014242301576097228,0.995193389058113,0.8562081446871161,0.9147684588748961,optimal,8.972676786367515,4,2,18,0,0.46415888336127825,625,0.396648499998264,KAM-KEL:1;KAM-KEL:2;OTT-MON:1;OTT-MON:2,3.0,0.8656116316641798
70778.72811735734,0.03861418619339446,0.9979354627989232,0.6715277442708611,0.9147684588748961,optimal,23.204421490916328,7,3,18,0,0.23713737056616555,705,0.45068710000487044,CAL-EDM:1;CAL-EDM:2;CAL-EDM:3;KAM-KEL:1;KAM-KEL:2;OTT-MON:1;OTT-MON:2,3.3333333333333335,0.8542263575688751
3556.132534551837,0.0016332197214061646,0.9616312649529427,0.9306005515623837,0.9814444339759647,infeasible,-50.0,0,0,18,0,,0,0.0003375999513082206,,,
27724.93352684703,0.0016332197214061646,0.9616312649529427,0.9306005515623837,0.9814444339759647,infeasible,-50.0,0,0,18,0,,0,0.0001878999755717814,,,
3556.132534551837,0.006668058297823404,0.9616312649529427,0.9306005515623837,0.9814444339759647,optimal,13.544094904811272,7,3,18,0,0.23713737056616555,367,0.16084750002482906,CAL-EDM:1;CAL-EDM:2;CAL-EDM:3;KAM-KEL:1;KAM-KEL:2;OTT-MON:1;OTT-MON:2,3.3333333333333335,0.8529806944325645
3556.132534551837,0.0016332197214061646,0.9447055860944092,0.9306005515623837,0.9814444339759647,infeasible,-50.0,0,0,18,0,,0,0.0004678000113926828,,,
3556.132534551837,0.0016332197214061646,0.9616312649529427,0.7835233041550964,0.9814444339759647,infeasible,-50.0,0,0,18,0,,0,0.00032490002922713757,,,
3556.132534551837,0.0016332197214061646,0.9616312649529427,0.9306005515623837,0.7300684493286534,infeasible,-50.0,0,0,18,0,,0,0.0003087000222876668,,,
27724.93352684703,0.006668058297823404,0.9447055860944092,0.7835233041550964,0.7300684493286534,optimal,12.705849214545921,4,2,18,0,0.46415888336127825,222,0.06492399994749576,KAM-KEL:1;KAM-KEL:2;OTT-MON:1;OTT-MON:2,3.0,0.5676925327558315
30189.174597503225,0.030666123641006692,0.9506712961308659,0.6318098400253802,0.7250881914850325,optimal,11.868125300984739,4,2,18,0,0.46415888336127825,231,0.07488850003574044,KAM-KEL:1;KAM-KEL:2;OTT-MON:1;OTT-MON:2,3.0,0.571515650033169
3003.9045452326245,0.030666123641006692,0.9506712961308659,0.6318098400253802,0.7250881914850325,optimal,5.209884424320657,4,2,18,0,0.46415888336127825,231,0.058060300012584776,KAM-KEL:1;KAM-KEL:2;OTT-MON:1;OTT-MON:2,3.0,0.571515650033169
30189.174597503225,0.0626110561857333,0.9506712961308659,0.6318098400253802,0.7250881914850325,optimal,11.868125300984739,4,2,18,0,0.46415888336127825,231,0.07339709997177124,KAM-KEL:1;KAM-KEL:2;OTT-MON:1;OTT-MON:2,3.0,0.571515650033169
30189.174597503225,0.030666123641006692,0.9871242190077901,0.6318098400253802,0.7250881914850325,optimal,13.464343386253471,4,2,18,0,0.46415888336127825,311,0.11759270000038669,KAM-KEL:1;KAM-KEL:2;OTT-MON:1;OTT-MON:2,3.0,0.6243528811934893
30189.174597503225,0.030666123641006692,0.9506712961308659,0.6141280032228679,0.7250881914850325,optimal,11.704321232191663,4,2,18,0,0.46415888336127825,231,0.0768538000411354,KAM-KEL:1;KAM-KEL:2;OTT-MON:1;OTT-MON:2,3.0,0.571515650033169
30189.174597503225,0.030666123641006692,0.9506712961308659,0.6318098400253802,0.9856341457366944,optimal,18.574966399531323,7,3,18,0,0.23713737056616555,713,0.4743115000310354,CAL-EDM:1;CAL-EDM:2;CAL-EDM:3;KAM-KEL:1;KAM-KEL:2;OTT-MON:1;OTT-MON:2,3.3333333333333335,0.8284070796026489
3003.9045452326245,0.0626110561857333,0.9871242190077901,0.6141280032228679,0.9856341457366944,optimal,10.299689785078392,4,2,18,0,0.46415888336127825,809,0.7099237000220455,KAM-KEL:1;KAM-KEL:2;OTT-MON:1;OTT-MON:2,3.0,0.9417210566312298
67984.4877933397,0.008934883652278965,0.9864812296926975,0.776684664003551,0.7865972056351602,optimal,20.718559634130784,7,3,18,0,0.23713737056616555,302,0.1558719999738969,CAL-EDM:1;CAL-EDM:2;CAL-EDM:3;KAM-KEL:1;KAM-KEL:2;OTT-MON:1;OTT-MON:2,3.3333333333333335,0.6560737307231028
11417.985591408766,0.008934883652278965,0.9864812296926975,0.776684664003551,0.7865972056351602,optimal,13.064356152064736,4,2,18,0,0.46415888336127825,302,0.10177619999740273,KAM-KEL:1;KAM-KEL:2;OTT-MON:1;OTT-MON:2,3.0,0.6894073526990203
67984.4877933397,0.001218621937304735,0.9864812296926975,0.776684664003551,0.7865972056351602,infeasible,-50.0,0,0,18,0,,0,0.0003127999952994287,,,
67984.4877933397,0.008934883652278965,0.9761582976598293,0.776684664003551,0.7865972056351602,optimal,20.089573202876345,7,3,18,0,0.23713737056616555,278,0.08802540000760928,CAL-EDM:1;CAL-EDM:2;CAL-EDM:3;KAM-KEL:1;KAM-KEL:2;OTT-MON:1;OTT-MON:2,3.3333333333333335,0.6377166613170221
67984.4877933397,0.008934883652278965,0.9864812296926975,0.5955735243856907,0.7865972056351602,optimal,18.03721412984449,7,3,18,0,0.23713737056616555,302,0.10763809998752549,CAL-EDM:1;CAL-EDM:2;CAL-EDM:3;KAM-KEL:1;KAM-KEL:2;OTT-MON:1;OTT-MON:2,3.3333333333333335,0.6560737307231028
67984.4877933397,0.008934883652278965,0.9864812296926975,0.776684664003551,0.876988320059143,optimal,23.31020931160522,7,3,18,0,0.23713737056616555,376,0.17346800002269447,CAL-EDM:1;CAL-EDM:2;CAL-EDM:3;KAM-KEL:1;KAM-KEL:2;OTT-MON:1;OTT-MON:2,3.3333333333333335,0.7709237451319755
11417.985591408766,0.001218621937304735,0.9761582976598293,0.5955735243856907,0.876988320059143,infeasible,-50.0,0,0,18,0,,0,0.0003939000307582319,,,
5480.621104954292,0.05299081066600841,0.9365212517175824,0.562278232909739,0.9198916570376605,optimal,9.726220813701302,4,2,18,0,0.46415888336127825,457,0.20966940000653267,KAM-KEL:1;KAM-KEL:2;OTT-MON:1;OTT-MON:2,3.0,0.7367576550791693
103223.97799947126,0.05299081066600841,0.9365212517175824,0.562278232909739,0.9198916570376605,optimal,20.745999800285965,7,3,18,0,0.23713737056616555,457,0.17841509997379035,CAL-EDM:1;CAL-EDM:2;CAL-EDM:3;KAM-KEL:1;KAM-KEL:2;OTT-MON:1;OTT-MON:2,3.3333333333333335,0.7111271975040748
5480.621104954292,0.011238534701449681,0.9365212517175824,0.562278232909739,0.9198916570376605,optimal,9.726220813701302,4,2,18,0,0.46415888336127825,401,0.17539609997766092,KAM-KEL:1;KAM-KEL:2;OTT-MON:1;OTT-MON:2,3.0,0.7367576550791693
5480.621104954292,0.05299081066600841,0.9361622882988304,0.562278232909739,0.9198916570376605,optimal,9.716905348966758,4,2,18,0,0.46415888336127825,457,0.20779670000774786,KAM-KEL:1;KAM-KEL:2;OTT-MON:1;OTT-MON:2,3.0,0.7359945169528315
5480.621104954292,0.05299081066600841,0.9365212517175824,0.8796389503404498,0.9198916570376605,optimal,12.55950605592943,7,3,18,0,0.23713737056616555,457,0.20734100003028288,CAL-EDM:1;CAL-EDM:2;CAL-EDM:3;KAM-KEL:1;KAM-KEL:2;OTT-MON:1;OTT-MON:2,3.3333333333333335,0.7111271975040748
5480.621104954292,0.05299081066600841,0.9365212517175824,0.562278232909739,0.8364459530003369,optimal,8.45612826666106,4,2,18,0,0.46415888336127825,311,0.11689720000140369,KAM-KEL:1;KAM-KEL:2;OTT-MON:1;OTT-MON:2,3.0,0.6524530273994381
103223.97799947126,0.011238534701449681,0.9361622882988304,0.8796389503404498,0.8364459530003369,optimal,22.507959836106075,7,3,18,0,0.23713737056616555,311,0.1181493999902159,CAL-EDM:1;CAL-EDM:2;CAL-EDM:3;KAM-KEL:1;KAM-KEL:2;OTT-MON:1;OTT-MON:2,3.3333333333333335,0.6203795158355784
3860.08195387026,0.0020727020872901153,0.9814319192320109,0.6444758998695761,0.8297597734117881,optimal,9.405608250871083,4,2,18,0,0.46415888336127825,101,0.029287600016687065,KAM-KEL:1;KAM-KEL:2;OTT-MON:1;OTT-MON:2,3.0,0.728965191491461
87205.4869291309,0.0020727020872901153,0.9814319192320109,0.6444758998695761,0.8297597734117881,optimal,18.401039308073415,4,2,18,0,0.46415888336127825,101,0.02752499998314306,KAM-KEL:1;KAM-KEL:2;OTT-MON:1;OTT-MON:2,3.0,0.728965191491461
3860.08195387026,0.009716379212712801,0.9814319192320109,0.6444758998695761,0.8297597734117881,optimal,9.405608250871083,4,2,18,0,0.46415888336127825,393,0.14894440001808107,KAM-KEL:1;KAM-KEL:2;OTT-MON:1;OTT-MON:2,3.0,0.728965191491461
3860.08195387026,0.0020727020872901153,0.9410891362652183,0.6444758998695761,0.8297597734117881,optimal,8.26126569435758,4,2,18,0,0.46415888336127825,101,0.0395591999986209,KAM-KEL:1;KAM-KEL:2;OTT-MON:1;OTT-MON:2,3.0,0.6540028457992793
3860.08195387026,0.0020727020872901153,0.9814319192320109,0.814423562772572,0.8297597734117881,optimal,10.756219817762883,4,2,18,0,0.46415888336127825,101,0.03178150003077462,KAM-KEL:1;KAM-KEL:2;OTT-MON:1;OTT-MON:2,3.0,0.728965191491461
3860.08195387026,0.0020727020872901153,0.9814319192320109,0.6444758998695761,0.8906001113606616,optimal,10.202330697660534,4,2,18,0,0.46415888336127825,101,0.02923799998825416,KAM-KEL:1;KAM-KEL:2;OTT-MON:1;OTT-MON:2,3.0,0.8017783925836721
87205.4869291309,0.009716379212712801,0.9410891362652183,0.814423562772572,0.8906001113606616,optimal,23.2081573817166,7,3,18,0,0.23713737056616555,393,0.1616249000071548,CAL-EDM:1;CAL-EDM:2;CAL-EDM:3;KAM-KEL:1;KAM-KEL:2;OTT-MON:1;OTT-MON:2,3.3333333333333335,0.6875950503686004
88630.5586443192,0.012759182901933544,0.9314538002256304,0.9152428849134594,0.8778498585214838,optimal,23.532926404051736,7,3,18,0,0.23713737056616555,368,0.14369699999224395,CAL-EDM:1;CAL-EDM:2;CAL-EDM:3;KAM-KEL:1;KAM-KEL:2;OTT-MON:1;OTT-MON:2,3.3333333333333335,0.6542913980805775
3942.2523904218224,0.012759182901933544,0.9314538002256304,0.9152428849134594,0.8778498585214838,optimal,10.85240024631092,4,2,18,0,0.46415888336127825,368,0.13351690000854433,KAM-KEL:1;KAM-KEL:2;OTT-MON:1;OTT-MON:2,3.0,0.6835380436594815
88630.5586443192,0.0790082259882136,0.9314538002256304,0.9152428849134594,0.8778498585214838,optimal,23.532926404051736,7,3,18,0,0.23713737056616555,368,0.14774259994737804,CAL-EDM:1;CAL-EDM:2;CAL-EDM:3;KAM-KEL:1;KAM-KEL:2;OTT-MON:1;OTT-MON:2,3.3333333333333335,0.6542913980805775
88630.5586443192,0.012759182901933544,0.98106714290753,0.9152428849134594,0.8778498585214838,optimal,25.92444517349052,7,3,18,0,0.23713737056616555,489,0.22525030001997948,CAL-EDM:1;CAL-EDM:2;CAL-EDM:3;KAM-KEL:1;KAM-KEL:2;OTT-MON:1;OTT-MON:2,3.3333333333333335,0.7595414271468628
88630.5586443192,0.012759182901933544,0.9314538002256304,0.6467312801629305,0.8778498585214838,optimal,20.026008564307322,7,3,18,0,0.23713737056616555,368,0.1492329000029713,CAL-EDM:1;CAL-EDM:2;CAL-EDM:3;KAM-KEL:1;KAM-KEL:2;OTT-MON:1;OTT-MON:2,3.3333333333333335,0.6542913980805775
88630.5586443192,0.012759182901933544,0.9314538002256304,0.9152428849134594,0.7875568083673715,optimal,18.05091205400371,4,2,18,0,0.46415888336127825,231,0.06529689999297261,KAM-KEL:1;KAM-KEL:2;OTT-MON:1;OTT-MON:2,3.0,0.5989397994778052
3942.2523904218224,0.0790082259882136,0.98106714290753,0.6467312801629305,0.7875568083673715,optimal,8.805669603833445,4,2,18,0,0.46415888336127825,368,0.14238470001146197,KAM-KEL:1;KAM-KEL:2;OTT-MON:1;OTT-MON:2,3.0,0.6808370564209183
44906.412700300054,0.003818656527840428,0.9672414131592959,0.6048167619854212,0.9573403503606096,optimal,19.927770970771416,7,3,18,0,0.23713737056616555,149,0.045428199984598905,CAL-EDM:1;CAL-EDM:2;CAL-EDM:3;KAM-KEL:1;KAM-KEL:2;OTT-MON:1;OTT-MON:2,3.3333333333333335,0.8342542332251458
1059.5241145836003,0.003818656527840428,0.9672414131592959,0.6048167619854212,0.9573403503606096,optimal,6.542849690050678,4,2,18,0,0.46415888336127825,149,0.03571699996246025,KAM-KEL:1;KAM-KEL:2;OTT-MON:1;OTT-MON:2,3.0,0.8511824225269337
44906.412700300054,0.0017120083428987132,0.9672414131592959,0.6048167619854212,0.9573403503606096,infeasible,-50.0,0,0,18,0,,0,0.0004600000102072954,,,
44906.412700300054,0.003818656527840428,0.9725425847228617,0.6048167619854212,0.9573403503606096,optimal,20.112979428775056,7,3,18,0,0.23713737056616555,149,0.03625199996167794,CAL-EDM:1;CAL-EDM:2;CAL-EDM:3;KAM-KEL:1;KAM-KEL:2;OTT-MON:1;OTT-MON:2,3.3333333333333335,0.8486912829812606
44906.412700300054,0.003818656527840428,0.9672414131592959,0.5664309609215706,0.9573403503606096,optimal,19.26558498200066,7,3,18,0,0.23713737056616555,149,0.04137839999748394,CAL-EDM:1;CAL-EDM:2;CAL-EDM:3;KAM-KEL:1;KAM-KEL:2;OTT-MON:1;OTT-MON:2,3.3333333333333335,0.8342542332251458
44906.412700300054,0.003818656527840428,0.9672414131592959,0.6048167619854212,0.7503719079410657,optimal,14.239436960418676,4,2,18,0,0.46415888336127825,141,0.0416127999778837,KAM-KEL:1;KAM-KEL:2;OTT-MON:1;OTT-MON:2,3.0,0.6193402845407775
1059.5241145836003,0.0017120083428987132,0.9725425847228617,0.5664309609215706,0.7503719079410657,infeasible,-50.0,0,0,18,0,,0,0.00029039999935775995,,,
2603.6365492334535,0.07425447262391316,0.9562632847093046,0.7349700659513474,0.7503131812131032,optimal,6.71099070452844,4,2,18,0,0.46415888336127825,231,0.057534699968528,KAM-KEL:1;KAM-KEL:2;OTT-MON:1;OTT-MON:2,3.0,0.6025839306663386
22957.559845938453,0.07425447262391316,0.9562632847093046,0.7349700659513474,0.7503131812131032,optimal,12.991729363755477,4,2,18,0,0.46415888336127825,231,0.06610609998460859,KAM-KEL:1;KAM-KEL:2;OTT-MON:1;OTT-MON:2,3.0,0.6025839306663386
2603.6365492334535,0.013672907661115433,0.9562632847093046,0.7349700659513474,0.7503131812131032,optimal,6.71099070452844,4,2,18,0,0.46415888336127825,231,0.05767020001076162,KAM-KEL:1;KAM-KEL:2;OTT-MON:1;OTT-MON:2,3.0,0.6025839306663386
2603.6365492334535,0.07425447262391316,0.930103870915249,0.7349700659513474,0.7503131812131032,optimal,5.387243556437444,4,2,18,0,0.46415888336127825,231,0.045311400026548654,KAM-KEL:1;KAM-KEL:2;OTT-MON:1;OTT-MON:2,3.0,0.5648388848056984
2603.6365492334535,0.07425447262391316,0.9562632847093046,0.8452779514249413,0.7503131812131032,optimal,7.517952007998287,4,2,18,0,0.46415888336127825,231,0.06120679999003187,KAM-KEL:1;KAM-KEL:2;OTT-MON:1;OTT-MON:2,3.0,0.6025839306663386
2603.6365492334535,0.07425447262391316,0.9562632847093046,0.7349700659513474,0.9254991726912558,optimal,9.673950144868757,4,2,18,0,0.46415888336127825,577,0.3012899999739602,KAM-KEL:1;KAM-KEL:2;OTT-MON:1;OTT-MON:2,3.0,0.7864502261588387
22957.559845938453,0.013672907661115433,0.930103870915249,0.8452779514249413,0.9254991726912558,optimal,18.18830289243631,7,3,18,0,0.23713737056616555,449,0.20137739996425807,CAL-EDM:1;CAL-EDM:2;CAL-EDM:3;KAM-KEL:1;KAM-KEL:2;OTT-MON:1;OTT-MON:2,3.3333333333333335,0.703353809231673
1528.848822418477,0.006449418394569803,0.9228749462906272,0.8304253271315247,0.7396251810733229,optimal,3.582865488971989,4,2,18,0,0.46415888336127825,213,0.05341359996236861,KAM-KEL:1;KAM-KEL:2;OTT-MON:1;OTT-MON:2,3.0,0.5462810839839117
177123.23004449875,0.006449418394569803,0.9228749462906272,0.8304253271315247,0.7396251810733229,optimal,17.29519323117424,4,2,18,0,0.46415888336127825,213,0.0617676000110805,KAM-KEL:1;KAM-KEL:2;OTT-MON:1;OTT-MON:2,3.0,0.5462810839839117
1528.848822418477,0.002503157985871749,0.9228749462906272,0.8304253271315247,0.7396251810733229,optimal,3.582865488971989,4,2,18,0,0.46415888336127825,101,0.01736900000832975,KAM-KEL:1;KAM-KEL:2;OTT-MON:1;OTT-MON:2,3.0,0.5462810839839117
1528.848822418477,0.006449418394569803,0.9638623120728881,0.8304253271315247,0.7396251810733229,optimal,5.9131809174918075,4,2,18,0,0.46415888336127825,213,0.05227300000842661,KAM-KEL:1;KAM-KEL:2;OTT-MON:1;OTT-MON:2,3.0,0.6037889083340154
1528.848822418477,0.006449418394569803,0.9228749462906272,0.5082613160833717,0.7396251810733229,optimal,0.8234805867946173,2,1,18,0,0.6072021956909884,213,0.053157699992880225,KAM-KEL:1;KAM-KEL:2,3.0,0.5462810839839117
1528.848822418477,0.006449418394569803,0.9228749462906272,0.8304253271315247,0.8260023234272376,optimal,6.320485977410348,4,2,18,0,0.46415888336127825,269,0.08852510002907366,KAM-KEL:1;KAM-KEL:2;OTT-MON:1;OTT-MON:2,3.0,0.619524370264863
177123.23004449875,0.002503157985871749,0.9638623120728881,0.5082613160833717,0.8260023234272376,optimal,18.555982939272084,4,2,18,0,0.46415888336127825,101,0.025804800039622933,KAM-KEL:1;KAM-KEL:2;OTT-MON:1;OTT-MON:2,3.0,0.6912486339017152
18672.724267352387,0.033118126325208906,0.9898965107053518,0.5104601378086955,0.9667585448473692,optimal,15.337438772603072,7,3,18,0,0.23713737056616555,809,0.6473560000304133,CAL-EDM:1;CAL-EDM:2;CAL-EDM:3;KAM-KEL:1;KAM-KEL:2;OTT-MON:1;OTT-MON:2,3.3333333333333335,0.9126385968653857
10053.319852222518,0.033118126325208906,0.9898965107053518,0.5104601378086955,0.9667585448473692,optimal,12.657657475356158,7,3,18,0,0.23713737056616555,809,0.7319794000359252,CAL-EDM:1;CAL-EDM:2;CAL-EDM:3;KAM-KEL:1;KAM-KEL:2;OTT-MON:1;OTT-MON:2,3.3333333333333335,0.9126385968653857
18672.724267352387,0.03134360675963261,0.9898965107053518,0.5104601378086955,0.9667585448473692,optimal,15.337438772603072,7,3,18,0,0.23713737056616555,809,0.6605621000053361,CAL-EDM:1;CAL-EDM:2;CAL-EDM:3;KAM-KEL:1;KAM-KEL:2;OTT-MON:1;OTT-MON:2,3.3333333333333335,0.9126385968653857
18672.724267352387,0.033118126325208906,0.9208171019684523,0.5104601378086955,0.9667585448473692,optimal,12.880342109567685,4,2,18,0,0.46415888336127825,505,0.246439200011082,KAM-KEL:1;KAM-KEL:2;OTT-MON:1;OTT-MON:2,3.0,0.7515634605479209
18672.724267352387,0.033118126325208906,0.9898965107053518,0.9026845052838325,0.9667585448473692,optimal,21.09440354626969,7,3,18,0,0.23713737056616555,809,0.6418958999565803,CAL-EDM:1;CAL-EDM:2;CAL-EDM:3;KAM-KEL:1;KAM-KEL:2;OTT-MON:1;OTT-MON:2,3.3333333333333335,0.9126385968653857
18672.724267352387,0.033118126325208906,0.9898965107053518,0.5104601378086955,0.8571557949464768,optimal,13.17971118916057,4,2,18,0,0.46415888336127825,505,0.2520412000012584,KAM-KEL:1;KAM-KEL:2;OTT-MON:1;OTT-MON:2,3.0,0.7790661087466272
10053.319852222518,0.03134360675963261,0.9208171019684523,0.9026845052838325,0.8571557949464768,optimal,12.779497432194258,4,2,18,0,0.46415888336127825,311,0.11152739997487515,KAM-KEL:1;KAM-KEL:2;OTT-MON:1;OTT-MON:2,3.0,0.6442842077760613
107663.71844642347,0.0011019896534776074,0.948027199562639,0.8698578141629696,0.902976716088131,infeasible,-50.0,0,0,18,0,,0,0.00029779999749735,,,
2648.331330677511,0.0011019896534776074,0.948027199562639,0.8698578141629696,0.902976716088131,infeasible,-50.0,0,0,18,0,,0,0.00013970001600682735,,,
107663.71844642347,0.0042564572031395746,0.948027199562639,0.8698578141629696,0.902976716088131,optimal,25.44946648959183,7,3,18,0,0.23713737056616555,173,0.05206800001906231,CAL-EDM:1;CAL-EDM:2;CAL-EDM:3;KAM-KEL:1;KAM-KEL:2;OTT-MON:1;OTT-MON:2,3.3333333333333335,0.7167736528899861
107663.71844642347,0.0011019896534776074,0.9512886816374958,0.8698578141629696,0.902976716088131,infeasible,-50.0,0,0,18,0,,0,0.0003972999984398484,,,
107663.71844642347,0.0011019896534776074,0.948027199562639,0.759543891204521,0.902976716088131,infeasible,-50.0,0,0,18,0,,0,0.00027199997566640377,,,
107663.71844642347,0.0011019896534776074,0.948027199562639,0.8698578141629696,0.9638486153231933,infeasible,-50.0,0,0,18,0,,0,0.0002345999819226563,,,
2648.331330677511,0.0042564572031395746,0.9512886816374958,0.759543891204521,0.9638486153231933,optimal,10.229003646418587,4,2,18,0,0.46415888336127825,173,0.0649318000068888,KAM-KEL:1;KAM-KEL:2;OTT-MON:1;OTT-MON:2,3.0,0.8196205095177229
13014.490888772247,0.017915508346960905,0.9760487920176237,0.6905201461166144,0.8033807726874947,optimal,12.759547790342957,4,2,18,0,0.46415888336127825,368,0.14337260002503172,KAM-KEL:1;KAM-KEL:2;OTT-MON:1;OTT-MON:2,3.0,0.6891549293287531
47634.63197526555,0.017915508346960905,0.9760487920176237,0.6905201461166144,0.8033807726874947,optimal,18.021658739686597,7,3,18,0,0.23713737056616555,368,0.14089469995815307,CAL-EDM:1;CAL-EDM:2;CAL-EDM:3;KAM-KEL:1;KAM-KEL:2;OTT-MON:1;OTT-MON:2,3.3333333333333335,0.6566171871303127
13014.490888772247,0.05234740549512168,0.9760487920176237,0.6905201461166144,0.8033807726874947,optimal,12.759547790342957,4,2,18,0,0.46415888336127825,368,0.14734010002575815,KAM-KEL:1;KAM-KEL:2;OTT-MON:1;OTT-MON:2,3.0,0.6891549293287531
13014.490888772247,0.017915508346960905,0.9918815129697323,0.6905201461166144,0.8033807726874947,optimal,13.240500616601961,7,3,18,0,0.23713737056616555,368,0.14032619999488816,CAL-EDM:1;CAL-EDM:2;CAL-EDM:3;KAM-KEL:1;KAM-KEL:2;OTT-MON:1;OTT-MON:2,3.3333333333333335,0.6864510193785148
13014.490888772247,0.017915508346960905,0.9760487920176237,0.7003965036477893,0.8033807726874947,optimal,12.841501293489934,4,2,18,0,0.46415888336127825,368,0.12769090000074357,KAM-KEL:1;KAM-KEL:2;OTT-MON:1;OTT-MON:2,3.0,0.6891549293287531
13014.490888772247,0.017915508346960905,0.9760487920176237,0.6905201461166144,0.717111249404028,optimal,10.917617826507975,4,2,18,0,0.46415888336127825,231,0.06566510000266135,KAM-KEL:1;KAM-KEL:2;OTT-MON:1;OTT-MON:2,3.0,0.5999032412976972
47634.63197526555,0.05234740549512168,0.9918815129697323,0.7003965036477893,0.717111249404028,optimal,15.350417662642943,4,2,18,0,0.46415888336127825,311,0.10386009997455403,KAM-KEL:1;KAM-KEL:2;OTT-MON:1;OTT-MON:2,3.0,0.6232967345632429
11164.021349032577,0.0011970898463631947,0.9331816173698754,0.7638325598556548,0.9268789255069568,infeasible,-50.0,0,0,18,0,,0,0.0002815000480040908,,,
8525.931711657951,0.0011970898463631947,0.9331816173698754,0.7638325598556548,0.9268789255069568,infeasible,-50.0,0,0,18,0,,0,0.00014459999511018395,,,
11164.021349032577,0.01882404320121094,0.9331816173698754,0.7638325598556548,0.9268789255069568,optimal,14.228040133202565,7,3,18,0,0.23713737056616555,457,0.19073649996425956,CAL-EDM:1;CAL-EDM:2;CAL-EDM:3;KAM-KEL:1;KAM-KEL:2;OTT-MON:1;OTT-MON:2,3.3333333333333335,0.7117282916906479
11164.021349032577,0.0011970898463631947,0.9538595161978156,0.7638325598556548,0.9268789255069568,infeasible,-50.0,0,0,18,0,,0,0.0003017000271938741,,,
11164.021349032577,0.0011970898463631947,0.9331816173698754,0.6642700458411127,0.9268789255069568,infeasible,-50.0,0,0,18,0,,0,0.00016070000128820539,,,
11164.021349032577,0.0011970898463631947,0.9331816173698754,0.7638325598556548,0.9953852956350893,infeasible,-50.0,0,0,18,0,,0,0.000132500019390136,,,
8525.931711657951,0.01882404320121094,0.9538595161978156,0.6642700458411127,0.9953852956350893,optimal,13.896878967034102,7,3,18,0,0.23713737056616555,769,0.58267989999149,CAL-EDM:1;CAL-EDM:2;CAL-EDM:3;KAM-KEL:1;KAM-KEL:2;OTT-MON:1;OTT-MON:2,3.3333333333333335,0.8507291656817442
136341.95324186946,0.023316884984103375,0.9807228224612773,0.5705156475771218,0.7796184268174693,optimal,19.981954568395253,7,3,18,0,0.23713737056616555,311,0.0909397000214085,CAL-EDM:1;CAL-EDM:2;CAL-EDM:3;KAM-KEL:1;KAM-KEL:2;OTT-MON:1;OTT-MON:2,3.3333333333333335,0.6378121476279754
150260.188064715,0.023316884984103375,0.9807228224612773,0.5705156475771218,0.7796184268174693,optimal,20.402654338254074,7,3,18,0,0.23713737056616555,311,0.09322000003885478,CAL-EDM:1;CAL-EDM:2;CAL-EDM:3;KAM-KEL:1;KAM-KEL:2;OTT-MON:1;OTT-MON:2,3.3333333333333335,0.6378121476279754
136341.95324186946,0.0023570319883059973,0.9807228224612773,0.5705156475771218,0.7796184268174693,optimal,18.154904434520567,4,2,18,0,0.46415888336127825,101,0.02165789995342493,KAM-KEL:1;KAM-KEL:2;OTT-MON:1;OTT-MON:2,3.0,0.6715991040852957
136341.95324186946,0.023316884984103375,0.9890059817563742,0.5705156475771218,0.7796184268174693,optimal,20.491348576737593,7,3,18,0,0.23713737056616555,368,0.14644199999747798,CAL-EDM:1;CAL-EDM:2;CAL-EDM:3;KAM-KEL:1;KAM-KEL:2;OTT-MON:1;OTT-MON:2,3.3333333333333335,0.6524020678586324
136341.95324186946,0.023316884984103375,0.9807228224612773,0.8319348860997706,0.7796184268174693,optimal,23.791383687891294,7,3,18,0,0.23713737056616555,311,0.10863580001750961,CAL-EDM:1;CAL-EDM:2;CAL-EDM:3;KAM-KEL:1;KAM-KEL:2;OTT-MON:1;OTT-MON:2,3.3333333333333335,0.6378121476279754
136341.95324186946,0.023316884984103375,0.9807228224612773,0.5705156475771218,0.7399430314162746,optimal,17.614264074914935,7,3,18,0,0.23713737056616555,311,0.11017129995161667,CAL-EDM:1;CAL-EDM:2;CAL-EDM:3;KAM-KEL:1;KAM-KEL:2;OTT-MON:1;OTT-MON:2,3.3333333333333335,0.5944508568901459
150260.188064715,0.0023570319883059973,0.9890059817563742,0.8319348860997706,0.7399430314162746,optimal,20.082943840438944,4,2,18,0,0.46415888336127825,101,0.028044500038959086,KAM-KEL:1;KAM-KEL:2;OTT-MON:1;OTT-MON:2,3.0,0.6428419908925718
14742.784608902446,0.006608095276897355,0.9571151206418872,0.9491672562435269,0.843685046208091,optimal,16.491889003455285,7,3,18,0,0.23713737056616555,302,0.1028348000254482,CAL-EDM:1;CAL-EDM:2;CAL-EDM:3;KAM-KEL:1;KAM-KEL:2;OTT-MON:1;OTT-MON:2,3.3333333333333335,0.6669058386559522
40333.92633680122,0.006608095276897355,0.9571151206418872,0.9491672562435269,0.843685046208091,optimal,20.847843425133426,7,3,18,0,0.23713737056616555,302,0.1111928999889642,CAL-EDM:1;CAL-EDM:2;CAL-EDM:3;KAM-KEL:1;KAM-KEL:2;OTT-MON:1;OTT-MON:2,3.3333333333333335,0.6669058386559522
14742.784608902446,0.03200902407835451,0.9571151206418872,0.9491672562435269,0.843685046208091,optimal,16.491889003455285,7,3,18,0,0.23713737056616555,368,0.1486741999979131,CAL-EDM:1;CAL-EDM:2;CAL-EDM:3;KAM-KEL:1;KAM-KEL:2;OTT-MON:1;OTT-MON:2,3.3333333333333335,0.6669058386559522
14742.784608902446,0.006608095276897355,0.9609487040750683,0.9491672562435269,0.843685046208091,optimal,16.699184998547143,7,3,18,0,0.23713737056616555,302,0.11778039997443557,CAL-EDM:1;CAL-EDM:2;CAL-EDM:3;KAM-KEL:1;KAM-KEL:2;OTT-MON:1;OTT-MON:2,3.3333333333333335,0.6743770241181615
14742.784608902446,0.006608095276897355,0.9571151206418872,0.8557817916385829,0.843685046208091,optimal,15.445953560559468,7,3,18,0,0.23713737056616555,302,0.1001727000111714,CAL-EDM:1;CAL-EDM:2;CAL-EDM:3;KAM-KEL:1;KAM-KEL:2;OTT-MON:1;OTT-MON:2,3.3333333333333335,0.6669058386559522
14742.784608902446,0.006608095276897355,0.9571151206418872,0.9491672562435269,0.8485703905913978,optimal,16.649182842492472,7,3,18,0,0.23713737056616555,302,0.1102110999636352,CAL-EDM:1;CAL-EDM:2;CAL-EDM:3;KAM-KEL:1;KAM-KEL:2;OTT-MON:1;OTT-MON:2,3.3333333333333335,0.672442896700951
40333.92633680122,0.03200902407835451,0.9609487040750683,0.8557817916385829,0.8485703905913978,optimal,20.161166970223267,7,3,18,0,0.23713737056616555,368,0.15312480001011863,CAL-EDM:1;CAL-EDM:2;CAL-EDM:3;KAM-KEL:1;KAM-KEL:2;OTT-MON:1;OTT-MON:2,3.3333333333333335,0.6800160487953817
1782.5392272483223,0.04065550773427796,0.9656563537735492,0.6152211060747504,0.8628385432614013,optimal,6.984678430974807,4,2,18,0,0.46415888336127825,457,0.19308430003002286,KAM-KEL:1;KAM-KEL:2;OTT-MON:1;OTT-MON:2,3.0,0.7351210742248568
2241.6880278952767,0.04065550773427796,0.9656563537735492,0.6152211060747504,0.8628385432614013,optimal,7.645981809071973,4,2,18,0,0.46415888336127825,457,0.1981804000097327,KAM-KEL:1;KAM-KEL:2;OTT-MON:1;OTT-MON:2,3.0,0.7351210742248568
1782.5392272483223,0.0039365171574702795,0.9656563537735492,0.6152211060747504,0.8628385432614013,optimal,6.984678430974807,4,2,18,0,0.46415888336127825,173,0.04649280000012368,KAM-KEL:1;KAM-KEL:2;OTT-MON:1;OTT-MON:2,3.0,0.7351210742248568
1782.5392272483223,0.04065550773427796,0.9234260316193105,0.6152211060747504,0.8628385432614013,optimal,5.767649332074945,4,2,18,0,0.46415888336127825,311,0.10974330001045018,KAM-KEL:1;KAM-KEL:2;OTT-MON:1;OTT-MON:2,3.0,0.6542092500456413
1782.5392272483223,0.04065550773427796,0.9656563537735492,0.5769073051400483,0.8628385432614013,optimal,6.613616566261845,4,2,18,0,0.46415888336127825,457,0.2002439999487251,KAM-KEL:1;KAM-KEL:2;OTT-MON:1;OTT-MON:2,3.0,0.7351210742248568
1782.5392272483223,0.04065550773427796,0.9656563537735492,0.6152211060747504,0.8889564638109877,optimal,7.3291429665022,4,2,18,0,0.46415888336127825,505,0.21820130001287907,KAM-KEL:1;KAM-KEL:2;OTT-MON:1;OTT-MON:2,3.0,0.7649345731524654
2241.6880278952767,0.0039365171574702795,0.9234260316193105,0.5769073051400483,0.8889564638109877,optimal,6.4888412814376615,4,2,18,0,0.46415888336127825,173,0.03292679996229708,KAM-KEL:1;KAM-KEL:2;OTT-MON:1;OTT-MON:2,3.0,0.6790502488870553
1993.1493263605132,0.0034662413995610155,0.9918153575696051,0.7247671880293638,0.9093351705875248,optimal,9.40116534009462,4,2,18,0,0.46415888336127825,125,0.025712599977850914,KAM-KEL:1;KAM-KEL:2;OTT-MON:1;OTT-MON:2,3.0,0.8500851935023167
4652.7088131633545,0.0034662413995610155,0.9918153575696051,0.7247671880293638,0.9093351705875248,optimal,11.881345398859315,7,3,18,0,0.23713737056616555,125,0.033074599981773645,CAL-EDM:1;CAL-EDM:2;CAL-EDM:3;KAM-KEL:1;KAM-KEL:2;OTT-MON:1;OTT-MON:2,3.3333333333333335,0.8299646822718744
1993.1493263605132,0.07274164888302405,0.9918153575696051,0.7247671880293638,0.9093351705875248,optimal,9.40116534009462,4,2,18,0,0.46415888336127825,673,0.42929080000612885,KAM-KEL:1;KAM-KEL:2;OTT-MON:1;OTT-MON:2,3.0,0.8500851935023167
1993.1493263605132,0.0034662413995610155,0.9705431159362197,0.7247671880293638,0.9093351705875248,optimal,8.95498004369222,4,2,18,0,0.46415888336127825,125,0.038566900009755045,KAM-KEL:1;KAM-KEL:2;OTT-MON:1;OTT-MON:2,3.0,0.799927414815478
1993.1493263605132,0.0034662413995610155,0.9918153575696051,0.9133051028940826,0.9093351705875248,optimal,10.73548234609812,4,2,18,0,0.46415888336127825,125,0.03174020000733435,KAM-KEL:1;KAM-KEL:2;OTT-MON:1;OTT-MON:2,3.0,0.8500851935023167
1993.1493263605132,0.0034662413995610155,0.9918153575696051,0.7247671880293638,0.7737643047198652,optimal,7.55287807716203,4,2,18,0,0.46415888336127825,125,0.026613100024405867,KAM-KEL:1;KAM-KEL:2;OTT-MON:1;OTT-MON:2,3.0,0.6844925313710244
4652.7088131633545,0.07274164888302405,0.9705431159362197,0.9133051028940826,0.7737643047198652,optimal,10.700730606098128,4,2,18,0,0.46415888336127825,311,0.09928729996317998,KAM-KEL:1;KAM-KEL:2;OTT-MON:1;OTT-MON:2,3.0,0.648175720915497
45760.22188917271,0.05632030980560324,0.9223556884732098,0.8407198045868427,0.7981784974373877,optimal,15.51327661179247,4,2,18,0,0.46415888336127825,231,0.0741283999523148,KAM-KEL:1;KAM-KEL:2;OTT-MON:1;OTT-MON:2,3.0,0.5942506522479578
102955.62803067577,0.05632030980560324,0.9223556884732098,0.8407198045868427,0.7981784974373877,optimal,17.852990099194262,4,2,18,0,0.46415888336127825,231,0.06785480002872646,KAM-KEL:1;KAM-KEL:2;OTT-MON:1;OTT-MON:2,3.0,0.5942506522479578
45760.22188917271,0.005914643347757352,0.9223556884732098,0.8407198045868427,0.7981784974373877,optimal,15.51327661179247,4,2,18,0,0.46415888336127825,181,0.04337289999239147,KAM-KEL:1;KAM-KEL:2;OTT-MON:1;OTT-MON:2,3.0,0.5942506522479578
45760.22188917271,0.05632030980560324,0.9324080363549292,0.8407198045868427,0.7981784974373877,optimal,15.957121101450703,4,2,18,0,0.46415888336127825,311,0.10805490001803264,KAM-KEL:1;KAM-KEL:2;OTT-MON:1;OTT-MON:2,3.0,0.6099232642921133
45760.22188917271,0.05632030980560324,0.9223556884732098,0.5188544713426382,0.7981784974373877,optimal,12.728096166142441,4,2,18,0,0.46415888336127825,231,0.06719160004286095,KAM-KEL:1;KAM-KEL:2;OTT-MON:1;OTT-MON:2,3.0,0.5942506522479578
45760.22188917271,0.05632030980560324,0.9223556884732098,0.8407198045868427,0.9575964688388631,optimal,21.5256036344732,7,3,18,0,0.23713737056616555,505,0.251706299954094,CAL-EDM:1;CAL-EDM:2;CAL-EDM:3;KAM-KEL:1;KAM-KEL:2;OTT-MON:1;OTT-MON:2,3.3333333333333335,0.7221182059159256
102955.62803067577,0.005914643347757352,0.9324080363549292,0.5188544713426382,0.9575964688388631,optimal,20.614317873928748,7,3,18,0,0.23713737056616555,262,0.11241660005180165,CAL-EDM:1;CAL-EDM:2;CAL-EDM:3;KAM-KEL:1;KAM-KEL:2;OTT-MON:1;OTT-MON:2,3.3333333333333335,0.7458285826713237
86962.35896871085,0.0020492522532412514,0.9764061014968902,0.539219687692821,0.7184122493546455,optimal,15.022146966801248,4,2,18,0,0.46415888336127825,101,0.02439310000045225,KAM-KEL:1;KAM-KEL:2;OTT-MON:1;OTT-MON:2,3.0,0.6016927218604369
27087.210641213733,0.0020492522532412514,0.9764061014968902,0.539219687692821,0.7184122493546455,optimal,11.65658848865607,4,2,18,0,0.46415888336127825,101,0.03199689998291433,KAM-KEL:1;KAM-KEL:2;OTT-MON:1;OTT-MON:2,3.0,0.6016927218604369
86962.35896871085,0.012816960396396543,0.9764061014968902,0.539219687692821,0.7184122493546455,optimal,15.022146966801248,4,2,18,0,0.46415888336127825,231,0.06893820001278073,KAM-KEL:1;KAM-KEL:2;OTT-MON:1;OTT-MON:2,3.0,0.6016927218604369
86962.35896871085,0.0020492522532412514,0.9433552066143602,0.539219687692821,0.7184122493546455,optimal,13.292382624670294,4,2,18,0,0.46415888336127825,101,0.028191699995659292,KAM-KEL:1;KAM-KEL:2;OTT-MON:1;OTT-MON:2,3.0,0.5558385838516088
86962.35896871085,0.0020492522532412514,0.9764061014968902,0.718038238491863,0.7184122493546455,optimal,16.674896979497095,4,2,18,0,0.46415888336127825,101,0.027254500018898398,KAM-KEL:1;KAM-KEL:2;OTT-MON:1;OTT-MON:2,3.0,0.6016927218604369
86962.35896871085,0.0020492522532412514,0.9764061014968902,0.539219687692821,0.9229613949917257,optimal,18.42279026083888,4,2,18,0,0.46415888336127825,101,0.02925859997048974,KAM-KEL:1;KAM-KEL:2;OTT-MON:1;OTT-MON:2,3.0,0.8304742987031081
27087.210641213733,0.012816960396396543,0.9433552066143602,0.718038238491863,0.9229613949917257,optimal,17.813812355025476,7,3,18,0,0.23713737056616555,489,0.23549869999988005,CAL-EDM:1;CAL-EDM:2;CAL-EDM:3;KAM-KEL:1;KAM-KEL:2;OTT-MON:1;OTT-MON:2,3.3333333333333335,0.7300992033386745
5043.238000658726,0.01054080311577901,0.9459464229568839,0.7957877019420265,0.9890575190298259,optimal,13.048900478495819,7,3,18,0,0.23713737056616555,505,0.27259750000666827,CAL-EDM:1;CAL-EDM:2;CAL-EDM:3;KAM-KEL:1;KAM-KEL:2;OTT-MON:1;OTT-MON:2,3.3333333333333335,0.8201360399835408
1249.72181436195,0.01054080311577901,0.9459464229568839,0.7957877019420265,0.9890575190298259,optimal,8.476996149588814,4,2,18,0,0.46415888336127825,505,0.2692823999677785,KAM-KEL:1;KAM-KEL:2;OTT-MON:1;OTT-MON:2,3.0,0.8362029396231383
5043.238000658726,0.0010235678685037186,0.9459464229568839,0.7957877019420265,0.9890575190298259,infeasible,-50.0,0,0,18,0,,0,0.0002660999889485538,,,
5043.238000658726,0.01054080311577901,0.9791057509053499,0.7957877019420265,0.9890575190298259,optimal,14.185760744665043,7,3,18,0,0.23713737056616555,513,0.2985389999812469,CAL-EDM:1;CAL-EDM:2;CAL-EDM:3;KAM-KEL:1;KAM-KEL:2;OTT-MON:1;OTT-MON:2,3.3333333333333335,0.9154004931310075
5043.238000658726,0.01054080311577901,0.9459464229568839,0.7771581300534307,0.9890575190298259,optimal,12.809672488933566,7,3,18,0,0.23713737056616555,505,0.2546849000500515,CAL-EDM:1;CAL-EDM:2;CAL-EDM:3;KAM-KEL:1;KAM-KEL:2;OTT-MON:1;OTT-MON:2,3.3333333333333335,0.8201360399835408
5043.238000658726,0.01054080311577901,0.9459464229568839,0.7957877019420265,0.8106854913672432,optimal,10.05256373385318,4,2,18,0,0.46415888336127825,311,0.1193663000012748,KAM-KEL:1;KAM-KEL:2;OTT-MON:1;OTT-MON:2,3.0,0.6438308161218769
1249.72181436195,0.0010235678685037186,0.9791057509053499,0.7771581300534307,0.8106854913672432,infeasible,-50.0,0,0,18,0,,0,0.00037949997931718826,,,
6905.749852230698,0.008483387660065784,0.9719659056831151,0.8816104280296713,0.7559681669613346,optimal,11.309951374714945,4,2,18,0,0.46415888336127825,278,0.0927386999828741,KAM-KEL:1;KAM-KEL:2;OTT-MON:1;OTT-MON:2,3.0,0.6323266364063734
3546.653064871991,0.008483387660065784,0.9719659056831151,0.8816104280296713,0.7559681669613346,optimal,9.387271646507012,4,2,18,0,0.46415888336127825,278,0.10009530000388622,KAM-KEL:1;KAM-KEL:2;OTT-MON:1;OTT-MON:2,3.0,0.6323266364063734
6905.749852230698,0.08866955207028714,0.9719659056831151,0.8816104280296713,0.7559681669613346,optimal,11.309951374714945,4,2,18,0,0.46415888336127825,311,0.11258310003904626,KAM-KEL:1;KAM-KEL:2;OTT-MON:1;OTT-MON:2,3.0,0.6323266364063734
6905.749852230698,0.008483387660065784,0.9741586684770882,0.8816104280296713,0.7559681669613346,optimal,11.385154266236503,4,2,18,0,0.46415888336127825,278,0.09972390002803877,KAM-KEL:1;KAM-KEL:2;OTT-MON:1;OTT-MON:2,3.0,0.6358208476098994
6905.749852230698,0.008483387660065784,0.9719659056831151,0.9368969236500561,0.7559681669613346,optimal,11.66094755134348,4,2,18,0,0.46415888336127825,278,0.08756109996465966,KAM-KEL:1;KAM-KEL:2;OTT-MON:1;OTT-MON:2,3.0,0.6323266364063734
6905.749852230698,0.008483387660065784,0.9719659056831151,0.8816104280296713,0.8625438027754426,optimal,13.74348436058309,7,3,18,0,0.23713737056616555,328,0.11912039999151602,CAL-EDM:1;CAL-EDM:2;CAL-EDM:3;KAM-KEL:1;KAM-KEL:2;OTT-MON:1;OTT-MON:2,3.3333333333333335,0.7195712819029939
3546.653064871991,0.08866955207028714,0.9741586684770882,0.9368969236500561,0.8625438027754426,optimal,11.600047789078275,4,2,18,0,0.46415888336127825,457,0.18919630005257204,KAM-KEL:1;KAM-KEL:2;OTT-MON:1;OTT-MON:2,3.0,0.7522743413095927
58611.437993733794,0.045177612597064376,0.941488681204617,0.6811849577818065,0.9503802858227863,optimal,21.156119038859337,7,3,18,0,0.23713737056616555,577,0.3199752999935299,CAL-EDM:1;CAL-EDM:2;CAL-EDM:3;KAM-KEL:1;KAM-KEL:2;OTT-MON:1;OTT-MON:2,3.3333333333333335,0.7590153081358787
32723.387911908692,0.045177612597064376,0.941488681204617,0.6811849577818065,0.9503802858227863,optimal,18.63353870134356,7,3,18,0,0.23713737056616555,577,0.30002650001551956,CAL-EDM:1;CAL-EDM:2;CAL-EDM:3;KAM-KEL:1;KAM-KEL:2;OTT-MON:1;OTT-MON:2,3.3333333333333335,0.7590153081358787
58611.437993733794,0.00832595846928509,0.941488681204617,0.6811849577818065,0.9503802858227863,optimal,21.156119038859337,7,3,18,0,0.23713737056616555,376,0.18493940000189468,CAL-EDM:1;CAL-EDM:2;CAL-EDM:3;KAM-KEL:1;KAM-KEL:2;OTT-MON:1;OTT-MON:2,3.3333333333333335,0.7590153081358787
58611.437993733794,0.045177612597064376,0.9384665955379605,0.6811849577818065,0.9503802858227863,optimal,21.028835077345054,7,3,18,0,0.23713737056616555,577,0.3184734999667853,CAL-EDM:1;CAL-EDM:2;CAL-EDM:3;KAM-KEL:1;KAM-KEL:2;OTT-MON:1;OTT-MON:2,3.3333333333333335,0.7517017522195385
58611.437993733794,0.045177612597064376,0.941488681204617,0.5442591133527458,0.9503802858227863,optimal,18.88984861762521,7,3,18,0,0.23713737056616555,577,0.32058020000113174,CAL-EDM:1;CAL-EDM:2;CAL-EDM:3;KAM-KEL:1;KAM-KEL:2;OTT-MON:1;OTT-MON:2,3.3333333333333335,0.7590153081358787
58611.437993733794,0.045177612597064376,0.941488681204617,0.6811849577818065,0.8312668819604441,optimal,17.65035096047801,7,3,18,0,0.23713737056616555,311,0.11498830001801252,CAL-EDM:1;CAL-EDM:2;CAL-EDM:3;KAM-KEL:1;KAM-KEL:2;OTT-MON:1;OTT-MON:2,3.3333333333333335,0.6245500113415657
32723.387911908692,0.00832595846928509,0.9384665955379605,0.5442591133527458,0.8312668819604441,optimal,13.393931731103423,4,2,18,0,0.46415888336127825,278,0.09693600004538894,KAM-KEL:1;KAM-KEL:2;OTT-MON:1;OTT-MON:2,3.0,0.6508732243295703
35011.495746521876,0.0014365506676486907,0.99559712042287,0.8103213939815759,0.8885952395861968,infeasible,-50.0,0,0,18,0,,0,0.00038570002652704716,,,
121751.48996746515,0.0014365506676486907,0.99559712042287,0.8103213939815759,0.8885952395861968,infeasible,-50.0,0,0,18,0,,0,0.0002604000037536025,,,
35011.495746521876,0.016204834738664964,0.99559712042287,0.8103213939815759,0.8885952395861968,optimal,21.454482498363678,7,3,18,0,0.23713737056616555,593,0.3378148000338115,CAL-EDM:1;CAL-EDM:2;CAL-EDM:3;KAM-KEL:1;KAM-KEL:2;OTT-MON:1;OTT-MON:2,3.3333333333333335,0.8092146503564915
35011.495746521876,0.0014365506676486907,0.9469718168396503,0.8103213939815759,0.8885952395861968,infeasible,-50.0,0,0,18,0,,0,0.00032240001019090414,,,
35011.495746521876,0.0014365506676486907,0.99559712042287,0.6962041330058127,0.8885952395861968,infeasible,-50.0,0,0,18,0,,0,0.00023230002261698246,,,
35011.495746521876,0.0014365506676486907,0.99559712042287,0.8103213939815759,0.7245928188972175,infeasible,-50.0,0,0,18,0,,0,0.00022490002447739244,,,
121751.48996746515,0.016204834738664964,0.9469718168396503,0.6962041330058127,0.7245928188972175,optimal,16.221058005024272,4,2,18,0,0.46415888336127825,231,0.06523379997815937,KAM-KEL:1;KAM-KEL:2;OTT-MON:1;OTT-MON:2,3.0,0.5660175310020157
2822.7011607952363,0.024220294777242038,0.9261198867913336,0.5255099266767502,0.8177969759861007,optimal,5.3995608189331445,4,2,18,0,0.46415888336127825,311,0.09584490000270307,KAM-KEL:1;KAM-KEL:2;OTT-MON:1;OTT-MON:2,3.0,0.6174849892597376
13471.60183836655,0.024220294777242038,0.9261198867913336,0.5255099266767502,0.8177969759861007,optimal,9.909107019822848,4,2,18,0,0.46415888336127825,311,0.10150940000312403,KAM-KEL:1;KAM-KEL:2;OTT-MON:1;OTT-MON:2,3.0,0.6174849892597376
2822.7011607952363,0.0014944879601146272,0.9261198867913336,0.5255099266767502,0.8177969759861007,infeasible,-50.0,0,0,18,0,,0,0.0004091000300832093,,,
2822.7011607952363,0.024220294777242038,0.9851626852061599,0.5255099266767502,0.8177969759861007,optimal,7.241047833368482,4,2,18,0,0.46415888336127825,368,0.13158059999113902,KAM-KEL:1;KAM-KEL:2;OTT-MON:1;OTT-MON:2,3.0,0.722409736465403
2822.7011607952363,0.024220294777242038,0.9261198867913336,0.74999579959549,0.8177969759861007,optimal,7.452218816238236,4,2,18,0,0.46415888336127825,311,0.10538189997896552,KAM-KEL:1;KAM-KEL:2;OTT-MON:1;OTT-MON:2,3.0,0.6174849892597376
2822.7011607952363,0.024220294777242038,0.9261198867913336,0.5255099266767502,0.9714864615490659,optimal,7.7853930957526085,4,2,18,0,0.46415888336127825,577,0.29477009997935966,KAM-KEL:1;KAM-KEL:2;OTT-MON:1;OTT-MON:2,3.0,0.7685875770904579
13471.60183836655,0.0014944879601146272,0.9851626852061599,0.74999579959549,0.9714864615490659,infeasible,-50.0,0,0,18,0,,0,0.00041149999015033245,,,
1195.206744431285,0.002826248495794493,0.9524479155316949,0.5858132293913514,0.8106134341061115,optimal,4.34453519825458,4,2,18,0,0.46415888336127825,101,0.017418299976270646,KAM-KEL:1;KAM-KEL:2;OTT-MON:1;OTT-MON:2,3.0,0.6548996966217134
1419.7210166740172,0.002826248495794493,0.9524479155316949,0.5858132293913514,0.8106134341061115,optimal,4.841229729217879,4,2,18,0,0.46415888336127825,101,0.018948699987959117,KAM-KEL:1;KAM-KEL:2;OTT-MON:1;OTT-MON:2,3.0,0.6548996966217134
1195.206744431285,0.025582648867433628,0.9524479155316949,0.5858132293913514,0.8106134341061115,optimal,4.34453519825458,4,2,18,0,0.46415888336127825,311,0.12456310004927218,KAM-KEL:1;KAM-KEL:2;OTT-MON:1;OTT-MON:2,3.0,0.6548996966217134
1195.206744431285,0.002826248495794493,0.9574789504986256,0.5858132293913514,0.8106134341061115,optimal,4.503305476631418,4,2,18,0,0.46415888336127825,101,0.01687379996292293,KAM-KEL:1;KAM-KEL:2;OTT-MON:1;OTT-MON:2,3.0,0.6636620079872394
1195.206744431285,0.002826248495794493,0.9524479155316949,0.6387014747597277,0.8106134341061115,optimal,4.843339229443636,4,2,18,0,0.46415888336127825,101,0.016987500013783574,KAM-KEL:1;KAM-KEL:2;OTT-MON:1;OTT-MON:2,3.0,0.6548996966217134
1195.206744431285,0.002826248495794493,0.9524479155316949,0.5858132293913514,0.7979973943140357,optimal,4.101651440679983,4,2,18,0,0.46415888336127825,101,0.018661500012967736,KAM-KEL:1;KAM-KEL:2;OTT-MON:1;OTT-MON:2,3.0,0.6423944029380015
1419.7210166740172,0.025582648867433628,0.9574789504986256,0.6387014747597277,0.7979973943140357,optimal,5.264284766706163,4,2,18,0,0.46415888336127825,311,0.12770670000463724,KAM-KEL:1;KAM-KEL:2;OTT-MON:1;OTT-MON:2,3.0,0.6508860910408076
20292.14576696508,0.01679019281083018,0.9609685900676995,0.7511167282704263,0.8970316078159958,optimal,17.172630251195727,7,3,18,0,0.23713737056616555,505,0.2247512000030838,CAL-EDM:1;CAL-EDM:2;CAL-EDM:3;KAM-KEL:1;KAM-KEL:2;OTT-MON:1;OTT-MON:2,3.3333333333333335,0.7384508850453767
15782.549856005533,0.01679019281083018,0.9609685900676995,0.7511167282704263,0.8970316078159958,optimal,16.08485688934635,7,3,18,0,0.23713737056616555,505,0.24057530000573024,CAL-EDM:1;CAL-EDM:2;CAL-EDM:3;KAM-KEL:1;KAM-KEL:2;OTT-MON:1;OTT-MON:2,3.3333333333333335,0.7384508850453767
20292.14576696508,0.0027740378394616777,0.9609685900676995,0.7511167282704263,0.8970316078159958,optimal,15.48955533488003,4,2,18,0,0.46415888336127825,101,0.021857200015801936,KAM-KEL:1;KAM-KEL:2;OTT-MON:1;OTT-MON:2,3.0,0.7640959809967653
20292.14576696508,0.01679019281083018,0.9950600919816643,0.7511167282704263,0.8970316078159958,optimal,18.482401436218755,7,3,18,0,0.23713737056616555,625,0.37481320003280416,CAL-EDM:1;CAL-EDM:2;CAL-EDM:3;KAM-KEL:1;KAM-KEL:2;OTT-MON:1;OTT-MON:2,3.3333333333333335,0.8201803221391081
20292.14576696508,0.01679019281083018,0.9609685900676995,0.8080692864023149,0.8970316078159958,optimal,17.91072334422344,7,3,18,0,0.23713737056616555,505,0.21964270004536957,CAL-EDM:1;CAL-EDM:2;CAL-EDM:3;KAM-KEL:1;KAM-KEL:2;OTT-MON:1;OTT-MON:2,3.3333333333333335,0.7384508850453767
20292.14576696508,0.01679019281083018,0.9609685900676995,0.7511167282704263,0.9008844205746427,optimal,17.263543035192463,7,3,18,0,0.23713737056616555,505,0.24398550001205876,CAL-EDM:1;CAL-EDM:2;CAL-EDM:3;KAM-KEL:1;KAM-KEL:2;OTT-MON:1;OTT-MON:2,3.3333333333333335,0.7432870228204185
15782.549856005533,0.0027740378394616777,0.9950600919816643,0.8080692864023149,0.9008844205746427,optimal,15.971774530198903,4,2,18,0,0.46415888336127825,101,0.029843600001186132,KAM-KEL:1;KAM-KEL:2;OTT-MON:1;OTT-MON:2,3.0,0.846746020244079
192091.19167527693,0.0051603449575275484,0.9373457087334246,0.6568893454968929,0.9790092751607299,optimal,26.343909342447844,7,3,18,0,0.23713737056616555,197,0.06339260004460812,CAL-EDM:1;CAL-EDM:2;CAL-EDM:3;KAM-KEL:1;KAM-KEL:2;OTT-MON:1;OTT-MON:2,3.3333333333333335,0.7843644366393906
59909.651895959156,0.0051603449575275484,0.9373457087334246,0.6568893454968929,0.9790092751607299,optimal,21.301116312503684,7,3,18,0,0.23713737056616555,197,0.0580142000108026,CAL-EDM:1;CAL-EDM:2;CAL-EDM:3;KAM-KEL:1;KAM-KEL:2;OTT-MON:1;OTT-MON:2,3.3333333333333335,0.7843644366393906
192091.19167527693,0.048432283046643404,0.9373457087334246,0.6568893454968929,0.9790092751607299,optimal,26.343909342447844,7,3,18,0,0.23713737056616555,633,0.3482312000123784,CAL-EDM:1;CAL-EDM:2;CAL-EDM:3;KAM-KEL:1;KAM-KEL:2;OTT-MON:1;OTT-MON:2,3.3333333333333335,0.7843644366393906
192091.19167527693,0.0051603449575275484,0.9645697632580996,0.6568893454968929,0.9790092751607299,optimal,27.351278853056748,7,3,18,0,0.23713737056616555,197,0.06142539996653795,CAL-EDM:1;CAL-EDM:2;CAL-EDM:3;KAM-KEL:1;KAM-KEL:2;OTT-MON:1;OTT-MON:2,3.3333333333333335,0.8577715200592063
192091.19167527693,0.0051603449575275484,0.9373457087334246,0.8831080779898912,0.9790092751607299,optimal,29.332486858901163,7,3,18,0,0.23713737056616555,197,0.06631860003108159,CAL-EDM:1;CAL-EDM:2;CAL-EDM:3;KAM-KEL:1;KAM-KEL:2;OTT-MON:1;OTT-MON:2,3.3333333333333335,0.7843644366393906
192091.19167527693,0.0051603449575275484,0.9373457087334246,0.6568893454968929,0.9380508373919875,optimal,25.476378078941323,7,3,18,0,0.23713737056616555,197,0.06962300004670396,CAL-EDM:1;CAL-EDM:2;CAL-EDM:3;KAM-KEL:1;KAM-KEL:2;OTT-MON:1;OTT-MON:2,3.3333333333333335,0.7342316151536937
59909.651895959156,0.048432283046643404,0.9645697632580996,0.8831080779898912,0.9380508373919875,optimal,24.52900039833007,7,3,18,0,0.23713737056616555,633,0.3818258999963291,CAL-EDM:1;CAL-EDM:2;CAL-EDM:3;KAM-KEL:1;KAM-KEL:2;OTT-MON:1;OTT-MON:2,3.3333333333333335,0.8005565521094793
8585.987966264815,0.09683853286075157,0.9848664110191166,0.9065652158111334,0.7286093927640468,optimal,11.924292892048651,4,2,18,0,0.46415888336127825,311,0.1154557999689132,KAM-KEL:1;KAM-KEL:2;OTT-MON:1;OTT-MON:2,3.0,0.6245348170041027
5278.835944197775,0.09683853286075157,0.9848664110191166,0.9065652158111334,0.7286093927640468,optimal,10.520764251689187,4,2,18,0,0.46415888336127825,311,0.11075599998002872,KAM-KEL:1;KAM-KEL:2;OTT-MON:1;OTT-MON:2,3.0,0.6245348170041027
8585.987966264815,0.005158113208893329,0.9848664110191166,0.9065652158111334,0.7286093927640468,optimal,11.924292892048651,4,2,18,0,0.46415888336127825,173,0.05580650002229959,KAM-KEL:1;KAM-KEL:2;OTT-MON:1;OTT-MON:2,3.0,0.6245348170041027
8585.987966264815,0.09683853286075157,0.9294790841601789,0.9065652158111334,0.7286093927640468,optimal,9.055031141570414,4,2,18,0,0.46415888336127825,231,0.07198030001018196,KAM-KEL:1;KAM-KEL:2;OTT-MON:1;OTT-MON:2,3.0,0.5460705991993486
8585.987966264815,0.09683853286075157,0.9848664110191166,0.5990152163896709,0.7286093927640468,optimal,9.533020268418955,4,2,18,0,0.46415888336127825,311,0.10950530000263825,KAM-KEL:1;KAM-KEL:2;OTT-MON:1;OTT-MON:2,3.0,0.6245348170041027
8585.987966264815,0.09683853286075157,0.9848664110191166,0.9065652158111334,0.7630470219375566,optimal,12.661302244690738,4,2,18,0,0.46415888336127825,311,0.11631469998974353,KAM-KEL:1;KAM-KEL:2;OTT-MON:1;OTT-MON:2,3.0,0.6607761956646923
5278.835944197775,0.005158113208893329,0.9294790841601789,0.5990152163896709,0.7630470219375566,optimal,6.655506330672107,4,2,18,0,0.46415888336127825,165,0.045607600011862814,KAM-KEL:1;KAM-KEL:2;OTT-MON:1;OTT-MON:2,3.0,0.5747194889919731
7802.003083442523,0.002464636597805539,0.9675919748153538,0.8032489821314812,0.9241981109967455,optimal,13.591418915988585,4,2,18,0,0.46415888336127825,101,0.033144399989396334,KAM-KEL:1;KAM-KEL:2;OTT-MON:1;OTT-MON:2,3.0,0.8111000994059147
12290.417450645753,0.002464636597805539,0.9675919748153538,0.8032489821314812,0.9241981109967455,optimal,14.90265380561151,4,2,18,0,0.46415888336127825,101,0.020850099972449243,KAM-KEL:1;KAM-KEL:2;OTT-MON:1;OTT-MON:2,3.0,0.8111000994059147
7802.003083442523,0.03637928157798071,0.9675919748153538,0.8032489821314812,0.9241981109967455,optimal,14.58123799047318,7,3,18,0,0.23713737056616555,601,0.33355260000098497,CAL-EDM:1;CAL-EDM:2;CAL-EDM:3;KAM-KEL:1;KAM-KEL:2;OTT-MON:1;OTT-MON:2,3.3333333333333335,0.7894533931323443
7802.003083442523,0.002464636597805539,0.9371039386373013,0.8032489821314812,0.9241981109967455,optimal,12.873557679543126,4,2,18,0,0.46415888336127825,101,0.03245320002315566,KAM-KEL:1;KAM-KEL:2;OTT-MON:1;OTT-MON:2,3.0,0.7425779197678908
7802.003083442523,0.002464636597805539,0.9675919748153538,0.8278999908827245,0.9241981109967455,optimal,13.765855936999577,4,2,18,0,0.46415888336127825,101,0.024197300022933632,KAM-KEL:1;KAM-KEL:2;OTT-MON:1;OTT-MON:2,3.0,0.8111000994059147
7802.003083442523,0.002464636597805539,0.9675919748153538,0.8032489821314812,0.952285737901926,optimal,13.895898781071924,4,2,18,0,0.46415888336127825,101,0.02519190002931282,KAM-KEL:1;KAM-KEL:2;OTT-MON:1;OTT-MON:2,3.0,0.8457235279382833
12290.417450645753,0.03637928157798071,0.9371039386373013,0.8278999908827245,0.952285737901926,optimal,16.220949007845757,7,3,18,0,0.23713737056616555,577,0.2987622999935411,CAL-EDM:1;CAL-EDM:2;CAL-EDM:3;KAM-KEL:1;KAM-KEL:2;OTT-MON:1;OTT-MON:2,3.3333333333333335,0.7507337885593849
179125.78440047632,0.015170662363681834,0.9541962912715972,0.5325823653489351,0.7821943911099806,optimal,18.385083358735553,7,3,18,0,0.23713737056616555,311,0.10531219997210428,CAL-EDM:1;CAL-EDM:2;CAL-EDM:3;KAM-KEL:1;KAM-KEL:2;OTT-MON:1;OTT-MON:2,3.3333333333333335,0.5962045357423892
133882.41661944726,0.015170662363681834,0.9541962912715972,0.5325823653489351,0.7821943911099806,optimal,17.1250637847426,7,3,18,0,0.23713737056616555,311,0.0984784999745898,CAL-EDM:1;CAL-EDM:2;CAL-EDM:3;KAM-KEL:1;KAM-KEL:2;OTT-MON:1;OTT-MON:2,3.3333333333333335,0.5962045357423892
179125.78440047632,0.003874450071130816,0.9541962912715972,0.5325823653489351,0.7821943911099806,optimal,18.385083358735553,7,3,18,0,0.23713737056616555,141,0.03649769996991381,CAL-EDM:1;CAL-EDM:2;CAL-EDM:3;KAM-KEL:1;KAM-KEL:2;OTT-MON:1;OTT-MON:2,3.3333333333333335,0.5962045357423892
179125.78440047632,0.015170662363681834,0.9752925210688264,0.5325823653489351,0.7821943911099806,optimal,20.219087922978524,7,3,18,0,0.23713737056616555,311,0.10566669999388978,CAL-EDM:1;CAL-EDM:2;CAL-EDM:3;KAM-KEL:1;KAM-KEL:2;OTT-MON:1;OTT-MON:2,3.3333333333333335,0.631304209278308
179125.78440047632,0.015170662363681834,0.9541962912715972,0.6602900722064078,0.7821943911099806,optimal,20.55575042416039,7,3,18,0,0.23713737056616555,311,0.11394459998700768,CAL-EDM:1;CAL-EDM:2;CAL-EDM:3;KAM-KEL:1;KAM-KEL:2;OTT-MON:1;OTT-MON:2,3.3333333333333335,0.5962045357423892
179125.78440047632,0.015170662363681834,0.9541962912715972,0.5325823653489351,0.7774393046898767,optimal,18.004011866647765,7,3,18,0,0.23713737056616555,311,0.11878050002269447,CAL-EDM:1;CAL-EDM:2;CAL-EDM:3;KAM-KEL:1;KAM-KEL:2;OTT-MON:1;OTT-MON:2,3.3333333333333335,0.5914496428146466
133882.41661944726,0.003874450071130816,0.9752925210688264,0.6602900722064078,0.7774393046898767,optimal,20.90587733128607,7,3,18,0,0.23713737056616555,141,0.03625349997309968,CAL-EDM:1;CAL-EDM:2;CAL-EDM:3;KAM-KEL:1;KAM-KEL:2;OTT-MON:1;OTT-MON:2,3.3333333333333335,0.6260538764101288
22215.43810942607,0.004282880474933722,0.9829561607465148,0.8464129357133061,0.7203832317506894,optimal,13.997737278424706,4,2,18,0,0.46415888336127825,157,0.037829099979717284,KAM-KEL:1;KAM-KEL:2;OTT-MON:1;OTT-MON:2,3.0,0.6132776357729746
35224.32031915782,0.004282880474933722,0.9829561607465148,0.8464129357133061,0.7203832317506894,optimal,15.32775583029559,4,2,18,0,0.46415888336127825,157,0.04353419999824837,KAM-KEL:1;KAM-KEL:2;OTT-MON:1;OTT-MON:2,3.0,0.6132776357729746
22215.43810942607,0.019216074901517714,0.9829561607465148,0.8464129357133061,0.7203832317506894,optimal,13.997737278424706,4,2,18,0,0.46415888336127825,311,0.11108729999978095,KAM-KEL:1;KAM-KEL:2;OTT-MON:1;OTT-MON:2,3.0,0.6132776357729746
22215.43810942607,0.004282880474933722,0.9838027920871973,0.8464129357133061,0.7203832317506894,optimal,14.029662457793693,4,2,18,0,0.46415888336127825,157,0.033816899987868965,KAM-KEL:1;KAM-KEL:2;OTT-MON:1;OTT-MON:2,3.0,0.614537947020387
22215.43810942607,0.004282880474933722,0.9829561607465148,0.5801731607411057,0.7203832317506894,optimal,11.818224800783192,4,2,18,0,0.46415888336127825,157,0.04584500001510605,KAM-KEL:1;KAM-KEL:2;OTT-MON:1;OTT-MON:2,3.0,0.6132776357729746
22215.43810942607,0.004282880474933722,0.9829561607465148,0.8464129357133061,0.814299176711589,optimal,17.517601951488786,7,3,18,0,0.23713737056616555,173,0.06074149999767542,CAL-EDM:1;CAL-EDM:2;CAL-EDM:3;KAM-KEL:1;KAM-KEL:2;OTT-MON:1;OTT-MON:2,3.3333333333333335,0.6825769732421506
35224.32031915782,0.019216074901517714,0.9838027920871973,0.5801731607411057,0.814299176711589,optimal,15.740610261822251,7,3,18,0,0.23713737056616555,368,0.13843300001462922,CAL-EDM:1;CAL-EDM:2;CAL-EDM:3;KAM-KEL:1;KAM-KEL:2;OTT-MON:1;OTT-MON:2,3.3333333333333335,0.684220421383872
1288.3446968279857,0.08327480784274856,0.9305604680497199,0.7163824232760816,0.9859655161211267,optimal,7.578570912425586,4,2,18,0,0.46415888336127825,601,0.3296663999790326,KAM-KEL:1;KAM-KEL:2;OTT-MON:1;OTT-MON:2,3.0,0.7947548185228335
3301.1801532790123,0.08327480784274856,0.9305604680497199,0.7163824232760816,0.9859655161211267,optimal,10.293497379695658,4,2,18,0,0.46415888336127825,601,0.3287371000042185,KAM-KEL:1;KAM-KEL:2;OTT-MON:1;OTT-MON:2,3.0,0.7947548185228335
1288.3446968279857,0.0020836827238437106,0.9305604680497199,0.7163824232760816,0.9859655161211267,optimal,7.578570912425586,4,2,18,0,0.46415888336127825,101,0.014401399996131659,KAM-KEL:1;KAM-KEL:2;OTT-MON:1;OTT-MON:2,3.0,0.7947548185228335
1288.3446968279857,0.08327480784274856,0.9481034818552435,0.7163824232760816,0.9859655161211267,optimal,7.973390250700639,4,2,18,0,0.46415888336127825,705,0.48089649999747053,KAM-KEL:1;KAM-KEL:2;OTT-MON:1;OTT-MON:2,3.0,0.8379769989391539
1288.3446968279857,0.08327480784274856,0.9305604680497199,0.8589927189517765,0.9859655161211267,optimal,8.626234760761092,4,2,18,0,0.46415888336127825,601,0.33014380000531673,KAM-KEL:1;KAM-KEL:2;OTT-MON:1;OTT-MON:2,3.0,0.7947548185228335
1288.3446968279857,0.08327480784274856,0.9305604680497199,0.7163824232760816,0.917624401784502,optimal,6.758759770809759,4,2,18,0,0.46415888336127825,457,0.18355650000739843,KAM-KEL:1;KAM-KEL:2;OTT-MON:1;OTT-MON:2,3.0,0.7218538865326616
3301.1801532790123,0.0020836827238437106,0.9481034818552435,0.8589927189517765,0.917624401784502,optimal,10.971285027741631,4,2,18,0,0.46415888336127825,101,0.029897800006438047,KAM-KEL:1;KAM-KEL:2;OTT-MON:1;OTT-MON:2,3.0,0.759291928602962
3090.112369662968,0.00951662046228013,0.9482644146420062,0.6218017768114805,0.9428454420417547,optimal,9.219304285503014,4,2,18,0,0.46415888336127825,417,0.17723839997779578,KAM-KEL:1;KAM-KEL:2;OTT-MON:1;OTT-MON:2,3.0,0.7880445226170185
5806.6796514042135,0.00951662046228013,0.9482644146420062,0.6218017768114805,0.9428454420417547,optimal,11.039412570691557,4,2,18,0,0.46415888336127825,417,0.19663830002536997,KAM-KEL:1;KAM-KEL:2;OTT-MON:1;OTT-MON:2,3.0,0.7880445226170185
3090.112369662968,0.012117433652940763,0.9482644146420062,0.6218017768114805,0.9428454420417547,optimal,9.219304285503014,4,2,18,0,0.46415888336127825,465,0.22069320001173764,KAM-KEL:1;KAM-KEL:2;OTT-MON:1;OTT-MON:2,3.0,0.7880445226170185
3090.112369662968,0.00951662046228013,0.9940018161721528,0.6218017768114805,0.9428454420417547,optimal,10.17284087113341,4,2,18,0,0.46415888336127825,457,0.2520527999731712,KAM-KEL:1;KAM-KEL:2;OTT-MON:1;OTT-MON:2,3.0,0.9008493450373873
3090.112369662968,0.00951662046228013,0.9482644146420062,0.5226696441881359,0.9428454420417547,optimal,8.217082817937364,4,2,18,0,0.46415888336127825,417,0.17845259996829554,KAM-KEL:1;KAM-KEL:2;OTT-MON:1;OTT-MON:2,3.0,0.7880445226170185
3090.112369662968,0.00951662046228013,0.9482644146420062,0.6218017768114805,0.7441348512899131,optimal,5.702910693722874,4,2,18,0,0.46415888336127825,231,0.05619999999180436,KAM-KEL:1;KAM-KEL:2;OTT-MON:1;OTT-MON:2,3.0,0.585150979363342
5806.6796514042135,0.012117433652940763,0.9940018161721528,0.5226696441881359,0.7441348512899131,optimal,8.25690986652673,4,2,18,0,0.46415888336127825,311,0.11832000000867993,KAM-KEL:1;KAM-KEL:2;OTT-MON:1;OTT-MON:2,3.0,0.655417741911551
37738.28548700201,0.04886537648423855,0.9738666295316071,0.9416527576744556,0.7647729307953268,optimal,18.211803437593403,7,3,18,0,0.23713737056616555,311,0.11281580000650138,CAL-EDM:1;CAL-EDM:2;CAL-EDM:3;KAM-KEL:1;KAM-KEL:2;OTT-MON:1;OTT-MON:2,3.3333333333333335,0.6099566002875703
54709.84986620302,0.04886537648423855,0.9738666295316071,0.9416527576744556,0.7647729307953268,optimal,19.819118586532007,7,3,18,0,0.23713737056616555,311,0.10591610003029928,CAL-EDM:1;CAL-EDM:2;CAL-EDM:3;KAM-KEL:1;KAM-KEL:2;OTT-MON:1;OTT-MON:2,3.3333333333333335,0.6099566002875703
37738.28548700201,0.0011175282282875026,0.9738666295316071,0.9416527576744556,0.7647729307953268,infeasible,-50.0,0,0,18,0,,0,0.0002810999867506325,,,
37738.28548700201,0.04886537648423855,0.9589183743670583,0.9416527576744556,0.7647729307953268,optimal,16.48091171474193,7,3,18,0,0.23713737056616555,311,0.10428809997392818,CAL-EDM:1;CAL-EDM:2;CAL-EDM:3;KAM-KEL:1;KAM-KEL:2;OTT-MON:1;OTT-MON:2,3.3333333333333335,0.5862317888333455
37738.28548700201,0.04886537648423855,0.9738666295316071,0.9170653474517166,0.7647729307953268,optimal,17.944609151865958,7,3,18,0,0.23713737056616555,311,0.09989309997763485,CAL-EDM:1;CAL-EDM:2;CAL-EDM:3;KAM-KEL:1;KAM-KEL:2;OTT-MON:1;OTT-MON:2,3.3333333333333335,0.6099566002875703
37738.28548700201,0.04886537648423855,0.9738666295316071,0.9416527576744556,0.9905913899475709,optimal,24.45350546345008,7,3,18,0,0.23713737056616555,809,0.6192827000049874,CAL-EDM:1;CAL-EDM:2;CAL-EDM:3;KAM-KEL:1;KAM-KEL:2;OTT-MON:1;OTT-MON:2,3.3333333333333335,0.9019831827097159
54709.84986620302,0.0011175282282875026,0.9589183743670583,0.9170653474517166,0.9905913899475709,infeasible,-50.0,0,0,18,0,,0,0.0004780999734066427,,,
53261.789900701755,0.0017711243577432257,0.9243619759101421,0.5788506338838488,0.846759604729712,infeasible,-50.0,0,0,18,0,,0,0.0003129999968223274,,,
14685.449492980997,0.0017711243577432257,0.9243619759101421,0.5788506338838488,0.846759604729712,infeasible,-50.0,0,0,18,0,,0,0.000298099999781698,,,
53261.789900701755,0.06630412831876727,0.9243619759101421,0.5788506338838488,0.846759604729712,optimal,14.957956892762052,4,2,18,0,0.46415888336127825,311,0.08750899997539818,KAM-KEL:1;KAM-KEL:2;OTT-MON:1;OTT-MON:2,3.0,0.6409101613959458
53261.789900701755,0.0017711243577432257,0.9284229959268123,0.5788506338838488,0.846759604729712,infeasible,-50.0,0,0,18,0,,0,0.0004951999871991575,,,
53261.789900701755,0.0017711243577432257,0.9243619759101421,0.7741120035294443,0.846759604729712,infeasible,-50.0,0,0,18,0,,0,0.0003689999575726688,,,
53261.789900701755,0.0017711243577432257,0.9243619759101421,0.5788506338838488,0.884223880233243,infeasible,-50.0,0,0,18,0,,0,0.0002982000005431473,,,
14685.449492980997,0.06630412831876727,0.9284229959268123,0.7741120035294443,0.884223880233243,optimal,14.088935287119778,7,3,18,0,0.23713737056616555,368,0.13596749998396263,CAL-EDM:1;CAL-EDM:2;CAL-EDM:3;KAM-KEL:1;KAM-KEL:2;OTT-MON:1;OTT-MON:2,3.3333333333333335,0.6550560663880517
6439.898694209749,0.028792141986402234,0.9889642185494304,0.7580793506000191,0.8608851506579667,optimal,12.586901199083034,7,3,18,0,0.23713737056616555,505,0.23123939998913556,CAL-EDM:1;CAL-EDM:2;CAL-EDM:3;KAM-KEL:1;KAM-KEL:2;OTT-MON:1;OTT-MON:2,3.3333333333333335,0.7547659748429362
1526.74336544198,0.028792141986402234,0.9889642185494304,0.7580793506000191,0.8608851506579667,optimal,8.26385512564331,4,2,18,0,0.46415888336127825,505,0.2201882000081241,KAM-KEL:1;KAM-KEL:2;OTT-MON:1;OTT-MON:2,3.0,0.7816650798054897
6439.898694209749,0.006225873868164032,0.9889642185494304,0.7580793506000191,0.8608851506579667,optimal,12.586901199083034,7,3,18,0,0.23713737056616555,293,0.09618759999284521,CAL-EDM:1;CAL-EDM:2;CAL-EDM:3;KAM-KEL:1;KAM-KEL:2;OTT-MON:1;OTT-MON:2,3.3333333333333335,0.7547659748429362
6439.898694209749,0.028792141986402234,0.9660064233448357,0.7580793506000191,0.8608851506579667,optimal,11.877580285212046,4,2,18,0,0.46415888336127825,457,0.20871179999085143,KAM-KEL:1;KAM-KEL:2;OTT-MON:1;OTT-MON:2,3.0,0.7336360460970013
6439.898694209749,0.028792141986402234,0.9889642185494304,0.7150470335502177,0.8608851506579667,optimal,12.079773053543303,4,2,18,0,0.46415888336127825,505,0.22564300004160032,KAM-KEL:1;KAM-KEL:2;OTT-MON:1;OTT-MON:2,3.0,0.7816650798054897
6439.898694209749,0.028792141986402234,0.9889642185494304,0.7580793506000191,0.8527884823577478,optimal,12.389641342712299,7,3,18,0,0.23713737056616555,505,0.22572719998424873,CAL-EDM:1;CAL-EDM:2;CAL-EDM:3;KAM-KEL:1;KAM-KEL:2;OTT-MON:1;OTT-MON:2,3.3333333333333335,0.7439286019285999
1526.74336544198,0.006225873868164032,0.9660064233448357,0.7150470335502177,0.8527884823577478,optimal,7.27313004233551,4,2,18,0,0.46415888336127825,277,0.08616879995679483,KAM-KEL:1;KAM-KEL:2;OTT-MON:1;OTT-MON:2,3.0,0.7245815832552729
4678.543664991034,0.004141675535527665,0.9291385583747178,0.8999896949157118,0.8080824570553377,optimal,9.866114802954247,4,2,18,0,0.46415888336127825,157,0.04946180002298206,KAM-KEL:1;KAM-KEL:2;OTT-MON:1;OTT-MON:2,3.0,0.6136335917803856
2090.3127183067436,0.004141675535527665,0.9291385583747178,0.8999896949157118,0.8080824570553377,optimal,7.541433348175342,4,2,18,0,0.46415888336127825,157,0.03532329999143258,KAM-KEL:1;KAM-KEL:2;OTT-MON:1;OTT-MON:2,3.0,0.6136335917803856
4678.543664991034,0.017062370630309655,0.9291385583747178,0.8999896949157118,0.8080824570553377,optimal,9.866114802954247,4,2,18,0,0.46415888336127825,311,0.1142219000030309,KAM-KEL:1;KAM-KEL:2;OTT-MON:1;OTT-MON:2,3.0,0.6136335917803856
4678.543664991034,0.004141675535527665,0.9903093432411552,0.8999896949157118,0.8080824570553377,optimal,11.785536604611984,4,2,18,0,0.46415888336127825,173,0.04194239998469129,KAM-KEL:1;KAM-KEL:2;OTT-MON:1;OTT-MON:2,3.0,0.721008258573421
4678.543664991034,0.004141675535527665,0.9291385583747178,0.5552737668622285,0.8080824570553377,optimal,7.079277831202555,4,2,18,0,0.46415888336127825,157,0.05174399999668822,KAM-KEL:1;KAM-KEL:2;OTT-MON:1;OTT-MON:2,3.0,0.6136335917803856
4678.543664991034,0.004141675535527665,0.9291385583747178,0.8999896949157118,0.9056482743602245,optimal,11.593011045117438,4,2,18,0,0.46415888336127825,173,0.05337440001312643,KAM-KEL:1;KAM-KEL:2;OTT-MON:1;OTT-MON:2,3.0,0.7067428593197747
2090.3127183067436,0.017062370630309655,0.9903093432411552,0.5552737668622285,0.9056482743602245,optimal,7.93052708043955,4,2,18,0,0.46415888336127825,625,0.3404249000013806,KAM-KEL:1;KAM-KEL:2;OTT-MON:1;OTT-MON:2,3.0,0.8416110712730259
79432.19894115209,0.06970704550468762,0.993723217882216,0.6643986942246556,0.8984414275018499,optimal,23.131865862332816,7,3,18,0,0.23713737056616555,633,0.4263982999837026,CAL-EDM:1;CAL-EDM:2;CAL-EDM:3;KAM-KEL:1;KAM-KEL:2;OTT-MON:1;OTT-MON:2,3.3333333333333335,0.8188610520188963
43452.05552934447,0.06970704550468762,0.993723217882216,0.6643986942246556,0.8984414275018499,optimal,20.520967314336005,7,3,18,0,0.23713737056616555,633,0.38005139998858795,CAL-EDM:1;CAL-EDM:2;CAL-EDM:3;KAM-KEL:1;KAM-KEL:2;OTT-MON:1;OTT-MON:2,3.3333333333333335,0.8188610520188963
79432.19894115209,0.0013626082390537538,0.993723217882216,0.6643986942246556,0.8984414275018499,infeasible,-50.0,0,0,18,0,,0,0.00029250001534819603,,,
79432.19894115209,0.06970704550468762,0.9527843825258315,0.6643986942246556,0.8984414275018499,optimal,21.515639823852105,7,3,18,0,0.23713737056616555,505,0.2663474999717437,CAL-EDM:1;CAL-EDM:2;CAL-EDM:3;KAM-KEL:1;KAM-KEL:2;OTT-MON:1;OTT-MON:2,3.3333333333333335,0.7218543046002642
79432.19894115209,0.06970704550468762,0.993723217882216,0.9479665054474026,0.8984414275018499,optimal,26.721373793413274,7,3,18,0,0.23713737056616555,633,0.3783236999879591,CAL-EDM:1;CAL-EDM:2;CAL-EDM:3;KAM-KEL:1;KAM-KEL:2;OTT-MON:1;OTT-MON:2,3.3333333333333335,0.8188610520188963
79432.19894115209,0.06970704550468762,0.993723217882216,0.6643986942246556,0.7937744448268785,optimal,20.457916780069088,7,3,18,0,0.23713737056616555,368,0.1410234000068158,CAL-EDM:1;CAL-EDM:2;CAL-EDM:3;KAM-KEL:1;KAM-KEL:2;OTT-MON:1;OTT-MON:2,3.3333333333333335,0.6780967136073262
43452.05552934447,0.0013626082390537538,0.9527843825258315,0.9479665054474026,0.7937744448268785,infeasible,-50.0,0,0,18,0,,0,0.0003016999689862132,,,
49071.845649757626,0.002207962878992783,0.9442004185803234,0.7427800253499299,0.9624641429753974,optimal,18.34988445470467,4,2,18,0,0.46415888336127825,101,0.029354300000704825,KAM-KEL:1;KAM-KEL:2;OTT-MON:1;OTT-MON:2,3.0,0.8009360666839539
164942.9957406299,0.002207962878992783,0.9442004185803234,0.7427800253499299,0.9624641429753974,optimal,21.847884607819452,4,2,18,0,0.46415888336127825,101,0.028879699995741248,KAM-KEL:1;KAM-KEL:2;OTT-MON:1;OTT-MON:2,3.0,0.8009360666839539
49071.845649757626,0.09683614100089147,0.9442004185803234,0.7427800253499299,0.9624641429753974,optimal,21.622217672971995,7,3,18,0,0.23713737056616555,601,0.295541699975729,CAL-EDM:1;CAL-EDM:2;CAL-EDM:3;KAM-KEL:1;KAM-KEL:2;OTT-MON:1;OTT-MON:2,3.3333333333333335,0.7808925255314275
49071.845649757626,0.002207962878992783,0.9247321525271982,0.7427800253499299,0.9624641429753974,optimal,17.881817155808,4,2,18,0,0.46415888336127825,101,0.028936400020029396,KAM-KEL:1;KAM-KEL:2;OTT-MON:1;OTT-MON:2,3.0,0.7558721932949072
49071.845649757626,0.002207962878992783,0.9442004185803234,0.7397501857019961,0.9624641429753974,optimal,18.326296992201357,4,2,18,0,0.46415888336127825,101,0.025045299960765988,KAM-KEL:1;KAM-KEL:2;OTT-MON:1;OTT-MON:2,3.0,0.8009360666839539
49071.845649757626,0.002207962878992783,0.9442004185803234,0.7427800253499299,0.7588678603637963,optimal,14.946115192065417,4,2,18,0,0.46415888336127825,101,0.025346399983391166,KAM-KEL:1;KAM-KEL:2;OTT-MON:1;OTT-MON:2,3.0,0.5925030211723128
164942.9957406299,0.09683614100089147,0.9247321525271982,0.7397501857019961,0.7588678603637963,optimal,17.379586156974334,4,2,18,0,0.46415888336127825,231,0.06506759999319911,KAM-KEL:1;KAM-KEL:2;OTT-MON:1;OTT-MON:2,3.0,0.5644879506136283
2193.368056120183,0.011764203096808618,0.9697851061280817,0.5915681552607566,0.7440334958834574,optimal,5.343176752535576,4,2,18,0,0.46415888336127825,311,0.10062500002095476,KAM-KEL:1;KAM-KEL:2;OTT-MON:1;OTT-MON:2,3.0,0.6170041847439524
7772.173569911116,0.011764203096808618,0.9697851061280817,0.5915681552607566,0.7440334958834574,optimal,8.99351714738112,4,2,18,0,0.46415888336127825,311,0.1252618000144139,KAM-KEL:1;KAM-KEL:2;OTT-MON:1;OTT-MON:2,3.0,0.6170041847439524
2193.368056120183,0.007873773491059088,0.9697851061280817,0.5915681552607566,0.7440334958834574,optimal,5.343176752535576,4,2,18,0,0.46415888336127825,278,0.07415190001484007,KAM-KEL:1;KAM-KEL:2;OTT-MON:1;OTT-MON:2,3.0,0.6170041847439524
2193.368056120183,0.011764203096808618,0.9598713877666741,0.5915681552607566,0.7440334958834574,optimal,4.948542735485214,4,2,18,0,0.46415888336127825,231,0.05178500001784414,KAM-KEL:1;KAM-KEL:2;OTT-MON:1;OTT-MON:2,3.0,0.6020476614294891
2193.368056120183,0.011764203096808618,0.9697851061280817,0.6859035975299775,0.7440334958834574,optimal,6.197022471830843,4,2,18,0,0.46415888336127825,311,0.0904679000377655,KAM-KEL:1;KAM-KEL:2;OTT-MON:1;OTT-MON:2,3.0,0.6170041847439524
2193.368056120183,0.011764203096808618,0.9697851061280817,0.5915681552607566,0.9428234630869702,optimal,8.415298938875807,4,2,18,0,0.46415888336127825,505,0.241798100003507,KAM-KEL:1;KAM-KEL:2;OTT-MON:1;OTT-MON:2,3.0,0.8393140626847467
7772.173569911116,0.007873773491059088,0.9598713877666741,0.6859035975299775,0.9428234630869702,optimal,13.056278739779124,7,3,18,0,0.23713737056616555,367,0.15588749997550622,CAL-EDM:1;CAL-EDM:2;CAL-EDM:3;KAM-KEL:1;KAM-KEL:2;OTT-MON:1;OTT-MON:2,3.3333333333333335,0.795018227493686
1911.4627036548673,0.0010347206764839368,0.9873533529713749,0.5180572295561433,0.7545758002158254,infeasible,-50.0,0,0,18,0,,0,0.0003133999998681247,,,
1345.8998106075671,0.0010347206764839368,0.9873533529713749,0.5180572295561433,0.7545758002158254,infeasible,-50.0,0,0,18,0,,0,0.0001781000173650682,,,
1911.4627036548673,0.04280356036188239,0.9873533529713749,0.5180572295561433,0.7545758002158254,optimal,5.006741636975869,4,2,18,0,0.46415888336127825,311,0.08755299996118993,KAM-KEL:1;KAM-KEL:2;OTT-MON:1;OTT-MON:2,3.0,0.6557982758753725
1911.4627036548673,0.0010347206764839368,0.9334064030591399,0.5180572295561433,0.7545758002158254,infeasible,-50.0,0,0,18,0,,0,0.00025270000332966447,,,
1911.4627036548673,0.0010347206764839368,0.9873533529713749,0.7972743552643806,0.7545758002158254,infeasible,-50.0,0,0,18,0,,0,0.00015699997311457992,,,
1911.4627036548673,0.0010347206764839368,0.9873533529713749,0.5180572295561433,0.8276306838840246,infeasible,-50.0,0,0,18,0,,0,0.00012830004561692476,,,
1345.8998106075671,0.04280356036188239,0.9334064030591399,0.7972743552643806,0.8276306838840246,optimal,6.146467292004079,4,2,18,0,0.46415888336127825,311,0.08110569999553263,KAM-KEL:1;KAM-KEL:2;OTT-MON:1;OTT-MON:2,3.0,0.6386760413208958
16223.093053667508,0.019426880039417765,0.9349371388722212,0.8169501332566143,0.9528936816342175,optimal,17.20810405771126,7,3,18,0,0.23713737056616555,577,0.31476549996295944,CAL-EDM:1;CAL-EDM:2;CAL-EDM:3;KAM-KEL:1;KAM-KEL:2;OTT-MON:1;OTT-MON:2,3.3333333333333335,0.7462653033790888
25233.590123998532,0.019426880039417765,0.9349371388722212,0.8169501332566143,0.9528936816342175,optimal,19.119993782298177,7,3,18,0,0.23713737056616555,577,0.289673599996604,CAL-EDM:1;CAL-EDM:2;CAL-EDM:3;KAM-KEL:1;KAM-KEL:2;OTT-MON:1;OTT-MON:2,3.3333333333333335,0.7462653033790888
16223.093053667508,0.005264045477453485,0.9349371388722212,0.8169501332566143,0.9528936816342175,optimal,17.20810405771126,7,3,18,0,0.23713737056616555,197,0.06622749997768551,CAL-EDM:1;CAL-EDM:2;CAL-EDM:3;KAM-KEL:1;KAM-KEL:2;OTT-MON:1;OTT-MON:2,3.3333333333333335,0.7462653033790888
16223.093053667508,0.019426880039417765,0.9691641776692123,0.8169501332566143,0.9528936816342175,optimal,18.542454512345955,7,3,18,0,0.23713737056616555,705,0.4430078000295907,CAL-EDM:1;CAL-EDM:2;CAL-EDM:3;KAM-KEL:1;KAM-KEL:2;OTT-MON:1;OTT-MON:2,3.3333333333333335,0.8331448866312723
16223.093053667508,0.019426880039417765,0.9349371388722212,0.6278516220394522,0.9528936816342175,optimal,14.549333492917462,7,3,18,0,0.23713737056616555,577,0.29429130000062287,CAL-EDM:1;CAL-EDM:2;CAL-EDM:3;KAM-KEL:1;KAM-KEL:2;OTT-MON:1;OTT-MON:2,3.3333333333333335,0.7462653033790888
16223.093053667508,0.019426880039417765,0.9349371388722212,0.8169501332566143,0.8678944133175537,optimal,14.911511633432875,7,3,18,0,0.23713737056616555,368,0.15295530000003055,CAL-EDM:1;CAL-EDM:2;CAL-EDM:3;KAM-KEL:1;KAM-KEL:2;OTT-MON:1;OTT-MON:2,3.3333333333333335,0.6505451983298612
25233.590123998532,0.005264045477453485,0.9691641776692123,0.6278516220394522,0.8678944133175537,optimal,15.938892927384545,7,3,18,0,0.23713737056616555,197,0.0641563999815844,CAL-EDM:1;CAL-EDM:2;CAL-EDM:3;KAM-KEL:1;KAM-KEL:2;OTT-MON:1;OTT-MON:2,3.3333333333333335,0.7202186117162345
126487.69340926807,0.005947736982642072,0.9637580007072538,0.6754798103589564,0.8731887177061289,optimal,23.54925809649137,7,3,18,0,0.23713737056616555,237,0.07566360000055283,CAL-EDM:1;CAL-EDM:2;CAL-EDM:3;KAM-KEL:1;KAM-KEL:2;OTT-MON:1;OTT-MON:2,3.3333333333333335,0.7151192919477328
93883.91181107538,0.005947736982642072,0.9637580007072538,0.6754798103589564,0.8731887177061289,optimal,22.25911660198626,7,3,18,0,0.23713737056616555,237,0.08259840001119301,CAL-EDM:1;CAL-EDM:2;CAL-EDM:3;KAM-KEL:1;KAM-KEL:2;OTT-MON:1;OTT-MON:2,3.3333333333333335,0.7151192919477328
126487.69340926807,0.02517215291259863,0.9637580007072538,0.6754798103589564,0.8731887177061289,optimal,23.54925809649137,7,3,18,0,0.23713737056616555,457,0.20370429998729378,CAL-EDM:1;CAL-EDM:2;CAL-EDM:3;KAM-KEL:1;KAM-KEL:2;OTT-MON:1;OTT-MON:2,3.3333333333333335,0.7151192919477328
126487.69340926807,0.005947736982642072,0.9801063002459705,0.6754798103589564,0.8731887177061289,optimal,24.248273454082923,7,3,18,0,0.23713737056616555,253,0.09327660000417382,CAL-EDM:1;CAL-EDM:2;CAL-EDM:3;KAM-KEL:1;KAM-KEL:2;OTT-MON:1;OTT-MON:2,3.3333333333333335,0.7511639000561369
126487.69340926807,0.005947736982642072,0.9637580007072538,0.609041101206094,0.8731887177061289,optimal,22.503646696431744,7,3,18,0,0.23713737056616555,237,0.08330289996229112,CAL-EDM:1;CAL-EDM:2;CAL-EDM:3;KAM-KEL:1;KAM-KEL:2;OTT-MON:1;OTT-MON:2,3.3333333333333335,0.7151192919477328
126487.69340926807,0.005947736982642072,0.9637580007072538,0.6754798103589564,0.9767932916618883,optimal,25.757404963081516,7,3,18,0,0.23713737056616555,262,0.0997378999600187,CAL-EDM:1;CAL-EDM:2;CAL-EDM:3;KAM-KEL:1;KAM-KEL:2;OTT-MON:1;OTT-MON:2,3.3333333333333335,0.8523122134653969
93883.91181107538,0.02517215291259863,0.9801063002459705,0.609041101206094,0.9767932916618883,optimal,23.968233511252723,7,3,18,0,0.23713737056616555,809,0.6656216999981552,CAL-EDM:1;CAL-EDM:2;CAL-EDM:3;KAM-KEL:1;KAM-KEL:2;OTT-MON:1;OTT-MON:2,3.3333333333333335,0.8993397186622031
10197.729079475415,0.03527191900136698,0.9503417771644891,0.8900072090793401,0.8343246552310883,optimal,13.516971271237312,7,3,18,0,0.23713737056616555,368,0.14649160002591088,CAL-EDM:1;CAL-EDM:2;CAL-EDM:3;KAM-KEL:1;KAM-KEL:2;OTT-MON:1;OTT-MON:2,3.3333333333333335,0.643783964303848
5112.309692175664,0.03527191900136698,0.9503417771644891,0.8900072090793401,0.8343246552310883,optimal,11.30494406585662,4,2,18,0,0.46415888336127825,368,0.15956589998677373,KAM-KEL:1;KAM-KEL:2;OTT-MON:1;OTT-MON:2,3.0,0.6750869086023484
10197.729079475415,0.003151903875520778,0.9503417771644891,0.8900072090793401,0.8343246552310883,optimal,13.516971271237312,7,3,18,0,0.23713737056616555,125,0.037380599998869,CAL-EDM:1;CAL-EDM:2;CAL-EDM:3;KAM-KEL:1;KAM-KEL:2;OTT-MON:1;OTT-MON:2,3.3333333333333335,0.643783964303848
10197.729079475415,0.03527191900136698,0.9419735089242458,0.8900072090793401,0.8343246552310883,optimal,13.037894781224292,4,2,18,0,0.46415888336127825,311,0.1210531999822706,KAM-KEL:1;KAM-KEL:2;OTT-MON:1;OTT-MON:2,3.0,0.6600303785025963
10197.729079475415,0.03527191900136698,0.9503417771644891,0.8931888910941779,0.8343246552310883,optimal,13.553009273054334,7,3,18,0,0.23713737056616555,368,0.1601896000211127,CAL-EDM:1;CAL-EDM:2;CAL-EDM:3;KAM-KEL:1;KAM-KEL:2;OTT-MON:1;OTT-MON:2,3.3333333333333335,0.643783964303848
10197.729079475415,0.03527191900136698,0.9503417771644891,0.8900072090793401,0.7209478585338219,optimal,10.543105881388744,4,2,18,0,0.46415888336127825,231,0.07286489999387413,KAM-KEL:1;KAM-KEL:2;OTT-MON:1;OTT-MON:2,3.0,0.5674061133849793
5112.309692175664,0.003151903875520778,0.9419735089242458,0.8931888910941779,0.7209478585338219,optimal,8.044810689924219,4,2,18,0,0.46415888336127825,117,0.032585900044068694,KAM-KEL:1;KAM-KEL:2;OTT-MON:1;OTT-MON:2,3.0,0.5561636248413084
13956.223180561143,0.00703933246075719,0.9977362700216472,0.5697292134165763,0.99348773982469,optimal,15.855166844574523,7,3,18,0,0.23713737056616555,367,0.1605268000275828,CAL-EDM:1;CAL-EDM:2;CAL-EDM:3;KAM-KEL:1;KAM-KEL:2;OTT-MON:1;OTT-MON:2,3.3333333333333335,0.981254929135996
21378.91566648434,0.00703933246075719,0.9977362700216472,0.5697292134165763,0.99348773982469,optimal,17.701007168925937,7,3,18,0,0.23713737056616555,367,0.17277419997844845,CAL-EDM:1;CAL-EDM:2;CAL-EDM:3;KAM-KEL:1;KAM-KEL:2;OTT-MON:1;OTT-MON:2,3.3333333333333335,0.981254929135996
13956.223180561143,0.003218821689919202,0.9977362700216472,0.5697292134165763,0.99348773982469,optimal,15.855166844574523,7,3,18,0,0.23713737056616555,125,0.03514829999767244,CAL-EDM:1;CAL-EDM:2;CAL-EDM:3;KAM-KEL:1;KAM-KEL:2;OTT-MON:1;OTT-MON:2,3.3333333333333335,0.981254929135996
13956.223180561143,0.00703933246075719,0.9824103844705969,0.5697292134165763,0.99348773982469,optimal,15.392275246267605,7,3,18,0,0.23713737056616555,367,0.16952480003237724,CAL-EDM:1;CAL-EDM:2;CAL-EDM:3;KAM-KEL:1;KAM-KEL:2;OTT-MON:1;OTT-MON:2,3.3333333333333335,0.9325407895334389
13956.223180561143,0.00703933246075719,0.9977362700216472,0.9233932442963123,0.99348773982469,optimal,20.731848400697782,7,3,18,0,0.23713737056616555,367,0.1614065999747254,CAL-EDM:1;CAL-EDM:2;CAL-EDM:3;KAM-KEL:1;KAM-KEL:2;OTT-MON:1;OTT-MON:2,3.3333333333333335,0.981254929135996
13956.223180561143,0.00703933246075719,0.9977362700216472,0.5697292134165763,0.9803037920026109,optimal,15.648294363651768,7,3,18,0,0.23713737056616555,367,0.1679114000289701,CAL-EDM:1;CAL-EDM:2;CAL-EDM:3;KAM-KEL:1;KAM-KEL:2;OTT-MON:1;OTT-MON:2,3.3333333333333335,0.9588463007695195
21378.91566648434,0.003218821689919202,0.9824103844705969,0.9233932442963123,0.9803037920026109,optimal,21.89943385382322,7,3,18,0,0.23713737056616555,125,0.030650500033516437,CAL-EDM:1;CAL-EDM:2;CAL-EDM:3;KAM-KEL:1;KAM-KEL:2;OTT-MON:1;OTT-MON:2,3.3333333333333335,0.911665273143678
118479.88809759312,0.03748510586133681,0.9258396960180253,0.7700576413422823,0.7141660440703853,optimal,14.439132851276021,4,2,18,0,0.46415888336127825,231,0.06186340004205704,KAM-KEL:1;KAM-KEL:2;OTT-MON:1;OTT-MON:2,3.0,0.5299026165346625
1139.9434482782274,0.03748510586133681,0.9258396960180253,0.7700576413422823,0.7141660440703853,optimal,1.0400606157899133,4,2,18,0,0.46415888336127825,231,0.05370950000360608,KAM-KEL:1;KAM-KEL:2;OTT-MON:1;OTT-MON:2,3.0,0.5299026165346625
118479.88809759312,0.03958619751243175,0.9258396960180253,0.7700576413422823,0.7141660440703853,optimal,14.439132851276021,4,2,18,0,0.46415888336127825,231,0.06936969998059794,KAM-KEL:1;KAM-KEL:2;OTT-MON:1;OTT-MON:2,3.0,0.5299026165346625
118479.88809759312,0.03748510586133681,0.9399741030465811,0.7700576413422823,0.7141660440703853,optimal,15.794660831961094,4,2,18,0,0.46415888336127825,231,0.06323639996116981,KAM-KEL:1;KAM-KEL:2;OTT-MON:1;OTT-MON:2,3.0,0.5478339761481896
118479.88809759312,0.03748510586133681,0.9258396960180253,0.5307280017063022,0.7141660440703853,optimal,12.291157764834734,4,2,18,0,0.46415888336127825,231,0.058441000001039356,KAM-KEL:1;KAM-KEL:2;OTT-MON:1;OTT-MON:2,3.0,0.5299026165346625
118479.88809759312,0.03748510586133681,0.9258396960180253,0.7700576413422823,0.7336887698695064,optimal,15.644916944509946,4,2,18,0,0.46415888336127825,231,0.05761200003325939,KAM-KEL:1;KAM-KEL:2;OTT-MON:1;OTT-MON:2,3.0,0.5454148392960723
1139.9434482782274,0.03958619751243175,0.9399741030465811,0.5307280017063022,0.7336887698695064,optimal,1.1029719768020765,4,2,18,0,0.46415888336127825,231,0.056649900041520596,KAM-KEL:1;KAM-KEL:2;OTT-MON:1;OTT-MON:2,3.0,0.5643399561248181
17322.465825218133,0.0012983522075458362,0.972922167757526,0.6375132708344609,0.7935949780503287,infeasible,-50.0,0,0,18,0,,0,0.00024120003217831254,,,
4332.931102506188,0.0012983522075458362,0.972922167757526,0.6375132708344609,0.7935949780503287,infeasible,-50.0,0,0,18,0,,0,0.00014030002057552338,,,
17322.465825218133,0.0018929403118666433,0.972922167757526,0.6375132708344609,0.7935949780503287,infeasible,-50.0,0,0,18,0,,0,0.0001700000138953328,,,
17322.465825218133,0.0012983522075458362,0.9314450922720134,0.6375132708344609,0.7935949780503287,infeasible,-50.0,0,0,18,0,,0,0.00011840002844110131,,,
17322.465825218133,0.0012983522075458362,0.972922167757526,0.6824342527892441,0.7935949780503287,infeasible,-50.0,0,0,18,0,,0,0.0001373999984934926,,,
17322.465825218133,0.0012983522075458362,0.972922167757526,0.6375132708344609,0.8401100710770115,infeasible,-50.0,0,0,18,0,,0,0.0001162000116892159,,,
4332.931102506188,0.0018929403118666433,0.9314450922720134,0.6824342527892441,0.8401100710770115,infeasible,-50.0,0,0,18,0,,0,0.00016080000204965472,,,
1396.461530625912,0.021888917796134298,0.9400255843102933,0.9222054871264844,0.9140149147575721,optimal,8.650863183868903,4,2,18,0,0.46415888336127825,457,0.17623420001473278,KAM-KEL:1;KAM-KEL:2;OTT-MON:1;OTT-MON:2,3.0,0.7379548273639788
79597.72189419596,0.021888917796134298,0.9400255843102933,0.9222054871264844,0.9140149147575721,optimal,24.636453183789175,7,3,18,0,0.23713737056616555,457,0.19739169999957085,CAL-EDM:1;CAL-EDM:2;CAL-EDM:3;KAM-KEL:1;KAM-KEL:2;OTT-MON:1;OTT-MON:2,3.3333333333333335,0.712081006513151
1396.461530625912,0.02370268756512348,0.9400255843102933,0.9222054871264844,0.9140149147575721,optimal,8.650863183868903,4,2,18,0,0.46415888336127825,457,0.20798490004381165,KAM-KEL:1;KAM-KEL:2;OTT-MON:1;OTT-MON:2,3.0,0.7379548273639788
1396.461530625912,0.021888917796134298,0.971430185109377,0.9222054871264844,0.9140149147575721,optimal,9.392131072401714,4,2,18,0,0.46415888336127825,601,0.3559589000069536,KAM-KEL:1;KAM-KEL:2;OTT-MON:1;OTT-MON:2,3.0,0.8076567545197058
1396.461530625912,0.021888917796134298,0.9400255843102933,0.7363082833122462,0.9140149147575721,optimal,7.351749911063292,4,2,18,0,0.46415888336127825,457,0.21366299997316673,KAM-KEL:1;KAM-KEL:2;OTT-MON:1;OTT-MON:2,3.0,0.7379548273639788
1396.461530625912,0.021888917796134298,0.9400255843102933,0.9222054871264844,0.8716667115055025,optimal,8.058422183182396,4,2,18,0,0.46415888336127825,368,0.12862289999611676,KAM-KEL:1;KAM-KEL:2;OTT-MON:1;OTT-MON:2,3.0,0.6937863861389748
79597.72189419596,0.02370268756512348,0.971430185109377,0.7363082833122462,0.8716667115055025,optimal,22.715519853714785,7,3,18,0,0.23713737056616555,505,0.24483570002485067,CAL-EDM:1;CAL-EDM:2;CAL-EDM:3;KAM-KEL:1;KAM-KEL:2;OTT-MON:1;OTT-MON:2,3.3333333333333335,0.7298695461871768
2415.4606177938513,0.001889845611450937,0.9394458983521908,0.8627853821963072,0.8673902797792107,infeasible,-50.0,0,0,18,0,,0,0.0004333000397309661,,,
51233.59509970199,0.001889845611450937,0.9394458983521908,0.8627853821963072,0.8673902797792107,infeasible,-50.0,0,0,18,0,,0,0.00033730000723153353,,,
2415.4606177938513,0.0012773066029104735,0.9394458983521908,0.8627853821963072,0.8673902797792107,infeasible,-50.0,0,0,18,0,,0,0.000228599994443357,,,
2415.4606177938513,0.001889845611450937,0.9218565584048629,0.8627853821963072,0.8673902797792107,infeasible,-50.0,0,0,18,0,,0,0.00028579996433109045,,,
2415.4606177938513,0.001889845611450937,0.9394458983521908,0.6242654662579298,0.8673902797792107,infeasible,-50.0,0,0,18,0,,0,0.0002883000415749848,,,
2415.4606177938513,0.001889845611450937,0.9394458983521908,0.8627853821963072,0.7721692506829276,infeasible,-50.0,0,0,18,0,,0,0.00028310000197961926,,,
51233.59509970199,0.0012773066029104735,0.9218565584048629,0.6242654662579298,0.7721692506829276,infeasible,-50.0,0,0,18,0,,0,0.00020899996161460876,,,
41019.500651860966,0.011226317732846639,0.9845490083508194,0.6975925512611866,0.8389669481217861,optimal,19.017849488914663,7,3,18,0,0.23713737056616555,401,0.17784650000976399,CAL-EDM:1;CAL-EDM:2;CAL-EDM:3;KAM-KEL:1;KAM-KEL:2;OTT-MON:1;OTT-MON:2,3.3333333333333335,0.7164622387933294
2463.8311192210076,0.011226317732846639,0.9845490083508194,0.6975925512611866,0.8389669481217861,optimal,8.773546100896693,4,2,18,0,0.46415888336127825,401,0.1678216999862343,KAM-KEL:1;KAM-KEL:2;OTT-MON:1;OTT-MON:2,3.0,0.7459404217310412
41019.500651860966,0.010201173265831533,0.9845490083508194,0.6975925512611866,0.8389669481217861,optimal,19.017849488914663,7,3,18,0,0.23713737056616555,393,0.16495970002142712,CAL-EDM:1;CAL-EDM:2;CAL-EDM:3;KAM-KEL:1;KAM-KEL:2;OTT-MON:1;OTT-MON:2,3.3333333333333335,0.7164622387933294
41019.500651860966,0.011226317732846639,0.9624423035420477,0.6975925512611866,0.8389669481217861,optimal,17.947245226771777,7,3,18,0,0.23713737056616555,352,0.12862329999916255,CAL-EDM:1;CAL-EDM:2;CAL-EDM:3;KAM-KEL:1;KAM-KEL:2;OTT-MON:1;OTT-MON:2,3.3333333333333335,0.6718716608113535
41019.500651860966,0.011226317732846639,0.9845490083508194,0.793715695478022,0.8389669481217861,optimal,20.32151338321294,7,3,18,0,0.23713737056616555,401,0.17930760001763701,CAL-EDM:1;CAL-EDM:2;CAL-EDM:3;KAM-KEL:1;KAM-KEL:2;OTT-MON:1;OTT-MON:2,3.3333333333333335,0.7164622387933294
41019.500651860966,0.011226317732846639,0.9845490083508194,0.6975925512611866,0.9468944413419813,optimal,21.378975930935187,7,3,18,0,0.23713737056616555,537,0.3373651000438258,CAL-EDM:1;CAL-EDM:2;CAL-EDM:3;KAM-KEL:1;KAM-KEL:2;OTT-MON:1;OTT-MON:2,3.3333333333333335,0.8664556638704627
2463.8311192210076,0.010201173265831533,0.9624423035420477,0.793715695478022,0.9468944413419813,optimal,10.335228532738912,4,2,18,0,0.46415888336127825,465,0.23146029998315498,KAM-KEL:1;KAM-KEL:2;OTT-MON:1;OTT-MON:2,3.0,0.8264076086348686
95040.04564808829,0.003254648692288708,0.9532890085577965,0.795227868342772,0.7752287495750934,optimal,18.981415789059973,7,3,18,0,0.23713737056616555,125,0.03186079999431968,CAL-EDM:1;CAL-EDM:2;CAL-EDM:3;KAM-KEL:1;KAM-KEL:2;OTT-MON:1;OTT-MON:2,3.3333333333333335,0.5878267718850441
9179.240965584286,0.003254648692288708,0.9532890085577965,0.795227868342772,0.7752287495750934,optimal,11.293371398462455,4,2,18,0,0.46415888336127825,125,0.04153370001586154,KAM-KEL:1;KAM-KEL:2;OTT-MON:1;OTT-MON:2,3.0,0.6216539080379101
95040.04564808829,0.007249260945369755,0.9532890085577965,0.795227868342772,0.7752287495750934,optimal,18.981415789059973,7,3,18,0,0.23713737056616555,278,0.09282590000657365,CAL-EDM:1;CAL-EDM:2;CAL-EDM:3;KAM-KEL:1;KAM-KEL:2;OTT-MON:1;OTT-MON:2,3.3333333333333335,0.5878267718850441
95040.04564808829,0.003254648692288708,0.9929183358009904,0.795227868342772,0.7752287495750934,optimal,22.337476322085912,7,3,18,0,0.23713737056616555,125,0.03200840001227334,CAL-EDM:1;CAL-EDM:2;CAL-EDM:3;KAM-KEL:1;KAM-KEL:2;OTT-MON:1;OTT-MON:2,3.3333333333333335,0.654195038340296
95040.04564808829,0.003254648692288708,0.9532890085577965,0.8685127144213766,0.7752287495750934,optimal,19.87166635911749,7,3,18,0,0.23713737056616555,125,0.029472899972461164,CAL-EDM:1;CAL-EDM:2;CAL-EDM:3;KAM-KEL:1;KAM-KEL:2;OTT-MON:1;OTT-MON:2,3.3333333333333335,0.5878267718850441
95040.04564808829,0.003254648692288708,0.9532890085577965,0.795227868342772,0.9099810515316203,optimal,24.408262290989956,7,3,18,0,0.23713737056616555,125,0.031951800046954304,CAL-EDM:1;CAL-EDM:2;CAL-EDM:3;KAM-KEL:1;KAM-KEL:2;OTT-MON:1;OTT-MON:2,3.3333333333333335,0.7370469088381325
9179.240965584286,0.007249260945369755,0.9929183358009904,0.8685127144213766,0.9099810515316203,optimal,16.70009258655464,7,3,18,0,0.23713737056616555,367,0.1664905000361614,CAL-EDM:1;CAL-EDM:2;CAL-EDM:3;KAM-KEL:1;KAM-KEL:2;OTT-MON:1;OTT-MON:2,3.3333333333333335,0.8337811669047336
4247.703680907562,0.061071594062738425,0.959392146596685,0.5456576234195382,0.9311547240242362,optimal,9.503508435411558,4,2,18,0,0.46415888336127825,601,0.3646352000068873,KAM-KEL:1;KAM-KEL:2;OTT-MON:1;OTT-MON:2,3.0,0.8002756605810658
194865.1664853069,0.061071594062738425,0.959392146596685,0.5456576234195382,0.9311547240242362,optimal,24.43246790801049,7,3,18,0,0.23713737056616555,601,0.34787979995599017,CAL-EDM:1;CAL-EDM:2;CAL-EDM:3;KAM-KEL:1;KAM-KEL:2;OTT-MON:1;OTT-MON:2,3.3333333333333335,0.7784000871992697
4247.703680907562,0.058946980660476635,0.959392146596685,0.5456576234195382,0.9311547240242362,optimal,9.503508435411558,4,2,18,0,0.46415888336127825,601,0.3307765000499785,KAM-KEL:1;KAM-KEL:2;OTT-MON:1;OTT-MON:2,3.0,0.8002756605810658
4247.703680907562,0.061071594062738425,0.9498706933129579,0.5456576234195382,0.9311547240242362,optimal,9.285400452525824,4,2,18,0,0.46415888336127825,577,0.33142689999658614,KAM-KEL:1;KAM-KEL:2;OTT-MON:1;OTT-MON:2,3.0,0.7784143452638587
4247.703680907562,0.061071594062738425,0.959392146596685,0.5843923668842763,0.9311547240242362,optimal,9.899273747789355,4,2,18,0,0.46415888336127825,601,0.3679372000042349,KAM-KEL:1;KAM-KEL:2;OTT-MON:1;OTT-MON:2,3.0,0.8002756605810658
4247.703680907562,0.061071594062738425,0.959392146596685,0.5456576234195382,0.8068143099341542,optimal,7.742928027742774,4,2,18,0,0.46415888336127825,311,0.1165917000034824,KAM-KEL:1;KAM-KEL:2;OTT-MON:1;OTT-MON:2,3.0,0.6631271973769188
194865.1664853069,0.058946980660476635,0.9498706933129579,0.5843923668842763,0.8068143099341542,optimal,20.789444643517864,7,3,18,0,0.23713737056616555,311,0.1049502000096254,CAL-EDM:1;CAL-EDM:2;CAL-EDM:3;KAM-KEL:1;KAM-KEL:2;OTT-MON:1;OTT-MON:2,3.3333333333333335,0.6140368141914908
6000.063988288217,0.0013486685361118937,0.9586753007620573,0.6839411919936538,0.7331874129353091,infeasible,-50.0,0,0,18,0,,0,0.00028000003658235073,,,
64489.8690616641,0.0013486685361118937,0.9586753007620573,0.6839411919936538,0.7331874129353091,infeasible,-50.0,0,0,18,0,,0,0.00014379998901858926,,,
6000.063988288217,0.001611363167674324,0.9586753007620573,0.6839411919936538,0.7331874129353091,infeasible,-50.0,0,0,18,0,,0,0.00018630002159625292,,,
6000.063988288217,0.0013486685361118937,0.9255475389547646,0.6839411919936538,0.7331874129353091,infeasible,-50.0,0,0,18,0,,0,0.00012989999959245324,,,
6000.063988288217,0.0013486685361118937,0.9586753007620573,0.6496692642103881,0.7331874129353091,infeasible,-50.0,0,0,18,0,,0,0.00011799996718764305,,,
6000.063988288217,0.0013486685361118937,0.9586753007620573,0.6839411919936538,0.8619305439898743,infeasible,-50.0,0,0,18,0,,0,0.00011749996338039637,,,
64489.8690616641,0.001611363167674324,0.9255475389547646,0.6496692642103881,0.8619305439898743,infeasible,-50.0,0,0,18,0,,0,0.000159399991389364,,,
73282.40418982909,0.02626725441060737,0.9647602605763823,0.8773705961182714,0.9743174799727277,optimal,26.026620815502294,7,3,18,0,0.23713737056616555,753,0.5680910000228323,CAL-EDM:1;CAL-EDM:2;CAL-EDM:3;KAM-KEL:1;KAM-KEL:2;OTT-MON:1;OTT-MON:2,3.3333333333333335,0.8515742653896009
6846.9738918602425,0.02626725441060737,0.9647602605763823,0.8773705961182714,0.9743174799727277,optimal,15.766835559827115,7,3,18,0,0.23713737056616555,753,0.5608173999935389,CAL-EDM:1;CAL-EDM:2;CAL-EDM:3;KAM-KEL:1;KAM-KEL:2;OTT-MON:1;OTT-MON:2,3.3333333333333335,0.8515742653896009
73282.40418982909,0.014860522996340041,0.9647602605763823,0.8773705961182714,0.9743174799727277,optimal,26.026620815502294,7,3,18,0,0.23713737056616555,681,0.5041206000023521,CAL-EDM:1;CAL-EDM:2;CAL-EDM:3;KAM-KEL:1;KAM-KEL:2;OTT-MON:1;OTT-MON:2,3.3333333333333335,0.8515742653896009
73282.40418982909,0.02626725441060737,0.9685771833732725,0.8773705961182714,0.9743174799727277,optimal,26.157912267674803,7,3,18,0,0.23713737056616555,769,0.6006320000160486,CAL-EDM:1;CAL-EDM:2;CAL-EDM:3;KAM-KEL:1;KAM-KEL:2;OTT-MON:1;OTT-MON:2,3.3333333333333335,0.8622982778776528
73282.40418982909,0.02626725441060737,0.9647602605763823,0.8173066185321658,0.9743174799727277,optimal,25.310458237390947,7,3,18,0,0.23713737056616555,753,0.5337553000426851,CAL-EDM:1;CAL-EDM:2;CAL-EDM:3;KAM-KEL:1;KAM-KEL:2;OTT-MON:1;OTT-MON:2,3.3333333333333335,0.8515742653896009
73282.40418982909,0.02626725441060737,0.9647602605763823,0.8773705961182714,0.821825280925259,optimal,22.322680844871478,7,3,18,0,0.23713737056616555,368,0.1411789000267163,CAL-EDM:1;CAL-EDM:2;CAL-EDM:3;KAM-KEL:1;KAM-KEL:2;OTT-MON:1;OTT-MON:2,3.3333333333333335,0.6567639899486252
6846.9738918602425,0.014860522996340041,0.9685771833732725,0.8173066185321658,0.821825280925259,optimal,11.97449966560572,4,2,18,0,0.46415888336127825,368,0.14691940002376214,KAM-KEL:1;KAM-KEL:2;OTT-MON:1;OTT-MON:2,3.0,0.6955092610540899
27432.83113107701,0.007822384928901596,0.9335541120301932,0.502126868115738,0.8926155945314094,optimal,13.2679099658539,4,2,18,0,0.46415888336127825,302,0.111361300048884,KAM-KEL:1;KAM-KEL:2;OTT-MON:1;OTT-MON:2,3.0,0.7024026224820528
1803.6720033224012,0.007822384928901596,0.9335541120301932,0.502126868115738,0.8926155945314094,optimal,5.414120755892135,4,2,18,0,0.46415888336127825,302,0.09600349998800084,KAM-KEL:1;KAM-KEL:2;OTT-MON:1;OTT-MON:2,3.0,0.7024026224820528
27432.83113107701,0.008817060431626106,0.9335541120301932,0.502126868115738,0.8926155945314094,optimal,13.2679099658539,4,2,18,0,0.46415888336127825,302,0.10790000000270084,KAM-KEL:1;KAM-KEL:2;OTT-MON:1;OTT-MON:2,3.0,0.7024026224820528
27432.83113107701,0.007822384928901596,0.9966106715817005,0.502126868115738,0.8926155945314094,optimal,15.684416111380012,7,3,18,0,0.23713737056616555,367,0.1826858000131324,CAL-EDM:1;CAL-EDM:2;CAL-EDM:3;KAM-KEL:1;KAM-KEL:2;OTT-MON:1;OTT-MON:2,3.3333333333333335,0.8176130923466367
27432.83113107701,0.007822384928901596,0.9335541120301932,0.8413512011989951,0.8926155945314094,optimal,18.190667444292334,7,3,18,0,0.23713737056616555,302,0.1010404999833554,CAL-EDM:1;CAL-EDM:2;CAL-EDM:3;KAM-KEL:1;KAM-KEL:2;OTT-MON:1;OTT-MON:2,3.3333333333333335,0.6742834992997481
27432.83113107701,0.007822384928901596,0.9335541120301932,0.502126868115738,0.7128729018988087,optimal,8.483025117874488,4,2,18,0,0.46415888336127825,222,0.06345839996356517,KAM-KEL:1;KAM-KEL:2;OTT-MON:1;OTT-MON:2,3.0,0.5385495402325702
1803.6720033224012,0.008817060431626106,0.9966106715817005,0.8413512011989951,0.7128729018988087,optimal,7.02506617028569,4,2,18,0,0.46415888336127825,278,0.0777601000154391,KAM-KEL:1;KAM-KEL:2;OTT-MON:1;OTT-MON:2,3.0,0.6259969010491427
3316.0800799549693,0.04812247330711551,0.9786390995942056,0.8361768197733909,0.8148629158260301,optimal,10.174159557166067,4,2,18,0,0.46415888336127825,368,0.14872609998565167,KAM-KEL:1;KAM-KEL:2;OTT-MON:1;OTT-MON:2,3.0,0.7066505628501139
17343.738302236932,0.04812247330711551,0.9786390995942056,0.8361768197733909,0.8148629158260301,optimal,16.121658619483938,7,3,18,0,0.23713737056616555,368,0.14667149999877438,CAL-EDM:1;CAL-EDM:2;CAL-EDM:3;KAM-KEL:1;KAM-KEL:2;OTT-MON:1;OTT-MON:2,3.3333333333333335,0.6749368878061989
3316.0800799549693,0.08278953377563324,0.9786390995942056,0.8361768197733909,0.8148629158260301,optimal,10.174159557166067,4,2,18,0,0.46415888336127825,368,0.14610809995792806,KAM-KEL:1;KAM-KEL:2;OTT-MON:1;OTT-MON:2,3.0,0.7066505628501139
3316.0800799549693,0.04812247330711551,0.9560048409011215,0.8361768197733909,0.8148629158260301,optimal,9.531743583726008,4,2,18,0,0.46415888336127825,311,0.11230460001388565,KAM-KEL:1;KAM-KEL:2;OTT-MON:1;OTT-MON:2,3.0,0.6654029890835527
3316.0800799549693,0.04812247330711551,0.9786390995942056,0.5625591322779655,0.8148629158260301,optimal,7.886946358359343,4,2,18,0,0.46415888336127825,368,0.14762860001064837,KAM-KEL:1;KAM-KEL:2;OTT-MON:1;OTT-MON:2,3.0,0.7066505628501139
3316.0800799549693,0.04812247330711551,0.9786390995942056,0.8361768197733909,0.9685970753673464,optimal,12.511280194470853,7,3,18,0,0.23713737056616555,785,0.6103086000075564,CAL-EDM:1;CAL-EDM:2;CAL-EDM:3;KAM-KEL:1;KAM-KEL:2;OTT-MON:1;OTT-MON:2,3.3333333333333335,0.8825232340502739
17343.738302236932,0.08278953377563324,0.9560048409011215,0.5625591322779655,0.9685970753673464,optimal,14.884111855437236,7,3,18,0,0.23713737056616555,705,0.4802108000149019,CAL-EDM:1;CAL-EDM:2;CAL-EDM:3;KAM-KEL:1;KAM-KEL:2;OTT-MON:1;OTT-MON:2,3.3333333333333335,0.8196708095521164
1071.210753345809,0.00559607430688361,0.9779284746292979,0.7275070691481232,0.8221833938993514,optimal,6.204835854247609,4,2,18,0,0.46415888336127825,229,0.07239859999390319,KAM-KEL:1;KAM-KEL:2;OTT-MON:1;OTT-MON:2,3.0,0.7135333643396956
113401.9223580147,0.00559607430688361,0.9779284746292979,0.7275070691481232,0.8221833938993514,optimal,23.041733354541183,7,3,18,0,0.23713737056616555,229,0.07488329999614507,CAL-EDM:1;CAL-EDM:2;CAL-EDM:3;KAM-KEL:1;KAM-KEL:2;OTT-MON:1;OTT-MON:2,3.3333333333333335,0.6823202026496986
1071.210753345809,0.004859572984830978,0.9779284746292979,0.7275070691481232,0.8221833938993514,optimal,6.204835854247609,4,2,18,0,0.46415888336127825,189,0.051114800036884844,KAM-KEL:1;KAM-KEL:2;OTT-MON:1;OTT-MON:2,3.0,0.7135333643396956
1071.210753345809,0.00559607430688361,0.9861070320587605,0.7275070691481232,0.8221833938993514,optimal,6.410806959175343,4,2,18,0,0.46415888336127825,237,0.07192350004334003,KAM-KEL:1;KAM-KEL:2;OTT-MON:1;OTT-MON:2,3.0,0.7293334915221625
1071.210753345809,0.00559607430688361,0.9779284746292979,0.8995268005412071,0.8221833938993514,optimal,7.429655850869954,4,2,18,0,0.46415888336127825,229,0.059024699963629246,KAM-KEL:1;KAM-KEL:2;OTT-MON:1;OTT-MON:2,3.0,0.7135333643396956
1071.210753345809,0.00559607430688361,0.9779284746292979,0.7275070691481232,0.7838965911148116,optimal,5.570101755270322,4,2,18,0,0.46415888336127825,213,0.04389499995158985,KAM-KEL:1;KAM-KEL:2;OTT-MON:1;OTT-MON:2,3.0,0.6713676105164403
113401.9223580147,0.004859572984830978,0.9861070320587605,0.8995268005412071,0.7838965911148116,optimal,24.290518233667996,7,3,18,0,0.23713737056616555,189,0.05301919998601079,CAL-EDM:1;CAL-EDM:2;CAL-EDM:3;KAM-KEL:1;KAM-KEL:2;OTT-MON:1;OTT-MON:2,3.3333333333333335,0.6522337898404026
24595.658603878786,0.09092074718019916,0.9450119648724795,0.6114558009430766,0.8843052164521068,optimal,14.858462783553207,7,3,18,0,0.23713737056616555,457,0.2011930999578908,CAL-EDM:1;CAL-EDM:2;CAL-EDM:3;KAM-KEL:1;KAM-KEL:2;OTT-MON:1;OTT-MON:2,3.3333333333333335,0.6886366904310351
10413.568131883865,0.09092074718019916,0.9450119648724795,0.6114558009430766,0.8843052164521068,optimal,11.807058302473497,4,2,18,0,0.46415888336127825,457,0.20217820000834763,KAM-KEL:1;KAM-KEL:2;OTT-MON:1;OTT-MON:2,3.0,0.7167224489280768
24595.658603878786,0.05175242111345598,0.9450119648724795,0.6114558009430766,0.8843052164521068,optimal,14.858462783553207,7,3,18,0,0.23713737056616555,457,0.19320570002309978,CAL-EDM:1;CAL-EDM:2;CAL-EDM:3;KAM-KEL:1;KAM-KEL:2;OTT-MON:1;OTT-MON:2,3.3333333333333335,0.6886366904310351
24595.658603878786,0.09092074718019916,0.9461039388272912,0.6114558009430766,0.8843052164521068,optimal,14.913653920967395,7,3,18,0,0.23713737056616555,457,0.225676600006409,CAL-EDM:1;CAL-EDM:2;CAL-EDM:3;KAM-KEL:1;KAM-KEL:2;OTT-MON:1;OTT-MON:2,3.3333333333333335,0.6909086938822409
24595.658603878786,0.09092074718019916,0.9450119648724795,0.5051585329230874,0.8843052164521068,optimal,13.18488871117465,4,2,18,0,0.46415888336127825,457,0.19397940003545955,KAM-KEL:1;KAM-KEL:2;OTT-MON:1;OTT-MON:2,3.0,0.7167224489280768
24595.658603878786,0.09092074718019916,0.9450119648724795,0.6114558009430766,0.8958916803076863,optimal,15.17489824926138,7,3,18,0,0.23713737056616555,457,0.20716809999430552,CAL-EDM:1;CAL-EDM:2;CAL-EDM:3;KAM-KEL:1;KAM-KEL:2;OTT-MON:1;OTT-MON:2,3.3333333333333335,0.7019207767389409
10413.568131883865,0.05175242111345598,0.9461039388272912,0.5051585329230874,0.8958916803076863,optimal,10.892773015578864,4,2,18,0,0.46415888336127825,457,0.2068167999968864,KAM-KEL:1;KAM-KEL:2;OTT-MON:1;OTT-MON:2,3.0,0.7312943393257829
161816.40884169066,0.003010263341998634,0.9920739105604589,0.9095480371732264,0.945840617429465,optimal,30.225314290219444,7,3,18,0,0.23713737056616555,125,0.028773300000466406,CAL-EDM:1;CAL-EDM:2;CAL-EDM:3;KAM-KEL:1;KAM-KEL:2;OTT-MON:1;OTT-MON:2,3.3333333333333335,0.8860140806348088
2798.7871734947535,0.003010263341998634,0.9920739105604589,0.9095480371732264,0.945840617429465,optimal,12.665077345158677,7,3,18,0,0.23713737056616555,125,0.03848310001194477,CAL-EDM:1;CAL-EDM:2;CAL-EDM:3;KAM-KEL:1;KAM-KEL:2;OTT-MON:1;OTT-MON:2,3.3333333333333335,0.8860140806348088
161816.40884169066,0.0025668955704187175,0.9920739105604589,0.9095480371732264,0.945840617429465,optimal,23.781979291675043,4,2,18,0,0.46415888336127825,101,0.02393970004050061,KAM-KEL:1;KAM-KEL:2;OTT-MON:1;OTT-MON:2,3.0,0.8999124893339056
161816.40884169066,0.003010263341998634,0.9351424721032381,0.9095480371732264,0.945840617429465,optimal,28.09975558759878,7,3,18,0,0.23713737056616555,125,0.028961799980606884,CAL-EDM:1;CAL-EDM:2;CAL-EDM:3;KAM-KEL:1;KAM-KEL:2;OTT-MON:1;OTT-MON:2,3.3333333333333335,0.7383318117826766
161816.40884169066,0.003010263341998634,0.9920739105604589,0.7045429812744259,0.945840617429465,optimal,27.646079501002127,7,3,18,0,0.23713737056616555,125,0.029307299992069602,CAL-EDM:1;CAL-EDM:2;CAL-EDM:3;KAM-KEL:1;KAM-KEL:2;OTT-MON:1;OTT-MON:2,3.3333333333333335,0.8860140806348088
161816.40884169066,0.003010263341998634,0.9920739105604589,0.9095480371732264,0.9308520391574129,optimal,29.95454821261813,7,3,18,0,0.23713737056616555,125,0.03774270002031699,CAL-EDM:1;CAL-EDM:2;CAL-EDM:3;KAM-KEL:1;KAM-KEL:2;OTT-MON:1;OTT-MON:2,3.3333333333333335,0.8629044253232262
2798.7871734947535,0.0025668955704187175,0.9351424721032381,0.7045429812744259,0.9308520391574129,optimal,9.192549377931094,4,2,18,0,0.46415888336127825,101,0.023021699977107346,KAM-KEL:1;KAM-KEL:2;OTT-MON:1;OTT-MON:2,3.0,0.7454290327539259
9381.995938923043,0.015483034126369295,0.9201573916506023,0.6528623812366277,0.7606917471569031,optimal,8.160097808751964,4,2,18,0,0.46415888336127825,231,0.07070620002923533,KAM-KEL:1;KAM-KEL:2;OTT-MON:1;OTT-MON:2,3.0,0.5596173709826293
29853.718862736405,0.015483034126369295,0.9201573916506023,0.6528623812366277,0.7606917471569031,optimal,11.499985562784026,4,2,18,0,0.46415888336127825,231,0.0646773999906145,KAM-KEL:1;KAM-KEL:2;OTT-MON:1;OTT-MON:2,3.0,0.5596173709826293
9381.995938923043,0.02783252834222404,0.9201573916506023,0.6528623812366277,0.7606917471569031,optimal,8.160097808751964,4,2,18,0,0.46415888336127825,231,0.07698389998404309,KAM-KEL:1;KAM-KEL:2;OTT-MON:1;OTT-MON:2,3.0,0.5596173709826293
9381.995938923043,0.015483034126369295,0.9775586656592786,0.6528623812366277,0.7606917471569031,optimal,10.748095386705591,4,2,18,0,0.46415888336127825,311,0.12507910002022982,KAM-KEL:1;KAM-KEL:2;OTT-MON:1;OTT-MON:2,3.0,0.6461858274678849
9381.995938923043,0.015483034126369295,0.9201573916506023,0.7636354405432939,0.7606917471569031,optimal,9.06451839380913,4,2,18,0,0.46415888336127825,231,0.06986650003818795,KAM-KEL:1;KAM-KEL:2;OTT-MON:1;OTT-MON:2,3.0,0.5596173709826293
9381.995938923043,0.015483034126369295,0.9201573916506023,0.6528623812366277,0.7467379700653255,optimal,7.556415753238256,4,2,18,0,0.46415888336127825,231,0.06548960000509396,KAM-KEL:1;KAM-KEL:2;OTT-MON:1;OTT-MON:2,3.0,0.5483625973853299
29853.718862736405,0.02783252834222404,0.9775586656592786,0.7636354405432939,0.7467379700653255,optimal,14.693152513850745,4,2,18,0,0.46415888336127825,311,0.09938679996412247,KAM-KEL:1;KAM-KEL:2;OTT-MON:1;OTT-MON:2,3.0,0.6317842395451584
9704.80473591503,0.006055487030767347,0.9760692045278847,0.9270063173025846,0.9365782402046025,optimal,17.529615902757058,7,3,18,0,0.23713737056616555,294,0.10605030000442639,CAL-EDM:1;CAL-EDM:2;CAL-EDM:3;KAM-KEL:1;KAM-KEL:2;OTT-MON:1;OTT-MON:2,3.3333333333333335,0.8283326803681175
4920.171746104469,0.006055487030767347,0.9760692045278847,0.9270063173025846,0.9365782402046025,optimal,14.58964437340686,7,3,18,0,0.23713737056616555,294,0.1190414999728091,CAL-EDM:1;CAL-EDM:2;CAL-EDM:3;KAM-KEL:1;KAM-KEL:2;OTT-MON:1;OTT-MON:2,3.3333333333333335,0.8283326803681175
9704.80473591503,0.008986264408849523,0.9760692045278847,0.9270063173025846,0.9365782402046025,optimal,17.529615902757058,7,3,18,0,0.23713737056616555,400,0.20343639998463914,CAL-EDM:1;CAL-EDM:2;CAL-EDM:3;KAM-KEL:1;KAM-KEL:2;OTT-MON:1;OTT-MON:2,3.3333333333333335,0.8283326803681175
9704.80473591503,0.006055487030767347,0.964806577347219,0.9270063173025846,0.9365782402046025,optimal,17.12023378408623,7,3,18,0,0.23713737056616555,294,0.11645910004153848,CAL-EDM:1;CAL-EDM:2;CAL-EDM:3;KAM-KEL:1;KAM-KEL:2;OTT-MON:1;OTT-MON:2,3.3333333333333335,0.7991649473149455
9704.80473591503,0.006055487030767347,0.9760692045278847,0.8663315240293741,0.9365782402046025,optimal,16.845996214193296,7,3,18,0,0.23713737056616555,294,0.12682060000952333,CAL-EDM:1;CAL-EDM:2;CAL-EDM:3;KAM-KEL:1;KAM-KEL:2;OTT-MON:1;OTT-MON:2,3.3333333333333335,0.8283326803681175
9704.80473591503,0.006055487030767347,0.9760692045278847,0.9270063173025846,0.8164855199344456,optimal,14.569194400794276,7,3,18,0,0.23713737056616555,253,0.08876940002664924,CAL-EDM:1;CAL-EDM:2;CAL-EDM:3;KAM-KEL:1;KAM-KEL:2;OTT-MON:1;OTT-MON:2,3.3333333333333335,0.6719479616052307
4920.171746104469,0.008986264408849523,0.964806577347219,0.8663315240293741,0.8164855199344456,optimal,11.164040152194081,4,2,18,0,0.46415888336127825,302,0.1109948999946937,KAM-KEL:1;KAM-KEL:2;OTT-MON:1;OTT-MON:2,3.0,0.682852636890315
156434.14418596154,0.03223905047266778,0.9456095261331647,0.635143805295229,0.7699105925317853,optimal,17.745114591831225,4,2,18,0,0.46415888336127825,311,0.10887080000247806,KAM-KEL:1;KAM-KEL:2;OTT-MON:1;OTT-MON:2,3.0,0.6046946397811128
89919.000208312,0.03223905047266778,0.9456095261331647,0.635143805295229,0.7699105925317853,optimal,16.147399515957318,4,2,18,0,0.46415888336127825,311,0.11095129995374009,KAM-KEL:1;KAM-KEL:2;OTT-MON:1;OTT-MON:2,3.0,0.6046946397811128
156434.14418596154,0.08437705008401536,0.9456095261331647,0.635143805295229,0.7699105925317853,optimal,17.745114591831225,4,2,18,0,0.46415888336127825,311,0.1111819000216201,KAM-KEL:1;KAM-KEL:2;OTT-MON:1;OTT-MON:2,3.0,0.6046946397811128
156434.14418596154,0.03223905047266778,0.9292422799505293,0.635143805295229,0.7699105925317853,optimal,16.977595367728448,4,2,18,0,0.46415888336127825,231,0.06589710002299398,KAM-KEL:1;KAM-KEL:2;OTT-MON:1;OTT-MON:2,3.0,0.5802419164612563
156434.14418596154,0.03223905047266778,0.9456095261331647,0.5874575974419713,0.7699105925317853,optimal,17.29472038045801,4,2,18,0,0.46415888336127825,311,0.09966040001017973,KAM-KEL:1;KAM-KEL:2;OTT-MON:1;OTT-MON:2,3.0,0.6046946397811128
156434.14418596154,0.03223905047266778,0.9456095261331647,0.635143805295229,0.9193728177612648,optimal,24.18015984087954,7,3,18,0,0.23713737056616555,505,0.2498366999789141,CAL-EDM:1;CAL-EDM:2;CAL-EDM:3;KAM-KEL:1;KAM-KEL:2;OTT-MON:1;OTT-MON:2,3.3333333333333335,0.7309413279677838
89919.000208312,0.08437705008401536,0.9292422799505293,0.5874575974419713,0.9193728177612648,optimal,20.221194188955305,7,3,18,0,0.23713737056616555,457,0.20662170002469793,CAL-EDM:1;CAL-EDM:2;CAL-EDM:3;KAM-KEL:1;KAM-KEL:2;OTT-MON:1;OTT-MON:2,3.3333333333333335,0.6946357903680078
24921.12951041171,0.0011320626593797672,0.9914762291479856,0.7733025799039751,0.8494008994065225,infeasible,-50.0,0,0,18,0,,0,0.0004072000156156719,,,
24135.49256059801,0.0011320626593797672,0.9914762291479856,0.7733025799039751,0.8494008994065225,infeasible,-50.0,0,0,18,0,,0,0.0002516999957151711,,,
24921.12951041171,0.001583370817477603,0.9914762291479856,0.7733025799039751,0.8494008994065225,infeasible,-50.0,0,0,18,0,,0,0.00029150000773370266,,,
24921.12951041171,0.0011320626593797672,0.9572611787971109,0.7733025799039751,0.8494008994065225,infeasible,-50.0,0,0,18,0,,0,0.00022350001381710172,,,
24921.12951041171,0.0011320626593797672,0.9914762291479856,0.6255947736557573,0.8494008994065225,infeasible,-50.0,0,0,18,0,,0,0.00021929998183622956,,,
24921.12951041171,0.0011320626593797672,0.9914762291479856,0.7733025799039751,0.9565653733611107,infeasible,-50.0,0,0,18,0,,0,0.00021520000882446766,,,
24135.49256059801,0.001583370817477603,0.9572611787971109,0.6255947736557573,0.9565653733611107,infeasible,-50.0,0,0,18,0,,0,0.0003038999857380986,,,
1057.219374786846,0.019081222564081703,0.9220165599063039,0.5658107227180154,0.8571317559909075,optimal,3.6268626372115897,4,2,18,0,0.46415888336127825,311,0.0917520999792032,KAM-KEL:1;KAM-KEL:2;OTT-MON:1;OTT-MON:2,3.0,0.6463807634859553
1293.6010223336907,0.019081222564081703,0.9220165599063039,0.5658107227180154,0.8571317559909075,optimal,4.209098546555305,4,2,18,0,0.46415888336127825,311,0.09585270000388846,KAM-KEL:1;KAM-KEL:2;OTT-MON:1;OTT-MON:2,3.0,0.6463807634859553
1057.219374786846,0.014602078964493496,0.9220165599063039,0.5658107227180154,0.8571317559909075,optimal,3.6268626372115897,4,2,18,0,0.46415888336127825,311,0.09865040000295267,KAM-KEL:1;KAM-KEL:2;OTT-MON:1;OTT-MON:2,3.0,0.6463807634859553
1057.219374786846,0.019081222564081703,0.9952778549659997,0.5658107227180154,0.8571317559909075,optimal,5.6061135308497985,4,2,18,0,0.46415888336127825,505,0.23595590004697442,KAM-KEL:1;KAM-KEL:2;OTT-MON:1;OTT-MON:2,3.0,0.7906638033153524
1057.219374786846,0.019081222564081703,0.9220165599063039,0.7932601335924119,0.8571317559909075,optimal,5.576760751320437,4,2,18,0,0.46415888336127825,311,0.10524259996600449,KAM-KEL:1;KAM-KEL:2;OTT-MON:1;OTT-MON:2,3.0,0.6463807634859553
1057.219374786846,0.019081222564081703,0.9220165599063039,0.5658107227180154,0.7815612863404676,optimal,1.8678882432546073,4,2,18,0,0.46415888336127825,231,0.053641999955289066,KAM-KEL:1;KAM-KEL:2;OTT-MON:1;OTT-MON:2,3.0,0.5795668162791243
1293.6010223336907,0.014602078964493496,0.9952778549659997,0.7932601335924119,0.7815612863404676,optimal,7.052748902763042,4,2,18,0,0.46415888336127825,368,0.1188747999840416,KAM-KEL:1;KAM-KEL:2;OTT-MON:1;OTT-MON:2,3.0,0.6995295048351076
3190.5368106221144,0.0021685247777825482,0.9568543956931681,0.5476957783102989,0.9192454863516614,optimal,8.503247258100625,4,2,18,0,0.46415888336127825,101,0.02385850000428036,KAM-KEL:1;KAM-KEL:2;OTT-MON:1;OTT-MON:2,3.0,0.780554954676814
7480.135056433847,0.0021685247777825482,0.9568543956931681,0.5476957783102989,0.9192454863516614,optimal,10.961777537273813,4,2,18,0,0.46415888336127825,101,0.024770599964540452,KAM-KEL:1;KAM-KEL:2;OTT-MON:1;OTT-MON:2,3.0,0.780554954676814
3190.5368106221144,0.0027096596435807283,0.9568543956931681,0.5476957783102989,0.9192454863516614,optimal,8.503247258100625,4,2,18,0,0.46415888336127825,101,0.0346935999696143,KAM-KEL:1;KAM-KEL:2;OTT-MON:1;OTT-MON:2,3.0,0.780554954676814
3190.5368106221144,0.0021685247777825482,0.9473609659615905,0.5476957783102989,0.9192454863516614,optimal,8.277747777534618,4,2,18,0,0.46415888336127825,101,0.024212700023781508,KAM-KEL:1;KAM-KEL:2;OTT-MON:1;OTT-MON:2,3.0,0.7594638685504667
3190.5368106221144,0.0021685247777825482,0.9568543956931681,0.6793689996004104,0.9192454863516614,optimal,9.746529769619183,4,2,18,0,0.46415888336127825,101,0.03754839999601245,KAM-KEL:1;KAM-KEL:2;OTT-MON:1;OTT-MON:2,3.0,0.780554954676814
3190.5368106221144,0.0021685247777825482,0.9568543956931681,0.5476957783102989,0.881058752508834,optimal,8.02120545595269,4,2,18,0,0.46415888336127825,101,0.016183200001250952,KAM-KEL:1;KAM-KEL:2;OTT-MON:1;OTT-MON:2,3.0,0.7373905474932567
7480.135056433847,0.0027096596435807283,0.9473609659615905,0.6793689996004104,0.881058752508834,optimal,11.477352972061468,4,2,18,0,0.46415888336127825,101,0.03434630000265315,KAM-KEL:1;KAM-KEL:2;OTT-MON:1;OTT-MON:2,3.0,0.7180153707585306
28512.311896767478,0.012871832188769215,0.9653956286795438,0.7903188873082398,0.7882590473191813,optimal,15.819646199895631,7,3,18,0,0.23713737056616555,311,0.11104459996568039,CAL-EDM:1;CAL-EDM:2;CAL-EDM:3;KAM-KEL:1;KAM-KEL:2;OTT-MON:1;OTT-MON:2,3.3333333333333335,0.6209915125814268
157975.71527327516,0.012871832188769215,0.9653956286795438,0.7903188873082398,0.7882590473191813,optimal,23.229783807292957,7,3,18,0,0.23713737056616555,311,0.1076129000284709,CAL-EDM:1;CAL-EDM:2;CAL-EDM:3;KAM-KEL:1;KAM-KEL:2;OTT-MON:1;OTT-MON:2,3.3333333333333335,0.6209915125814268
28512.311896767478,0.02938109664899491,0.9653956286795438,0.7903188873082398,0.7882590473191813,optimal,15.819646199895631,7,3,18,0,0.23713737056616555,311,0.10824919998412952,CAL-EDM:1;CAL-EDM:2;CAL-EDM:3;KAM-KEL:1;KAM-KEL:2;OTT-MON:1;OTT-MON:2,3.3333333333333335,0.6209915125814268
28512.311896767478,0.012871832188769215,0.9847735262047499,0.7903188873082398,0.7882590473191813,optimal,17.098795116697985,7,3,18,0,0.23713737056616555,368,0.1462720999843441,CAL-EDM:1;CAL-EDM:2;CAL-EDM:3;KAM-KEL:1;KAM-KEL:2;OTT-MON:1;OTT-MON:2,3.3333333333333335,0.6549374602981023
28512.311896767478,0.012871832188769215,0.9653956286795438,0.7384894644841551,0.7882590473191813,optimal,15.134643368198772,7,3,18,0,0.23713737056616555,311,0.12473460001638159,CAL-EDM:1;CAL-EDM:2;CAL-EDM:3;KAM-KEL:1;KAM-KEL:2;OTT-MON:1;OTT-MON:2,3.3333333333333335,0.6209915125814268
28512.311896767478,0.012871832188769215,0.9653956286795438,0.7903188873082398,0.8497810084419325,optimal,18.117013477235,7,3,18,0,0.23713737056616555,449,0.1924693000037223,CAL-EDM:1;CAL-EDM:2;CAL-EDM:3;KAM-KEL:1;KAM-KEL:2;OTT-MON:1;OTT-MON:2,3.3333333333333335,0.6903560318437499
157975.71527327516,0.02938109664899491,0.9847735262047499,0.7384894644841551,0.8497810084419325,optimal,25.725068956210265,7,3,18,0,0.23713737056616555,457,0.1954799000523053,CAL-EDM:1;CAL-EDM:2;CAL-EDM:3;KAM-KEL:1;KAM-KEL:2;OTT-MON:1;OTT-MON:2,3.3333333333333335,0.7308449875415457
71981.31789533136,0.003785286089396984,0.9329186606779695,0.7016260592732578,0.7244771191282198,optimal,13.780581739629572,4,2,18,0,0.46415888336127825,133,0.039694299979601055,KAM-KEL:1;KAM-KEL:2;OTT-MON:1;OTT-MON:2,3.0,0.5471897049154638
41561.50715516733,0.003785286089396984,0.9329186606779695,0.7016260592732578,0.7244771191282198,optimal,12.195832650431747,4,2,18,0,0.46415888336127825,133,0.036158000002615154,KAM-KEL:1;KAM-KEL:2;OTT-MON:1;OTT-MON:2,3.0,0.5471897049154638
71981.31789533136,0.0046076212901967565,0.9329186606779695,0.7016260592732578,0.7244771191282198,optimal,13.780581739629572,4,2,18,0,0.46415888336127825,165,0.03968070005066693,KAM-KEL:1;KAM-KEL:2;OTT-MON:1;OTT-MON:2,3.0,0.5471897049154638
71981.31789533136,0.003785286089396984,0.9737885629050433,0.7016260592732578,0.7244771191282198,optimal,16.055200292255922,4,2,18,0,0.46415888336127825,133,0.032536799961235374,KAM-KEL:1;KAM-KEL:2;OTT-MON:1;OTT-MON:2,3.0,0.6038033735727024
71981.31789533136,0.003785286089396984,0.9329186606779695,0.923848801990971,0.7244771191282198,optimal,15.368399442744185,4,2,18,0,0.46415888336127825,133,0.03483890002826229,KAM-KEL:1;KAM-KEL:2;OTT-MON:1;OTT-MON:2,3.0,0.5471897049154638
71981.31789533136,0.003785286089396984,0.9329186606779695,0.7016260592732578,0.7430805328916757,optimal,14.598191782587996,4,2,18,0,0.46415888336127825,133,0.03727869997965172,KAM-KEL:1;KAM-KEL:2;OTT-MON:1;OTT-MON:2,3.0,0.562648378594995
41561.50715516733,0.0046076212901967565,0.9737885629050433,0.923848801990971,0.7430805328916757,optimal,16.67445289240157,7,3,18,0,0.23713737056616555,173,0.05336020002141595,CAL-EDM:1;CAL-EDM:2;CAL-EDM:3;KAM-KEL:1;KAM-KEL:2;OTT-MON:1;OTT-MON:2,3.3333333333333335,0.5871091208981897
6108.50948711584,0.07097485542341238,0.9804598659146577,0.8598648878280073,0.9830012372704222,optimal,15.740448076395907,7,3,18,0,0.23713737056616555,809,0.6647542999708094,CAL-EDM:1;CAL-EDM:2;CAL-EDM:3;KAM-KEL:1;KAM-KEL:2;OTT-MON:1;OTT-MON:2,3.3333333333333335,0.9100276259516041
2009.0698711337027,0.07097485542341238,0.9804598659146577,0.8598648878280073,0.9830012372704222,optimal,10.932675630961645,4,2,18,0,0.46415888336127825,809,0.6812797000166029,KAM-KEL:1;KAM-KEL:2;OTT-MON:1;OTT-MON:2,3.0,0.9195371507895235
6108.50948711584,0.04906999093513171,0.9804598659146577,0.8598648878280073,0.9830012372704222,optimal,15.740448076395907,7,3,18,0,0.23713737056616555,809,0.6846863999962807,CAL-EDM:1;CAL-EDM:2;CAL-EDM:3;KAM-KEL:1;KAM-KEL:2;OTT-MON:1;OTT-MON:2,3.3333333333333335,0.9100276259516041
6108.50948711584,0.07097485542341238,0.9388367098271847,0.8598648878280073,0.9830012372704222,optimal,14.275277840376157,7,3,18,0,0.23713737056616555,633,0.367339999997057,CAL-EDM:1;CAL-EDM:2;CAL-EDM:3;KAM-KEL:1;KAM-KEL:2;OTT-MON:1;OTT-MON:2,3.3333333333333335,0.793295072778288
6108.50948711584,0.07097485542341238,0.9804598659146577,0.529398676706478,0.9830012372704222,optimal,11.342239364485476,4,2,18,0,0.46415888336127825,809,0.6678909999900497,KAM-KEL:1;KAM-KEL:2;OTT-MON:1;OTT-MON:2,3.0,0.9195371507895235
6108.50948711584,0.07097485542341238,0.9804598659146577,0.8598648878280073,0.9899749987954274,optimal,15.855106331408019,7,3,18,0,0.23713737056616555,809,0.669456799980253,CAL-EDM:1;CAL-EDM:2;CAL-EDM:3;KAM-KEL:1;KAM-KEL:2;OTT-MON:1;OTT-MON:2,3.3333333333333335,0.9209632201222505
2009.0698711337027,0.04906999093513171,0.9388367098271847,0.529398676706478,0.9899749987954274,optimal,7.34746434894372,4,2,18,0,0.46415888336127825,673,0.43005510000512004,KAM-KEL:1;KAM-KEL:2;OTT-MON:1;OTT-MON:2,3.0,0.8194751505863841
4085.199719918843,0.0015615169108991827,0.9376062849089504,0.8337929809466005,0.7485813406649977,infeasible,-50.0,0,0,18,0,,0,0.00032140000257641077,,,
1588.3930847678728,0.0015615169108991827,0.9376062849089504,0.8337929809466005,0.7485813406649977,infeasible,-50.0,0,0,18,0,,0,0.00019240000983700156,,,
4085.199719918843,0.0017932767895220312,0.9376062849089504,0.8337929809466005,0.7485813406649977,infeasible,-50.0,0,0,18,0,,0,0.00017499999376013875,,,
4085.199719918843,0.0015615169108991827,0.943744365034625,0.8337929809466005,0.7485813406649977,infeasible,-50.0,0,0,18,0,,0,0.00015949999215081334,,,
4085.199719918843,0.0015615169108991827,0.9376062849089504,0.7067546482663601,0.7485813406649977,infeasible,-50.0,0,0,18,0,,0,0.0001574999769218266,,,
4085.199719918843,0.0015615169108991827,0.9376062849089504,0.8337929809466005,0.7552889084983617,infeasible,-50.0,0,0,18,0,,0,0.00015510001685470343,,,
1588.3930847678728,0.0017932767895220312,0.943744365034625,0.7067546482663601,0.7552889084983617,infeasible,-50.0,0,0,18,0,,0,0.00015670002903789282,,,
98820.49188090708,0.030389728216697567,0.9851269873399288,0.5069133250042797,0.9577761096209287,optimal,22.172282180012004,7,3,18,0,0.23713737056616555,785,0.5878318000468425,CAL-EDM:1;CAL-EDM:2;CAL-EDM:3;KAM-KEL:1;KAM-KEL:2;OTT-MON:1;OTT-MON:2,3.3333333333333335,0.8846565996717791
15352.912810359236,0.030389728216697567,0.9851269873399288,0.5069133250042797,0.9577761096209287,optimal,14.113388654189048,7,3,18,0,0.23713737056616555,785,0.618657799961511,CAL-EDM:1;CAL-EDM:2;CAL-EDM:3;KAM-KEL:1;KAM-KEL:2;OTT-MON:1;OTT-MON:2,3.3333333333333335,0.8846565996717791
98820.49188090708,0.022455094709023547,0.9851269873399288,0.5069133250042797,0.9577761096209287,optimal,22.172282180012004,7,3,18,0,0.23713737056616555,785,0.6221941999974661,CAL-EDM:1;CAL-EDM:2;CAL-EDM:3;KAM-KEL:1;KAM-KEL:2;OTT-MON:1;OTT-MON:2,3.3333333333333335,0.8846565996717791
98820.49188090708,0.030389728216697567,0.9787166012022644,0.5069133250042797,0.9577761096209287,optimal,21.960896705497262,7,3,18,0,0.23713737056616555,753,0.5349697999772616,CAL-EDM:1;CAL-EDM:2;CAL-EDM:3;KAM-KEL:1;KAM-KEL:2;OTT-MON:1;OTT-MON:2,3.3333333333333335,0.8664760809939068
98820.49188090708,0.030389728216697567,0.9851269873399288,0.7605465998407452,0.9577761096209287,optimal,26.26936509202731,7,3,18,0,0.23713737056616555,785,0.5980588999809697,CAL-EDM:1;CAL-EDM:2;CAL-EDM:3;KAM-KEL:1;KAM-KEL:2;OTT-MON:1;OTT-MON:2,3.3333333333333335,0.8846565996717791
98820.49188090708,0.030389728216697567,0.9851269873399288,0.5069133250042797,0.9391218915926293,optimal,21.83744255430275,7,3,18,0,0.23713737056616555,729,0.48353529995074496,CAL-EDM:1;CAL-EDM:2;CAL-EDM:3;KAM-KEL:1;KAM-KEL:2;OTT-MON:1;OTT-MON:2,3.3333333333333335,0.8563791063368407
15352.912810359236,0.022455094709023547,0.9787166012022644,0.7605465998407452,0.9391218915926293,optimal,17.65698145521602,7,3,18,0,0.23713737056616555,705,0.44652709999354556,CAL-EDM:1;CAL-EDM:2;CAL-EDM:3;KAM-KEL:1;KAM-KEL:2;OTT-MON:1;OTT-MON:2,3.3333333333333335,0.8390305763795148
40275.06694943745,0.009016341872832912,0.9527110209967942,0.8734664787072688,0.8760830564964562,optimal,20.74882780780938,7,3,18,0,0.23713737056616555,353,0.11710889998357743,CAL-EDM:1;CAL-EDM:2;CAL-EDM:3;KAM-KEL:1;KAM-KEL:2;OTT-MON:1;OTT-MON:2,3.3333333333333335,0.6952010598429005
57124.17036031256,0.009016341872832912,0.9527110209967942,0.8734664787072688,0.8760830564964562,optimal,22.26147076867797,7,3,18,0,0.23713737056616555,353,0.14353170001413673,CAL-EDM:1;CAL-EDM:2;CAL-EDM:3;KAM-KEL:1;KAM-KEL:2;OTT-MON:1;OTT-MON:2,3.3333333333333335,0.6952010598429005
40275.06694943745,0.0033949960238562273,0.9527110209967942,0.8734664787072688,0.8760830564964562,optimal,20.74882780780938,7,3,18,0,0.23713737056616555,125,0.033941200003027916,CAL-EDM:1;CAL-EDM:2;CAL-EDM:3;KAM-KEL:1;KAM-KEL:2;OTT-MON:1;OTT-MON:2,3.3333333333333335,0.6952010598429005
40275.06694943745,0.009016341872832912,0.9701730010658502,0.8734664787072688,0.8760830564964562,optimal,21.548258119891226,7,3,18,0,0.23713737056616555,369,0.1679038999718614,CAL-EDM:1;CAL-EDM:2;CAL-EDM:3;KAM-KEL:1;KAM-KEL:2;OTT-MON:1;OTT-MON:2,3.3333333333333335,0.7326868712855045
40275.06694943745,0.009016341872832912,0.9527110209967942,0.8982210898771882,0.8760830564964562,optimal,21.031055620632454,7,3,18,0,0.23713737056616555,353,0.1308582999627106,CAL-EDM:1;CAL-EDM:2;CAL-EDM:3;KAM-KEL:1;KAM-KEL:2;OTT-MON:1;OTT-MON:2,3.3333333333333335,0.6952010598429005
40275.06694943745,0.009016341872832912,0.9527110209967942,0.8734664787072688,0.9044428881686181,optimal,21.482760156232658,7,3,18,0,0.23713737056616555,369,0.15197649999754503,CAL-EDM:1;CAL-EDM:2;CAL-EDM:3;KAM-KEL:1;KAM-KEL:2;OTT-MON:1;OTT-MON:2,3.3333333333333335,0.7289605319776961
57124.17036031256,0.0033949960238562273,0.9701730010658502,0.8982210898771882,0.9044428881686181,optimal,24.00455485138974,7,3,18,0,0.23713737056616555,125,0.03365940001094714,CAL-EDM:1;CAL-EDM:2;CAL-EDM:3;KAM-KEL:1;KAM-KEL:2;OTT-MON:1;OTT-MON:2,3.3333333333333335,0.7693736468876199
2460.1104859551565,0.05542479619120676,0.9612316953875124,0.6872005038429052,0.8303007079139352,optimal,7.952224604502865,4,2,18,0,0.46415888336127825,368,0.1361882000346668,KAM-KEL:1;KAM-KEL:2;OTT-MON:1;OTT-MON:2,3.0,0.690942130964795
6033.655798499975,0.05542479619120676,0.9612316953875124,0.6872005038429052,0.8303007079139352,optimal,10.540843179825494,4,2,18,0,0.46415888336127825,368,0.13917529996251687,KAM-KEL:1;KAM-KEL:2;OTT-MON:1;OTT-MON:2,3.0,0.690942130964795
2460.1104859551565,0.04175367282824551,0.9612316953875124,0.6872005038429052,0.8303007079139352,optimal,7.952224604502865,4,2,18,0,0.46415888336127825,368,0.11992759996792302,KAM-KEL:1;KAM-KEL:2;OTT-MON:1;OTT-MON:2,3.0,0.690942130964795
2460.1104859551565,0.05542479619120676,0.9327781413458288,0.6872005038429052,0.8303007079139352,optimal,7.05907415286484,4,2,18,0,0.46415888336127825,311,0.10564229998271912,KAM-KEL:1;KAM-KEL:2;OTT-MON:1;OTT-MON:2,3.0,0.6401100302399061
2460.1104859551565,0.05542479619120676,0.9612316953875124,0.505583631619811,0.8303007079139352,optimal,6.181099254384469,4,2,18,0,0.46415888336127825,368,0.10068800003500655,KAM-KEL:1;KAM-KEL:2;OTT-MON:1;OTT-MON:2,3.0,0.690942130964795
2460.1104859551565,0.05542479619120676,0.9612316953875124,0.6872005038429052,0.7921661655688658,optimal,7.2820849821910105,4,2,18,0,0.46415888336127825,311,0.08996079995995387,KAM-KEL:1;KAM-KEL:2;OTT-MON:1;OTT-MON:2,3.0,0.6513685676271728
6033.655798499975,0.04175367282824551,0.9327781413458288,0.505583631619811,0.7921661655688658,optimal,7.046931975730763,4,2,18,0,0.46415888336127825,311,0.11288959998637438,KAM-KEL:1;KAM-KEL:2;OTT-MON:1;OTT-MON:2,3.0,0.6050985334782748
1443.927065486082,0.004857449481065444,0.995933868618682,0.6479677801951766,0.8028748723650351,optimal,6.557254191657108,4,2,18,0,0.46415888336127825,189,0.04846810002345592,KAM-KEL:1;KAM-KEL:2;OTT-MON:1;OTT-MON:2,3.0,0.72563541558827
3434.5204701752864,0.004857449481065444,0.995933868618682,0.6479677801951766,0.8028748723650351,optimal,9.057475814391957,4,2,18,0,0.46415888336127825,189,0.06549430004088208,KAM-KEL:1;KAM-KEL:2;OTT-MON:1;OTT-MON:2,3.0,0.72563541558827
1443.927065486082,0.007113291088585399,0.995933868618682,0.6479677801951766,0.8028748723650351,optimal,6.557254191657108,4,2,18,0,0.46415888336127825,302,0.09449440002208576,KAM-KEL:1;KAM-KEL:2;OTT-MON:1;OTT-MON:2,3.0,0.72563541558827
1443.927065486082,0.004857449481065444,0.9611855088658631,0.6479677801951766,0.8028748723650351,optimal,5.605049695237039,4,2,18,0,0.46415888336127825,173,0.037968099990393966,KAM-KEL:1;KAM-KEL:2;OTT-MON:1;OTT-MON:2,3.0,0.6622132066357486
1443.927065486082,0.004857449481065444,0.995933868618682,0.8444400511216372,0.8028748723650351,optimal,8.085545905382554,4,2,18,0,0.46415888336127825,189,0.04847789998166263,KAM-KEL:1;KAM-KEL:2;OTT-MON:1;OTT-MON:2,3.0,0.72563541558827
1443.927065486082,0.004857449481065444,0.995933868618682,0.6479677801951766,0.9768666530288757,optimal,8.575438402009604,4,2,18,0,0.46415888336127825,197,0.05715109995799139,KAM-KEL:1;KAM-KEL:2;OTT-MON:1;OTT-MON:2,3.0,0.9541237958349436
3434.5204701752864,0.007113291088585399,0.9611855088658631,0.8444400511216372,0.9768666530288757,optimal,12.315157527734478,7,3,18,0,0.23713737056616555,367,0.16520029999082908,CAL-EDM:1;CAL-EDM:2;CAL-EDM:3;KAM-KEL:1;KAM-KEL:2;OTT-MON:1;OTT-MON:2,3.3333333333333335,0.8452453276034633
16753.0115613421,0.0789026842395616,0.9264566348418594,0.9116005720570683,0.9047785522928461,optimal,16.833463787557566,7,3,18,0,0.23713737056616555,368,0.12200049997773021,CAL-EDM:1;CAL-EDM:2;CAL-EDM:3;KAM-KEL:1;KAM-KEL:2;OTT-MON:1;OTT-MON:2,3.3333333333333335,0.6728655263354865
36824.87013235694,0.0789026842395616,0.9264566348418594,0.9116005720570683,0.9047785522928461,optimal,20.2422437162578,7,3,18,0,0.23713737056616555,368,0.1360815999796614,CAL-EDM:1;CAL-EDM:2;CAL-EDM:3;KAM-KEL:1;KAM-KEL:2;OTT-MON:1;OTT-MON:2,3.3333333333333335,0.6728655263354865
16753.0115613421,0.057840232656044537,0.9264566348418594,0.9116005720570683,0.9047785522928461,optimal,16.833463787557566,7,3,18,0,0.23713737056616555,368,0.13969169999472797,CAL-EDM:1;CAL-EDM:2;CAL-EDM:3;KAM-KEL:1;KAM-KEL:2;OTT-MON:1;OTT-MON:2,3.3333333333333335,0.6728655263354865
16753.0115613421,0.0789026842395616,0.9231892181113363,0.9116005720570683,0.9047785522928461,optimal,16.649230675339417,7,3,18,0,0.23713737056616555,368,0.15444870002102107,CAL-EDM:1;CAL-EDM:2;CAL-EDM:3;KAM-KEL:1;KAM-KEL:2;OTT-MON:1;OTT-MON:2,3.3333333333333335,0.6661841469385799
16753.0115613421,0.0789026842395616,0.9264566348418594,0.5603474879171699,0.9047785522928461,optimal,12.450579951231845,4,2,18,0,0.46415888336127825,368,0.14197719999356195,KAM-KEL:1;KAM-KEL:2;OTT-MON:1;OTT-MON:2,3.0,0.7004866754090826
16753.0115613421,0.0789026842395616,0.9264566348418594,0.9116005720570683,0.7214241129672154,optimal,10.336203571901033,4,2,18,0,0.46415888336127825,231,0.07260630000382662,KAM-KEL:1;KAM-KEL:2;OTT-MON:1;OTT-MON:2,3.0,0.5364037261364292
36824.87013235694,0.057840232656044537,0.9231892181113363,0.5603474879171699,0.7214241129672154,optimal,9.45293853629217,4,2,18,0,0.46415888336127825,231,0.07641029998194426,KAM-KEL:1;KAM-KEL:2;OTT-MON:1;OTT-MON:2,3.0,0.5322735833049971
119998.36512707485,0.0026012088101667304,0.972305182877928,0.6085209265816957,0.9662877514073624,optimal,20.41845829323467,4,2,18,0,0.46415888336127825,101,0.029612299986183643,KAM-KEL:1;KAM-KEL:2;OTT-MON:1;OTT-MON:2,3.0,0.8755364420900937
139792.175326814,0.0026012088101667304,0.972305182877928,0.6085209265816957,0.9662877514073624,optimal,20.85899601245668,4,2,18,0,0.46415888336127825,101,0.026333699992392212,KAM-KEL:1;KAM-KEL:2;OTT-MON:1;OTT-MON:2,3.0,0.8755364420900937
119998.36512707485,0.0012999965962909221,0.972305182877928,0.6085209265816957,0.9662877514073624,infeasible,-50.0,0,0,18,0,,0,0.0003046999918296933,,,
119998.36512707485,0.0026012088101667304,0.9536417537946255,0.6085209265816957,0.9662877514073624,optimal,20.03048877359476,4,2,18,0,0.46415888336127825,101,0.02480530005414039,KAM-KEL:1;KAM-KEL:2;OTT-MON:1;OTT-MON:2,3.0,0.8282893967885263
119998.36512707485,0.0026012088101667304,0.972305182877928,0.6492441831156611,0.9662877514073624,optimal,20.79227551794171,4,2,18,0,0.46415888336127825,101,0.025570300000254065,KAM-KEL:1;KAM-KEL:2;OTT-MON:1;OTT-MON:2,3.0,0.8755364420900937
119998.36512707485,0.0026012088101667304,0.972305182877928,0.6085209265816957,0.8300951280146837,optimal,18.76366065446705,4,2,18,0,0.46415888336127825,101,0.021274899947457016,KAM-KEL:1;KAM-KEL:2;OTT-MON:1;OTT-MON:2,3.0,0.7116314581941092
139792.175326814,0.0012999965962909221,0.9536417537946255,0.6492441831156611,0.8300951280146837,infeasible,-50.0,0,0,18,0,,0,0.00036860001273453236,,,
13779.636614520981,0.013376198239581732,0.9418279585447162,0.7315261971671134,0.7413219874417409,optimal,10.530115160705792,4,2,18,0,0.46415888336127825,231,0.07701349997660145,KAM-KEL:1;KAM-KEL:2;OTT-MON:1;OTT-MON:2,3.0,0.5735084009023652
12770.689946011995,0.013376198239581732,0.9418279585447162,0.7315261971671134,0.7413219874417409,optimal,10.31071241443664,4,2,18,0,0.46415888336127825,231,0.07978550001280382,KAM-KEL:1;KAM-KEL:2;OTT-MON:1;OTT-MON:2,3.0,0.5735084009023652
13779.636614520981,0.010382226134844618,0.9418279585447162,0.7315261971671134,0.7413219874417409,optimal,10.530115160705792,4,2,18,0,0.46415888336127825,231,0.058925900026224554,KAM-KEL:1;KAM-KEL:2;OTT-MON:1;OTT-MON:2,3.0,0.5735084009023652
13779.636614520981,0.013376198239581732,0.9892237540390343,0.7315261971671134,0.7413219874417409,optimal,12.483410261795102,4,2,18,0,0.46415888336127825,311,0.11712859995895997,KAM-KEL:1;KAM-KEL:2;OTT-MON:1;OTT-MON:2,3.0,0.6446562435639394
13779.636614520981,0.013376198239581732,0.9418279585447162,0.8186123333871365,0.7413219874417409,optimal,11.179198649913294,4,2,18,0,0.46415888336127825,231,0.06312239996623248,KAM-KEL:1;KAM-KEL:2;OTT-MON:1;OTT-MON:2,3.0,0.5735084009023652
13779.636614520981,0.013376198239581732,0.9418279585447162,0.7315261971671134,0.870481477077119,optimal,13.580017032887708,7,3,18,0,0.23713737056616555,368,0.1358349000220187,CAL-EDM:1;CAL-EDM:2;CAL-EDM:3;KAM-KEL:1;KAM-KEL:2;OTT-MON:1;OTT-MON:2,3.3333333333333335,0.6667611437842044
12770.689946011995,0.010382226134844618,0.9892237540390343,0.8186123333871365,0.870481477077119,optimal,16.560998009880922,7,3,18,0,0.23713737056616555,449,0.21882660000119358,CAL-EDM:1;CAL-EDM:2;CAL-EDM:3;KAM-KEL:1;KAM-KEL:2;OTT-MON:1;OTT-MON:2,3.3333333333333335,0.7683956154249869
10545.194326105498,0.0028520150510480662,0.9867513274978846,0.7140382777899503,0.8644700716342777,optimal,13.490839954821723,4,2,18,0,0.46415888336127825,101,0.027453100017737597,KAM-KEL:1;KAM-KEL:2;OTT-MON:1;OTT-MON:2,3.0,0.7813004443516554
31181.556563622256,0.0028520150510480662,0.9867513274978846,0.7140382777899503,0.8644700716342777,optimal,16.61905448881971,4,2,18,0,0.46415888336127825,101,0.025776499998755753,KAM-KEL:1;KAM-KEL:2;OTT-MON:1;OTT-MON:2,3.0,0.7813004443516554
10545.194326105498,0.0951250691248259,0.9867513274978846,0.7140382777899503,0.8644700716342777,optimal,14.114681136238406,7,3,18,0,0.23713737056616555,505,0.2496392999892123,CAL-EDM:1;CAL-EDM:2;CAL-EDM:3;KAM-KEL:1;KAM-KEL:2;OTT-MON:1;OTT-MON:2,3.3333333333333335,0.7545936175398532
10545.194326105498,0.0028520150510480662,0.9516802105493843,0.7140382777899503,0.8644700716342777,optimal,12.633365329669196,4,2,18,0,0.46415888336127825,101,0.024779400031547993,KAM-KEL:1;KAM-KEL:2;OTT-MON:1;OTT-MON:2,3.0,0.7089813964323657
10545.194326105498,0.0028520150510480662,0.9867513274978846,0.771047221403569,0.8644700716342777,optimal,13.934111165012478,4,2,18,0,0.46415888336127825,101,0.033853699977044016,KAM-KEL:1;KAM-KEL:2;OTT-MON:1;OTT-MON:2,3.0,0.7813004443516554
10545.194326105498,0.0028520150510480662,0.9867513274978846,0.7140382777899503,0.8445189121803268,optimal,13.230822127704961,4,2,18,0,0.46415888336127825,101,0.022161100001540035,KAM-KEL:1;KAM-KEL:2;OTT-MON:1;OTT-MON:2,3.0,0.7570596047880588
31181.556563622256,0.0951250691248259,0.9516802105493843,0.771047221403569,0.8445189121803268,optimal,17.354703010042698,7,3,18,0,0.23713737056616555,368,0.1373314000084065,CAL-EDM:1;CAL-EDM:2;CAL-EDM:3;KAM-KEL:1;KAM-KEL:2;OTT-MON:1;OTT-MON:2,3.3333333333333335,0.6573933426427021
122320.06651796789,0.017561403625558566,0.9367913493774832,0.8511875875294208,0.8429998036660253,optimal,23.246327260697555,7,3,18,0,0.23713737056616555,311,0.09724690002622083,CAL-EDM:1;CAL-EDM:2;CAL-EDM:3;KAM-KEL:1;KAM-KEL:2;OTT-MON:1;OTT-MON:2,3.3333333333333335,0.6281564593970947
2907.2196390961644,0.017561403625558566,0.9367913493774832,0.8511875875294208,0.8429998036660253,optimal,9.145668821185932,4,2,18,0,0.46415888336127825,311,0.13056159997358918,KAM-KEL:1;KAM-KEL:2;OTT-MON:1;OTT-MON:2,3.0,0.6592671328390329
122320.06651796789,0.007734767442035101,0.9367913493774832,0.8511875875294208,0.8429998036660253,optimal,23.246327260697555,7,3,18,0,0.23713737056616555,278,0.0857881999691017,CAL-EDM:1;CAL-EDM:2;CAL-EDM:3;KAM-KEL:1;KAM-KEL:2;OTT-MON:1;OTT-MON:2,3.3333333333333335,0.6281564593970947
122320.06651796789,0.017561403625558566,0.9914899753406644,0.8511875875294208,0.8429998036660253,optimal,26.158874269039593,7,3,18,0,0.23713737056616555,457,0.2107199999736622,CAL-EDM:1;CAL-EDM:2;CAL-EDM:3;KAM-KEL:1;KAM-KEL:2;OTT-MON:1;OTT-MON:2,3.3333333333333335,0.736452232226541
122320.06651796789,0.017561403625558566,0.9367913493774832,0.7172277738340198,0.8429998036660253,optimal,21.517006962928058,7,3,18,0,0.23713737056616555,311,0.11231559998122975,CAL-EDM:1;CAL-EDM:2;CAL-EDM:3;KAM-KEL:1;KAM-KEL:2;OTT-MON:1;OTT-MON:2,3.3333333333333335,0.6281564593970947
122320.06651796789,0.017561403625558566,0.9367913493774832,0.8511875875294208,0.8756726595424116,optimal,24.43874359803137,7,3,18,0,0.23713737056616555,368,0.12366149999434128,CAL-EDM:1;CAL-EDM:2;CAL-EDM:3;KAM-KEL:1;KAM-KEL:2;OTT-MON:1;OTT-MON:2,3.3333333333333335,0.6624417522633
2907.2196390961644,0.007734767442035101,0.9914899753406644,0.7172277738340198,0.8756726595424116,optimal,10.039262653436385,4,2,18,0,0.46415888336127825,359,0.1669347999850288,KAM-KEL:1;KAM-KEL:2;OTT-MON:1;OTT-MON:2,3.0,0.8057467165573089
16432.456125957768,0.004933791707042864,0.9619038917571306,0.5286900530103594,0.7812148483078927,optimal,11.052923634369126,4,2,18,0,0.46415888336127825,173,0.04963209998095408,KAM-KEL:1;KAM-KEL:2;OTT-MON:1;OTT-MON:2,3.0,0.6414556384109001
10830.676678892061,0.004933791707042864,0.9619038917571306,0.5286900530103594,0.7812148483078927,optimal,9.850074133036053,4,2,18,0,0.46415888336127825,173,0.04833029996370897,KAM-KEL:1;KAM-KEL:2;OTT-MON:1;OTT-MON:2,3.0,0.6414556384109001
16432.456125957768,0.017384695969980487,0.9619038917571306,0.5286900530103594,0.7812148483078927,optimal,11.052923634369126,4,2,18,0,0.46415888336127825,311,0.10918379999930039,KAM-KEL:1;KAM-KEL:2;OTT-MON:1;OTT-MON:2,3.0,0.6414556384109001
16432.456125957768,0.004933791707042864,0.9634898255486042,0.5286900530103594,0.7812148483078927,optimal,11.105917380169142,4,2,18,0,0.46415888336127825,173,0.05180030001793057,KAM-KEL:1;KAM-KEL:2;OTT-MON:1;OTT-MON:2,3.0,0.6440776501236265
16432.456125957768,0.004933791707042864,0.9619038917571306,0.5231256159488111,0.7812148483078927,optimal,10.991864565677893,4,2,18,0,0.46415888336127825,173,0.05577819998143241,KAM-KEL:1;KAM-KEL:2;OTT-MON:1;OTT-MON:2,3.0,0.6414556384109001
16432.456125957768,0.004933791707042864,0.9619038917571306,0.5286900530103594,0.9823215503422543,optimal,14.483379952677875,7,3,18,0,0.23713737056616555,197,0.06669390003662556,CAL-EDM:1;CAL-EDM:2;CAL-EDM:3;KAM-KEL:1;KAM-KEL:2;OTT-MON:1;OTT-MON:2,3.3333333333333335,0.8549988291825302
10830.676678892061,0.017384695969980487,0.9634898255486042,0.5231256159488111,0.9823215503422543,optimal,12.627073384587469,7,3,18,0,0.23713737056616555,753,0.5470182000426576,CAL-EDM:1;CAL-EDM:2;CAL-EDM:3;KAM-KEL:1;KAM-KEL:2;OTT-MON:1;OTT-MON:2,3.3333333333333335,0.8594826000895862
1887.1067238035519,0.095965721947548,0.95094392308034,0.8064686006400734,0.9262987128011883,optimal,9.16669690711728,4,2,18,0,0.46415888336127825,577,0.3190696000237949,KAM-KEL:1;KAM-KEL:2;OTT-MON:1;OTT-MON:2,3.0,0.775326632856379
118593.29843368936,0.095965721947548,0.95094392308034,0.8064686006400734,0.9262987128011883,optimal,25.78175571221645,7,3,18,0,0.23713737056616555,577,0.30199259996879846,CAL-EDM:1;CAL-EDM:2;CAL-EDM:3;KAM-KEL:1;KAM-KEL:2;OTT-MON:1;OTT-MON:2,3.3333333333333335,0.7518114843482641
1887.1067238035519,0.0013883764078922451,0.95094392308034,0.8064686006400734,0.9262987128011883,infeasible,-50.0,0,0,18,0,,0,0.00032670004293322563,,,
1887.1067238035519,0.095965721947548,0.9211895983722062,0.8064686006400734,0.9262987128011883,optimal,8.402004683199069,4,2,18,0,0.46415888336127825,457,0.17703540000366047,KAM-KEL:1;KAM-KEL:2;OTT-MON:1;OTT-MON:2,3.0,0.7112275565017688
1887.1067238035519,0.095965721947548,0.95094392308034,0.9157356318552047,0.9262987128011883,optimal,9.899948090315396,4,2,18,0,0.46415888336127825,577,0.31021000002510846,KAM-KEL:1;KAM-KEL:2;OTT-MON:1;OTT-MON:2,3.0,0.775326632856379
1887.1067238035519,0.095965721947548,0.95094392308034,0.8064686006400734,0.7355839085802436,optimal,5.646258965992029,4,2,18,0,0.46415888336127825,231,0.0543391999672167,KAM-KEL:1;KAM-KEL:2;OTT-MON:1;OTT-MON:2,3.0,0.5812773461082945
118593.29843368936,0.0013883764078922451,0.9211895983722062,0.9157356318552047,0.7355839085802436,infeasible,-50.0,0,0,18,0,,0,0.00025189999723806977,,,
2109.6471357454716,0.008255850203126542,0.9284981306754053,0.7531999811530112,0.9896727659152821,optimal,9.282216849447025,4,2,18,0,0.46415888336127825,375,0.17306429997552186,KAM-KEL:1;KAM-KEL:2;OTT-MON:1;OTT-MON:2,3.0,0.7938844953316047
18114.995231450703,0.008255850203126542,0.9284981306754053,0.7531999811530112,0.9896727659152821,optimal,17.35807808122487,7,3,18,0,0.23713737056616555,375,0.17426249996060506,CAL-EDM:1;CAL-EDM:2;CAL-EDM:3;KAM-KEL:1;KAM-KEL:2;OTT-MON:1;OTT-MON:2,3.3333333333333335,0.7749068234745685
2109.6471357454716,0.02387408496900055,0.9284981306754053,0.7531999811530112,0.9896727659152821,optimal,9.282216849447025,4,2,18,0,0.46415888336127825,633,0.3950471999705769,KAM-KEL:1;KAM-KEL:2;OTT-MON:1;OTT-MON:2,3.0,0.7938844953316047
2109.6471357454716,0.008255850203126542,0.9727817797642201,0.7531999811530112,0.9896727659152821,optimal,10.225174216587245,4,2,18,0,0.46415888336127825,383,0.18210629996610805,KAM-KEL:1;KAM-KEL:2;OTT-MON:1;OTT-MON:2,3.0,0.9074796274049305
2109.6471357454716,0.008255850203126542,0.9284981306754053,0.5779924414120614,0.9896727659152821,optimal,7.754287499138227,4,2,18,0,0.46415888336127825,375,0.16609800001606345,KAM-KEL:1;KAM-KEL:2;OTT-MON:1;OTT-MON:2,3.0,0.7938844953316047
2109.6471357454716,0.008255850203126542,0.9284981306754053,0.7531999811530112,0.9090734558673575,optimal,8.297392024516103,4,2,18,0,0.46415888336127825,319,0.1063216999755241,KAM-KEL:1;KAM-KEL:2;OTT-MON:1;OTT-MON:2,3.0,0.7089035248383826
18114.995231450703,0.02387408496900055,0.9727817797642201,0.5779924414120614,0.9090734558673575,optimal,14.783185971180636,7,3,18,0,0.23713737056616555,601,0.3175162000115961,CAL-EDM:1;CAL-EDM:2;CAL-EDM:3;KAM-KEL:1;KAM-KEL:2;OTT-MON:1;OTT-MON:2,3.3333333333333335,0.7818351914915521
51019.31688243789,0.042430270055758335,0.9955396587383002,0.5808600354939699,0.7168508620439097,optimal,14.58941938530701,4,2,18,0,0.46415888336127825,311,0.10165679996134713,KAM-KEL:1;KAM-KEL:2;OTT-MON:1;OTT-MON:2,3.0,0.6285710054801092
1873.5676251769567,0.042430270055758335,0.9955396587383002,0.5808600354939699,0.7168508620439097,optimal,5.055052134456739,4,2,18,0,0.46415888336127825,311,0.08537460002116859,KAM-KEL:1;KAM-KEL:2;OTT-MON:1;OTT-MON:2,3.0,0.6285710054801092
51019.31688243789,0.0029893095986120214,0.9955396587383002,0.5808600354939699,0.7168508620439097,optimal,14.58941938530701,4,2,18,0,0.46415888336127825,101,0.02210090000880882,KAM-KEL:1;KAM-KEL:2;OTT-MON:1;OTT-MON:2,3.0,0.6285710054801092
51019.31688243789,0.042430270055758335,0.9298646845910699,0.5808600354939699,0.7168508620439097,optimal,11.001694785772717,4,2,18,0,0.46415888336127825,231,0.0641703000292182,KAM-KEL:1;KAM-KEL:2;OTT-MON:1;OTT-MON:2,3.0,0.5370797399759022
51019.31688243789,0.042430270055758335,0.9955396587383002,0.8620575086213649,0.7168508620439097,optimal,17.23397601491055,7,3,18,0,0.23713737056616555,311,0.10939620004501194,CAL-EDM:1;CAL-EDM:2;CAL-EDM:3;KAM-KEL:1;KAM-KEL:2;OTT-MON:1;OTT-MON:2,3.3333333333333335,0.5923023463120517
51019.31688243789,0.042430270055758335,0.9955396587383002,0.5808600354939699,0.8060293338987976,optimal,17.663289732967645,7,3,18,0,0.23713737056616555,368,0.13631999999051914,CAL-EDM:1;CAL-EDM:2;CAL-EDM:3;KAM-KEL:1;KAM-KEL:2;OTT-MON:1;OTT-MON:2,3.3333333333333335,0.6969097502823262
1873.5676251769567,0.0029893095986120214,0.9298646845910699,0.8620575086213649,0.8060293338987976,optimal,6.959660228039343,4,2,18,0,0.46415888336127825,101,0.013590300048235804,KAM-KEL:1;KAM-KEL:2;OTT-MON:1;OTT-MON:2,3.0,0.6129498450652036
77996.69969738784,0.0015295999537513424,0.9423841167632491,0.9387610165867954,0.7988287057997658,infeasible,-50.0,0,0,18,0,,0,0.0002802000381052494,,,
7121.161908892594,0.0015295999537513424,0.9423841167632491,0.9387610165867954,0.7988287057997658,infeasible,-50.0,0,0,18,0,,0,0.00018149998504668474,,,
77996.69969738784,0.04519789300718906,0.9423841167632491,0.9387610165867954,0.7988287057997658,optimal,20.37284660491299,7,3,18,0,0.23713737056616555,311,0.09134509996511042,CAL-EDM:1;CAL-EDM:2;CAL-EDM:3;KAM-KEL:1;KAM-KEL:2;OTT-MON:1;OTT-MON:2,3.3333333333333335,0.5935997922721181
77996.69969738784,0.0015295999537513424,0.9408689847737551,0.9387610165867954,0.7988287057997658,infeasible,-50.0,0,0,18,0,,0,0.0007060000207275152,,,
77996.69969738784,0.0015295999537513424,0.9423841167632491,0.8292297123465686,0.7988287057997658,infeasible,-50.0,0,0,18,0,,0,0.00046469998778775334,,,
77996.69969738784,0.0015295999537513424,0.9423841167632491,0.9387610165867954,0.7688880893448368,infeasible,-50.0,0,0,18,0,,0,0.0008086999878287315,,,
7121.161908892594,0.04519789300718906,0.9408689847737551,0.8292297123465686,0.7688880893448368,optimal,10.136186319779055,4,2,18,0,0.46415888336127825,231,0.08033760002581403,KAM-KEL:1;KAM-KEL:2;OTT-MON:1;OTT-MON:2,3.0,0.5965698903694017
4764.644489016095,0.024888144590818437,0.9704256167858839,0.6258056732360273,0.907668608034961,optimal,10.600369603855501,4,2,18,0,0.46415888336127825,577,0.3209930000011809,KAM-KEL:1;KAM-KEL:2;OTT-MON:1;OTT-MON:2,3.0,0.7976455275115414
67442.71840401807,0.024888144590818437,0.9704256167858839,0.6258056732360273,0.907668608034961,optimal,21.154122183773143,7,3,18,0,0.23713737056616555,577,0.31686129997251555,CAL-EDM:1;CAL-EDM:2;CAL-EDM:3;KAM-KEL:1;KAM-KEL:2;OTT-MON:1;OTT-MON:2,3.3333333333333335,0.7742568567855934
4764.644489016095,0.00555841757481434,0.9704256167858839,0.6258056732360273,0.907668608034961,optimal,10.600369603855501,4,2,18,0,0.46415888336127825,262,0.11624920001486316,KAM-KEL:1;KAM-KEL:2;OTT-MON:1;OTT-MON:2,3.0,0.7976455275115414
4764.644489016095,0.024888144590818437,0.9812872845195234,0.6258056732360273,0.907668608034961,optimal,10.834379702240152,4,2,18,0,0.46415888336127825,601,0.32782749994657934,KAM-KEL:1;KAM-KEL:2;OTT-MON:1;OTT-MON:2,3.0,0.8227909801421278
4764.644489016095,0.024888144590818437,0.9704256167858839,0.6598341197241098,0.907668608034961,optimal,10.905924178105256,4,2,18,0,0.46415888336127825,577,0.33261029998539016,KAM-KEL:1;KAM-KEL:2;OTT-MON:1;OTT-MON:2,3.0,0.7976455275115414
4764.644489016095,0.024888144590818437,0.9704256167858839,0.6258056732360273,0.9440161730702966,optimal,11.0044150722902,4,2,18,0,0.46415888336127825,673,0.42449430003762245,KAM-KEL:1;KAM-KEL:2;OTT-MON:1;OTT-MON:2,3.0,0.8423846326974446
67442.71840401807,0.00555841757481434,0.9812872845195234,0.6598341197241098,0.9440161730702966,optimal,22.80716552338631,7,3,18,0,0.23713737056616555,262,0.09754379995865747,CAL-EDM:1;CAL-EDM:2;CAL-EDM:3;KAM-KEL:1;KAM-KEL:2;OTT-MON:1;OTT-MON:2,3.3333333333333335,0.8531576185573461
6195.531364514003,0.003560834209700705,0.9476807812545449,0.5963292920961976,0.8195684988796711,optimal,9.206779942488026,4,2,18,0,0.46415888336127825,125,0.025088900001719594,KAM-KEL:1;KAM-KEL:2;OTT-MON:1;OTT-MON:2,3.0,0.6555255924379543
186326.8393574099,0.003560834209700705,0.9476807812545449,0.5963292920961976,0.8195684988796711,optimal,21.2495299944401,7,3,18,0,0.23713737056616555,125,0.03286679997108877,CAL-EDM:1;CAL-EDM:2;CAL-EDM:3;KAM-KEL:1;KAM-KEL:2;OTT-MON:1;OTT-MON:2,3.3333333333333335,0.6234074591667965
6195.531364514003,0.02026238636754941,0.9476807812545449,0.5963292920961976,0.8195684988796711,optimal,9.206779942488026,4,2,18,0,0.46415888336127825,311,0.10189300001366064,KAM-KEL:1;KAM-KEL:2;OTT-MON:1;OTT-MON:2,3.0,0.6555255924379543
6195.531364514003,0.003560834209700705,0.9763974834028631,0.5963292920961976,0.8195684988796711,optimal,10.041332961529907,4,2,18,0,0.46415888336127825,125,0.030298000026959926,KAM-KEL:1;KAM-KEL:2;OTT-MON:1;OTT-MON:2,3.0,0.7076895331969119
6195.531364514003,0.003560834209700705,0.9476807812545449,0.6121303383726626,0.8195684988796711,optimal,9.357698614650134,4,2,18,0,0.46415888336127825,125,0.027928699972108006,KAM-KEL:1;KAM-KEL:2;OTT-MON:1;OTT-MON:2,3.0,0.6555255924379543
6195.531364514003,0.003560834209700705,0.9476807812545449,0.5963292920961976,0.7115558271529152,optimal,6.242890283377099,4,2,18,0,0.46415888336127825,117,0.03366059996187687,KAM-KEL:1;KAM-KEL:2;OTT-MON:1;OTT-MON:2,3.0,0.5556790759030708
186326.8393574099,0.02026238636754941,0.9763974834028631,0.6121303383726626,0.7115558271529152,optimal,17.756304622391845,4,2,18,0,0.46415888336127825,231,0.07487459998810664,KAM-KEL:1;KAM-KEL:2;OTT-MON:1;OTT-MON:2,3.0,0.5949994677698316
55362.499381166075,0.05998492174859489,0.9757023735642433,0.7404223648831247,0.8880502674076706,optimal,21.769035962976908,7,3,18,0,0.23713737056616555,577,0.30548609996913,CAL-EDM:1;CAL-EDM:2;CAL-EDM:3;KAM-KEL:1;KAM-KEL:2;OTT-MON:1;OTT-MON:2,3.3333333333333335,0.7606974298397452
8825.32242411881,0.05998492174859489,0.9757023735642433,0.7404223648831247,0.8880502674076706,optimal,13.821471410560262,7,3,18,0,0.23713737056616555,577,0.3007097000372596,CAL-EDM:1;CAL-EDM:2;CAL-EDM:3;KAM-KEL:1;KAM-KEL:2;OTT-MON:1;OTT-MON:2,3.3333333333333335,0.7606974298397452
55362.499381166075,0.0021971057780562847,0.9757023735642433,0.7404223648831247,0.8880502674076706,optimal,18.530980668435262,4,2,18,0,0.46415888336127825,101,0.02875070000300184,KAM-KEL:1;KAM-KEL:2;OTT-MON:1;OTT-MON:2,3.0,0.7858314526693896
55362.499381166075,0.05998492174859489,0.9359230926763267,0.7404223648831247,0.8880502674076706,optimal,19.933006660966175,7,3,18,0,0.23713737056616555,368,0.14631869998993352,CAL-EDM:1;CAL-EDM:2;CAL-EDM:3;KAM-KEL:1;KAM-KEL:2;OTT-MON:1;OTT-MON:2,3.3333333333333335,0.6741315091230339
55362.499381166075,0.05998492174859489,0.9757023735642433,0.8909768293146043,0.8880502674076706,optimal,23.63831204509202,7,3,18,0,0.23713737056616555,577,0.3038224999909289,CAL-EDM:1;CAL-EDM:2;CAL-EDM:3;KAM-KEL:1;KAM-KEL:2;OTT-MON:1;OTT-MON:2,3.3333333333333335,0.7606974298397452
55362.499381166075,0.05998492174859489,0.9757023735642433,0.7404223648831247,0.9671223468128591,optimal,23.344158766903167,7,3,18,0,0.23713737056616555,777,0.5816429000115022,CAL-EDM:1;CAL-EDM:2;CAL-EDM:3;KAM-KEL:1;KAM-KEL:2;OTT-MON:1;OTT-MON:2,3.3333333333333335,0.8718988704303084
8825.32242411881,0.0021971057780562847,0.9359230926763267,0.8909768293146043,0.9671223468128591,optimal,14.308707887797304,4,2,18,0,0.46415888336127825,101,0.026222400018014014,KAM-KEL:1;KAM-KEL:2;OTT-MON:1;OTT-MON:2,3.0,0.7866196640047702
37065.38462233919,0.0019240836433749302,0.9225262962393463,0.6676318277139217,0.9521167103871703,optimal,8.585825340154486,2,1,18,0,0.6072021956909884,77,0.02141809999011457,KAM-KEL:1;KAM-KEL:2,3.0,0.7402139420269259
2372.023646748871,0.0019240836433749302,0.9225262962393463,0.6676318277139217,0.9521167103871703,optimal,4.619943155365804,2,1,18,0,0.6072021956909884,77,0.01072679995559156,KAM-KEL:1;KAM-KEL:2,3.0,0.7402139420269259
37065.38462233919,0.03445499132365188,0.9225262962393463,0.6676318277139217,0.9521167103871703,optimal,18.16541306476325,7,3,18,0,0.23713737056616555,505,0.2534169999998994,CAL-EDM:1;CAL-EDM:2;CAL-EDM:3;KAM-KEL:1;KAM-KEL:2;OTT-MON:1;OTT-MON:2,3.3333333333333335,0.7163184143631433
37065.38462233919,0.0019240836433749302,0.9444854439012706,0.6676318277139217,0.9521167103871703,optimal,8.856652213250747,2,1,18,0,0.6072021956909884,77,0.016910600010305643,KAM-KEL:1;KAM-KEL:2,3.0,0.7898179116398246
37065.38462233919,0.0019240836433749302,0.9225262962393463,0.7968497184105217,0.9521167103871703,optimal,9.09633520418359,2,1,18,0,0.6072021956909884,77,0.0163196999928914,KAM-KEL:1;KAM-KEL:2,3.0,0.7402139420269259
37065.38462233919,0.0019240836433749302,0.9225262962393463,0.6676318277139217,0.858502659917809,optimal,7.89250539840519,2,1,18,0,0.6072021956909884,77,0.016389199998229742,KAM-KEL:1;KAM-KEL:2,3.0,0.6485552864853732
2372.023646748871,0.03445499132365188,0.9444854439012706,0.7968497184105217,0.858502659917809,optimal,8.67005858482694,4,2,18,0,0.46415888336127825,368,0.13501259998884052,KAM-KEL:1;KAM-KEL:2;OTT-MON:1;OTT-MON:2,3.0,0.6888844624327898
3146.2155982782942,0.01026101175939366,0.9895478607993573,0.8961108975578099,0.7555282331723719,optimal,9.692071680026306,4,2,18,0,0.46415888336127825,311,0.10372329998062924,KAM-KEL:1;KAM-KEL:2;OTT-MON:1;OTT-MON:2,3.0,0.660466506250712
49053.548438298014,0.01026101175939366,0.9895478607993573,0.8961108975578099,0.7555282331723719,optimal,19.59182531640333,7,3,18,0,0.23713737056616555,311,0.09951879997970536,CAL-EDM:1;CAL-EDM:2;CAL-EDM:3;KAM-KEL:1;KAM-KEL:2;OTT-MON:1;OTT-MON:2,3.3333333333333335,0.6255767234419591
3146.2155982782942,0.003669436952888214,0.9895478607993573,0.8961108975578099,0.7555282331723719,optimal,9.692071680026306,4,2,18,0,0.46415888336127825,141,0.047420699964277446,KAM-KEL:1;KAM-KEL:2;OTT-MON:1;OTT-MON:2,3.0,0.660466506250712
3146.2155982782942,0.01026101175939366,0.987344369918108,0.8961108975578099,0.7555282331723719,optimal,9.62553405513507,4,2,18,0,0.46415888336127825,311,0.11587670003063977,KAM-KEL:1;KAM-KEL:2;OTT-MON:1;OTT-MON:2,3.0,0.6568084588877046
3146.2155982782942,0.01026101175939366,0.9895478607993573,0.6291568691842258,0.7555282331723719,optimal,7.651041638182326,4,2,18,0,0.46415888336127825,311,0.10073039995040745,KAM-KEL:1;KAM-KEL:2;OTT-MON:1;OTT-MON:2,3.0,0.660466506250712
3146.2155982782942,0.01026101175939366,0.9895478607993573,0.8961108975578099,0.8179594696070999,optimal,10.744624610210224,4,2,18,0,0.46415888336127825,393,0.1558167000184767,KAM-KEL:1;KAM-KEL:2;OTT-MON:1;OTT-MON:2,3.0,0.7311050305678186
49053.548438298014,0.003669436952888214,0.987344369918108,0.6291568691842258,0.8179594696070999,optimal,18.276427578525162,7,3,18,0,0.23713737056616555,149,0.044669599970802665,CAL-EDM:1;CAL-EDM:2;CAL-EDM:3;KAM-KEL:1;KAM-KEL:2;OTT-MON:1;OTT-MON:2,3.3333333333333335,0.6956903500555319
1332.566215843701,0.0011866287292823332,0.9669711665809154,0.8920301323756575,0.7290843607326969,infeasible,-50.0,0,0,18,0,,0,0.0003657999914139509,,,
76109.15585320124,0.0011866287292823332,0.9669711665809154,0.8920301323756575,0.7290843607326969,infeasible,-50.0,0,0,18,0,,0,0.00023629999486729503,,,
1332.566215843701,0.06749942423052521,0.9669711665809154,0.8920301323756575,0.7290843607326969,optimal,5.772532237490102,4,2,18,0,0.46415888336127825,231,0.051333700015675277,KAM-KEL:1;KAM-KEL:2;OTT-MON:1;OTT-MON:2,3.0,0.5982876780680778
1332.566215843701,0.0011866287292823332,0.955299795947969,0.8920301323756575,0.7290843607326969,infeasible,-50.0,0,0,18,0,,0,0.00026049994630739093,,,
1332.566215843701,0.0011866287292823332,0.9669711665809154,0.7419622399378567,0.7290843607326969,infeasible,-50.0,0,0,18,0,,0,0.00013699999544769526,,,
1332.566215843701,0.0011866287292823332,0.9669711665809154,0.8920301323756575,0.9331522434642538,infeasible,-50.0,0,0,18,0,,0,0.00012139999307692051,,,
76109.15585320124,0.06749942423052521,0.955299795947969,0.7419622399378567,0.9331522434642538,optimal,23.347165829643302,7,3,18,0,0.23713737056616555,577,0.3060585999628529,CAL-EDM:1;CAL-EDM:2;CAL-EDM:3;KAM-KEL:1;KAM-KEL:2;OTT-MON:1;OTT-MON:2,3.3333333333333335,0.7709586881835788
21478.186722322047,0.02228704187359777,0.9559930382762104,0.670613962598145,0.9773078847760335,optimal,17.744701442210914,7,3,18,0,0.23713737056616555,713,0.4731757999979891,CAL-EDM:1;CAL-EDM:2;CAL-EDM:3;KAM-KEL:1;KAM-KEL:2;OTT-MON:1;OTT-MON:2,3.3333333333333335,0.8315642340568224
4165.916213583917,0.02228704187359777,0.9559930382762104,0.670613962598145,0.9773078847760335,optimal,11.058848169077958,4,2,18,0,0.46415888336127825,713,0.5064269999857061,KAM-KEL:1;KAM-KEL:2;OTT-MON:1;OTT-MON:2,3.0,0.8475049864974106
21478.186722322047,0.006338238190259858,0.9559930382762104,0.670613962598145,0.9773078847760335,optimal,17.744701442210914,7,3,18,0,0.23713737056616555,318,0.13535810000030324,CAL-EDM:1;CAL-EDM:2;CAL-EDM:3;KAM-KEL:1;KAM-KEL:2;OTT-MON:1;OTT-MON:2,3.3333333333333335,0.8315642340568224
21478.186722322047,0.02228704187359777,0.9975439344681799,0.670613962598145,0.9773078847760335,optimal,19.106952569845543,7,3,18,0,0.23713737056616555,809,0.6514763999730349,CAL-EDM:1;CAL-EDM:2;CAL-EDM:3;KAM-KEL:1;KAM-KEL:2;OTT-MON:1;OTT-MON:2,3.3333333333333335,0.9532113040754197
21478.186722322047,0.02228704187359777,0.9559930382762104,0.682814339408651,0.9773078847760335,optimal,17.926777284974385,7,3,18,0,0.23713737056616555,713,0.4835917999735102,CAL-EDM:1;CAL-EDM:2;CAL-EDM:3;KAM-KEL:1;KAM-KEL:2;OTT-MON:1;OTT-MON:2,3.3333333333333335,0.8315642340568224
21478.186722322047,0.02228704187359777,0.9559930382762104,0.670613962598145,0.7494761016182601,optimal,12.237057522705792,4,2,18,0,0.46415888336127825,231,0.07253529998706654,KAM-KEL:1;KAM-KEL:2;OTT-MON:1;OTT-MON:2,3.0,0.6013939720294303
4165.916213583917,0.006338238190259858,0.9975439344681799,0.682814339408651,0.7494761016182601,optimal,9.051292739347602,4,2,18,0,0.46415888336127825,253,0.08173949999036267,KAM-KEL:1;KAM-KEL:2;OTT-MON:1;OTT-MON:2,3.0,0.6671605366750151
181480.1973253962,0.006913592855321906,0.9811594412010163,0.8209405079949648,0.8975415458148346,optimal,28.370818246693517,7,3,18,0,0.23713737056616555,367,0.17023720004362985,CAL-EDM:1;CAL-EDM:2;CAL-EDM:3;KAM-KEL:1;KAM-KEL:2;OTT-MON:1;OTT-MON:2,3.3333333333333335,0.7864616174798119
1097.4543072395943,0.006913592855321906,0.9811594412010163,0.8209405079949648,0.8975415458148346,optimal,8.045569488439494,4,2,18,0,0.46415888336127825,367,0.1467009000480175,KAM-KEL:1;KAM-KEL:2;OTT-MON:1;OTT-MON:2,3.0,0.8097870805429334
181480.1973253962,0.011893344526377596,0.9811594412010163,0.8209405079949648,0.8975415458148346,optimal,28.370818246693517,7,3,18,0,0.23713737056616555,473,0.21941220003645867,CAL-EDM:1;CAL-EDM:2;CAL-EDM:3;KAM-KEL:1;KAM-KEL:2;OTT-MON:1;OTT-MON:2,3.3333333333333335,0.7864616174798119
181480.1973253962,0.006913592855321906,0.9671107336338609,0.8209405079949648,0.8975415458148346,optimal,27.82110170412114,7,3,18,0,0.23713737056616555,326,0.11859359999652952,CAL-EDM:1;CAL-EDM:2;CAL-EDM:3;KAM-KEL:1;KAM-KEL:2;OTT-MON:1;OTT-MON:2,3.3333333333333335,0.7531690551749776
181480.1973253962,0.006913592855321906,0.9811594412010163,0.5539685004390776,0.8975415458148346,optimal,24.39850212395227,7,3,18,0,0.23713737056616555,367,0.1509010000154376,CAL-EDM:1;CAL-EDM:2;CAL-EDM:3;KAM-KEL:1;KAM-KEL:2;OTT-MON:1;OTT-MON:2,3.3333333333333335,0.7864616174798119
181480.1973253962,0.006913592855321906,0.9811594412010163,0.8209405079949648,0.7841035031853243,optimal,25.11256594442937,7,3,18,0,0.23713737056616555,278,0.08544850000180304,CAL-EDM:1;CAL-EDM:2;CAL-EDM:3;KAM-KEL:1;KAM-KEL:2;OTT-MON:1;OTT-MON:2,3.3333333333333335,0.6436780021765004
1097.4543072395943,0.011893344526377596,0.9671107336338609,0.5539685004390776,0.7841035031853243,optimal,3.741546675479706,4,2,18,0,0.46415888336127825,311,0.10951760003808886,KAM-KEL:1;KAM-KEL:2;OTT-MON:1;OTT-MON:2,3.0,0.6530722787713266
7700.794477871705,0.04101445030821931,0.9311813220493496,0.5151519667822868,0.8088068770328536,optimal,8.182947298081217,4,2,18,0,0.46415888336127825,311,0.10400250001111999,KAM-KEL:1;KAM-KEL:2;OTT-MON:1;OTT-MON:2,3.0,0.6175829316364674
20469.45165545516,0.04101445030821931,0.9311813220493496,0.5151519667822868,0.8088068770328536,optimal,11.003733810773387,4,2,18,0,0.46415888336127825,311,0.10606540000298992,KAM-KEL:1;KAM-KEL:2;OTT-MON:1;OTT-MON:2,3.0,0.6175829316364674
7700.794477871705,0.0010968782630624676,0.9311813220493496,0.5151519667822868,0.8088068770328536,infeasible,-50.0,0,0,18,0,,0,0.0005836000200361013,,,
7700.794477871705,0.04101445030821931,0.9272428020108492,0.5151519667822868,0.8088068770328536,optimal,8.023038460241981,4,2,18,0,0.46415888336127825,311,0.1025550999911502,KAM-KEL:1;KAM-KEL:2;OTT-MON:1;OTT-MON:2,3.0,0.6112437462226927
7700.794477871705,0.04101445030821931,0.9311813220493496,0.9483911364339291,0.8088068770328536,optimal,11.704883690165678,4,2,18,0,0.46415888336127825,311,0.10439619998214766,KAM-KEL:1;KAM-KEL:2;OTT-MON:1;OTT-MON:2,3.0,0.6175829316364674
7700.794477871705,0.04101445030821931,0.9311813220493496,0.5151519667822868,0.8962562461867929,optimal,9.735248310524895,4,2,18,0,0.46415888336127825,368,0.14822540001478046,KAM-KEL:1;KAM-KEL:2;OTT-MON:1;OTT-MON:2,3.0,0.7013672631934234
20469.45165545516,0.0010968782630624676,0.9272428020108492,0.9483911364339291,0.8962562461867929,infeasible,-50.0,0,0,18,0,,0,0.0003853000234812498,,,
8258.192756597706,0.0010441314898475477,0.9530259032379836,0.6183718421030789,0.9877017824500799,infeasible,-50.0,0,0,18,0,,0,0.00023980002151802182,,,
45563.94635893876,0.0010441314898475477,0.9530259032379836,0.6183718421030789,0.9877017824500799,infeasible,-50.0,0,0,18,0,,0,0.00024389999452978373,,,
8258.192756597706,0.015922068680829213,0.9530259032379836,0.6183718421030789,0.9877017824500799,optimal,12.87004252071444,7,3,18,0,0.23713737056616555,665,0.47176690003834665,CAL-EDM:1;CAL-EDM:2;CAL-EDM:3;KAM-KEL:1;KAM-KEL:2;OTT-MON:1;OTT-MON:2,3.3333333333333335,0.8377226597426404
8258.192756597706,0.0010441314898475477,0.9349246353134513,0.6183718421030789,0.9877017824500799,infeasible,-50.0,0,0,18,0,,0,0.00039460003608837724,,,
8258.192756597706,0.0010441314898475477,0.9530259032379836,0.7211030273232608,0.9877017824500799,infeasible,-50.0,0,0,18,0,,0,0.0002324000233784318,,,
8258.192756597706,0.0010441314898475477,0.9530259032379836,0.6183718421030789,0.8012989298002794,infeasible,-50.0,0,0,18,0,,0,0.00021620001643896103,,,
45563.94635893876,0.015922068680829213,0.9349246353134513,0.7211030273232608,0.8012989298002794,optimal,15.233409716173034,4,2,18,0,0.46415888336127825,311,0.11352269997587427,KAM-KEL:1;KAM-KEL:2;OTT-MON:1;OTT-MON:2,3.0,0.6167709752769617
199716.18590820133,0.020318936915962326,0.9591290411315858,0.9453708563465625,0.7199428660217673,optimal,19.91741625053674,4,2,18,0,0.46415888336127825,231,0.06612169998697937,KAM-KEL:1;KAM-KEL:2;OTT-MON:1;OTT-MON:2,3.0,0.5785862249707432
2545.503225761305,0.020318936915962326,0.9591290411315858,0.9453708563465625,0.7199428660217673,optimal,7.3297031384944145,4,2,18,0,0.46415888336127825,231,0.03972510003950447,KAM-KEL:1;KAM-KEL:2;OTT-MON:1;OTT-MON:2,3.0,0.5785862249707432
199716.18590820133,0.0014684324075815026,0.9591290411315858,0.9453708563465625,0.7199428660217673,infeasible,-50.0,0,0,18,0,,0,0.00024850002955645323,,,
199716.18590820133,0.020318936915962326,0.9777765123285354,0.9453708563465625,0.7199428660217673,optimal,20.758869773981374,4,2,18,0,0.46415888336127825,231,0.07085690001258627,KAM-KEL:1;KAM-KEL:2;OTT-MON:1;OTT-MON:2,3.0,0.6051956550795017
199716.18590820133,0.020318936915962326,0.9591290411315858,0.7749774098861962,0.7199428660217673,optimal,18.770511718472875,4,2,18,0,0.46415888336127825,231,0.07303340005455539,KAM-KEL:1;KAM-KEL:2;OTT-MON:1;OTT-MON:2,3.0,0.5785862249707432
199716.18590820133,0.020318936915962326,0.9591290411315858,0.9453708563465625,0.913293747426942,optimal,29.691183722220703,7,3,18,0,0.23713737056616555,577,0.3223034999682568,CAL-EDM:1;CAL-EDM:2;CAL-EDM:3;KAM-KEL:1;KAM-KEL:2;OTT-MON:1;OTT-MON:2,3.3333333333333335,0.7547238804277536
2545.503225761305,0.0014684324075815026,0.9777765123285354,0.7749774098861962,0.913293747426942,infeasible,-50.0,0,0,18,0,,0,0.0004175999783910811,,,
19925.463724813766,0.0056865415120535045,0.9391853220313787,0.5751943869516254,0.7839657643213868,optimal,11.30803538066294,4,2,18,0,0.46415888336127825,213,0.07304569997359067,KAM-KEL:1;KAM-KEL:2;OTT-MON:1;OTT-MON:2,3.0,0.6076677038445086
9675.176426695913,0.0056865415120535045,0.9391853220313787,0.5751943869516254,0.7839657643213868,optimal,9.223528528103191,4,2,18,0,0.46415888336127825,213,0.0632754999678582,KAM-KEL:1;KAM-KEL:2;OTT-MON:1;OTT-MON:2,3.0,0.6076677038445086
19925.463724813766,0.09036402618184709,0.9391853220313787,0.5751943869516254,0.7839657643213868,optimal,11.30803538066294,4,2,18,0,0.46415888336127825,311,0.12207409995608032,KAM-KEL:1;KAM-KEL:2;OTT-MON:1;OTT-MON:2,3.0,0.6076677038445086
19925.463724813766,0.0056865415120535045,0.9863439112361521,0.5751943869516254,0.7839657643213868,optimal,12.889007847329673,4,2,18,0,0.46415888336127825,229,0.08467849995940924,KAM-KEL:1;KAM-KEL:2;OTT-MON:1;OTT-MON:2,3.0,0.6862282313265806
19925.463724813766,0.0056865415120535045,0.9391853220313787,0.9128491512499749,0.7839657643213868,optimal,13.97334288707389,4,2,18,0,0.46415888336127825,213,0.06268269999418408,KAM-KEL:1;KAM-KEL:2;OTT-MON:1;OTT-MON:2,3.0,0.6076677038445086
19925.463724813766,0.0056865415120535045,0.9391853220313787,0.5751943869516254,0.9482101766997948,optimal,14.634626887276692,7,3,18,0,0.23713737056616555,262,0.10881489998428151,CAL-EDM:1;CAL-EDM:2;CAL-EDM:3;KAM-KEL:1;KAM-KEL:2;OTT-MON:1;OTT-MON:2,3.3333333333333335,0.7507899543318309
9675.176426695913,0.09036402618184709,0.9863439112361521,0.9128491512499749,0.9482101766997948,optimal,17.926002632895834,7,3,18,0,0.23713737056616555,769,0.5718742000171915,CAL-EDM:1;CAL-EDM:2;CAL-EDM:3;KAM-KEL:1;KAM-KEL:2;OTT-MON:1;OTT-MON:2,3.3333333333333335,0.8734695097851436
1217.2002326665163,0.034953254536565406,0.9842884321752936,0.7615572968497872,0.9236527154315263,optimal,8.267149797581652,4,2,18,0,0.46415888336127825,673,0.4016254000016488,KAM-KEL:1;KAM-KEL:2;OTT-MON:1;OTT-MON:2,3.0,0.8504750339025133
169634.59268775742,0.034953254536565406,0.9842884321752936,0.7615572968497872,0.9236527154315263,optimal,27.965528494121262,7,3,18,0,0.23713737056616555,673,0.3989908000221476,CAL-EDM:1;CAL-EDM:2;CAL-EDM:3;KAM-KEL:1;KAM-KEL:2;OTT-MON:1;OTT-MON:2,3.3333333333333335,0.8313205486600556
1217.2002326665163,0.008485239063564465,0.9842884321752936,0.7615572968497872,0.9236527154315263,optimal,8.267149797581652,4,2,18,0,0.46415888336127825,400,0.18350579997058958,KAM-KEL:1;KAM-KEL:2;OTT-MON:1;OTT-MON:2,3.0,0.8504750339025133
1217.2002326665163,0.034953254536565406,0.9458670509327203,0.7615572968497872,0.9236527154315263,optimal,7.417313026315336,4,2,18,0,0.46415888336127825,505,0.2480642999871634,KAM-KEL:1;KAM-KEL:2;OTT-MON:1;OTT-MON:2,3.0,0.7610621477644103
1217.2002326665163,0.034953254536565406,0.9842884321752936,0.5201841936446726,0.9236527154315263,optimal,6.067429709954057,4,2,18,0,0.46415888336127825,673,0.39776129997335374,KAM-KEL:1;KAM-KEL:2;OTT-MON:1;OTT-MON:2,3.0,0.8504750339025133
1217.2002326665163,0.034953254536565406,0.9842884321752936,0.7615572968497872,0.7640963791739195,optimal,6.021494272692658,4,2,18,0,0.46415888336127825,311,0.08241700002690777,KAM-KEL:1;KAM-KEL:2;OTT-MON:1;OTT-MON:2,3.0,0.660935646869552
169634.59268775742,0.008485239063564465,0.9458670509327203,0.5201841936446726,0.7640963791739195,optimal,16.68690410542039,4,2,18,0,0.46415888336127825,222,0.06030100001953542,KAM-KEL:1;KAM-KEL:2;OTT-MON:1;OTT-MON:2,3.0,0.5997458552393471
2918.8840411864244,0.004030537590945147,0.9725828904174268,0.7999154057819395,0.8613955120434984,optimal,10.072701516969232,4,2,18,0,0.46415888336127825,173,0.051062699989415705,KAM-KEL:1;KAM-KEL:2;OTT-MON:1;OTT-MON:2,3.0,0.7476748618377753
21959.396607326787,0.004030537590945147,0.9725828904174268,0.7999154057819395,0.8613955120434984,optimal,17.765625670721807,7,3,18,0,0.23713737056616555,173,0.05592760001309216,CAL-EDM:1;CAL-EDM:2;CAL-EDM:3;KAM-KEL:1;KAM-KEL:2;OTT-MON:1;OTT-MON:2,3.3333333333333335,0.7194577276648818
2918.8840411864244,0.04591922192442911,0.9725828904174268,0.7999154057819395,0.8613955120434984,optimal,10.072701516969232,4,2,18,0,0.46415888336127825,457,0.21527400001650676,KAM-KEL:1;KAM-KEL:2;OTT-MON:1;OTT-MON:2,3.0,0.7476748618377753
2918.8840411864244,0.004030537590945147,0.9962404823247344,0.7999154057819395,0.8613955120434984,optimal,10.608123671897388,4,2,18,0,0.46415888336127825,173,0.05794809997314587,KAM-KEL:1;KAM-KEL:2;OTT-MON:1;OTT-MON:2,3.0,0.7981748393154189
2918.8840411864244,0.004030537590945147,0.9725828904174268,0.8579625310841947,0.8613955120434984,optimal,10.476970342580401,4,2,18,0,0.46415888336127825,173,0.059958200028631836,KAM-KEL:1;KAM-KEL:2;OTT-MON:1;OTT-MON:2,3.0,0.7476748618377753
2918.8840411864244,0.004030537590945147,0.9725828904174268,0.7999154057819395,0.8792885414725169,optimal,10.30635078116912,4,2,18,0,0.46415888336127825,173,0.05026659998111427,KAM-KEL:1;KAM-KEL:2;OTT-MON:1;OTT-MON:2,3.0,0.7685651447754253
21959.396607326787,0.04591922192442911,0.9962404823247344,0.8579625310841947,0.8792885414725169,optimal,19.83823407304012,7,3,18,0,0.23713737056616555,601,0.3675777000025846,CAL-EDM:1;CAL-EDM:2;CAL-EDM:3;KAM-KEL:1;KAM-KEL:2;OTT-MON:1;OTT-MON:2,3.3333333333333335,0.7973628583521369
33857.84228004828,0.06546659635677225,0.9396863071154803,0.536177095817402,0.8449531973386183,optimal,13.688350286549221,4,2,18,0,0.46415888336127825,368,0.1286555000115186,KAM-KEL:1;KAM-KEL:2;OTT-MON:1;OTT-MON:2,3.0,0.6663874119581443
1018.3944390879047,0.06546659635677225,0.9396863071154803,0.536177095817402,0.8449531973386183,optimal,3.5781069200820976,4,2,18,0,0.46415888336127825,368,0.1100575000164099,KAM-KEL:1;KAM-KEL:2;OTT-MON:1;OTT-MON:2,3.0,0.6663874119581443
33857.84228004828,0.0048903712343628825,0.9396863071154803,0.536177095817402,0.8449531973386183,optimal,13.688350286549221,4,2,18,0,0.46415888336127825,189,0.05664470000192523,KAM-KEL:1;KAM-KEL:2;OTT-MON:1;OTT-MON:2,3.0,0.6663874119581443
33857.84228004828,0.06546659635677225,0.9563750202786178,0.536177095817402,0.8449531973386183,optimal,14.323299987739091,7,3,18,0,0.23713737056616555,368,0.14911830000346527,CAL-EDM:1;CAL-EDM:2;CAL-EDM:3;KAM-KEL:1;KAM-KEL:2;OTT-MON:1;OTT-MON:2,3.3333333333333335,0.6669024222050348
33857.84228004828,0.06546659635677225,0.9396863071154803,0.5738425221759826,0.8449531973386183,optimal,14.080131425264225,4,2,18,0,0.46415888336127825,368,0.15126360004069284,KAM-KEL:1;KAM-KEL:2;OTT-MON:1;OTT-MON:2,3.0,0.6663874119581443
33857.84228004828,0.06546659635677225,0.9396863071154803,0.536177095817402,0.8391841016598045,optimal,13.58837240076824,4,2,18,0,0.46415888336127825,311,0.10383859998546541,KAM-KEL:1;KAM-KEL:2;OTT-MON:1;OTT-MON:2,3.0,0.6607208776790744
1018.3944390879047,0.0048903712343628825,0.9563750202786178,0.5738425221759826,0.8391841016598045,optimal,4.371918047016698,4,2,18,0,0.46415888336127825,189,0.039793499978259206,KAM-KEL:1;KAM-KEL:2;OTT-MON:1;OTT-MON:2,3.0,0.6912634606384218
59367.34579420555,0.0023509275676245065,0.9973995219711215,0.8428800569847226,0.7652483307039365,optimal,18.21969033880852,4,2,18,0,0.46415888336127825,101,0.025610000011511147,KAM-KEL:1;KAM-KEL:2;OTT-MON:1;OTT-MON:2,3.0,0.6846510191404978
3793.9358029702094,0.0023509275676245065,0.9973995219711215,0.8428800569847226,0.7652483307039365,optimal,10.283885454813445,4,2,18,0,0.46415888336127825,101,0.028538200014736503,KAM-KEL:1;KAM-KEL:2;OTT-MON:1;OTT-MON:2,3.0,0.6846510191404978
59367.34579420555,0.02700430250029579,0.9973995219711215,0.8428800569847226,0.7652483307039365,optimal,20.75031791274444,7,3,18,0,0.23713737056616555,368,0.12939760001609102,CAL-EDM:1;CAL-EDM:2;CAL-EDM:3;KAM-KEL:1;KAM-KEL:2;OTT-MON:1;OTT-MON:2,3.3333333333333335,0.6502549081439816
59367.34579420555,0.0023509275676245065,0.925936771761626,0.8428800569847226,0.7652483307039365,optimal,15.482700605567286,4,2,18,0,0.46415888336127825,101,0.02846290002344176,KAM-KEL:1;KAM-KEL:2;OTT-MON:1;OTT-MON:2,3.0,0.5715144339093196
59367.34579420555,0.0023509275676245065,0.9973995219711215,0.662940331082791,0.7652483307039365,optimal,16.833897043023395,4,2,18,0,0.46415888336127825,101,0.023909200041089207,KAM-KEL:1;KAM-KEL:2;OTT-MON:1;OTT-MON:2,3.0,0.6846510191404978
59367.34579420555,0.0023509275676245065,0.9973995219711215,0.8428800569847226,0.7302753785056993,optimal,17.538672545816766,4,2,18,0,0.46415888336127825,101,0.02132050000363961,KAM-KEL:1;KAM-KEL:2;OTT-MON:1;OTT-MON:2,3.0,0.6458304840551483
3793.9358029702094,0.02700430250029579,0.925936771761626,0.662940331082791,0.7302753785056993,optimal,4.67976136646485,4,2,18,0,0.46415888336127825,231,0.063580300018657,KAM-KEL:1;KAM-KEL:2;OTT-MON:1;OTT-MON:2,3.0,0.542798609460767
6817.812326787196,0.012088433404978557,0.9255029478222132,0.7197640111669898,0.941144209892489,optimal,11.764138967590572,4,2,18,0,0.46415888336127825,425,0.19469380000373349,KAM-KEL:1;KAM-KEL:2;OTT-MON:1;OTT-MON:2,3.0,0.7353684785491261
83519.24284709383,0.012088433404978557,0.9255029478222132,0.7197640111669898,0.941144209892489,optimal,22.31992966379007,7,3,18,0,0.23713737056616555,425,0.18563759996322915,CAL-EDM:1;CAL-EDM:2;CAL-EDM:3;KAM-KEL:1;KAM-KEL:2;OTT-MON:1;OTT-MON:2,3.3333333333333335,0.7107216156466336
6817.812326787196,0.0029281503702900395,0.9255029478222132,0.7197640111669898,0.941144209892489,optimal,11.764138967590572,4,2,18,0,0.46415888336127825,101,0.029958500002976507,KAM-KEL:1;KAM-KEL:2;OTT-MON:1;OTT-MON:2,3.0,0.7353684785491261
6817.812326787196,0.012088433404978557,0.9681879592835904,0.7197640111669898,0.941144209892489,optimal,13.251893018720262,7,3,18,0,0.23713737056616555,505,0.2865369999781251,CAL-EDM:1;CAL-EDM:2;CAL-EDM:3;KAM-KEL:1;KAM-KEL:2;OTT-MON:1;OTT-MON:2,3.3333333333333335,0.814110620521287
6817.812326787196,0.012088433404978557,0.9255029478222132,0.8323908586986363,0.941144209892489,optimal,12.943906215524441,7,3,18,0,0.23713737056616555,425,0.1950459000072442,CAL-EDM:1;CAL-EDM:2;CAL-EDM:3;KAM-KEL:1;KAM-KEL:2;OTT-MON:1;OTT-MON:2,3.3333333333333335,0.7107216156466336
6817.812326787196,0.012088433404978557,0.9255029478222132,0.7197640111669898,0.985998728722334,optimal,12.471623581729412,7,3,18,0,0.23713737056616555,473,0.24012700002640486,CAL-EDM:1;CAL-EDM:2;CAL-EDM:3;KAM-KEL:1;KAM-KEL:2;OTT-MON:1;OTT-MON:2,3.3333333333333335,0.7628577176882497
83519.24284709383,0.0029281503702900395,0.9681879592835904,0.8323908586986363,0.985998728722334,optimal,21.291443295260358,4,2,18,0,0.46415888336127825,101,0.026348399987909943,KAM-KEL:1;KAM-KEL:2;OTT-MON:1;OTT-MON:2,3.0,0.8902425629034332
5216.3336881930445,0.009776114185684975,0.9924130391273648,0.521700011799112,0.7456294939871877,optimal,7.918739814098742,4,2,18,0,0.46415888336127825,311,0.11700559995369986,KAM-KEL:1;KAM-KEL:2;OTT-MON:1;OTT-MON:2,3.0,0.6544458681008871
107776.07326793738,0.009776114185684975,0.9924130391273648,0.521700011799112,0.7456294939871877,optimal,17.223381282606866,7,3,18,0,0.23713737056616555,311,0.10671409999486059,CAL-EDM:1;CAL-EDM:2;CAL-EDM:3;KAM-KEL:1;KAM-KEL:2;OTT-MON:1;OTT-MON:2,3.3333333333333335,0.6191359568289578
5216.3336881930445,0.033759478202946766,0.9924130391273648,0.521700011799112,0.7456294939871877,optimal,7.918739814098742,4,2,18,0,0.46415888336127825,311,0.1295543999876827,KAM-KEL:1;KAM-KEL:2;OTT-MON:1;OTT-MON:2,3.0,0.6544458681008871
5216.3336881930445,0.009776114185684975,0.9925481558423489,0.521700011799112,0.7456294939871877,optimal,7.922863086991166,4,2,18,0,0.46415888336127825,311,0.12317669996991754,KAM-KEL:1;KAM-KEL:2;OTT-MON:1;OTT-MON:2,3.0,0.6546667317190678
5216.3336881930445,0.009776114185684975,0.9924130391273648,0.880018820706755,0.7456294939871877,optimal,10.935995464438024,4,2,18,0,0.46415888336127825,311,0.11350739997578785,KAM-KEL:1;KAM-KEL:2;OTT-MON:1;OTT-MON:2,3.0,0.6544458681008871
5216.3336881930445,0.009776114185684975,0.9924130391273648,0.521700011799112,0.754780731937848,optimal,8.099562542710075,4,2,18,0,0.46415888336127825,311,0.10291689995210618,KAM-KEL:1;KAM-KEL:2;OTT-MON:1;OTT-MON:2,3.0,0.6644344563104321
107776.07326793738,0.033759478202946766,0.9925481558423489,0.880018820706755,0.754780731937848,optimal,22.99169715109307,7,3,18,0,0.23713737056616555,311,0.10110600001644343,CAL-EDM:1;CAL-EDM:2;CAL-EDM:3;KAM-KEL:1;KAM-KEL:2;OTT-MON:1;OTT-MON:2,3.3333333333333335,0.629729942709304
84076.54684507594,0.05204424621071161,0.9204965200722218,0.8134586150292307,0.9618837805874645,optimal,23.837316104988396,7,3,18,0,0.23713737056616555,505,0.2572356999735348,CAL-EDM:1;CAL-EDM:2;CAL-EDM:3;KAM-KEL:1;KAM-KEL:2;OTT-MON:1;OTT-MON:2,3.3333333333333335,0.7226556307902557
11863.68650253022,0.05204424621071161,0.9204965200722218,0.8134586150292307,0.9618837805874645,optimal,15.361862995384806,7,3,18,0,0.23713737056616555,505,0.22282809996977448,CAL-EDM:1;CAL-EDM:2;CAL-EDM:3;KAM-KEL:1;KAM-KEL:2;OTT-MON:1;OTT-MON:2,3.3333333333333335,0.7226556307902557
84076.54684507594,0.004151726422018824,0.9204965200722218,0.8134586150292307,0.9618837805874645,optimal,23.837316104988396,7,3,18,0,0.23713737056616555,173,0.06124949996592477,CAL-EDM:1;CAL-EDM:2;CAL-EDM:3;KAM-KEL:1;KAM-KEL:2;OTT-MON:1;OTT-MON:2,3.3333333333333335,0.7226556307902557
84076.54684507594,0.05204424621071161,0.9502408819887788,0.8134586150292307,0.9618837805874645,optimal,25.095170139597464,7,3,18,0,0.23713737056616555,633,0.35873360000550747,CAL-EDM:1;CAL-EDM:2;CAL-EDM:3;KAM-KEL:1;KAM-KEL:2;OTT-MON:1;OTT-MON:2,3.3333333333333335,0.7955722223776256
84076.54684507594,0.05204424621071161,0.9204965200722218,0.601227271463722,0.9618837805874645,optimal,20.784206609930553,7,3,18,0,0.23713737056616555,505,0.20771909999893978,CAL-EDM:1;CAL-EDM:2;CAL-EDM:3;KAM-KEL:1;KAM-KEL:2;OTT-MON:1;OTT-MON:2,3.3333333333333335,0.7226556307902557
84076.54684507594,0.05204424621071161,0.9204965200722218,0.8134586150292307,0.9295051036216319,optimal,23.03544016682096,7,3,18,0,0.23713737056616555,457,0.1502671000198461,CAL-EDM:1;CAL-EDM:2;CAL-EDM:3;KAM-KEL:1;KAM-KEL:2;OTT-MON:1;OTT-MON:2,3.3333333333333335,0.6869030998688027
11863.68650253022,0.004151726422018824,0.9502408819887788,0.601227271463722,0.9295051036216319,optimal,12.893317062135559,7,3,18,0,0.23713737056616555,173,0.04743059998145327,CAL-EDM:1;CAL-EDM:2;CAL-EDM:3;KAM-KEL:1;KAM-KEL:2;OTT-MON:1;OTT-MON:2,3.3333333333333335,0.7541462847784887
46362.07073318238,0.0016629224415831655,0.978265371453017,0.6789232097566128,0.9000725239347667,infeasible,-50.0,0,0,18,0,,0,0.0003294000052846968,,,
3125.3637253637376,0.0016629224415831655,0.978265371453017,0.6789232097566128,0.9000725239347667,infeasible,-50.0,0,0,18,0,,0,0.00018700002692639828,,,
46362.07073318238,0.017832172624895642,0.978265371453017,0.6789232097566128,0.9000725239347667,optimal,20.49153385787824,7,3,18,0,0.23713737056616555,569,0.2545996999833733,CAL-EDM:1;CAL-EDM:2;CAL-EDM:3;KAM-KEL:1;KAM-KEL:2;OTT-MON:1;OTT-MON:2,3.3333333333333335,0.7829240123520101
46362.07073318238,0.0016629224415831655,0.9222457819133998,0.6789232097566128,0.9000725239347667,infeasible,-50.0,0,0,18,0,,0,0.00048230000538751483,,,
46362.07073318238,0.0016629224415831655,0.978265371453017,0.639126104908064,0.9000725239347667,infeasible,-50.0,0,0,18,0,,0,0.00025189999723806977,,,
46362.07073318238,0.0016629224415831655,0.978265371453017,0.6789232097566128,0.8926178525937721,infeasible,-50.0,0,0,18,0,,0,0.00019720004638656974,,,
3125.3637253637376,0.017832172624895642,0.9222457819133998,0.639126104908064,0.8926178525937721,optimal,8.05917376924767,4,2,18,0,0.46415888336127825,368,0.14826049999101087,KAM-KEL:1;KAM-KEL:2;OTT-MON:1;OTT-MON:2,3.0,0.6803213245174334
1967.27777910968,0.02802728480405573,0.9453488618414849,0.8863026823848486,0.8073970562778413,optimal,7.872542110759717,4,2,18,0,0.46415888336127825,311,0.0924094999791123,KAM-KEL:1;KAM-KEL:2;OTT-MON:1;OTT-MON:2,3.0,0.6396368655026581
28985.892095068073,0.02802728480405573,0.9453488618414849,0.8863026823848486,0.8073970562778413,optimal,16.381222186310257,7,3,18,0,0.23713737056616555,311,0.09817670000484213,CAL-EDM:1;CAL-EDM:2;CAL-EDM:3;KAM-KEL:1;KAM-KEL:2;OTT-MON:1;OTT-MON:2,3.3333333333333335,0.6069805554422177
1967.27777910968,0.002232792981737046,0.9453488618414849,0.8863026823848486,0.8073970562778413,optimal,7.872542110759717,4,2,18,0,0.46415888336127825,101,0.015861399995628744,KAM-KEL:1;KAM-KEL:2;OTT-MON:1;OTT-MON:2,3.0,0.6396368655026581
1967.27777910968,0.02802728480405573,0.9620530701540411,0.8863026823848486,0.8073970562778413,optimal,8.412920588487115,4,2,18,0,0.46415888336127825,311,0.0985462999669835,KAM-KEL:1;KAM-KEL:2;OTT-MON:1;OTT-MON:2,3.0,0.6683973127489929
1967.27777910968,0.02802728480405573,0.9453488618414849,0.8067640191409737,0.8073970562778413,optimal,7.32993116296562,4,2,18,0,0.46415888336127825,311,0.09457680000923574,KAM-KEL:1;KAM-KEL:2;OTT-MON:1;OTT-MON:2,3.0,0.6396368655026581
1967.27777910968,0.02802728480405573,0.9453488618414849,0.8863026823848486,0.7894519299715756,optimal,7.494964484968186,4,2,18,0,0.46415888336127825,311,0.09602480003377423,KAM-KEL:1;KAM-KEL:2;OTT-MON:1;OTT-MON:2,3.0,0.62250928237666
28985.892095068073,0.002232792981737046,0.9620530701540411,0.8067640191409737,0.7894519299715756,optimal,15.298758490393583,4,2,18,0,0.46415888336127825,101,0.02744400000665337,KAM-KEL:1;KAM-KEL:2;OTT-MON:1;OTT-MON:2,3.0,0.650005483360473
1714.9133697844036,0.002443067053471817,0.9338170685768128,0.9035361456219106,0.8349750218288973,optimal,7.7224064325997634,4,2,18,0,0.46415888336127825,101,0.01603529998101294,KAM-KEL:1;KAM-KEL:2;OTT-MON:1;OTT-MON:2,3.0,0.6463184142642419
73899.17352967241,0.002443067053471817,0.9338170685768128,0.9035361456219106,0.8349750218288973,optimal,18.581107683101003,4,2,18,0,0.46415888336127825,101,0.026926200021989644,KAM-KEL:1;KAM-KEL:2;OTT-MON:1;OTT-MON:2,3.0,0.6463184142642419
1714.9133697844036,0.01304360844242937,0.9338170685768128,0.9035361456219106,0.8349750218288973,optimal,7.7224064325997634,4,2,18,0,0.46415888336127825,311,0.08469079999485984,KAM-KEL:1;KAM-KEL:2;OTT-MON:1;OTT-MON:2,3.0,0.6463184142642419
1714.9133697844036,0.002443067053471817,0.9312272461839021,0.9035361456219106,0.8349750218288973,optimal,7.63256031699985,4,2,18,0,0.46415888336127825,101,0.01410939998459071,KAM-KEL:1;KAM-KEL:2;OTT-MON:1;OTT-MON:2,3.0,0.6418325130244515
1714.9133697844036,0.002443067053471817,0.9338170685768128,0.6939920720644295,0.8349750218288973,optimal,6.1997538938532015,4,2,18,0,0.46415888336127825,101,0.011002200015354902,KAM-KEL:1;KAM-KEL:2;OTT-MON:1;OTT-MON:2,3.0,0.6463184142642419
1714.9133697844036,0.002443067053471817,0.9338170685768128,0.9035361456219106,0.9629410025523976,optimal,9.56504300080224,4,2,18,0,0.46415888336127825,101,0.03133920003892854,KAM-KEL:1;KAM-KEL:2;OTT-MON:1;OTT-MON:2,3.0,0.7771044019700669
73899.17352967241,0.01304360844242937,0.9312272461839021,0.6939920720644295,0.9629410025523976,optimal,22.180677964773466,7,3,18,0,0.23713737056616555,553,0.313909100019373,CAL-EDM:1;CAL-EDM:2;CAL-EDM:3;KAM-KEL:1;KAM-KEL:2;OTT-MON:1;OTT-MON:2,3.3333333333333335,0.7493618987076204
15324.132058099902,0.014500301711530661,0.9789020562861115,0.6610305710230022,0.8715225870935246,optimal,14.805714694122699,7,3,18,0,0.23713737056616555,489,0.23392450000392273,CAL-EDM:1;CAL-EDM:2;CAL-EDM:3;KAM-KEL:1;KAM-KEL:2;OTT-MON:1;OTT-MON:2,3.3333333333333335,0.7462601961922082
6477.902385984452,0.014500301711530661,0.9789020562861115,0.6610305710230022,0.8715225870935246,optimal,11.552550386391264,4,2,18,0,0.46415888336127825,489,0.20127349998801947,KAM-KEL:1;KAM-KEL:2;OTT-MON:1;OTT-MON:2,3.0,0.7729284781227553
15324.132058099902,0.0010416886104833308,0.9789020562861115,0.6610305710230022,0.8715225870935246,infeasible,-50.0,0,0,18,0,,0,0.0003704000264406204,,,
15324.132058099902,0.014500301711530661,0.971648022480309,0.6610305710230022,0.8715225870935246,optimal,14.501364668210883,7,3,18,0,0.23713737056616555,489,0.235573599988129,CAL-EDM:1;CAL-EDM:2;CAL-EDM:3;KAM-KEL:1;KAM-KEL:2;OTT-MON:1;OTT-MON:2,3.3333333333333335,0.7301649214179485
15324.132058099902,0.014500301711530661,0.9789020562861115,0.753085037600249,0.8715225870935246,optimal,16.12238520605724,7,3,18,0,0.23713737056616555,489,0.23617039999226108,CAL-EDM:1;CAL-EDM:2;CAL-EDM:3;KAM-KEL:1;KAM-KEL:2;OTT-MON:1;OTT-MON:2,3.3333333333333335,0.7462601961922082
15324.132058099902,0.014500301711530661,0.9789020562861115,0.6610305710230022,0.7163262562621384,optimal,11.232759969224794,4,2,18,0,0.46415888336127825,231,0.05959810002241284,KAM-KEL:1;KAM-KEL:2;OTT-MON:1;OTT-MON:2,3.0,0.6032699848014118
6477.902385984452,0.0010416886104833308,0.971648022480309,0.753085037600249,0.7163262562621384,infeasible,-50.0,0,0,18,0,,0,0.0003600000054575503,,,
133910.62408467874,0.0044807844845930105,0.9589360258560627,0.7461000297218561,0.9535090782018378,optimal,26.40219212948226,7,3,18,0,0.23713737056616555,173,0.053755999950226396,CAL-EDM:1;CAL-EDM:2;CAL-EDM:3;KAM-KEL:1;KAM-KEL:2;OTT-MON:1;OTT-MON:2,3.3333333333333335,0.8069549223777542
1741.0763231354463,0.0044807844845930105,0.9589360258560627,0.7461000297218561,0.9535090782018378,optimal,8.971891007390564,4,2,18,0,0.46415888336127825,173,0.0642251999815926,KAM-KEL:1;KAM-KEL:2;OTT-MON:1;OTT-MON:2,3.0,0.8259015889916486
133910.62408467874,0.0713716344254112,0.9589360258560627,0.7461000297218561,0.9535090782018378,optimal,26.40219212948226,7,3,18,0,0.23713737056616555,673,0.44788019999396056,CAL-EDM:1;CAL-EDM:2;CAL-EDM:3;KAM-KEL:1;KAM-KEL:2;OTT-MON:1;OTT-MON:2,3.3333333333333335,0.8069549223777542
133910.62408467874,0.0044807844845930105,0.982647272946313,0.7461000297218561,0.9535090782018378,optimal,27.234176950403224,7,3,18,0,0.23713737056616555,173,0.05023509997408837,CAL-EDM:1;CAL-EDM:2;CAL-EDM:3;KAM-KEL:1;KAM-KEL:2;OTT-MON:1;OTT-MON:2,3.3333333333333335,0.8711161984903016
133910.62408467874,0.0044807844845930105,0.9589360258560627,0.9382021699566394,0.9535090782018378,optimal,28.71590053265878,7,3,18,0,0.23713737056616555,173,0.0531050999998115,CAL-EDM:1;CAL-EDM:2;CAL-EDM:3;KAM-KEL:1;KAM-KEL:2;OTT-MON:1;OTT-MON:2,3.3333333333333335,0.8069549223777542
133910.62408467874,0.0044807844845930105,0.9589360258560627,0.7461000297218561,0.8227211449826136,optimal,22.979873801447717,7,3,18,0,0.23713737056616555,173,0.05293010000605136,CAL-EDM:1;CAL-EDM:2;CAL-EDM:3;KAM-KEL:1;KAM-KEL:2;OTT-MON:1;OTT-MON:2,3.3333333333333335,0.6469759453680454
1741.0763231354463,0.0713716344254112,0.982647272946313,0.9382021699566394,0.8227211449826136,optimal,9.202133477184969,4,2,18,0,0.46415888336127825,368,0.14842899999348447,KAM-KEL:1;KAM-KEL:2;OTT-MON:1;OTT-MON:2,3.0,0.7232249175363007
11366.733782043979,0.084008944387088,0.9650209855251014,0.587959960103035,0.7530148362917826,optimal,10.091791036287638,4,2,18,0,0.46415888336127825,311,0.11116919998312369,KAM-KEL:1;KAM-KEL:2;OTT-MON:1;OTT-MON:2,3.0,0.6185028950663352
19455.375453068544,0.084008944387088,0.9650209855251014,0.587959960103035,0.7530148362917826,optimal,11.6424931661648,4,2,18,0,0.46415888336127825,311,0.10462989995721728,KAM-KEL:1;KAM-KEL:2;OTT-MON:1;OTT-MON:2,3.0,0.6185028950663352
11366.733782043979,0.005803338990755164,0.9650209855251014,0.587959960103035,0.7530148362917826,optimal,10.091791036287638,4,2,18,0,0.46415888336127825,213,0.06978069996694103,KAM-KEL:1;KAM-KEL:2;OTT-MON:1;OTT-MON:2,3.0,0.6185028950663352
11366.733782043979,0.084008944387088,0.9397372244503349,0.587959960103035,0.7530148362917826,optimal,8.985985636830957,4,2,18,0,0.46415888336127825,231,0.0751594000030309,KAM-KEL:1;KAM-KEL:2;OTT-MON:1;OTT-MON:2,3.0,0.5807771754668491
11366.733782043979,0.084008944387088,0.9650209855251014,0.5438344756606966,0.7530148362917826,optimal,9.641589839011814,4,2,18,0,0.46415888336127825,311,0.1120435000048019,KAM-KEL:1;KAM-KEL:2;OTT-MON:1;OTT-MON:2,3.0,0.6185028950663352
11366.733782043979,0.084008944387088,0.9650209855251014,0.587959960103035,0.8542775095682591,optimal,11.932505844978621,4,2,18,0,0.46415888336127825,457,0.197609199967701,KAM-KEL:1;KAM-KEL:2;OTT-MON:1;OTT-MON:2,3.0,0.7242766941125762
19455.375453068544,0.005803338990755164,0.9397372244503349,0.5438344756606966,0.8542775095682591,optimal,12.329042167215249,4,2,18,0,0.46415888336127825,229,0.0853116000071168,KAM-KEL:1;KAM-KEL:2;OTT-MON:1;OTT-MON:2,3.0,0.6757223141763173
12521.673273534954,0.005254197712881806,0.9247106258161366,0.852441356377676,0.9122477150056512,optimal,15.015548246546457,7,3,18,0,0.23713737056616555,197,0.06710559997009113,CAL-EDM:1;CAL-EDM:2;CAL-EDM:3;KAM-KEL:1;KAM-KEL:2;OTT-MON:1;OTT-MON:2,3.3333333333333335,0.6772547158513534
5490.44959580919,0.005254197712881806,0.9247106258161366,0.852441356377676,0.9122477150056512,optimal,11.708880925165847,4,2,18,0,0.46415888336127825,197,0.06271369999740273,KAM-KEL:1;KAM-KEL:2;OTT-MON:1;OTT-MON:2,3.0,0.7044181727244654
12521.673273534954,0.001744273354750198,0.9247106258161366,0.852441356377676,0.9122477150056512,infeasible,-50.0,0,0,18,0,,0,0.0007516000187024474,,,
12521.673273534954,0.005254197712881806,0.9797337300367653,0.852441356377676,0.9122477150056512,optimal,17.434817099017806,7,3,18,0,0.23713737056616555,197,0.06717080000089481,CAL-EDM:1;CAL-EDM:2;CAL-EDM:3;KAM-KEL:1;KAM-KEL:2;OTT-MON:1;OTT-MON:2,3.3333333333333335,0.8033649748398416
12521.673273534954,0.005254197712881806,0.9247106258161366,0.5977547080721706,0.9122477150056512,optimal,12.039555258892715,4,2,18,0,0.46415888336127825,197,0.06180640001548454,KAM-KEL:1;KAM-KEL:2;OTT-MON:1;OTT-MON:2,3.0,0.7044181727244654
12521.673273534954,0.005254197712881806,0.9247106258161366,0.852441356377676,0.8449914216194302,optimal,12.993145467802542,4,2,18,0,0.46415888336127825,173,0.05222650000359863,KAM-KEL:1;KAM-KEL:2;OTT-MON:1;OTT-MON:2,3.0,0.6398833801316134
5490.44959580919,0.001744273354750198,0.9797337300367653,0.5977547080721706,0.8449914216194302,infeasible,-50.0,0,0,18,0,,0,0.0005781000363640487,,,
111901.20010307453,0.0885054566978888,0.9893128686007112,0.7082255993504076,0.7941357885301112,optimal,22.37160734597775,7,3,18,0,0.23713737056616555,368,0.12802330002887174,CAL-EDM:1;CAL-EDM:2;CAL-EDM:3;KAM-KEL:1;KAM-KEL:2;OTT-MON:1;OTT-MON:2,3.3333333333333335,0.6702576505098871
62655.315824285186,0.0885054566978888,0.9893128686007112,0.7082255993504076,0.7941357885301112,optimal,19.861457283989303,7,3,18,0,0.23713737056616555,368,0.14927980001084507,CAL-EDM:1;CAL-EDM:2;CAL-EDM:3;KAM-KEL:1;KAM-KEL:2;OTT-MON:1;OTT-MON:2,3.3333333333333335,0.6702576505098871
111901.20010307453,0.013930374055038537,0.9893128686007112,0.7082255993504076,0.7941357885301112,optimal,22.37160734597775,7,3,18,0,0.23713737056616555,368,0.11282819998450577,CAL-EDM:1;CAL-EDM:2;CAL-EDM:3;KAM-KEL:1;KAM-KEL:2;OTT-MON:1;OTT-MON:2,3.3333333333333335,0.6702576505098871
111901.20010307453,0.0885054566978888,0.9423460704162717,0.7082255993504076,0.7941357885301112,optimal,18.702869387243545,7,3,18,0,0.23713737056616555,311,0.09406410000519827,CAL-EDM:1;CAL-EDM:2;CAL-EDM:3;KAM-KEL:1;KAM-KEL:2;OTT-MON:1;OTT-MON:2,3.3333333333333335,0.5889762206630981
111901.20010307453,0.0885054566978888,0.9893128686007112,0.8765736996661871,0.7941357885301112,optimal,24.52527215679544,7,3,18,0,0.23713737056616555,368,0.145838399999775,CAL-EDM:1;CAL-EDM:2;CAL-EDM:3;KAM-KEL:1;KAM-KEL:2;OTT-MON:1;OTT-MON:2,3.3333333333333335,0.6702576505098871
111901.20010307453,0.0885054566978888,0.9893128686007112,0.7082255993504076,0.8852548752101138,optimal,24.82508308352665,7,3,18,0,0.23713737056616555,577,0.32325509999645874,CAL-EDM:1;CAL-EDM:2;CAL-EDM:3;KAM-KEL:1;KAM-KEL:2;OTT-MON:1;OTT-MON:2,3.3333333333333335,0.7890870981095127
62655.315824285186,0.013930374055038537,0.9423460704162717,0.8765736996661871,0.8852548752101138,optimal,22.433118127379434,7,3,18,0,0.23713737056616555,449,0.17678689997410402,CAL-EDM:1;CAL-EDM:2;CAL-EDM:3;KAM-KEL:1;KAM-KEL:2;OTT-MON:1;OTT-MON:2,3.3333333333333335,0.6841909922460117
18341.235704990882,0.0030923454683312386,0.9486108330953866,0.7846429390832781,0.7124338143486529,optimal,11.059102399643933,4,2,18,0,0.46415888336127825,117,0.03296849998878315,KAM-KEL:1;KAM-KEL:2;OTT-MON:1;OTT-MON:2,3.0,0.5576610154548571
16483.7161215124,0.0030923454683312386,0.9486108330953866,0.7846429390832781,0.7124338143486529,optimal,10.751003764113452,4,2,18,0,0.46415888336127825,117,0.03235809999750927,KAM-KEL:1;KAM-KEL:2;OTT-MON:1;OTT-MON:2,3.0,0.5576610154548571
18341.235704990882,0.00954427422300394,0.9486108330953866,0.7846429390832781,0.7124338143486529,optimal,11.059102399643933,4,2,18,0,0.46415888336127825,231,0.06449479999719188,KAM-KEL:1;KAM-KEL:2;OTT-MON:1;OTT-MON:2,3.0,0.5576610154548571
18341.235704990882,0.0030923454683312386,0.9337980156559498,0.7846429390832781,0.7124338143486529,optimal,9.89383653115027,4,2,18,0,0.46415888336127825,117,0.030997800000477582,KAM-KEL:1;KAM-KEL:2;OTT-MON:1;OTT-MON:2,3.0,0.5385027985191202
18341.235704990882,0.0030923454683312386,0.9486108330953866,0.7821939766407013,0.7124338143486529,optimal,11.041062953098567,4,2,18,0,0.46415888336127825,117,0.03169849998084828,KAM-KEL:1;KAM-KEL:2;OTT-MON:1;OTT-MON:2,3.0,0.5576610154548571
18341.235704990882,0.0030923454683312386,0.9486108330953866,0.7846429390832781,0.9941798923369497,optimal,18.685130670555136,7,3,18,0,0.23713737056616555,125,0.0355322000104934,CAL-EDM:1;CAL-EDM:2;CAL-EDM:3;KAM-KEL:1;KAM-KEL:2;OTT-MON:1;OTT-MON:2,3.3333333333333335,0.8343530461278533
16483.7161215124,0.00954427422300394,0.9337980156559498,0.7821939766407013,0.9941798923369497,optimal,17.63165354343026,7,3,18,0,0.23713737056616555,441,0.22405109996907413,CAL-EDM:1;CAL-EDM:2;CAL-EDM:3;KAM-KEL:1;KAM-KEL:2;OTT-MON:1;OTT-MON:2,3.3333333333333335,0.7942879200265498
1556.4783739972022,0.016490261574502025,0.9742130478397012,0.556063393689692,0.9939233836159109,optimal,7.663846675601569,4,2,18,0,0.46415888336127825,793,0.6368144999723881,KAM-KEL:1;KAM-KEL:2;OTT-MON:1;OTT-MON:2,3.0,0.9170867656194162
1474.6782165114541,0.016490261574502025,0.9742130478397012,0.556063393689692,0.9939233836159109,optimal,7.50807598034986,4,2,18,0,0.46415888336127825,793,0.6243006000295281,KAM-KEL:1;KAM-KEL:2;OTT-MON:1;OTT-MON:2,3.0,0.9170867656194162
1556.4783739972022,0.07760725749936079,0.9742130478397012,0.556063393689692,0.9939233836159109,optimal,7.663846675601569,4,2,18,0,0.46415888336127825,809,0.6863563999650069,KAM-KEL:1;KAM-KEL:2;OTT-MON:1;OTT-MON:2,3.0,0.9170867656194162
1556.4783739972022,0.016490261574502025,0.9687725749518723,0.556063393689692,0.9939233836159109,optimal,7.558729857363491,4,2,18,0,0.46415888336127825,793,0.646064100030344,KAM-KEL:1;KAM-KEL:2;OTT-MON:1;OTT-MON:2,3.0,0.9021654447624218
1556.4783739972022,0.016490261574502025,0.9742130478397012,0.6145835584029555,0.9939233836159109,optimal,8.24128589926258,4,2,18,0,0.46415888336127825,793,0.6561838999623433,KAM-KEL:1;KAM-KEL:2;OTT-MON:1;OTT-MON:2,3.0,0.9170867656194162
1556.4783739972022,0.016490261574502025,0.9742130478397012,0.556063393689692,0.7383347350517288,optimal,4.023527591970683,4,2,18,0,0.46415888336127825,311,0.09293220000108704,KAM-KEL:1;KAM-KEL:2;OTT-MON:1;OTT-MON:2,3.0,0.6181146563402329
1474.6782165114541,0.07760725749936079,0.9687725749518723,0.6145835584029555,0.7383347350517288,optimal,4.236696397738065,4,2,18,0,0.46415888336127825,311,0.09149409999372438,KAM-KEL:1;KAM-KEL:2;OTT-MON:1;OTT-MON:2,3.0,0.6098807095997147
2693.2256586119875,0.0014109880223922102,0.9832286389227957,0.5592609610874206,0.9306840460533277,infeasible,-50.0,0,0,18,0,,0,0.00029579998226836324,,,
14011.764277493678,0.0014109880223922102,0.9832286389227957,0.5592609610874206,0.9306840460533277,infeasible,-50.0,0,0,18,0,,0,0.00015940004959702492,,,
2693.2256586119875,0.004494198173917654,0.9832286389227957,0.5592609610874206,0.9306840460533277,optimal,8.830318767822305,4,2,18,0,0.46415888336127825,173,0.0427600999828428,KAM-KEL:1;KAM-KEL:2;OTT-MON:1;OTT-MON:2,3.0,0.8570161842868333
2693.2256586119875,0.0014109880223922102,0.924511935947463,0.5592609610874206,0.9306840460533277,infeasible,-50.0,0,0,18,0,,0,0.0002875999780371785,,,
2693.2256586119875,0.0014109880223922102,0.9832286389227957,0.7284120795782656,0.9306840460533277,infeasible,-50.0,0,0,18,0,,0,0.0001463999506086111,,,
2693.2256586119875,0.0014109880223922102,0.9832286389227957,0.5592609610874206,0.9230347392521798,infeasible,-50.0,0,0,18,0,,0,0.0001281999866478145,,,
14011.764277493678,0.004494198173917654,0.924511935947463,0.7284120795782656,0.9230347392521798,optimal,14.201739632910177,7,3,18,0,0.23713737056616555,173,0.036067500011995435,CAL-EDM:1;CAL-EDM:2;CAL-EDM:3;KAM-KEL:1;KAM-KEL:2;OTT-MON:1;OTT-MON:2,3.3333333333333335,0.6884980897584067
43412.67352659277,0.026498822058517207,0.9308329460807145,0.7807861894834787,0.7769259451171383,optimal,14.75795313575565,4,2,18,0,0.46415888336127825,231,0.07187149999663234,KAM-KEL:1;KAM-KEL:2;OTT-MON:1;OTT-MON:2,3.0,0.5886557182643783
127330.24413897072,0.026498822058517207,0.9308329460807145,0.7807861894834787,0.7769259451171383,optimal,17.862727053660556,4,2,18,0,0.46415888336127825,231,0.0683811999624595,KAM-KEL:1;KAM-KEL:2;OTT-MON:1;OTT-MON:2,3.0,0.5886557182643783
43412.67352659277,0.05527230936435919,0.9308329460807145,0.7807861894834787,0.7769259451171383,optimal,14.75795313575565,4,2,18,0,0.46415888336127825,231,0.06623689999105409,KAM-KEL:1;KAM-KEL:2;OTT-MON:1;OTT-MON:2,3.0,0.5886557182643783
43412.67352659277,0.026498822058517207,0.9600916130635888,0.7807861894834787,0.7769259451171383,optimal,16.382351519558302,7,3,18,0,0.23713737056616555,311,0.11007160000735894,CAL-EDM:1;CAL-EDM:2;CAL-EDM:3;KAM-KEL:1;KAM-KEL:2;OTT-MON:1;OTT-MON:2,3.3333333333333335,0.6003553866574104
43412.67352659277,0.026498822058517207,0.9308329460807145,0.6693465563934297,0.7769259451171383,optimal,13.869256454323168,4,2,18,0,0.46415888336127825,231,0.061709600035101175,KAM-KEL:1;KAM-KEL:2;OTT-MON:1;OTT-MON:2,3.0,0.5886557182643783
43412.67352659277,0.026498822058517207,0.9308329460807145,0.7807861894834787,0.8111617286941036,optimal,15.611170285220961,4,2,18,0,0.46415888336127825,311,0.11407309997593984,KAM-KEL:1;KAM-KEL:2;OTT-MON:1;OTT-MON:2,3.0,0.619159515877948
127330.24413897072,0.05527230936435919,0.9600916130635888,0.6693465563934297,0.8111617286941036,optimal,21.281318192569703,7,3,18,0,0.23713737056616555,311,0.10053290001815185,CAL-EDM:1;CAL-EDM:2;CAL-EDM:3;KAM-KEL:1;KAM-KEL:2;OTT-MON:1;OTT-MON:2,3.3333333333333335,0.6364383136222089
89802.65705243079,0.007753926447570267,0.9678622212484479,0.6268328415229917,0.8384611718216911,optimal,20.52544427241921,7,3,18,0,0.23713737056616555,302,0.1156481999787502,CAL-EDM:1;CAL-EDM:2;CAL-EDM:3;KAM-KEL:1;KAM-KEL:2;OTT-MON:1;OTT-MON:2,3.3333333333333335,0.6819128541113036
34177.481553945254,0.007753926447570267,0.9678622212484479,0.6268328415229917,0.8384611718216911,optimal,16.344308155541306,7,3,18,0,0.23713737056616555,302,0.11115759995300323,CAL-EDM:1;CAL-EDM:2;CAL-EDM:3;KAM-KEL:1;KAM-KEL:2;OTT-MON:1;OTT-MON:2,3.3333333333333335,0.6819128541113036
89802.65705243079,0.0023738883414180785,0.9678622212484479,0.6268328415229917,0.8384611718216911,optimal,18.10810632599822,4,2,18,0,0.46415888336127825,101,0.022880800010170788,KAM-KEL:1;KAM-KEL:2;OTT-MON:1;OTT-MON:2,3.0,0.7123455478579286
89802.65705243079,0.007753926447570267,0.9905486033707858,0.6268328415229917,0.8384611718216911,optimal,21.574501492084803,7,3,18,0,0.23713737056616555,310,0.11583760002395138,CAL-EDM:1;CAL-EDM:2;CAL-EDM:3;KAM-KEL:1;KAM-KEL:2;OTT-MON:1;OTT-MON:2,3.3333333333333335,0.7284605240410386
89802.65705243079,0.007753926447570267,0.9678622212484479,0.5402451012283563,0.8384611718216911,optimal,19.02417748882477,7,3,18,0,0.23713737056616555,302,0.11428109998814762,CAL-EDM:1;CAL-EDM:2;CAL-EDM:3;KAM-KEL:1;KAM-KEL:2;OTT-MON:1;OTT-MON:2,3.3333333333333335,0.6819128541113036
89802.65705243079,0.007753926447570267,0.9678622212484479,0.6268328415229917,0.7762287317439913,optimal,18.003008048492745,7,3,18,0,0.23713737056616555,278,0.0874437999445945,CAL-EDM:1;CAL-EDM:2;CAL-EDM:3;KAM-KEL:1;KAM-KEL:2;OTT-MON:1;OTT-MON:2,3.3333333333333335,0.6123093409332788
34177.481553945254,0.0023738883414180785,0.9905486033707858,0.5402451012283563,0.7762287317439913,optimal,14.06548113350825,4,2,18,0,0.46415888336127825,101,0.02649570000357926,KAM-KEL:1;KAM-KEL:2;OTT-MON:1;OTT-MON:2,3.0,0.6850283927242471
3809.695641720392,0.04599603928492585,0.9544665378499776,0.9327354839071631,0.8691925137108192,optimal,11.380029114418715,4,2,18,0,0.46415888336127825,457,0.21154889999888837,KAM-KEL:1;KAM-KEL:2;OTT-MON:1;OTT-MON:2,3.0,0.719559394925582
3683.910928388635,0.04599603928492585,0.9544665378499776,0.9327354839071631,0.8691925137108192,optimal,11.283153984035142,4,2,18,0,0.46415888336127825,457,0.1993955000070855,KAM-KEL:1;KAM-KEL:2;OTT-MON:1;OTT-MON:2,3.0,0.719559394925582
3809.695641720392,0.029725407295839973,0.9544665378499776,0.9327354839071631,0.8691925137108192,optimal,11.380029114418715,4,2,18,0,0.46415888336127825,457,0.1857682000263594,KAM-KEL:1;KAM-KEL:2;OTT-MON:1;OTT-MON:2,3.0,0.719559394925582
3809.695641720392,0.04599603928492585,0.952545112516731,0.9327354839071631,0.8691925137108192,optimal,11.329229571199608,4,2,18,0,0.46415888336127825,457,0.20135709998430684,KAM-KEL:1;KAM-KEL:2;OTT-MON:1;OTT-MON:2,3.0,0.7157277093839852
3809.695641720392,0.04599603928492585,0.9544665378499776,0.934640291519463,0.8691925137108192,optimal,11.391802031194807,4,2,18,0,0.46415888336127825,457,0.21116479998454452,KAM-KEL:1;KAM-KEL:2;OTT-MON:1;OTT-MON:2,3.0,0.719559394925582
3809.695641720392,0.04599603928492585,0.9544665378499776,0.9327354839071631,0.9601835154918954,optimal,13.212683186202746,7,3,18,0,0.23713737056616555,673,0.4219585999962874,CAL-EDM:1;CAL-EDM:2;CAL-EDM:3;KAM-KEL:1;KAM-KEL:2;OTT-MON:1;OTT-MON:2,3.3333333333333335,0.8042767913022756
3683.910928388635,0.029725407295839973,0.952545112516731,0.934640291519463,0.9601835154918954,optimal,13.015211482078756,7,3,18,0,0.23713737056616555,633,0.4118880000314675,CAL-EDM:1;CAL-EDM:2;CAL-EDM:3;KAM-KEL:1;KAM-KEL:2;OTT-MON:1;OTT-MON:2,3.3333333333333335,0.7992877779658071
5666.895922766918,0.001806852850462472,0.9634853737577797,0.7380776754114777,0.8132359928525984,infeasible,-50.0,0,0,18,0,,0,0.0006381000275723636,,,
1203.09226797623,0.001806852850462472,0.9634853737577797,0.7380776754114777,0.8132359928525984,infeasible,-50.0,0,0,18,0,,0,0.00043299997923895717,,,
5666.895922766918,0.003433823830404066,0.9634853737577797,0.7380776754114777,0.8132359928525984,optimal,10.55389893487959,4,2,18,0,0.46415888336127825,125,0.035962100024335086,KAM-KEL:1;KAM-KEL:2;OTT-MON:1;OTT-MON:2,3.0,0.6770373688651563
5666.895922766918,0.001806852850462472,0.9282027700487525,0.7380776754114777,0.8132359928525984,infeasible,-50.0,0,0,18,0,,0,0.0004632999771274626,,,
5666.895922766918,0.001806852850462472,0.9634853737577797,0.7573322443291545,0.8132359928525984,infeasible,-50.0,0,0,18,0,,0,0.00030990003142505884,,,
5666.895922766918,0.001806852850462472,0.9634853737577797,0.7380776754114777,0.7267791792266071,infeasible,-50.0,0,0,18,0,,0,0.0003068999503739178,,,
1203.09226797623,0.003433823830404066,0.9282027700487525,0.7573322443291545,0.7267791792266071,optimal,2.142774730543371,4,2,18,0,0.46415888336127825,117,0.019019700004719198,KAM-KEL:1;KAM-KEL:2;OTT-MON:1;OTT-MON:2,3.0,0.542928147661227
65749.70789897983,0.011124893465800341,0.9500691503603012,0.6010356003884226,0.8932964102234691,optimal,19.43000982969682,7,3,18,0,0.23713737056616555,401,0.1550590000115335,CAL-EDM:1;CAL-EDM:2;CAL-EDM:3;KAM-KEL:1;KAM-KEL:2;OTT-MON:1;OTT-MON:2,3.3333333333333335,0.7097728772358542
25933.866098677914,0.011124893465800341,0.9500691503603012,0.6010356003884226,0.8932964102234691,optimal,15.403568251707403,7,3,18,0,0.23713737056616555,401,0.16782130004139617,CAL-EDM:1;CAL-EDM:2;CAL-EDM:3;KAM-KEL:1;KAM-KEL:2;OTT-MON:1;OTT-MON:2,3.3333333333333335,0.7097728772358542
65749.70789897983,0.036569345644189476,0.9500691503603012,0.6010356003884226,0.8932964102234691,optimal,19.43000982969682,7,3,18,0,0.23713737056616555,457,0.21353890001773834,CAL-EDM:1;CAL-EDM:2;CAL-EDM:3;KAM-KEL:1;KAM-KEL:2;OTT-MON:1;OTT-MON:2,3.3333333333333335,0.7097728772358542
65749.70789897983,0.011124893465800341,0.9662266393434257,0.6010356003884226,0.8932964102234691,optimal,20.14300505655092,7,3,18,0,0.23713737056616555,425,0.18473669997183606,CAL-EDM:1;CAL-EDM:2;CAL-EDM:3;KAM-KEL:1;KAM-KEL:2;OTT-MON:1;OTT-MON:2,3.3333333333333335,0.74569127116087
65749.70789897983,0.011124893465800341,0.9500691503603012,0.7034853510558605,0.8932964102234691,optimal,21.019499375888486,7,3,18,0,0.23713737056616555,401,0.16773350001312792,CAL-EDM:1;CAL-EDM:2;CAL-EDM:3;KAM-KEL:1;KAM-KEL:2;OTT-MON:1;OTT-MON:2,3.3333333333333335,0.7097728772358542
65749.70789897983,0.011124893465800341,0.9500691503603012,0.6010356003884226,0.9732348946323619,optimal,21.187081905713573,7,3,18,0,0.23713737056616555,505,0.2655099999974482,CAL-EDM:1;CAL-EDM:2;CAL-EDM:3;KAM-KEL:1;KAM-KEL:2;OTT-MON:1;OTT-MON:2,3.3333333333333335,0.8101119459709172
25933.866098677914,0.036569345644189476,0.9662266393434257,0.7034853510558605,0.9732348946323619,optimal,19.33153501736979,7,3,18,0,0.23713737056616555,753,0.5330062999855727,CAL-EDM:1;CAL-EDM:2;CAL-EDM:3;KAM-KEL:1;KAM-KEL:2;OTT-MON:1;OTT-MON:2,3.3333333333333335,0.8541196827505627
30576.339999995045,0.0032842498127682255,0.9870832553114742,0.919906385987997,0.972725518476218,optimal,23.431344193952224,7,3,18,0,0.23713737056616555,125,0.034637900011148304,CAL-EDM:1;CAL-EDM:2;CAL-EDM:3;KAM-KEL:1;KAM-KEL:2;OTT-MON:1;OTT-MON:2,3.3333333333333335,0.9137230866880639
98447.32372383651,0.0032842498127682255,0.9870832553114742,0.919906385987997,0.972725518476218,optimal,28.49215297797041,7,3,18,0,0.23713737056616555,125,0.03464739996707067,CAL-EDM:1;CAL-EDM:2;CAL-EDM:3;KAM-KEL:1;KAM-KEL:2;OTT-MON:1;OTT-MON:2,3.3333333333333335,0.9137230866880639
30576.339999995045,0.002019370375777224,0.9870832553114742,0.919906385987997,0.972725518476218,optimal,19.2056837911867,4,2,18,0,0.46415888336127825,101,0.018350499973166734,KAM-KEL:1;KAM-KEL:2;OTT-MON:1;OTT-MON:2,3.0,0.9236087617990156
30576.339999995045,0.0032842498127682255,0.9942410856001079,0.919906385987997,0.972725518476218,optimal,23.653329222513563,7,3,18,0,0.23713737056616555,125,0.025213600019924343,CAL-EDM:1;CAL-EDM:2;CAL-EDM:3;KAM-KEL:1;KAM-KEL:2;OTT-MON:1;OTT-MON:2,3.3333333333333335,0.9353935490997786
30576.339999995045,0.0032842498127682255,0.9870832553114742,0.5095670334529132,0.972725518476218,optimal,17.465838437698093,7,3,18,0,0.23713737056616555,125,0.033364799979608506,CAL-EDM:1;CAL-EDM:2;CAL-EDM:3;KAM-KEL:1;KAM-KEL:2;OTT-MON:1;OTT-MON:2,3.3333333333333335,0.9137230866880639
30576.339999995045,0.0032842498127682255,0.9870832553114742,0.919906385987997,0.8668234553411602,optimal,21.349476403895284,7,3,18,0,0.23713737056616555,125,0.03689640003722161,CAL-EDM:1;CAL-EDM:2;CAL-EDM:3;KAM-KEL:1;KAM-KEL:2;OTT-MON:1;OTT-MON:2,3.3333333333333335,0.7585113547994222
98447.32372383651,0.002019370375777224,0.9942410856001079,0.5095670334529132,0.8668234553411602,optimal,18.181450375525728,4,2,18,0,0.46415888336127825,101,0.019221899972762913,KAM-KEL:1;KAM-KEL:2;OTT-MON:1;OTT-MON:2,3.0,0.8006551512042182
3511.1083488700892,0.06387592164054112,0.934667041067034,0.6422437634319067,0.7337630533855408,optimal,5.110315640423046,4,2,18,0,0.46415888336127825,231,0.06167909997748211,KAM-KEL:1;KAM-KEL:2;OTT-MON:1;OTT-MON:2,3.0,0.5572043916289026
4473.548770782819,0.06387592164054112,0.934667041067034,0.6422437634319067,0.7337630533855408,optimal,5.80930209626226,4,2,18,0,0.46415888336127825,231,0.06754000001819804,KAM-KEL:1;KAM-KEL:2;OTT-MON:1;OTT-MON:2,3.0,0.5572043916289026
3511.1083488700892,0.021896222734860964,0.934667041067034,0.6422437634319067,0.7337630533855408,optimal,5.110315640423046,4,2,18,0,0.46415888336127825,231,0.0469254000345245,KAM-KEL:1;KAM-KEL:2;OTT-MON:1;OTT-MON:2,3.0,0.5572043916289026
3511.1083488700892,0.06387592164054112,0.9586791136562824,0.6422437634319067,0.7337630533855408,optimal,6.439418317784165,4,2,18,0,0.46415888336127825,231,0.05528710002545267,KAM-KEL:1;KAM-KEL:2;OTT-MON:1;OTT-MON:2,3.0,0.5906732657431805
3511.1083488700892,0.06387592164054112,0.934667041067034,0.9022594267036765,0.7337630533855408,optimal,7.072000982605313,4,2,18,0,0.46415888336127825,231,0.06523440004093572,KAM-KEL:1;KAM-KEL:2;OTT-MON:1;OTT-MON:2,3.0,0.5572043916289026
3511.1083488700892,0.06387592164054112,0.934667041067034,0.6422437634319067,0.8353888807175681,optimal,7.856865674027458,4,2,18,0,0.46415888336127825,311,0.11732640000991523,KAM-KEL:1;KAM-KEL:2;OTT-MON:1;OTT-MON:2,3.0,0.6481925405904576
4473.548770782819,0.021896222734860964,0.9586791136562824,0.9022594267036765,0.8353888807175681,optimal,11.258399341343239,4,2,18,0,0.46415888336127825,368,0.1453143999679014,KAM-KEL:1;KAM-KEL:2;OTT-MON:1;OTT-MON:2,3.0,0.6915742642162234
1133.7064218841244,0.00749512634343624,0.9438516199011356,0.694636051589623,0.7600810725269839,optimal,3.705834953878644,4,2,18,0,0.46415888336127825,222,0.05312650004634634,KAM-KEL:1;KAM-KEL:2;OTT-MON:1;OTT-MON:2,3.0,0.5930813645009488
2158.070831721557,0.00749512634343624,0.9438516199011356,0.694636051589623,0.7600810725269839,optimal,5.563225195504987,4,2,18,0,0.46415888336127825,222,0.05493069998919964,KAM-KEL:1;KAM-KEL:2;OTT-MON:1;OTT-MON:2,3.0,0.5930813645009488
1133.7064218841244,0.001196033248436857,0.9438516199011356,0.694636051589623,0.7600810725269839,infeasible,-50.0,0,0,18,0,,0,0.0003882000455632806,,,
1133.7064218841244,0.00749512634343624,0.9834302311763168,0.694636051589623,0.7600810725269839,optimal,5.18103801732927,4,2,18,0,0.46415888336127825,278,0.08009459997992963,KAM-KEL:1;KAM-KEL:2;OTT-MON:1;OTT-MON:2,3.0,0.6552040060915721
1133.7064218841244,0.00749512634343624,0.9438516199011356,0.5633421177044511,0.7600810725269839,optimal,2.4968511489033824,4,2,18,0,0.46415888336127825,222,0.04800429998431355,KAM-KEL:1;KAM-KEL:2;OTT-MON:1;OTT-MON:2,3.0,0.5930813645009488
1133.7064218841244,0.00749512634343624,0.9438516199011356,0.694636051589623,0.9348857267741114,optimal,6.768264776283337,4,2,18,0,0.46415888336127825,359,0.1554095999454148,KAM-KEL:1;KAM-KEL:2;OTT-MON:1;OTT-MON:2,3.0,0.7690322595262193
2158.070831721557,0.001196033248436857,0.9834302311763168,0.5633421177044511,0.9348857267741114,infeasible,-50.0,0,0,18,0,,0,0.0003774999640882015,,,
27423.98870724906,0.03851822364459755,0.9694363073036075,0.8668549223337323,0.9473975447462871,optimal,21.319373683330372,7,3,18,0,0.23713737056616555,705,0.4542683999752626,CAL-EDM:1;CAL-EDM:2;CAL-EDM:3;KAM-KEL:1;KAM-KEL:2;OTT-MON:1;OTT-MON:2,3.3333333333333335,0.8261162022018941
38616.11173926062,0.03851822364459755,0.9694363073036075,0.8668549223337323,0.9473975447462871,optimal,22.800667141290454,7,3,18,0,0.23713737056616555,705,0.44914530002279207,CAL-EDM:1;CAL-EDM:2;CAL-EDM:3;KAM-KEL:1;KAM-KEL:2;OTT-MON:1;OTT-MON:2,3.3333333333333335,0.8261162022018941
27423.98870724906,0.01102999388834326,0.9694363073036075,0.8668549223337323,0.9473975447462871,optimal,21.319373683330372,7,3,18,0,0.23713737056616555,521,0.32330889999866486,CAL-EDM:1;CAL-EDM:2;CAL-EDM:3;KAM-KEL:1;KAM-KEL:2;OTT-MON:1;OTT-MON:2,3.3333333333333335,0.8261162022018941
27423.98870724906,0.03851822364459755,0.9484760526455939,0.8668549223337323,0.9473975447462871,optimal,20.526290414038133,7,3,18,0,0.23713737056616555,601,0.3490833999821916,CAL-EDM:1;CAL-EDM:2;CAL-EDM:3;KAM-KEL:1;KAM-KEL:2;OTT-MON:1;OTT-MON:2,3.3333333333333335,0.7724158929694079
27423.98870724906,0.03851822364459755,0.9694363073036075,0.8474896159023046,0.9473975447462871,optimal,21.09120958290525,7,3,18,0,0.23713737056616555,705,0.49082070001168177,CAL-EDM:1;CAL-EDM:2;CAL-EDM:3;KAM-KEL:1;KAM-KEL:2;OTT-MON:1;OTT-MON:2,3.3333333333333335,0.8261162022018941
27423.98870724906,0.03851822364459755,0.9694363073036075,0.8668549223337323,0.7600395651282742,optimal,15.231220174509343,7,3,18,0,0.23713737056616555,311,0.09134450001874939,CAL-EDM:1;CAL-EDM:2;CAL-EDM:3;KAM-KEL:1;KAM-KEL:2;OTT-MON:1;OTT-MON:2,3.3333333333333335,0.5978722860443605
38616.11173926062,0.01102999388834326,0.9484760526455939,0.8474896159023046,0.7600395651282742,optimal,15.23914848958523,4,2,18,0,0.46415888336127825,231,0.06062090001069009,KAM-KEL:1;KAM-KEL:2;OTT-MON:1;OTT-MON:2,3.0,0.5999487425832055
145130.63886478968,0.0012635121544192613,0.9287922886945308,0.5125806901603938,0.8836594349397346,infeasible,-50.0,0,0,18,0,,0,0.0005796999903395772,,,
143682.10693118023,0.0012635121544192613,0.9287922886945308,0.5125806901603938,0.8836594349397346,infeasible,-50.0,0,0,18,0,,0,0.00031940004555508494,,,
145130.63886478968,0.006787968185981578,0.9287922886945308,0.5125806901603938,0.8836594349397346,optimal,19.84403555668458,7,3,18,0,0.23713737056616555,302,0.10317379998741671,CAL-EDM:1;CAL-EDM:2;CAL-EDM:3;KAM-KEL:1;KAM-KEL:2;OTT-MON:1;OTT-MON:2,3.3333333333333335,0.6551891531158583
145130.63886478968,0.0012635121544192613,0.9374955419357867,0.5125806901603938,0.8836594349397346,infeasible,-50.0,0,0,18,0,,0,0.0002832000027410686,,,
145130.63886478968,0.0012635121544192613,0.9287922886945308,0.8148486639838666,0.8836594349397346,infeasible,-50.0,0,0,18,0,,0,0.00014449999434873462,,,
145130.63886478968,0.0012635121544192613,0.9287922886945308,0.5125806901603938,0.7969430930223316,infeasible,-50.0,0,0,18,0,,0,0.00013180001405999064,,,
143682.10693118023,0.006787968185981578,0.9374955419357867,0.8148486639838666,0.7969430930223316,optimal,20.738968933088113,7,3,18,0,0.23713737056616555,278,0.0739556000335142,CAL-EDM:1;CAL-EDM:2;CAL-EDM:3;KAM-KEL:1;KAM-KEL:2;OTT-MON:1;OTT-MON:2,3.3333333333333335,0.5839388016789719
8864.993228476762,0.020557361679455027,0.9933769483473152,0.8254339486360549,0.8238453510524705,optimal,14.058301621055989,7,3,18,0,0.23713737056616555,457,0.21234440000262111,CAL-EDM:1;CAL-EDM:2;CAL-EDM:3;KAM-KEL:1;KAM-KEL:2;OTT-MON:1;OTT-MON:2,3.3333333333333335,0.7153668645548349
8197.533788862307,0.020557361679455027,0.9933769483473152,0.8254339486360549,0.8238453510524705,optimal,13.719512863224043,7,3,18,0,0.23713737056616555,457,0.21362769999541342,CAL-EDM:1;CAL-EDM:2;CAL-EDM:3;KAM-KEL:1;KAM-KEL:2;OTT-MON:1;OTT-MON:2,3.3333333333333335,0.7153668645548349
8864.993228476762,0.06373601711025782,0.9933769483473152,0.8254339486360549,0.8238453510524705,optimal,14.058301621055989,7,3,18,0,0.23713737056616555,457,0.2032928999979049,CAL-EDM:1;CAL-EDM:2;CAL-EDM:3;KAM-KEL:1;KAM-KEL:2;OTT-MON:1;OTT-MON:2,3.3333333333333335,0.7153668645548349
8864.993228476762,0.020557361679455027,0.9749009090531617,0.8254339486360549,0.8238453510524705,optimal,13.18447231977327,7,3,18,0,0.23713737056616555,368,0.12256170000182465,CAL-EDM:1;CAL-EDM:2;CAL-EDM:3;KAM-KEL:1;KAM-KEL:2;OTT-MON:1;OTT-MON:2,3.3333333333333335,0.6784137695347588
8864.993228476762,0.020557361679455027,0.9933769483473152,0.6454255720134825,0.8238453510524705,optimal,12.016315379427521,4,2,18,0,0.46415888336127825,457,0.18370860000140965,KAM-KEL:1;KAM-KEL:2;OTT-MON:1;OTT-MON:2,3.0,0.7456739932514311
8864.993228476762,0.020557361679455027,0.9933769483473152,0.8254339486360549,0.9002680465290323,optimal,15.857928498232559,7,3,18,0,0.23713737056616555,633,0.32416230003582314,CAL-EDM:1;CAL-EDM:2;CAL-EDM:3;KAM-KEL:1;KAM-KEL:2;OTT-MON:1;OTT-MON:2,3.3333333333333335,0.8206544424969477
8197.533788862307,0.06373601711025782,0.9749009090531617,0.6454255720134825,0.9002680465290323,optimal,12.35700421552671,7,3,18,0,0.23713737056616555,577,0.24640229996293783,CAL-EDM:1;CAL-EDM:2;CAL-EDM:3;KAM-KEL:1;KAM-KEL:2;OTT-MON:1;OTT-MON:2,3.3333333333333335,0.7750962659769222
9274.655374197004,0.0022559768426961726,0.9269926549233497,0.6023064050357789,0.7232672234941273,optimal,6.404056471872927,4,2,18,0,0.46415888336127825,101,0.024433999962639064,KAM-KEL:1;KAM-KEL:2;OTT-MON:1;OTT-MON:2,3.0,0.5385538761844435
3221.926129810966,0.0022559768426961726,0.9269926549233497,0.6023064050357789,0.7232672234941273,optimal,3.3533159556999275,4,2,18,0,0.46415888336127825,101,0.01236250001238659,KAM-KEL:1;KAM-KEL:2;OTT-MON:1;OTT-MON:2,3.0,0.5385538761844435
9274.655374197004,0.043372646031977075,0.9269926549233497,0.6023064050357789,0.7232672234941273,optimal,6.404056471872927,4,2,18,0,0.46415888336127825,231,0.06321069999830797,KAM-KEL:1;KAM-KEL:2;OTT-MON:1;OTT-MON:2,3.0,0.5385538761844435
9274.655374197004,0.0022559768426961726,0.9694371650740504,0.6023064050357789,0.7232672234941273,optimal,9.045403901859899,4,2,18,0,0.46415888336127825,101,0.025153700029477477,KAM-KEL:1;KAM-KEL:2;OTT-MON:1;OTT-MON:2,3.0,0.5963009232969956
9274.655374197004,0.0022559768426961726,0.9269926549233497,0.5155434171669185,0.7232672234941273,optimal,5.506441793018103,4,2,18,0,0.46415888336127825,101,0.023576200008392334,KAM-KEL:1;KAM-KEL:2;OTT-MON:1;OTT-MON:2,3.0,0.5385538761844435
9274.655374197004,0.0022559768426961726,0.9269926549233497,0.6023064050357789,0.7868077215710655,optimal,8.89724955324771,4,2,18,0,0.46415888336127825,101,0.03385309997247532,KAM-KEL:1;KAM-KEL:2;OTT-MON:1;OTT-MON:2,3.0,0.5914810202642768
3221.926129810966,0.043372646031977075,0.9694371650740504,0.5155434171669185,0.7868077215710655,optimal,6.558704250046905,4,2,18,0,0.46415888336127825,311,0.08115929999621585,KAM-KEL:1;KAM-KEL:2;OTT-MON:1;OTT-MON:2,3.0,0.6598201492546596
151080.39686015027,0.011591558227043232,0.9964713598694652,0.7324260741006583,0.9843842889741063,optimal,28.521236172325192,7,3,18,0,0.23713737056616555,537,0.30409920000238344,CAL-EDM:1;CAL-EDM:2;CAL-EDM:3;KAM-KEL:1;KAM-KEL:2;OTT-MON:1;OTT-MON:2,3.3333333333333335,0.9617136029871801
35996.70147315236,0.011591558227043232,0.9964713598694652,0.7324260741006583,0.9843842889741063,optimal,22.313096589368907,7,3,18,0,0.23713737056616555,537,0.32317829999374226,CAL-EDM:1;CAL-EDM:2;CAL-EDM:3;KAM-KEL:1;KAM-KEL:2;OTT-MON:1;OTT-MON:2,3.3333333333333335,0.9617136029871801
151080.39686015027,0.0053340376035418855,0.9964713598694652,0.7324260741006583,0.9843842889741063,optimal,28.521236172325192,7,3,18,0,0.23713737056616555,229,0.07812849996844307,CAL-EDM:1;CAL-EDM:2;CAL-EDM:3;KAM-KEL:1;KAM-KEL:2;OTT-MON:1;OTT-MON:2,3.3333333333333335,0.9617136029871801
151080.39686015027,0.011591558227043232,0.9343518638946117,0.7324260741006583,0.9843842889741063,optimal,26.389404263128828,7,3,18,0,0.23713737056616555,481,0.21387929999036714,CAL-EDM:1;CAL-EDM:2;CAL-EDM:3;KAM-KEL:1;KAM-KEL:2;OTT-MON:1;OTT-MON:2,3.3333333333333335,0.7834028388151495
151080.39686015027,0.011591558227043232,0.9964713598694652,0.9103506785817443,0.9843842889741063,optimal,30.717410889201208,7,3,18,0,0.23713737056616555,537,0.3140910000074655,CAL-EDM:1;CAL-EDM:2;CAL-EDM:3;KAM-KEL:1;KAM-KEL:2;OTT-MON:1;OTT-MON:2,3.3333333333333335,0.9617136029871801
151080.39686015027,0.011591558227043232,0.9964713598694652,0.7324260741006583,0.8901844367738813,optimal,26.82591485288354,7,3,18,0,0.23713737056616555,481,0.23901249998016283,CAL-EDM:1;CAL-EDM:2;CAL-EDM:3;KAM-KEL:1;KAM-KEL:2;OTT-MON:1;OTT-MON:2,3.3333333333333335,0.8137043992707849
35996.70147315236,0.0053340376035418855,0.9343518638946117,0.9103506785817443,0.8901844367738813,optimal,20.134046784800013,7,3,18,0,0.23713737056616555,213,0.0633705000509508,CAL-EDM:1;CAL-EDM:2;CAL-EDM:3;KAM-KEL:1;KAM-KEL:2;OTT-MON:1;OTT-MON:2,3.3333333333333335,0.6732636253543623
25800.062763340906,0.004198741252948055,0.9408333802539856,0.6470154409296811,0.9225556456688792,optimal,16.42809927480529,7,3,18,0,0.23713737056616555,173,0.05339690000982955,CAL-EDM:1;CAL-EDM:2;CAL-EDM:3;KAM-KEL:1;KAM-KEL:2;OTT-MON:1;OTT-MON:2,3.3333333333333335,0.7238840317591325
136825.03623194437,0.004198741252948055,0.9408333802539856,0.6470154409296811,0.9225556456688792,optimal,23.64875654939009,7,3,18,0,0.23713737056616555,173,0.05256019998341799,CAL-EDM:1;CAL-EDM:2;CAL-EDM:3;KAM-KEL:1;KAM-KEL:2;OTT-MON:1;OTT-MON:2,3.3333333333333335,0.7238840317591325
25800.062763340906,0.024619202206911463,0.9408333802539856,0.6470154409296811,0.9225556456688792,optimal,16.42809927480529,7,3,18,0,0.23713737056616555,505,0.25097490003099665,CAL-EDM:1;CAL-EDM:2;CAL-EDM:3;KAM-KEL:1;KAM-KEL:2;OTT-MON:1;OTT-MON:2,3.3333333333333335,0.7238840317591325
25800.062763340906,0.004198741252948055,0.9428573824521155,0.6470154409296811,0.9225556456688792,optimal,16.519449240348383,7,3,18,0,0.23713737056616555,173,0.057021599961444736,CAL-EDM:1;CAL-EDM:2;CAL-EDM:3;KAM-KEL:1;KAM-KEL:2;OTT-MON:1;OTT-MON:2,3.3333333333333335,0.7284790526854149
25800.062763340906,0.004198741252948055,0.9408333802539856,0.7808266723994166,0.9225556456688792,optimal,18.326514623611303,7,3,18,0,0.23713737056616555,173,0.051695400034077466,CAL-EDM:1;CAL-EDM:2;CAL-EDM:3;KAM-KEL:1;KAM-KEL:2;OTT-MON:1;OTT-MON:2,3.3333333333333335,0.7238840317591325
25800.062763340906,0.004198741252948055,0.9408333802539856,0.6470154409296811,0.9270364702614025,optimal,16.534467642091013,7,3,18,0,0.23713737056616555,173,0.054168000002391636,CAL-EDM:1;CAL-EDM:2;CAL-EDM:3;KAM-KEL:1;KAM-KEL:2;OTT-MON:1;OTT-MON:2,3.3333333333333335,0.7291915017587108
136825.03623194437,0.024619202206911463,0.9428573824521155,0.7808266723994166,0.9270364702614025,optimal,25.743591594099748,7,3,18,0,0.23713737056616555,505,0.23052179999649525,CAL-EDM:1;CAL-EDM:2;CAL-EDM:3;KAM-KEL:1;KAM-KEL:2;OTT-MON:1;OTT-MON:2,3.3333333333333335,0.7338394241186993
1106.431663721497,0.06829618403216092,0.9713121129497886,0.9177576960064471,0.7850521724373102,optimal,6.827417362964917,4,2,18,0,0.46415888336127825,311,0.08589450002182275,KAM-KEL:1;KAM-KEL:2;OTT-MON:1;OTT-MON:2,3.0,0.6611915569811376
11995.715421723802,0.06829618403216092,0.9713121129497886,0.9177576960064471,0.7850521724373102,optimal,13.866143126121615,7,3,18,0,0.23713737056616555,311,0.09723790001589805,CAL-EDM:1;CAL-EDM:2;CAL-EDM:3;KAM-KEL:1;KAM-KEL:2;OTT-MON:1;OTT-MON:2,3.3333333333333335,0.6276141371361151
1106.431663721497,0.0030826646361351894,0.9713121129497886,0.9177576960064471,0.7850521724373102,optimal,6.827417362964917,4,2,18,0,0.46415888336127825,125,0.02900669997325167,KAM-KEL:1;KAM-KEL:2;OTT-MON:1;OTT-MON:2,3.0,0.6611915569811376
1106.431663721497,0.06829618403216092,0.9804414796400815,0.9177576960064471,0.7850521724373102,optimal,7.0974105309080375,4,2,18,0,0.46415888336127825,311,0.10630829998990521,KAM-KEL:1;KAM-KEL:2;OTT-MON:1;OTT-MON:2,3.0,0.677002871254383
1106.431663721497,0.06829618403216092,0.9713121129497886,0.722173260571435,0.7850521724373102,optimal,5.444344147913318,4,2,18,0,0.46415888336127825,311,0.09652030002325773,KAM-KEL:1;KAM-KEL:2;OTT-MON:1;OTT-MON:2,3.0,0.6611915569811376
1106.431663721497,0.06829618403216092,0.9713121129497886,0.9177576960064471,0.7522415271792561,optimal,6.151740727238851,4,2,18,0,0.46415888336127825,311,0.08418050000909716,KAM-KEL:1;KAM-KEL:2;OTT-MON:1;OTT-MON:2,3.0,0.6275389457911529
11995.715421723802,0.0030826646361351894,0.9804414796400815,0.722173260571435,0.7522415271792561,optimal,11.9567820025839,4,2,18,0,0.46415888336127825,125,0.038815699983388186,KAM-KEL:1;KAM-KEL:2;OTT-MON:1;OTT-MON:2,3.0,0.642056235411882
3635.5988240119436,0.005842551907258102,0.9852074450161308,0.872615423006937,0.8483659442672505,optimal,11.331454895767536,4,2,18,0,0.46415888336127825,237,0.08520169998519123,KAM-KEL:1;KAM-KEL:2;OTT-MON:1;OTT-MON:2,3.0,0.7584796947422355
1552.6711021356468,0.005842551907258102,0.9852074450161308,0.872615423006937,0.8483659442672505,optimal,8.876573392412507,4,2,18,0,0.46415888336127825,237,0.09370510000735521,KAM-KEL:1;KAM-KEL:2;OTT-MON:1;OTT-MON:2,3.0,0.7584796947422355
3635.5988240119436,0.01683838008722712,0.9852074450161308,0.872615423006937,0.8483659442672505,optimal,11.331454895767536,4,2,18,0,0.46415888336127825,457,0.2091068000299856,KAM-KEL:1;KAM-KEL:2;OTT-MON:1;OTT-MON:2,3.0,0.7584796947422355
3635.5988240119436,0.005842551907258102,0.9518436824325472,0.872615423006937,0.8483659442672505,optimal,10.478806586778417,4,2,18,0,0.46415888336127825,229,0.07428359996993095,KAM-KEL:1;KAM-KEL:2;OTT-MON:1;OTT-MON:2,3.0,0.692349062421498
3635.5988240119436,0.005842551907258102,0.9852074450161308,0.8352737857960164,0.8483659442672505,optimal,11.079067649627158,4,2,18,0,0.46415888336127825,237,0.0874834000132978,KAM-KEL:1;KAM-KEL:2;OTT-MON:1;OTT-MON:2,3.0,0.7584796947422355
3635.5988240119436,0.005842551907258102,0.9852074450161308,0.872615423006937,0.8567838804749772,optimal,11.442492536749429,4,2,18,0,0.46415888336127825,253,0.09608340001432225,KAM-KEL:1;KAM-KEL:2;OTT-MON:1;OTT-MON:2,3.0,0.7686205675821576
1552.6711021356468,0.01683838008722712,0.9518436824325472,0.8352737857960164,0.8567838804749772,optimal,7.900929767637987,4,2,18,0,0.46415888336127825,368,0.1333710999460891,KAM-KEL:1;KAM-KEL:2;OTT-MON:1;OTT-MON:2,3.0,0.701171057949066
32160.44804587292,0.03598713859626361,0.9376852760650218,0.6932563509326428,0.857989047489129,optimal,16.037105559201535,7,3,18,0,0.23713737056616555,368,0.13509369996609166,CAL-EDM:1;CAL-EDM:2;CAL-EDM:3;KAM-KEL:1;KAM-KEL:2;OTT-MON:1;OTT-MON:2,3.3333333333333335,0.6453478667041035
14402.578578860925,0.03598713859626361,0.9376852760650218,0.6932563509326428,0.857989047489129,optimal,12.860372108220677,4,2,18,0,0.46415888336127825,368,0.14008099999045953,KAM-KEL:1;KAM-KEL:2;OTT-MON:1;OTT-MON:2,3.0,0.6756083488682425
32160.44804587292,0.0013447245029717708,0.9376852760650218,0.6932563509326428,0.857989047489129,infeasible,-50.0,0,0,18,0,,0,0.0005404999828897417,,,
32160.44804587292,0.03598713859626361,0.9900315950941294,0.6932563509326428,0.857989047489129,optimal,18.617503169335336,7,3,18,0,0.23713737056616555,505,0.24678779998794198,CAL-EDM:1;CAL-EDM:2;CAL-EDM:3;KAM-KEL:1;KAM-KEL:2;OTT-MON:1;OTT-MON:2,3.3333333333333335,0.753262650471645
32160.44804587292,0.03598713859626361,0.9376852760650218,0.6671965190209448,0.857989047489129,optimal,15.650165396640054,7,3,18,0,0.23713737056616555,368,0.14396379998652264,CAL-EDM:1;CAL-EDM:2;CAL-EDM:3;KAM-KEL:1;KAM-KEL:2;OTT-MON:1;OTT-MON:2,3.3333333333333335,0.6453478667041035
32160.44804587292,0.03598713859626361,0.9376852760650218,0.6932563509326428,0.8252970598265529,optimal,14.638656986957775,7,3,18,0,0.23713737056616555,311,0.10448699997505173,CAL-EDM:1;CAL-EDM:2;CAL-EDM:3;KAM-KEL:1;KAM-KEL:2;OTT-MON:1;OTT-MON:2,3.3333333333333335,0.6118592033564251
14402.578578860925,0.0013447245029717708,0.9900315950941294,0.6671965190209448,0.8252970598265529,infeasible,-50.0,0,0,18,0,,0,0.00038620003033429384,,,
63805.76923787183,0.001015313093580126,0.9603909668847919,0.8276934691704809,0.9399932032311336,infeasible,-50.0,0,0,18,0,,0,0.00024319998919963837,,,
53657.65626142745,0.001015313093580126,0.9603909668847919,0.8276934691704809,0.9399932032311336,infeasible,-50.0,0,0,18,0,,0,0.00022679998073726892,,,
63805.76923787183,0.09900991198147763,0.9603909668847919,0.8276934691704809,0.9399932032311336,optimal,24.028546224815706,7,3,18,0,0.23713737056616555,601,0.33529070002259687,CAL-EDM:1;CAL-EDM:2;CAL-EDM:3;KAM-KEL:1;KAM-KEL:2;OTT-MON:1;OTT-MON:2,3.3333333333333335,0.792560794694933
63805.76923787183,0.001015313093580126,0.9595409691147506,0.8276934691704809,0.9399932032311336,infeasible,-50.0,0,0,18,0,,0,0.00040040002204477787,,,
63805.76923787183,0.001015313093580126,0.9603909668847919,0.5732667139265686,0.9399932032311336,infeasible,-50.0,0,0,18,0,,0,0.00024510000366717577,,,
63805.76923787183,0.001015313093580126,0.9603909668847919,0.8276934691704809,0.7189370390316471,infeasible,-50.0,0,0,18,0,,0,0.00023559998953714967,,,
53657.65626142745,0.09900991198147763,0.9595409691147506,0.5732667139265686,0.7189370390316471,optimal,13.2257932119994,4,2,18,0,0.46415888336127825,231,0.06950990000041202,KAM-KEL:1;KAM-KEL:2;OTT-MON:1;OTT-MON:2,3.0,0.5782400884676774
5361.584772836449,0.019753412198970022,0.9518687887806445,0.5076981854625047,0.7663880940964445,optimal,6.888674145264455,4,2,18,0,0.46415888336127825,311,0.11093910003546625,KAM-KEL:1;KAM-KEL:2;OTT-MON:1;OTT-MON:2,3.0,0.6110295606083713
5905.58928860511,0.019753412198970022,0.9518687887806445,0.5076981854625047,0.7663880940964445,optimal,7.167517208548188,4,2,18,0,0.46415888336127825,311,0.11473600001772866,KAM-KEL:1;KAM-KEL:2;OTT-MON:1;OTT-MON:2,3.0,0.6110295606083713
5361.584772836449,0.00805050020987997,0.9518687887806445,0.5076981854625047,0.7663880940964445,optimal,6.888674145264455,4,2,18,0,0.46415888336127825,278,0.10105299996212125,KAM-KEL:1;KAM-KEL:2;OTT-MON:1;OTT-MON:2,3.0,0.6110295606083713
5361.584772836449,0.019753412198970022,0.9238435182571412,0.5076981854625047,0.7663880940964445,optimal,5.536384292636798,4,2,18,0,0.46415888336127825,231,0.059055999969132245,KAM-KEL:1;KAM-KEL:2;OTT-MON:1;OTT-MON:2,3.0,0.5694862247799396
5361.584772836449,0.019753412198970022,0.9518687887806445,0.8516189240384846,0.7663880940964445,optimal,9.873621764544879,4,2,18,0,0.46415888336127825,311,0.09503019996918738,KAM-KEL:1;KAM-KEL:2;OTT-MON:1;OTT-MON:2,3.0,0.6110295606083713
5361.584772836449,0.019753412198970022,0.9518687887806445,0.5076981854625047,0.9653421549163759,optimal,9.968124202466939,4,2,18,0,0.46415888336127825,673,0.42055089998757467,KAM-KEL:1;KAM-KEL:2;OTT-MON:1;OTT-MON:2,3.0,0.8228063281239633
5905.58928860511,0.00805050020987997,0.9238435182571412,0.8516189240384846,0.9653421549163759,optimal,13.037721497084112,7,3,18,0,0.23713737056616555,335,0.13586879998911172,CAL-EDM:1;CAL-EDM:2;CAL-EDM:3;KAM-KEL:1;KAM-KEL:2;OTT-MON:1;OTT-MON:2,3.3333333333333335,0.7344757025115073
3946.0291344131356,0.004362014754328432,0.9660816304460168,0.7060768557246775,0.9652183977030218,optimal,11.286877627571847,4,2,18,0,0.46415888336127825,173,0.05275959998834878,KAM-KEL:1;KAM-KEL:2;OTT-MON:1;OTT-MON:2,3.0,0.8581577627785761
7620.771589987817,0.004362014754328432,0.9660816304460168,0.7060768557246775,0.9652183977030218,optimal,13.918596215040742,7,3,18,0,0.23713737056616555,173,0.047277599980589,CAL-EDM:1;CAL-EDM:2;CAL-EDM:3;KAM-KEL:1;KAM-KEL:2;OTT-MON:1;OTT-MON:2,3.3333333333333335,0.8422578602542784
3946.0291344131356,0.012389489173738815,0.9660816304460168,0.7060768557246775,0.9652183977030218,optimal,11.286877627571847,4,2,18,0,0.46415888336127825,529,0.30527940002502874,KAM-KEL:1;KAM-KEL:2;OTT-MON:1;OTT-MON:2,3.0,0.8581577627785761
3946.0291344131356,0.004362014754328432,0.9579738015215844,0.7060768557246775,0.9652183977030218,optimal,11.11745513380172,4,2,18,0,0.46415888336127825,173,0.05296399997314438,KAM-KEL:1;KAM-KEL:2;OTT-MON:1;OTT-MON:2,3.0,0.8377331901626437
3946.0291344131356,0.004362014754328432,0.9660816304460168,0.8044284236151724,0.9652183977030218,optimal,12.38696162724388,7,3,18,0,0.23713737056616555,173,0.05507760000182316,CAL-EDM:1;CAL-EDM:2;CAL-EDM:3;KAM-KEL:1;KAM-KEL:2;OTT-MON:1;OTT-MON:2,3.3333333333333335,0.8422578602542784
3946.0291344131356,0.004362014754328432,0.9660816304460168,0.7060768557246775,0.7661796285388991,optimal,8.432890142978904,4,2,18,0,0.46415888336127825,157,0.05036110000219196,KAM-KEL:1;KAM-KEL:2;OTT-MON:1;OTT-MON:2,3.0,0.6332006820160189
7620.771589987817,0.012389489173738815,0.9579738015215844,0.8044284236151724,0.7661796285388991,optimal,10.791333610443784,4,2,18,0,0.46415888336127825,311,0.11435520002851263,KAM-KEL:1;KAM-KEL:2;OTT-MON:1;OTT-MON:2,3.0,0.6203311428350142
94425.12386121352,0.08194670878561985,0.9575419064033777,0.8572130875196308,0.7422842152249067,optimal,17.797201053677732,4,2,18,0,0.46415888336127825,231,0.0632696999819018,KAM-KEL:1;KAM-KEL:2;OTT-MON:1;OTT-MON:2,3.0,0.5969560190595673
167788.20087209417,0.08194670878561985,0.9575419064033777,0.8572130875196308,0.7422842152249067,optimal,19.45599823479734,4,2,18,0,0.46415888336127825,231,0.06601770000997931,KAM-KEL:1;KAM-KEL:2;OTT-MON:1;OTT-MON:2,3.0,0.5969560190595673
94425.12386121352,0.0011426170903965191,0.9575419064033777,0.8572130875196308,0.7422842152249067,infeasible,-50.0,0,0,18,0,,0,0.0003834000090137124,,,
94425.12386121352,0.08194670878561985,0.9937273363862187,0.8572130875196308,0.7422842152249067,optimal,21.580181995129685,7,3,18,0,0.23713737056616555,311,0.10111330001382157,CAL-EDM:1;CAL-EDM:2;CAL-EDM:3;KAM-KEL:1;KAM-KEL:2;OTT-MON:1;OTT-MON:2,3.3333333333333335,0.617507387003622
94425.12386121352,0.08194670878561985,0.9575419064033777,0.6345383422914892,0.7422842152249067,optimal,16.061414916465957,4,2,18,0,0.46415888336127825,231,0.07339989999309182,KAM-KEL:1;KAM-KEL:2;OTT-MON:1;OTT-MON:2,3.0,0.5969560190595673
94425.12386121352,0.08194670878561985,0.9575419064033777,0.8572130875196308,0.9500837400630117,optimal,26.17253266811553,7,3,18,0,0.23713737056616555,633,0.37107499997364357,CAL-EDM:1;CAL-EDM:2;CAL-EDM:3;KAM-KEL:1;KAM-KEL:2;OTT-MON:1;OTT-MON:2,3.3333333333333335,0.7987567158585964
167788.20087209417,0.0011426170903965191,0.9937273363862187,0.6345383422914892,0.9500837400630117,infeasible,-50.0,0,0,18,0,,0,0.00033979996806010604,,,
42142.988128331155,0.0025072721192207358,0.9802294422443956,0.5504118460230529,0.8063244873471558,optimal,15.003007405962695,4,2,18,0,0.46415888336127825,101,0.03148410003632307,KAM-KEL:1;KAM-KEL:2;OTT-MON:1;OTT-MON:2,3.0,0.7000649470307572
44200.24722527311,0.0025072721192207358,0.9802294422443956,0.5504118460230529,0.8063244873471558,optimal,15.140531061333867,4,2,18,0,0.46415888336127825,101,0.02829269994981587,KAM-KEL:1;KAM-KEL:2;OTT-MON:1;OTT-MON:2,3.0,0.7000649470307572
42142.988128331155,0.06543347078001784,0.9802294422443956,0.5504118460230529,0.8063244873471558,optimal,15.53788792435841,7,3,18,0,0.23713737056616555,368,0.13852709997445345,CAL-EDM:1;CAL-EDM:2;CAL-EDM:3;KAM-KEL:1;KAM-KEL:2;OTT-MON:1;OTT-MON:2,3.3333333333333335,0.6678206701238086
42142.988128331155,0.0025072721192207358,0.9656703559607267,0.5504118460230529,0.8063244873471558,optimal,14.594906176714746,4,2,18,0,0.46415888336127825,101,0.024130099976900965,KAM-KEL:1;KAM-KEL:2;OTT-MON:1;OTT-MON:2,3.0,0.6736783353196717
42142.988128331155,0.0025072721192207358,0.9802294422443956,0.602354380954057,0.8063244873471558,optimal,15.523411374186903,4,2,18,0,0.46415888336127825,101,0.029604799987282604,KAM-KEL:1;KAM-KEL:2;OTT-MON:1;OTT-MON:2,3.0,0.7000649470307572
42142.988128331155,0.0025072721192207358,0.9802294422443956,0.5504118460230529,0.9152022300353273,optimal,16.445386749503,4,2,18,0,0.46415888336127825,101,0.02831340004922822,KAM-KEL:1;KAM-KEL:2;OTT-MON:1;OTT-MON:2,3.0,0.8298152458513233
44200.24722527311,0.06543347078001784,0.9656703559607267,0.602354380954057,0.9152022300353273,optimal,18.916714771920006,7,3,18,0,0.23713737056616555,577,0.30110869999043643,CAL-EDM:1;CAL-EDM:2;CAL-EDM:3;KAM-KEL:1;KAM-KEL:2;OTT-MON:1;OTT-MON:2,3.3333333333333335,0.7727716766522778
2547.2881780519506,0.014878936555341924,0.9326897087581456,0.7859136900864541,0.9011519568618387,optimal,9.092823076197607,4,2,18,0,0.46415888336127825,449,0.20134689996484667,KAM-KEL:1;KAM-KEL:2;OTT-MON:1;OTT-MON:2,3.0,0.7093498741927592
2049.4898554660467,0.014878936555341924,0.9326897087581456,0.7859136900864541,0.9011519568618387,optimal,8.465428408464152,4,2,18,0,0.46415888336127825,449,0.1815263000316918,KAM-KEL:1;KAM-KEL:2;OTT-MON:1;OTT-MON:2,3.0,0.7093498741927592
2547.2881780519506,0.006144129501164942,0.9326897087581456,0.7859136900864541,0.9011519568618387,optimal,9.092823076197607,4,2,18,0,0.46415888336127825,277,0.08403410000028089,KAM-KEL:1;KAM-KEL:2;OTT-MON:1;OTT-MON:2,3.0,0.7093498741927592
2547.2881780519506,0.014878936555341924,0.9275406147800387,0.7859136900864541,0.9011519568618387,optimal,8.947025403574731,4,2,18,0,0.46415888336127825,368,0.14497630001278594,KAM-KEL:1;KAM-KEL:2;OTT-MON:1;OTT-MON:2,3.0,0.6990343193036395
2547.2881780519506,0.014878936555341924,0.9326897087581456,0.8860348227433861,0.9011519568618387,optimal,9.784793146441718,4,2,18,0,0.46415888336127825,449,0.21649210003670305,KAM-KEL:1;KAM-KEL:2;OTT-MON:1;OTT-MON:2,3.0,0.7093498741927592
2547.2881780519506,0.014878936555341924,0.9326897087581456,0.7859136900864541,0.8032769093029201,optimal,7.363947508530702,4,2,18,0,0.46415888336127825,311,0.09909029997652397,KAM-KEL:1;KAM-KEL:2;OTT-MON:1;OTT-MON:2,3.0,0.6149875979792684
2049.4898554660467,0.006144129501164942,0.9275406147800387,0.8860348227433861,0.8032769093029201,optimal,7.21514984160849,4,2,18,0,0.46415888336127825,253,0.06784530001459643,KAM-KEL:1;KAM-KEL:2;OTT-MON:1;OTT-MON:2,3.0,0.6067911233259997
1628.9399243053779,0.0017460074769412802,0.9467540657687933,0.7759036311414093,0.874908369849436,infeasible,-50.0,0,0,18,0,,0,0.00033490004716441035,,,
5225.782733963276,0.0017460074769412802,0.9467540657687933,0.7759036311414093,0.874908369849436,infeasible,-50.0,0,0,18,0,,0,0.00019029999384656549,,,
1628.9399243053779,0.03558035163265516,0.9467540657687933,0.7759036311414093,0.874908369849436,optimal,7.741860039387127,4,2,18,0,0.46415888336127825,368,0.12562720000278205,KAM-KEL:1;KAM-KEL:2;OTT-MON:1;OTT-MON:2,3.0,0.7103001862338177
1628.9399243053779,0.0017460074769412802,0.9755717615969479,0.7759036311414093,0.874908369849436,infeasible,-50.0,0,0,18,0,,0,0.00029639998683705926,,,
1628.9399243053779,0.0017460074769412802,0.9467540657687933,0.5479278132785111,0.874908369849436,infeasible,-50.0,0,0,18,0,,0,0.00019350001821294427,,,
1628.9399243053779,0.0017460074769412802,0.9467540657687933,0.7759036311414093,0.9840536044547334,infeasible,-50.0,0,0,18,0,,0,0.00017740001203492284,,,
5225.782733963276,0.03558035163265516,0.9755717615969479,0.5479278132785111,0.9840536044547334,optimal,11.007067702341905,4,2,18,0,0.46415888336127825,809,0.6690956000238657,KAM-KEL:1;KAM-KEL:2;OTT-MON:1;OTT-MON:2,3.0,0.9075913662307152
19086.879405349504,0.02940350543392154,0.9772122398689389,0.5615205352660269,0.8315779958041385,optimal,13.143307658199804,4,2,18,0,0.46415888336127825,368,0.13434670004062355,KAM-KEL:1;KAM-KEL:2;OTT-MON:1;OTT-MON:2,3.0,0.7227885946320673
91609.5975564254,0.02940350543392154,0.9772122398689389,0.5615205352660269,0.8315779958041385,optimal,19.75535423087035,7,3,18,0,0.23713737056616555,368,0.1366915000253357,CAL-EDM:1;CAL-EDM:2;CAL-EDM:3;KAM-KEL:1;KAM-KEL:2;OTT-MON:1;OTT-MON:2,3.3333333333333335,0.6922640385146002
19086.879405349504,0.003789349787592672,0.9772122398689389,0.5615205352660269,0.8315779958041385,optimal,13.143307658199804,4,2,18,0,0.46415888336127825,149,0.038278100022580475,KAM-KEL:1;KAM-KEL:2;OTT-MON:1;OTT-MON:2,3.0,0.7227885946320673
19086.879405349504,0.02940350543392154,0.9380437507405878,0.5615205352660269,0.8315779958041385,optimal,12.010230092526001,4,2,18,0,0.46415888336127825,311,0.10864089999813586,KAM-KEL:1;KAM-KEL:2;OTT-MON:1;OTT-MON:2,3.0,0.6504346176660725
19086.879405349504,0.02940350543392154,0.9772122398689389,0.9410321100149304,0.8315779958041385,optimal,18.180937898181366,7,3,18,0,0.23713737056616555,368,0.14780170004814863,CAL-EDM:1;CAL-EDM:2;CAL-EDM:3;KAM-KEL:1;KAM-KEL:2;OTT-MON:1;OTT-MON:2,3.3333333333333335,0.6922640385146002
19086.879405349504,0.02940350543392154,0.9772122398689389,0.5615205352660269,0.7282595930304377,optimal,11.174491257201154,4,2,18,0,0.46415888336127825,311,0.11310670000966638,KAM-KEL:1;KAM-KEL:2;OTT-MON:1;OTT-MON:2,3.0,0.6126047103008818
91609.5975564254,0.003789349787592672,0.9380437507405878,0.9410321100149304,0.7282595930304377,optimal,16.7211898992243,4,2,18,0,0.46415888336127825,133,0.03234380000503734,KAM-KEL:1;KAM-KEL:2;OTT-MON:1;OTT-MON:2,3.0,0.5571129045451011
105308.42082921753,0.009307728044212484,0.9216352619118989,0.9313558368943631,0.7518554859189316,optimal,16.927015441667848,4,2,18,0,0.46415888336127825,231,0.06452740001259372,KAM-KEL:1;KAM-KEL:2;OTT-MON:1;OTT-MON:2,3.0,0.5544715279356572
24621.068620032034,0.009307728044212484,0.9216352619118989,0.9313558368943631,0.7518554859189316,optimal,12.733704404055906,4,2,18,0,0.46415888336127825,231,0.06739760003983974,KAM-KEL:1;KAM-KEL:2;OTT-MON:1;OTT-MON:2,3.0,0.5544715279356572
105308.42082921753,0.019471445915807416,0.9216352619118989,0.9313558368943631,0.7518554859189316,optimal,16.927015441667848,4,2,18,0,0.46415888336127825,231,0.06852299999445677,KAM-KEL:1;KAM-KEL:2;OTT-MON:1;OTT-MON:2,3.0,0.5544715279356572
105308.42082921753,0.009307728044212484,0.9489906237442046,0.9313558368943631,0.7518554859189316,optimal,18.476988480751988,4,2,18,0,0.46415888336127825,231,0.07240619999356568,KAM-KEL:1;KAM-KEL:2;OTT-MON:1;OTT-MON:2,3.0,0.5932102657308278
105308.42082921753,0.009307728044212484,0.9216352619118989,0.7466845811344682,0.7518554859189316,optimal,15.651681305965667,4,2,18,0,0.46415888336127825,231,0.06750579999061301,KAM-KEL:1;KAM-KEL:2;OTT-MON:1;OTT-MON:2,3.0,0.5544715279356572
105308.42082921753,0.009307728044212484,0.9216352619118989,0.9313558368943631,0.8371331841768697,optimal,21.86422961491327,7,3,18,0,0.23713737056616555,303,0.09365880000405014,CAL-EDM:1;CAL-EDM:2;CAL-EDM:3;KAM-KEL:1;KAM-KEL:2;OTT-MON:1;OTT-MON:2,3.3333333333333335,0.5959596621280235
24621.068620032034,0.019471445915807416,0.9489906237442046,0.7466845811344682,0.8371331841768697,optimal,15.578999354697107,7,3,18,0,0.23713737056616555,368,0.14918550004949793,CAL-EDM:1;CAL-EDM:2;CAL-EDM:3;KAM-KEL:1;KAM-KEL:2;OTT-MON:1;OTT-MON:2,3.3333333333333335,0.6443075187739254
12216.535833017557,0.0496252965826537,0.9910934640523046,0.632593288552016,0.9546747109489515,optimal,15.499072830783387,7,3,18,0,0.23713737056616555,809,0.6501788999885321,CAL-EDM:1;CAL-EDM:2;CAL-EDM:3;KAM-KEL:1;KAM-KEL:2;OTT-MON:1;OTT-MON:2,3.3333333333333335,0.8970324779395394
1375.7317506448103,0.0496252965826537,0.9910934640523046,0.632593288552016,0.9546747109489515,optimal,7.998740677853589,4,2,18,0,0.46415888336127825,809,0.6268089999794029,KAM-KEL:1;KAM-KEL:2;OTT-MON:1;OTT-MON:2,3.0,0.9094885492782667
12216.535833017557,0.0021113815394851626,0.9910934640523046,0.632593288552016,0.9546747109489515,optimal,14.299868979513695,4,2,18,0,0.46415888336127825,101,0.027498300012666732,KAM-KEL:1;KAM-KEL:2;OTT-MON:1;OTT-MON:2,3.0,0.9094885492782667
12216.535833017557,0.0496252965826537,0.9841340987291187,0.632593288552016,0.9546747109489515,optimal,15.274162940718444,7,3,18,0,0.23713737056616555,769,0.5750385000137612,CAL-EDM:1;CAL-EDM:2;CAL-EDM:3;KAM-KEL:1;KAM-KEL:2;OTT-MON:1;OTT-MON:2,3.3333333333333335,0.8770818807711499
12216.535833017557,0.0496252965826537,0.9910934640523046,0.6932495511136949,0.9546747109489515,optimal,16.4237485220677,7,3,18,0,0.23713737056616555,809,0.6425623999675736,CAL-EDM:1;CAL-EDM:2;CAL-EDM:3;KAM-KEL:1;KAM-KEL:2;OTT-MON:1;OTT-MON:2,3.3333333333333335,0.8970324779395394
12216.535833017557,0.0496252965826537,0.9910934640523046,0.632593288552016,0.8774483353141695,optimal,13.9936579617113,7,3,18,0,0.23713737056616555,577,0.28067700000246987,CAL-EDM:1;CAL-EDM:2;CAL-EDM:3;KAM-KEL:1;KAM-KEL:2;OTT-MON:1;OTT-MON:2,3.3333333333333335,0.7824149681849143
1375.7317506448103,0.0021113815394851626,0.9841340987291187,0.6932495511136949,0.8774483353141695,optimal,7.5470685452346125,4,2,18,0,0.46415888336127825,101,0.01735849998658523,KAM-KEL:1;KAM-KEL:2;OTT-MON:1;OTT-MON:2,3.0,0.7915602391115244
11863.19582470015,0.007971158251740385,0.9559176397603005,0.8113227996509522,0.7907525888606906,optimal,12.575730883392826,4,2,18,0,0.46415888336127825,278,0.10328720003599301,KAM-KEL:1;KAM-KEL:2;OTT-MON:1;OTT-MON:2,3.0,0.6410396731019297
77642.24078518887,0.007971158251740385,0.9559176397603005,0.8113227996509522,0.7907525888606906,optimal,19.760002193890998,7,3,18,0,0.23713737056616555,278,0.09111149999080226,CAL-EDM:1;CAL-EDM:2;CAL-EDM:3;KAM-KEL:1;KAM-KEL:2;OTT-MON:1;OTT-MON:2,3.3333333333333335,0.6077067911462665
11863.19582470015,0.004752848686493015,0.9559176397603005,0.8113227996509522,0.7907525888606906,optimal,12.575730883392826,4,2,18,0,0.46415888336127825,173,0.049375200003851205,KAM-KEL:1;KAM-KEL:2;OTT-MON:1;OTT-MON:2,3.0,0.6410396731019297
11863.19582470015,0.007971158251740385,0.946419791508466,0.8113227996509522,0.7907525888606906,optimal,12.23814989874069,4,2,18,0,0.46415888336127825,278,0.08890500001143664,KAM-KEL:1;KAM-KEL:2;OTT-MON:1;OTT-MON:2,3.0,0.6254672246701384
11863.19582470015,0.007971158251740385,0.9559176397603005,0.6169174205511808,0.7907525888606906,optimal,10.994936301066133,4,2,18,0,0.46415888336127825,278,0.10259450000012293,KAM-KEL:1;KAM-KEL:2;OTT-MON:1;OTT-MON:2,3.0,0.6410396731019297
11863.19582470015,0.007971158251740385,0.9559176397603005,0.8113227996509522,0.8327775526773185,optimal,13.523695299892688,7,3,18,0,0.23713737056616555,302,0.1132472999743186,CAL-EDM:1;CAL-EDM:2;CAL-EDM:3;KAM-KEL:1;KAM-KEL:2;OTT-MON:1;OTT-MON:2,3.3333333333333335,0.6524565730277012
77642.24078518887,0.004752848686493015,0.946419791508466,0.6169174205511808,0.8327775526773185,optimal,18.282755923125585,7,3,18,0,0.23713737056616555,173,0.04080479999538511,CAL-EDM:1;CAL-EDM:2;CAL-EDM:3;KAM-KEL:1;KAM-KEL:2;OTT-MON:1;OTT-MON:2,3.3333333333333335,0.6349655364557233
139017.74451373742,0.047329808196168194,0.9668966400735081,0.5264862805139273,0.9156377444583923,optimal,22.573945618617167,7,3,18,0,0.23713737056616555,577,0.2905643999692984,CAL-EDM:1;CAL-EDM:2;CAL-EDM:3;KAM-KEL:1;KAM-KEL:2;OTT-MON:1;OTT-MON:2,3.3333333333333335,0.7763138952471415
4430.505374788182,0.047329808196168194,0.9668966400735081,0.5264862805139273,0.9156377444583923,optimal,9.407890107922974,4,2,18,0,0.46415888336127825,577,0.29618060000939295,KAM-KEL:1;KAM-KEL:2;OTT-MON:1;OTT-MON:2,3.0,0.7991544179269486
139017.74451373742,0.05061578942332649,0.9668966400735081,0.5264862805139273,0.9156377444583923,optimal,22.573945618617167,7,3,18,0,0.23713737056616555,577,0.3178399999742396,CAL-EDM:1;CAL-EDM:2;CAL-EDM:3;KAM-KEL:1;KAM-KEL:2;OTT-MON:1;OTT-MON:2,3.3333333333333335,0.7763138952471415
139017.74451373742,0.047329808196168194,0.9870096276178956,0.5264862805139273,0.9156377444583923,optimal,23.314272776457372,7,3,18,0,0.23713737056616555,673,0.38349870004458353,CAL-EDM:1;CAL-EDM:2;CAL-EDM:3;KAM-KEL:1;KAM-KEL:2;OTT-MON:1;OTT-MON:2,3.3333333333333335,0.8267503845516714
139017.74451373742,0.047329808196168194,0.9668966400735081,0.786780066229403,0.9156377444583923,optimal,26.630896901393566,7,3,18,0,0.23713737056616555,577,0.31226119998609647,CAL-EDM:1;CAL-EDM:2;CAL-EDM:3;KAM-KEL:1;KAM-KEL:2;OTT-MON:1;OTT-MON:2,3.3333333333333335,0.7763138952471415
139017.74451373742,0.047329808196168194,0.9668966400735081,0.5264862805139273,0.8644228396946564,optimal,21.352656050971802,7,3,18,0,0.23713737056616555,457,0.20934220001799986,CAL-EDM:1;CAL-EDM:2;CAL-EDM:3;KAM-KEL:1;KAM-KEL:2;OTT-MON:1;OTT-MON:2,3.3333333333333335,0.7110965057502227
4430.505374788182,0.05061578942332649,0.9870096276178956,0.786780066229403,0.8644228396946564,optimal,11.553724136608496,4,2,18,0,0.46415888336127825,505,0.22364919999381527,KAM-KEL:1;KAM-KEL:2;OTT-MON:1;OTT-MON:2,3.0,0.7818013348220203
14461.06266539676,0.0013728137138530087,0.9320175859034062,0.8806382064707576,0.9950842222571372,infeasible,-50.0,0,0,18,0,,0,0.0004050999996252358,,,
1165.64943574143,0.0013728137138530087,0.9320175859034062,0.8806382064707576,0.9950842222571372,infeasible,-50.0,0,0,18,0,,0,0.0002465000143274665,,,
14461.06266539676,0.0026010124774700537,0.9320175859034062,0.8806382064707576,0.9950842222571372,optimal,15.87805237341904,4,2,18,0,0.46415888336127825,101,0.024365700024645776,KAM-KEL:1;KAM-KEL:2;OTT-MON:1;OTT-MON:2,3.0,0.808449457180964
14461.06266539676,0.0013728137138530087,0.9784853672701865,0.8806382064707576,0.9950842222571372,infeasible,-50.0,0,0,18,0,,0,0.0003383000148460269,,,
14461.06266539676,0.0013728137138530087,0.9320175859034062,0.8754483436699956,0.9950842222571372,infeasible,-50.0,0,0,18,0,,0,0.0002538000117056072,,,
14461.06266539676,0.0013728137138530087,0.9320175859034062,0.8806382064707576,0.9707290861029179,infeasible,-50.0,0,0,18,0,,0,0.00022899999748915434,,,
1165.64943574143,0.0026010124774700537,0.9784853672701865,0.8754483436699956,0.9707290861029179,optimal,9.310890901946692,4,2,18,0,0.46415888336127825,101,0.03498789999866858,KAM-KEL:1;KAM-KEL:2;OTT-MON:1;OTT-MON:2,3.0,0.8976435679687986
1677.1774912982416,0.02574685721380122,0.9819966142568737,0.680179423186928,0.7112622798476368,optimal,4.999528713072836,4,2,18,0,0.46415888336127825,231,0.05700159998377785,KAM-KEL:1;KAM-KEL:2;OTT-MON:1;OTT-MON:2,3.0,0.6027477441737101
20854.752541212823,0.02574685721380122,0.9819966142568737,0.680179423186928,0.7112622798476368,optimal,12.272066542745918,4,2,18,0,0.46415888336127825,231,0.06934360001469031,KAM-KEL:1;KAM-KEL:2;OTT-MON:1;OTT-MON:2,3.0,0.6027477441737101
1677.1774912982416,0.028202496284930413,0.9819966142568737,0.680179423186928,0.7112622798476368,optimal,4.999528713072836,4,2,18,0,0.46415888336127825,231,0.0499349000165239,KAM-KEL:1;KAM-KEL:2;OTT-MON:1;OTT-MON:2,3.0,0.6027477441737101
1677.1774912982416,0.02574685721380122,0.9354348234143108,0.680179423186928,0.7112622798476368,optimal,2.250255517164197,4,2,18,0,0.46415888336127825,231,0.059433699992951006,KAM-KEL:1;KAM-KEL:2;OTT-MON:1;OTT-MON:2,3.0,0.5396246506777461
1677.1774912982416,0.02574685721380122,0.9819966142568737,0.5917404125910253,0.7112622798476368,optimal,4.195724970220498,4,2,18,0,0.46415888336127825,231,0.04918830003589392,KAM-KEL:1;KAM-KEL:2;OTT-MON:1;OTT-MON:2,3.0,0.6027477441737101
1677.1774912982416,0.02574685721380122,0.9819966142568737,0.680179423186928,0.7242027105586603,optimal,5.3420934580679935,4,2,18,0,0.46415888336127825,311,0.10488520003855228,KAM-KEL:1;KAM-KEL:2;OTT-MON:1;OTT-MON:2,3.0,0.6157000182803994
20854.752541212823,0.028202496284930413,0.9354348234143108,0.5917404125910253,0.7242027105586603,optimal,9.404966075346142,4,2,18,0,0.46415888336127825,231,0.06875969999236986,KAM-KEL:1;KAM-KEL:2;OTT-MON:1;OTT-MON:2,3.0,0.5502591562857677
2032.095507044925,0.0029691230384520737,0.975170818131417,0.6561351917218416,0.7735939453011378,optimal,6.545368169494857,4,2,18,0,0.46415888336127825,101,0.013322100043296814,KAM-KEL:1;KAM-KEL:2;OTT-MON:1;OTT-MON:2,3.0,0.6557182604115739
198160.9857030963,0.0029691230384520737,0.975170818131417,0.6561351917218416,0.7735939453011378,optimal,19.760490030446583,4,2,18,0,0.46415888336127825,101,0.030255399993620813,KAM-KEL:1;KAM-KEL:2;OTT-MON:1;OTT-MON:2,3.0,0.6557182604115739
2032.095507044925,0.001647543528777123,0.975170818131417,0.6561351917218416,0.7735939453011378,infeasible,-50.0,0,0,18,0,,0,0.0004194999928586185,,,
2032.095507044925,0.0029691230384520737,0.9676698270719498,0.6561351917218416,0.7735939453011378,optimal,6.30472502728014,4,2,18,0,0.46415888336127825,101,0.020075300009921193,KAM-KEL:1;KAM-KEL:2;OTT-MON:1;OTT-MON:2,3.0,0.6432580849791776
2032.095507044925,0.0029691230384520737,0.975170818131417,0.9305486537516117,0.7735939453011378,optimal,8.561722096116933,4,2,18,0,0.46415888336127825,101,0.022128899989183992,KAM-KEL:1;KAM-KEL:2;OTT-MON:1;OTT-MON:2,3.0,0.6557182604115739
2032.095507044925,0.0029691230384520737,0.975170818131417,0.6561351917218416,0.902737212330103,optimal,8.461226748515696,4,2,18,0,0.46415888336127825,101,0.020701500005088747,KAM-KEL:1;KAM-KEL:2;OTT-MON:1;OTT-MON:2,3.0,0.8024858010286452
198160.9857030963,0.001647543528777123,0.9676698270719498,0.9305486537516117,0.902737212330103,infeasible,-50.0,0,0,18,0,,0,0.00043670000741258264,,,
48630.15786609036,0.015803545947035355,0.9471483491640538,0.9057810749392956,0.934022362456657,optimal,23.10822564642987,7,3,18,0,0.23713737056616555,553,0.2588850000174716,CAL-EDM:1;CAL-EDM:2;CAL-EDM:3;KAM-KEL:1;KAM-KEL:2;OTT-MON:1;OTT-MON:2,3.3333333333333335,0.752407648216022
9003.093004762812,0.015803545947035355,0.9471483491640538,0.9057810749392956,0.934022362456657,optimal,15.808149706603803,7,3,18,0,0.23713737056616555,553,0.28297900001052767,CAL-EDM:1;CAL-EDM:2;CAL-EDM:3;KAM-KEL:1;KAM-KEL:2;OTT-MON:1;OTT-MON:2,3.3333333333333335,0.752407648216022
48630.15786609036,0.015194138095525597,0.9471483491640538,0.9057810749392956,0.934022362456657,optimal,23.10822564642987,7,3,18,0,0.23713737056616555,553,0.2947115999995731,CAL-EDM:1;CAL-EDM:2;CAL-EDM:3;KAM-KEL:1;KAM-KEL:2;OTT-MON:1;OTT-MON:2,3.3333333333333335,0.752407648216022
48630.15786609036,0.015803545947035355,0.9252364470157772,0.9057810749392956,0.934022362456657,optimal,22.110982734772847,7,3,18,0,0.23713737056616555,449,0.21716540004126728,CAL-EDM:1;CAL-EDM:2;CAL-EDM:3;KAM-KEL:1;KAM-KEL:2;OTT-MON:1;OTT-MON:2,3.3333333333333335,0.7021646142459649
48630.15786609036,0.015803545947035355,0.9471483491640538,0.5374169213697314,0.934022362456657,optimal,17.836381102763834,7,3,18,0,0.23713737056616555,553,0.27729190001264215,CAL-EDM:1;CAL-EDM:2;CAL-EDM:3;KAM-KEL:1;KAM-KEL:2;OTT-MON:1;OTT-MON:2,3.3333333333333335,0.752407648216022
48630.15786609036,0.015803545947035355,0.9471483491640538,0.9057810749392956,0.7994817567868158,optimal,18.53671729356048,7,3,18,0,0.23713737056616555,311,0.11411769996630028,CAL-EDM:1;CAL-EDM:2;CAL-EDM:3;KAM-KEL:1;KAM-KEL:2;OTT-MON:1;OTT-MON:2,3.3333333333333335,0.6020443847234439
9003.093004762812,0.015194138095525597,0.9252364470157772,0.5374169213697314,0.7994817567868158,optimal,8.405802481596695,4,2,18,0,0.46415888336127825,311,0.11042909999378026,KAM-KEL:1;KAM-KEL:2;OTT-MON:1;OTT-MON:2,3.0,0.5998341624685635
81841.81215166811,0.00547652951248222,0.9905373799297958,0.5865931340493262,0.8702666051229462,optimal,21.280687896159368,7,3,18,0,0.23713737056616555,245,0.11033519997727126,CAL-EDM:1;CAL-EDM:2;CAL-EDM:3;KAM-KEL:1;KAM-KEL:2;OTT-MON:1;OTT-MON:2,3.3333333333333335,0.771146110154851
2416.6727574096785,0.00547652951248222,0.9905373799297958,0.5865931340493262,0.8702666051229462,optimal,8.259983675312348,4,2,18,0,0.46415888336127825,245,0.08836509997490793,KAM-KEL:1;KAM-KEL:2;OTT-MON:1;OTT-MON:2,3.0,0.7967931508857536
81841.81215166811,0.008701276436693278,0.9905373799297958,0.5865931340493262,0.8702666051229462,optimal,21.280687896159368,7,3,18,0,0.23713737056616555,376,0.16553059994475916,CAL-EDM:1;CAL-EDM:2;CAL-EDM:3;KAM-KEL:1;KAM-KEL:2;OTT-MON:1;OTT-MON:2,3.3333333333333335,0.771146110154851
81841.81215166811,0.00547652951248222,0.9557077288478613,0.5865931340493262,0.8702666051229462,optimal,19.781523021798535,7,3,18,0,0.23713737056616555,229,0.07141809997847304,CAL-EDM:1;CAL-EDM:2;CAL-EDM:3;KAM-KEL:1;KAM-KEL:2;OTT-MON:1;OTT-MON:2,3.3333333333333335,0.6946423308735863
81841.81215166811,0.00547652951248222,0.9905373799297958,0.6757453331258148,0.8702666051229462,optimal,22.709524105075012,7,3,18,0,0.23713737056616555,245,0.08915369998430833,CAL-EDM:1;CAL-EDM:2;CAL-EDM:3;KAM-KEL:1;KAM-KEL:2;OTT-MON:1;OTT-MON:2,3.3333333333333335,0.771146110154851
81841.81215166811,0.00547652951248222,0.9905373799297958,0.5865931340493262,0.7626832239814102,optimal,17.94170235005705,7,3,18,0,0.23713737056616555,205,0.07350119994953275,CAL-EDM:1;CAL-EDM:2;CAL-EDM:3;KAM-KEL:1;KAM-KEL:2;OTT-MON:1;OTT-MON:2,3.3333333333333335,0.6353907882669995
2416.6727574096785,0.008701276436693278,0.9557077288478613,0.6757453331258148,0.7626832239814102,optimal,6.301569923444308,4,2,18,0,0.46415888336127825,278,0.08932690002257004,KAM-KEL:1;KAM-KEL:2;OTT-MON:1;OTT-MON:2,3.0,0.6134464926152282
4945.682409755089,0.09227920377685453,0.9235149015188218,0.7518751216121018,0.8373758713537827,optimal,9.395838903476296,4,2,18,0,0.46415888336127825,311,0.12604810000630096,KAM-KEL:1;KAM-KEL:2;OTT-MON:1;OTT-MON:2,3.0,0.6308552840486733
52101.70544780033,0.09227920377685453,0.9235149015188218,0.7518751216121018,0.8373758713537827,optimal,16.87542830247448,7,3,18,0,0.23713737056616555,311,0.10315870004706085,CAL-EDM:1;CAL-EDM:2;CAL-EDM:3;KAM-KEL:1;KAM-KEL:2;OTT-MON:1;OTT-MON:2,3.3333333333333335,0.5993687297854778
4945.682409755089,0.0817026597996542,0.9235149015188218,0.7518751216121018,0.8373758713537827,optimal,9.395838903476296,4,2,18,0,0.46415888336127825,311,0.11254760000156239,KAM-KEL:1;KAM-KEL:2;OTT-MON:1;OTT-MON:2,3.0,0.6308552840486733
4945.682409755089,0.09227920377685453,0.99568873071298,0.7518751216121018,0.8373758713537827,optimal,11.452294555286834,4,2,18,0,0.46415888336127825,457,0.20644270000047982,KAM-KEL:1;KAM-KEL:2;OTT-MON:1;OTT-MON:2,3.0,0.7668816306361362
4945.682409755089,0.09227920377685453,0.9235149015188218,0.7291528738569468,0.8373758713537827,optimal,9.218751925107146,4,2,18,0,0.46415888336127825,311,0.11198240000521764,KAM-KEL:1;KAM-KEL:2;OTT-MON:1;OTT-MON:2,3.0,0.6308552840486733
4945.682409755089,0.09227920377685453,0.9235149015188218,0.7518751216121018,0.937319700694643,optimal,10.98773864827012,4,2,18,0,0.46415888336127825,457,0.2165714000002481,KAM-KEL:1;KAM-KEL:2;OTT-MON:1;OTT-MON:2,3.0,0.7271935779923295
52101.70544780033,0.0817026597996542,0.99568873071298,0.7291528738569468,0.937319700694643,optimal,23.052479032094286,7,3,18,0,0.23713737056616555,769,0.5760710999602452,CAL-EDM:1;CAL-EDM:2;CAL-EDM:3;KAM-KEL:1;KAM-KEL:2;OTT-MON:1;OTT-MON:2,3.3333333333333335,0.8829338022724267
7040.131948957505,0.0013273834976311586,0.9944001788441091,0.9466270161326974,0.8898854252677411,infeasible,-50.0,0,0,18,0,,0,0.000438000017311424,,,
17015.38531740366,0.0013273834976311586,0.9944001788441091,0.9466270161326974,0.8898854252677411,infeasible,-50.0,0,0,18,0,,0,0.00024500000290572643,,,
7040.131948957505,0.001260540516656415,0.9944001788441091,0.9466270161326974,0.8898854252677411,infeasible,-50.0,0,0,18,0,,0,0.0002468999591656029,,,
7040.131948957505,0.0013273834976311586,0.9615405959729105,0.9466270161326974,0.8898854252677411,infeasible,-50.0,0,0,18,0,,0,0.00022650003666058183,,,
7040.131948957505,0.0013273834976311586,0.9944001788441091,0.9069019365590065,0.8898854252677411,infeasible,-50.0,0,0,18,0,,0,0.0002144999452866614,,,
7040.131948957505,0.0013273834976311586,0.9944001788441091,0.9466270161326974,0.7403851072639227,infeasible,-50.0,0,0,18,0,,0,0.00022200000239536166,,,
17015.38531740366,0.001260540516656415,0.9615405959729105,0.9069019365590065,0.7403851072639227,infeasible,-50.0,0,0,18,0,,0,0.00023960001999512315,,,
62292.117037349875,0.021554729357549,0.9273595594018698,0.6127074198331683,0.8166362819485367,optimal,15.237178458790483,4,2,18,0,0.46415888336127825,311,0.11250500002643093,KAM-KEL:1;KAM-KEL:2;OTT-MON:1;OTT-MON:2,3.0,0.6184619177723155
1833.770365777316,0.021554729357549,0.9273595594018698,0.6127074198331683,0.8166362819485367,optimal,5.064849037674801,4,2,18,0,0.46415888336127825,311,0.09076739998999983,KAM-KEL:1;KAM-KEL:2;OTT-MON:1;OTT-MON:2,3.0,0.6184619177723155
62292.117037349875,0.01006728106119859,0.9273595594018698,0.6127074198331683,0.8166362819485367,optimal,15.237178458790483,4,2,18,0,0.46415888336127825,311,0.10206619999371469,KAM-KEL:1;KAM-KEL:2;OTT-MON:1;OTT-MON:2,3.0,0.6184619177723155
62292.117037349875,0.021554729357549,0.9215392133425921,0.6127074198331683,0.8166362819485367,optimal,14.998180426499573,4,2,18,0,0.46415888336127825,311,0.09286060003796592,KAM-KEL:1;KAM-KEL:2;OTT-MON:1;OTT-MON:2,3.0,0.6090450537292114
62292.117037349875,0.021554729357549,0.9273595594018698,0.5120671791490168,0.8166362819485367,optimal,14.20171754057905,4,2,18,0,0.46415888336127825,311,0.12231110001448542,KAM-KEL:1;KAM-KEL:2;OTT-MON:1;OTT-MON:2,3.0,0.6184619177723155
62292.117037349875,0.021554729357549,0.9273595594018698,0.6127074198331683,0.9960206352127716,optimal,20.69678436715558,7,3,18,0,0.23713737056616555,633,0.3991348000126891,CAL-EDM:1;CAL-EDM:2;CAL-EDM:3;KAM-KEL:1;KAM-KEL:2;OTT-MON:1;OTT-MON:2,3.3333333333333335,0.7797629781491956
1833.770365777316,0.01006728106119859,0.9215392133425921,0.5120671791490168,0.9960206352127716,optimal,6.553410285021249,4,2,18,0,0.46415888336127825,457,0.19270650000544265,KAM-KEL:1;KAM-KEL:2;OTT-MON:1;OTT-MON:2,3.0,0.7841070102308589
32947.4164071077,0.007140048765988245,0.9708024507127703,0.7663436192087829,0.7349169168379157,optimal,14.46586157610044,4,2,18,0,0.46415888336127825,278,0.09617599996272475,KAM-KEL:1;KAM-KEL:2;OTT-MON:1;OTT-MON:2,3.0,0.6095859594145142
6960.87946368092,0.007140048765988245,0.9708024507127703,0.7663436192087829,0.7349169168379157,optimal,9.98021389292118,4,2,18,0,0.46415888336127825,278,0.11023300001397729,KAM-KEL:1;KAM-KEL:2;OTT-MON:1;OTT-MON:2,3.0,0.6095859594145142
32947.4164071077,0.007411987783531345,0.9708024507127703,0.7663436192087829,0.7349169168379157,optimal,14.46586157610044,4,2,18,0,0.46415888336127825,278,0.09256319998530671,KAM-KEL:1;KAM-KEL:2;OTT-MON:1;OTT-MON:2,3.0,0.6095859594145142
32947.4164071077,0.007140048765988245,0.9495774540118873,0.7663436192087829,0.7349169168379157,optimal,13.512317658177157,4,2,18,0,0.46415888336127825,222,0.06497740000486374,KAM-KEL:1;KAM-KEL:2;OTT-MON:1;OTT-MON:2,3.0,0.5787466801231957
32947.4164071077,0.007140048765988245,0.9708024507127703,0.6976343350484967,0.7349169168379157,optimal,13.923780063651398,4,2,18,0,0.46415888336127825,278,0.10423559998162091,KAM-KEL:1;KAM-KEL:2;OTT-MON:1;OTT-MON:2,3.0,0.6095859594145142
32947.4164071077,0.007140048765988245,0.9708024507127703,0.7663436192087829,0.8872005618549883,optimal,19.652464431171808,7,3,18,0,0.23713737056616555,326,0.12871879996964708,CAL-EDM:1;CAL-EDM:2;CAL-EDM:3;KAM-KEL:1;KAM-KEL:2;OTT-MON:1;OTT-MON:2,3.3333333333333335,0.7483091741886828
6960.87946368092,0.007411987783531345,0.9495774540118873,0.6976343350484967,0.8872005618549883,optimal,11.565993771796776,4,2,18,0,0.46415888336127825,310,0.11083940003300086,KAM-KEL:1;KAM-KEL:2;OTT-MON:1;OTT-MON:2,3.0,0.7291025731111693
2768.3176145854354,0.036707249437294434,0.9427618221174926,0.5730585179291665,0.9715784848071635,optimal,8.623601452726682,4,2,18,0,0.46415888336127825,633,0.3637461999896914,KAM-KEL:1;KAM-KEL:2;OTT-MON:1;OTT-MON:2,3.0,0.8079369046200655
63267.02380133501,0.036707249437294434,0.9427618221174926,0.5730585179291665,0.9715784848071635,optimal,20.22662743590921,7,3,18,0,0.23713737056616555,633,0.39617709995945916,CAL-EDM:1;CAL-EDM:2;CAL-EDM:3;KAM-KEL:1;KAM-KEL:2;OTT-MON:1;OTT-MON:2,3.3333333333333335,0.7888610372549857
2768.3176145854354,0.060270143950284176,0.9427618221174926,0.5730585179291665,0.9715784848071635,optimal,8.623601452726682,4,2,18,0,0.46415888336127825,633,0.3749660999746993,KAM-KEL:1;KAM-KEL:2;OTT-MON:1;OTT-MON:2,3.0,0.8079369046200655
2768.3176145854354,0.036707249437294434,0.9919931265711784,0.5730585179291665,0.9715784848071635,optimal,9.623943364038048,4,2,18,0,0.46415888336127825,809,0.684640199993737,KAM-KEL:1;KAM-KEL:2;OTT-MON:1;OTT-MON:2,3.0,0.9355401542004143
2768.3176145854354,0.036707249437294434,0.9427618221174926,0.7562603045254945,0.9715784848071635,optimal,10.224403163069653,4,2,18,0,0.46415888336127825,633,0.38607929996214807,KAM-KEL:1;KAM-KEL:2;OTT-MON:1;OTT-MON:2,3.0,0.8079369046200655
2768.3176145854354,0.036707249437294434,0.9427618221174926,0.5730585179291665,0.8470066532706841,optimal,6.977107070451652,4,2,18,0,0.46415888336127825,368,0.11746430001221597,KAM-KEL:1;KAM-KEL:2;OTT-MON:1;OTT-MON:2,3.0,0.6740362198165284
63267.02380133501,0.060270143950284176,0.9919931265711784,0.7562603045254945,0.8470066532706841,optimal,22.233388085208126,7,3,18,0,0.23713737056616555,505,0.2276780999964103,CAL-EDM:1;CAL-EDM:2;CAL-EDM:3;KAM-KEL:1;KAM-KEL:2;OTT-MON:1;OTT-MON:2,3.3333333333333335,0.7428745733813652
1269.9593574159242,0.0031989890012723574,0.9361098116785288,0.5419521340634674,0.9440749834598974,optimal,5.584363791091848,4,2,18,0,0.46415888336127825,125,0.015080700046382844,KAM-KEL:1;KAM-KEL:2;OTT-MON:1;OTT-MON:2,3.0,0.7617658974654153
30519.215648690064,0.0031989890012723574,0.9361098116785288,0.5419521340634674,0.9440749834598974,optimal,15.654083914950387,7,3,18,0,0.23713737056616555,125,0.03639079997083172,CAL-EDM:1;CAL-EDM:2;CAL-EDM:3;KAM-KEL:1;KAM-KEL:2;OTT-MON:1;OTT-MON:2,3.3333333333333335,0.7385065034205848
1269.9593574159242,0.0032616150613243287,0.9361098116785288,0.5419521340634674,0.9440749834598974,optimal,5.584363791091848,4,2,18,0,0.46415888336127825,125,0.02415299997664988,KAM-KEL:1;KAM-KEL:2;OTT-MON:1;OTT-MON:2,3.0,0.7617658974654153
1269.9593574159242,0.0031989890012723574,0.9402866873666644,0.5419521340634674,0.9440749834598974,optimal,5.686198729023779,4,2,18,0,0.46415888336127825,125,0.016989799973089248,KAM-KEL:1;KAM-KEL:2;OTT-MON:1;OTT-MON:2,3.0,0.7711694448573735
1269.9593574159242,0.0031989890012723574,0.9361098116785288,0.6425409450661391,0.9440749834598974,optimal,6.5668556095075274,4,2,18,0,0.46415888336127825,125,0.020442699955310673,KAM-KEL:1;KAM-KEL:2;OTT-MON:1;OTT-MON:2,3.0,0.7617658974654153
1269.9593574159242,0.0031989890012723574,0.9361098116785288,0.5419521340634674,0.9582755653243512,optimal,5.750469980055879,4,2,18,0,0.46415888336127825,125,0.020645299984607846,KAM-KEL:1;KAM-KEL:2;OTT-MON:1;OTT-MON:2,3.0,0.7772774422475586
30519.215648690064,0.0032616150613243287,0.9402866873666644,0.6425409450661391,0.9582755653243512,optimal,17.858512226684713,7,3,18,0,0.23713737056616555,125,0.030654100002720952,CAL-EDM:1;CAL-EDM:2;CAL-EDM:3;KAM-KEL:1;KAM-KEL:2;OTT-MON:1;OTT-MON:2,3.3333333333333335,0.765841734795924
20691.974049577195,0.06227298430283852,0.9860688765291125,0.7985486333724111,0.7633924247575924,optimal,14.834048157648313,7,3,18,0,0.23713737056616555,311,0.11326140002347529,CAL-EDM:1;CAL-EDM:2;CAL-EDM:3;KAM-KEL:1;KAM-KEL:2;OTT-MON:1;OTT-MON:2,3.3333333333333335,0.6286304963512542
2730.746639980376,0.06227298430283852,0.9860688765291125,0.7985486333724111,0.7633924247575924,optimal,8.666442549412192,4,2,18,0,0.46415888336127825,311,0.11855600000126287,KAM-KEL:1;KAM-KEL:2;OTT-MON:1;OTT-MON:2,3.0,0.6631697614623404
20691.974049577195,0.04011261201580584,0.9860688765291125,0.7985486333724111,0.7633924247575924,optimal,14.834048157648313,7,3,18,0,0.23713737056616555,311,0.09765180002432317,CAL-EDM:1;CAL-EDM:2;CAL-EDM:3;KAM-KEL:1;KAM-KEL:2;OTT-MON:1;OTT-MON:2,3.3333333333333335,0.6286304963512542
20691.974049577195,0.06227298430283852,0.9833168527819216,0.7985486333724111,0.7633924247575924,optimal,14.635156241187543,7,3,18,0,0.23713737056616555,311,0.10320140002295375,CAL-EDM:1;CAL-EDM:2;CAL-EDM:3;KAM-KEL:1;KAM-KEL:2;OTT-MON:1;OTT-MON:2,3.3333333333333335,0.6240179945823556
20691.974049577195,0.06227298430283852,0.9860688765291125,0.8105907158460468,0.7633924247575924,optimal,14.985201802640816,7,3,18,0,0.23713737056616555,311,0.1012837000307627,CAL-EDM:1;CAL-EDM:2;CAL-EDM:3;KAM-KEL:1;KAM-KEL:2;OTT-MON:1;OTT-MON:2,3.3333333333333335,0.6286304963512542
20691.974049577195,0.06227298430283852,0.9860688765291125,0.7985486333724111,0.7742502112472429,optimal,15.328856867574245,7,3,18,0,0.23713737056616555,311,0.11728999996557832,CAL-EDM:1;CAL-EDM:2;CAL-EDM:3;KAM-KEL:1;KAM-KEL:2;OTT-MON:1;OTT-MON:2,3.3333333333333335,0.6409873081099356
2730.746639980376,0.04011261201580584,0.9833168527819216,0.8105907158460468,0.7742502112472429,optimal,8.87549979619893,4,2,18,0,0.46415888336127825,311,0.12367489997996017,KAM-KEL:1;KAM-KEL:2;OTT-MON:1;OTT-MON:2,3.0,0.6702571741131769
188406.1095464683,0.0018553859270155492,0.9511692870091647,0.722008994128555,0.8249453118192032,infeasible,-50.0,0,0,18,0,,0,0.0004447000101208687,,,
10160.098754074028,0.0018553859270155492,0.9511692870091647,0.722008994128555,0.8249453118192032,infeasible,-50.0,0,0,18,0,,0,0.00030239997431635857,,,
188406.1095464683,0.0018513615906045626,0.9511692870091647,0.722008994128555,0.8249453118192032,infeasible,-50.0,0,0,18,0,,0,0.0002972999936901033,,,
188406.1095464683,0.0018553859270155492,0.9723506335970015,0.722008994128555,0.8249453118192032,infeasible,-50.0,0,0,18,0,,0,0.0002882999833673239,,,
188406.1095464683,0.0018553859270155492,0.9511692870091647,0.8480671038851142,0.8249453118192032,infeasible,-50.0,0,0,18,0,,0,0.00030830001924186945,,,
188406.1095464683,0.0018553859270155492,0.9511692870091647,0.722008994128555,0.8090779297817499,infeasible,-50.0,0,0,18,0,,0,0.00028110004495829344,,,
10160.098754074028,0.0018513615906045626,0.9723506335970015,0.8480671038851142,0.8090779297817499,infeasible,-50.0,0,0,18,0,,0,0.0002869999734684825,,,
8079.128712968003,0.01140894076522532,0.9621283796094358,0.8379846240393818,0.8825657907603308,optimal,13.988012443981768,7,3,18,0,0.23713737056616555,401,0.171483599988278,CAL-EDM:1;CAL-EDM:2;CAL-EDM:3;KAM-KEL:1;KAM-KEL:2;OTT-MON:1;OTT-MON:2,3.3333333333333335,0.7230833892534534
115924.01158108575,0.01140894076522532,0.9621283796094358,0.8379846240393818,0.8825657907603308,optimal,25.516520145154672,7,3,18,0,0.23713737056616555,401,0.17382480000378564,CAL-EDM:1;CAL-EDM:2;CAL-EDM:3;KAM-KEL:1;KAM-KEL:2;OTT-MON:1;OTT-MON:2,3.3333333333333335,0.7230833892534534
8079.128712968003,0.02318198762131114,0.9621283796094358,0.8379846240393818,0.8825657907603308,optimal,13.988012443981768,7,3,18,0,0.23713737056616555,457,0.22501440002815798,CAL-EDM:1;CAL-EDM:2;CAL-EDM:3;KAM-KEL:1;KAM-KEL:2;OTT-MON:1;OTT-MON:2,3.3333333333333335,0.7230833892534534
8079.128712968003,0.01140894076522532,0.9317430923152715,0.8379846240393818,0.8825657907603308,optimal,12.49488974214485,4,2,18,0,0.46415888336127825,352,0.14093250001315027,KAM-KEL:1;KAM-KEL:2;OTT-MON:1;OTT-MON:2,3.0,0.6887669340130049
8079.128712968003,0.01140894076522532,0.9621283796094358,0.5696874514222146,0.8825657907603308,optimal,11.079538013875386,4,2,18,0,0.46415888336127825,401,0.18099219998111948,KAM-KEL:1;KAM-KEL:2;OTT-MON:1;OTT-MON:2,3.0,0.7500881149029487
8079.128712968003,0.01140894076522532,0.9621283796094358,0.8379846240393818,0.9211617339896038,optimal,14.884269116986315,7,3,18,0,0.23713737056616555,465,0.22646539995912462,CAL-EDM:1;CAL-EDM:2;CAL-EDM:3;KAM-KEL:1;KAM-KEL:2;OTT-MON:1;OTT-MON:2,3.3333333333333335,0.7720203471579844
115924.01158108575,0.02318198762131114,0.9317430923152715,0.5696874514222146,0.9211617339896038,optimal,21.18170830544242,7,3,18,0,0.23713737056616555,457,0.2033104000147432,CAL-EDM:1;CAL-EDM:2;CAL-EDM:3;KAM-KEL:1;KAM-KEL:2;OTT-MON:1;OTT-MON:2,3.3333333333333335,0.7020637742442591
7341.5963272549525,0.003872135033753872,0.9792836309056729,0.7453184968791902,0.7710799331199377,optimal,11.065033131076248,4,2,18,0,0.46415888336127825,141,0.044648799987044185,KAM-KEL:1;KAM-KEL:2;OTT-MON:1;OTT-MON:2,3.0,0.659982833356358
69583.24892914205,0.003872135033753872,0.9792836309056729,0.7453184968791902,0.7710799331199377,optimal,19.276316501482974,7,3,18,0,0.23713737056616555,141,0.03815269999904558,CAL-EDM:1;CAL-EDM:2;CAL-EDM:3;KAM-KEL:1;KAM-KEL:2;OTT-MON:1;OTT-MON:2,3.3333333333333335,0.6257877091930677
7341.5963272549525,0.0024703154605669026,0.9792836309056729,0.7453184968791902,0.7710799331199377,optimal,11.065033131076248,4,2,18,0,0.46415888336127825,101,0.033563800039701164,KAM-KEL:1;KAM-KEL:2;OTT-MON:1;OTT-MON:2,3.0,0.659982833356358
7341.5963272549525,0.003872135033753872,0.9205191164538264,0.7453184968791902,0.7710799331199377,optimal,8.623734019589236,4,2,18,0,0.46415888336127825,133,0.05112920003011823,KAM-KEL:1;KAM-KEL:2;OTT-MON:1;OTT-MON:2,3.0,0.5686469511650641
7341.5963272549525,0.003872135033753872,0.9792836309056729,0.7908716180827469,0.7710799331199377,optimal,11.407378960870876,4,2,18,0,0.46415888336127825,141,0.044567600009031594,KAM-KEL:1;KAM-KEL:2;OTT-MON:1;OTT-MON:2,3.0,0.659982833356358
7341.5963272549525,0.003872135033753872,0.9792836309056729,0.7453184968791902,0.7941820467337966,optimal,11.482964283509375,4,2,18,0,0.46415888336127825,149,0.03861629997845739,KAM-KEL:1;KAM-KEL:2;OTT-MON:1;OTT-MON:2,3.0,0.6849176180281806
69583.24892914205,0.0024703154605669026,0.9205191164538264,0.7908716180827469,0.7941820467337966,optimal,16.172721915705885,4,2,18,0,0.46415888336127825,101,0.026710700010880828,KAM-KEL:1;KAM-KEL:2;OTT-MON:1;OTT-MON:2,3.0,0.5880267701896512
175692.4201606058,0.072737864020943,0.9341995570473374,0.5940836134366692,0.9354152076505124,optimal,23.871965038750684,7,3,18,0,0.23713737056616555,505,0.23544060002313927,CAL-EDM:1;CAL-EDM:2;CAL-EDM:3;KAM-KEL:1;KAM-KEL:2;OTT-MON:1;OTT-MON:2,3.3333333333333335,0.7238797083654317
6357.858819176223,0.072737864020943,0.9341995570473374,0.5940836134366692,0.9354152076505124,optimal,10.608748229328349,4,2,18,0,0.46415888336127825,505,0.2558240999933332,KAM-KEL:1;KAM-KEL:2;OTT-MON:1;OTT-MON:2,3.0,0.7482355267689377
175692.4201606058,0.030932275807411272,0.9341995570473374,0.5940836134366692,0.9354152076505124,optimal,23.871965038750684,7,3,18,0,0.23713737056616555,505,0.25790909997886047,CAL-EDM:1;CAL-EDM:2;CAL-EDM:3;KAM-KEL:1;KAM-KEL:2;OTT-MON:1;OTT-MON:2,3.3333333333333335,0.7238797083654317
175692.4201606058,0.072737864020943,0.9629418409205973,0.5940836134366692,0.9354152076505124,optimal,25.067651590203017,7,3,18,0,0.23713737056616555,601,0.358122400008142,CAL-EDM:1;CAL-EDM:2;CAL-EDM:3;KAM-KEL:1;KAM-KEL:2;OTT-MON:1;OTT-MON:2,3.3333333333333335,0.7928805888811562
175692.4201606058,0.072737864020943,0.9341995570473374,0.6210639006923884,0.9354152076505124,optimal,24.320495066906695,7,3,18,0,0.23713737056616555,505,0.2604099999880418,CAL-EDM:1;CAL-EDM:2;CAL-EDM:3;KAM-KEL:1;KAM-KEL:2;OTT-MON:1;OTT-MON:2,3.3333333333333335,0.7238797083654317
175692.4201606058,0.072737864020943,0.9341995570473374,0.5940836134366692,0.9063881990043446,optimal,23.13783209885926,7,3,18,0,0.23713737056616555,457,0.22047389997169375,CAL-EDM:1;CAL-EDM:2;CAL-EDM:3;KAM-KEL:1;KAM-KEL:2;OTT-MON:1;OTT-MON:2,3.3333333333333335,0.690796844726513
6357.858819176223,0.030932275807411272,0.9629418409205973,0.6210639006923884,0.9063881990043446,optimal,11.20483964675401,4,2,18,0,0.46415888336127825,577,0.3194099999964237,KAM-KEL:1;KAM-KEL:2;OTT-MON:1;OTT-MON:2,3.0,0.7792590193459924
22653.692465156862,0.0021182656647947464,0.9638767597079277,0.8974769742693751,0.8537395411785692,optimal,16.32586095125976,4,2,18,0,0.46415888336127825,101,0.025366300018504262,KAM-KEL:1;KAM-KEL:2;OTT-MON:1;OTT-MON:2,3.0,0.7214091382553125
1706.6051966187927,0.0021182656647947464,0.9638767597079277,0.8974769742693751,0.8537395411785692,optimal,8.864771007363197,4,2,18,0,0.46415888336127825,101,0.04745389998424798,KAM-KEL:1;KAM-KEL:2;OTT-MON:1;OTT-MON:2,3.0,0.7214091382553125
22653.692465156862,0.004352050059068059,0.9638767597079277,0.8974769742693751,0.8537395411785692,optimal,18.44625109148301,7,3,18,0,0.23713737056616555,173,0.049035699979867786,CAL-EDM:1;CAL-EDM:2;CAL-EDM:3;KAM-KEL:1;KAM-KEL:2;OTT-MON:1;OTT-MON:2,3.3333333333333335,0.6919648851995969
22653.692465156862,0.0021182656647947464,0.990975031292066,0.8974769742693751,0.8537395411785692,optimal,16.97382578856314,4,2,18,0,0.46415888336127825,101,0.027764300000853837,KAM-KEL:1;KAM-KEL:2;OTT-MON:1;OTT-MON:2,3.0,0.777155797612454
22653.692465156862,0.0021182656647947464,0.9638767597079277,0.5886376269161702,0.8537395411785692,optimal,13.891880310074956,4,2,18,0,0.46415888336127825,101,0.02425689995288849,KAM-KEL:1;KAM-KEL:2;OTT-MON:1;OTT-MON:2,3.0,0.7214091382553125
22653.692465156862,0.0021182656647947464,0.9638767597079277,0.8974769742693751,0.9409619154594838,optimal,17.4123954217795,4,2,18,0,0.46415888336127825,101,0.03173600003356114,KAM-KEL:1;KAM-KEL:2;OTT-MON:1;OTT-MON:2,3.0,0.8226526787539548
1706.6051966187927,0.004352050059068059,0.990975031292066,0.5886376269161702,0.9409619154594838,optimal,8.067059466378334,4,2,18,0,0.46415888336127825,173,0.04471460002241656,KAM-KEL:1;KAM-KEL:2;OTT-MON:1;OTT-MON:2,3.0,0.8903719298711483
1368.9458979885812,0.012569457062672993,0.9577926766965539,0.6618574885185808,0.852781913716346,optimal,6.2969017937781135,4,2,18,0,0.46415888336127825,360,0.12242240004707128,KAM-KEL:1;KAM-KEL:2;OTT-MON:1;OTT-MON:2,3.0,0.7084285214208024
18295.421272732292,0.012569457062672993,0.9577926766965539,0.6618574885185808,0.852781913716346,optimal,14.109621740765736,7,3,18,0,0.23713737056616555,360,0.14305870002135634,CAL-EDM:1;CAL-EDM:2;CAL-EDM:3;KAM-KEL:1;KAM-KEL:2;OTT-MON:1;OTT-MON:2,3.3333333333333335,0.6785986373003746
1368.9458979885812,0.05352320896094489,0.9577926766965539,0.6618574885185808,0.852781913716346,optimal,6.2969017937781135,4,2,18,0,0.46415888336127825,368,0.12529160000849515,KAM-KEL:1;KAM-KEL:2;OTT-MON:1;OTT-MON:2,3.0,0.7084285214208024
1368.9458979885812,0.012569457062672993,0.9509761211443692,0.6618574885185808,0.852781913716346,optimal,6.109337994286779,4,2,18,0,0.46415888336127825,360,0.13212200003908947,KAM-KEL:1;KAM-KEL:2;OTT-MON:1;OTT-MON:2,3.0,0.6953106758313405
1368.9458979885812,0.012569457062672993,0.9577926766965539,0.8722906364127994,0.852781913716346,optimal,7.890054971847748,4,2,18,0,0.46415888336127825,360,0.13362129998859018,KAM-KEL:1;KAM-KEL:2;OTT-MON:1;OTT-MON:2,3.0,0.7084285214208024
1368.9458979885812,0.012569457062672993,0.9577926766965539,0.6618574885185808,0.7573397260149941,optimal,4.4933664242091735,4,2,18,0,0.46415888336127825,311,0.10748130001593381,KAM-KEL:1;KAM-KEL:2;OTT-MON:1;OTT-MON:2,3.0,0.6115573079281564
18295.421272732292,0.05352320896094489,0.9509761211443692,0.8722906364127994,0.7573397260149941,optimal,13.286384140975587,4,2,18,0,0.46415888336127825,231,0.06873820000328124,KAM-KEL:1;KAM-KEL:2;OTT-MON:1;OTT-MON:2,3.0,0.6012114138235671
3030.6474521477508,0.0010815725205578451,0.9207266624681651,0.67274902863428,0.7893421538742259,infeasible,-50.0,0,0,18,0,,0,0.00039249996189028025,,,
105778.84893808943,0.0010815725205578451,0.9207266624681651,0.67274902863428,0.7893421538742259,infeasible,-50.0,0,0,18,0,,0,0.0002443999983370304,,,
3030.6474521477508,0.009845612622102129,0.9207266624681651,0.67274902863428,0.7893421538742259,optimal,6.069903737438652,4,2,18,0,0.46415888336127825,231,0.05608280003070831,KAM-KEL:1;KAM-KEL:2;OTT-MON:1;OTT-MON:2,3.0,0.5842294988755552
3030.6474521477508,0.0010815725205578451,0.9819923748020083,0.67274902863428,0.7893421538742259,infeasible,-50.0,0,0,18,0,,0,0.00044869998237118125,,,
3030.6474521477508,0.0010815725205578451,0.9207266624681651,0.5335450952406973,0.7893421538742259,infeasible,-50.0,0,0,18,0,,0,0.0002820999943651259,,,
3030.6474521477508,0.0010815725205578451,0.9207266624681651,0.67274902863428,0.8686080265101045,infeasible,-50.0,0,0,18,0,,0,0.00025640003150328994,,,
105778.84893808943,0.009845612622102129,0.9819923748020083,0.5335450952406973,0.8686080265101045,optimal,21.059193332552912,7,3,18,0,0.23713737056616555,417,0.19031759997596964,CAL-EDM:1;CAL-EDM:2;CAL-EDM:3;KAM-KEL:1;KAM-KEL:2;OTT-MON:1;OTT-MON:2,3.3333333333333335,0.7493738809421887
35514.05430978272,0.0182130196290688,0.9926422723215074,0.887244616355747,0.9181692010266707,optimal,22.920725853877602,7,3,18,0,0.23713737056616555,705,0.5043721999973059,CAL-EDM:1;CAL-EDM:2;CAL-EDM:3;KAM-KEL:1;KAM-KEL:2;OTT-MON:1;OTT-MON:2,3.3333333333333335,0.8452624911966113
11170.813037461074,0.0182130196290688,0.9926422723215074,0.887244616355747,0.9181692010266707,optimal,17.914758224225203,7,3,18,0,0.23713737056616555,705,0.47569880000082776,CAL-EDM:1;CAL-EDM:2;CAL-EDM:3;KAM-KEL:1;KAM-KEL:2;OTT-MON:1;OTT-MON:2,3.3333333333333335,0.8452624911966113
35514.05430978272,0.08005902571392608,0.9926422723215074,0.887244616355747,0.9181692010266707,optimal,22.920725853877602,7,3,18,0,0.23713737056616555,705,0.4467369000194594,CAL-EDM:1;CAL-EDM:2;CAL-EDM:3;KAM-KEL:1;KAM-KEL:2;OTT-MON:1;OTT-MON:2,3.3333333333333335,0.8452624911966113
35514.05430978272,0.0182130196290688,0.9413823610376567,0.887244616355747,0.9181692010266707,optimal,20.91894718658969,7,3,18,0,0.23713737056616555,505,0.2701245999778621,CAL-EDM:1;CAL-EDM:2;CAL-EDM:3;KAM-KEL:1;KAM-KEL:2;OTT-MON:1;OTT-MON:2,3.3333333333333335,0.7199522090822353
35514.05430978272,0.0182130196290688,0.9926422723215074,0.9266219060402363,0.9181692010266707,optimal,23.35926797103325,7,3,18,0,0.23713737056616555,705,0.47115200001280755,CAL-EDM:1;CAL-EDM:2;CAL-EDM:3;KAM-KEL:1;KAM-KEL:2;OTT-MON:1;OTT-MON:2,3.3333333333333335,0.8452624911966113
35514.05430978272,0.0182130196290688,0.9926422723215074,0.887244616355747,0.8280120481112971,optimal,20.877280750032853,7,3,18,0,0.23713737056616555,457,0.2260039999964647,CAL-EDM:1;CAL-EDM:2;CAL-EDM:3;KAM-KEL:1;KAM-KEL:2;OTT-MON:1;OTT-MON:2,3.3333333333333335,0.7192459605756324
11170.813037461074,0.08005902571392608,0.9413823610376567,0.9266219060402363,0.8280120481112971,optimal,13.427665700089568,7,3,18,0,0.23713737056616555,311,0.11151579994475469,CAL-EDM:1;CAL-EDM:2;CAL-EDM:3;KAM-KEL:1;KAM-KEL:2;OTT-MON:1;OTT-MON:2,3.3333333333333335,0.6210325566682083
56607.84704685458,0.006336782922610292,0.9446625416073948,0.5208171953912825,0.9796607355074958,optimal,19.009657270913017,7,3,18,0,0.23713737056616555,318,0.13669989997288212,CAL-EDM:1;CAL-EDM:2;CAL-EDM:3;KAM-KEL:1;KAM-KEL:2;OTT-MON:1;OTT-MON:2,3.3333333333333335,0.804282016755184
2939.0255728540556,0.006336782922610292,0.9446625416073948,0.5208171953912825,0.9796607355074958,optimal,8.372951483844298,4,2,18,0,0.46415888336127825,318,0.12215419998392463,KAM-KEL:1;KAM-KEL:2;OTT-MON:1;OTT-MON:2,3.0,0.8219400647144911
56607.84704685458,0.0016744217445395326,0.9446625416073948,0.5208171953912825,0.9796607355074958,infeasible,-50.0,0,0,18,0,,0,0.000458399998024106,,,
56607.84704685458,0.006336782922610292,0.9304211921505631,0.5208171953912825,0.9796607355074958,optimal,18.442703709944944,7,3,18,0,0.23713737056616555,318,0.144440800009761,CAL-EDM:1;CAL-EDM:2;CAL-EDM:3;KAM-KEL:1;KAM-KEL:2;OTT-MON:1;OTT-MON:2,3.3333333333333335,0.7675531658544577
56607.84704685458,0.006336782922610292,0.9446625416073948,0.7320359271019696,0.9796607355074958,optimal,22.447618887175032,7,3,18,0,0.23713737056616555,318,0.14722829998936504,CAL-EDM:1;CAL-EDM:2;CAL-EDM:3;KAM-KEL:1;KAM-KEL:2;OTT-MON:1;OTT-MON:2,3.3333333333333335,0.804282016755184
56607.84704685458,0.006336782922610292,0.9446625416073948,0.5208171953912825,0.719445968279615,optimal,11.985476970658528,4,2,18,0,0.46415888336127825,205,0.06286250002449378,KAM-KEL:1;KAM-KEL:2;OTT-MON:1;OTT-MON:2,3.0,0.5584576052151105
2939.0255728540556,0.0016744217445395326,0.9304211921505631,0.7320359271019696,0.719445968279615,infeasible,-50.0,0,0,18,0,,0,0.00043780001578852534,,,
6565.327803025135,0.03378325980817214,0.9775781792104244,0.819683545222506,0.727806933584623,optimal,10.28058797068475,4,2,18,0,0.46415888336127825,311,0.11799280002014711,KAM-KEL:1;KAM-KEL:2;OTT-MON:1;OTT-MON:2,3.0,0.6127010789643939
28412.007802731176,0.03378325980817214,0.9775781792104244,0.819683545222506,0.727806933584623,optimal,14.507711642042334,4,2,18,0,0.46415888336127825,311,0.11407229996984825,KAM-KEL:1;KAM-KEL:2;OTT-MON:1;OTT-MON:2,3.0,0.6127010789643939
6565.327803025135,0.013372736171879264,0.9775781792104244,0.819683545222506,0.727806933584623,optimal,10.28058797068475,4,2,18,0,0.46415888336127825,311,0.10060890001477674,KAM-KEL:1;KAM-KEL:2;OTT-MON:1;OTT-MON:2,3.0,0.6127010789643939
6565.327803025135,0.03378325980817214,0.9734443056583405,0.819683545222506,0.727806933584623,optimal,10.118751382612077,4,2,18,0,0.46415888336127825,311,0.09601719997590408,KAM-KEL:1;KAM-KEL:2;OTT-MON:1;OTT-MON:2,3.0,0.6065538730417253
6565.327803025135,0.03378325980817214,0.9775781792104244,0.6786833146587015,0.727806933584623,optimal,9.191274004104557,4,2,18,0,0.46415888336127825,311,0.11501210002461448,KAM-KEL:1;KAM-KEL:2;OTT-MON:1;OTT-MON:2,3.0,0.6127010789643939
6565.327803025135,0.03378325980817214,0.9775781792104244,0.819683545222506,0.9749580533476546,optimal,15.34092783659308,7,3,18,0,0.23713737056616555,809,0.6526024999911897,CAL-EDM:1;CAL-EDM:2;CAL-EDM:3;KAM-KEL:1;KAM-KEL:2;OTT-MON:1;OTT-MON:2,3.3333333333333335,0.8891046070580026
28412.007802731176,0.013372736171879264,0.9734443056583405,0.6786833146587015,0.9749580533476546,optimal,19.638993965209227,7,3,18,0,0.23713737056616555,681,0.40844000002834946,CAL-EDM:1;CAL-EDM:2;CAL-EDM:3;KAM-KEL:1;KAM-KEL:2;OTT-MON:1;OTT-MON:2,3.3333333333333335,0.8771266941186937
4588.120724534696,0.002718984216665195,0.9405273494366557,0.8454133019782603,0.9589209579303861,optimal,12.134679441773894,4,2,18,0,0.46415888336127825,101,0.021259000001009554,KAM-KEL:1;KAM-KEL:2;OTT-MON:1;OTT-MON:2,3.0,0.7882521173174437
22462.85255165408,0.002718984216665195,0.9405273494366557,0.8454133019782603,0.9589209579303861,optimal,16.717811219923536,4,2,18,0,0.46415888336127825,101,0.023322900000493973,KAM-KEL:1;KAM-KEL:2;OTT-MON:1;OTT-MON:2,3.0,0.7882521173174437
4588.120724534696,0.0065216256072725375,0.9405273494366557,0.8454133019782603,0.9589209579303861,optimal,12.45167892345804,7,3,18,0,0.23713737056616555,367,0.14790080004604533,CAL-EDM:1;CAL-EDM:2;CAL-EDM:3;KAM-KEL:1;KAM-KEL:2;OTT-MON:1;OTT-MON:2,3.3333333333333335,0.767239029141772
4588.120724534696,0.002718984216665195,0.988046173242852,0.8454133019782603,0.9589209579303861,optimal,13.131450741471767,4,2,18,0,0.46415888336127825,101,0.02743780001765117,KAM-KEL:1;KAM-KEL:2;OTT-MON:1;OTT-MON:2,3.0,0.9071941556349822
4588.120724534696,0.002718984216665195,0.9405273494366557,0.5008860191330313,0.9589209579303861,optimal,9.113981565498538,4,2,18,0,0.46415888336127825,101,0.021991899993736297,KAM-KEL:1;KAM-KEL:2;OTT-MON:1;OTT-MON:2,3.0,0.7882521173174437
4588.120724534696,0.002718984216665195,0.9405273494366557,0.8454133019782603,0.7789855356123299,optimal,9.22642004626362,4,2,18,0,0.46415888336127825,101,0.018935900006908923,KAM-KEL:1;KAM-KEL:2;OTT-MON:1;OTT-MON:2,3.0,0.6052048713011088
22462.85255165408,0.0065216256072725375,0.988046173242852,0.5008860191330313,0.7789855356123299,optimal,12.397113979483915,4,2,18,0,0.46415888336127825,302,0.08092879998730496,KAM-KEL:1;KAM-KEL:2;OTT-MON:1;OTT-MON:2,3.0,0.6836974402173883
74756.78959386656,0.013969702702195271,0.9734248088151216,0.7154043008573353,0.7474252918530255,optimal,17.038846689837055,7,3,18,0,0.23713737056616555,311,0.08599800005322322,CAL-EDM:1;CAL-EDM:2;CAL-EDM:3;KAM-KEL:1;KAM-KEL:2;OTT-MON:1;OTT-MON:2,3.3333333333333335,0.5910288889929894
1085.6823000077518,0.013969702702195271,0.9734248088151216,0.7154043008573353,0.7474252918530255,optimal,4.624776801411104,4,2,18,0,0.46415888336127825,311,0.08323260000906885,KAM-KEL:1;KAM-KEL:2;OTT-MON:1;OTT-MON:2,3.0,0.626004677137218
74756.78959386656,0.06123632430616766,0.9734248088151216,0.7154043008573353,0.7474252918530255,optimal,17.038846689837055,7,3,18,0,0.23713737056616555,311,0.08989870001096278,CAL-EDM:1;CAL-EDM:2;CAL-EDM:3;KAM-KEL:1;KAM-KEL:2;OTT-MON:1;OTT-MON:2,3.3333333333333335,0.5910288889929894
74756.78959386656,0.013969702702195271,0.9450026743207127,0.7154043008573353,0.7474252918530255,optimal,15.645305078363895,4,2,18,0,0.46415888336127825,231,0.057420300028752536,KAM-KEL:1;KAM-KEL:2;OTT-MON:1;OTT-MON:2,3.0,0.5834052849928175
74756.78959386656,0.013969702702195271,0.9734248088151216,0.8957756981253624,0.7474252918530255,optimal,19.309497839828232,7,3,18,0,0.23713737056616555,311,0.09351849998347461,CAL-EDM:1;CAL-EDM:2;CAL-EDM:3;KAM-KEL:1;KAM-KEL:2;OTT-MON:1;OTT-MON:2,3.3333333333333335,0.5910288889929894
74756.78959386656,0.013969702702195271,0.9734248088151216,0.7154043008573353,0.9540591205963864,optimal,23.985027102221785,7,3,18,0,0.23713737056616555,633,0.33040500001516193,CAL-EDM:1;CAL-EDM:2;CAL-EDM:3;KAM-KEL:1;KAM-KEL:2;OTT-MON:1;OTT-MON:2,3.3333333333333335,0.8463586514685307
1085.6823000077518,0.06123632430616766,0.9450026743207127,0.8957756981253624,0.9540591205963864,optimal,8.359448502036635,4,2,18,0,0.46415888336127825,601,0.27057270001387224,KAM-KEL:1;KAM-KEL:2;OTT-MON:1;OTT-MON:2,3.0,0.7932346653268735
52150.367559169696,0.004646027250909433,0.9254227667711675,0.8042228683363646,0.8268982249051332,optimal,17.08482702506612,7,3,18,0,0.23713737056616555,173,0.03909710003063083,CAL-EDM:1;CAL-EDM:2;CAL-EDM:3;KAM-KEL:1;KAM-KEL:2;OTT-MON:1;OTT-MON:2,3.3333333333333335,0.5926717276818256
4039.377041539592,0.004646027250909433,0.9254227667711675,0.8042228683363646,0.8268982249051332,optimal,9.057657766910555,4,2,18,0,0.46415888336127825,173,0.04627540003275499,KAM-KEL:1;KAM-KEL:2;OTT-MON:1;OTT-MON:2,3.0,0.6245490319893445
52150.367559169696,0.001234837425065844,0.9254227667711675,0.8042228683363646,0.8268982249051332,infeasible,-50.0,0,0,18,0,,0,0.00025800004368647933,,,
52150.367559169696,0.004646027250909433,0.9364733657091856,0.8042228683363646,0.8268982249051332,optimal,18.207925206758823,7,3,18,0,0.23713737056616555,173,0.04693269997369498,CAL-EDM:1;CAL-EDM:2;CAL-EDM:3;KAM-KEL:1;KAM-KEL:2;OTT-MON:1;OTT-MON:2,3.3333333333333335,0.6113647888540923
52150.367559169696,0.004646027250909433,0.9254227667711675,0.7664526983629911,0.8268982249051332,optimal,16.599036814360677,7,3,18,0,0.23713737056616555,173,0.06051810004282743,CAL-EDM:1;CAL-EDM:2;CAL-EDM:3;KAM-KEL:1;KAM-KEL:2;OTT-MON:1;OTT-MON:2,3.3333333333333335,0.5926717276818256
52150.367559169696,0.004646027250909433,0.9254227667711675,0.8042228683363646,0.9169715515319258,optimal,20.772724583464907,7,3,18,0,0.23713737056616555,197,0.06258969998452812,CAL-EDM:1;CAL-EDM:2;CAL-EDM:3;KAM-KEL:1;KAM-KEL:2;OTT-MON:1;OTT-MON:2,3.3333333333333335,0.683845513271308
4039.377041539592,0.001234837425065844,0.9364733657091856,0.7664526983629911,0.9169715515319258,infeasible,-50.0,0,0,18,0,,0,0.00030770001467317343,,,
2236.2788635175257,0.07556703463971706,0.9973202541898936,0.5335862386506051,0.8794918475393205,optimal,7.742062033970714,4,2,18,0,0.46415888336127825,601,0.3086679999832995,KAM-KEL:1;KAM-KEL:2;OTT-MON:1;OTT-MON:2,3.0,0.8239332265909075
85323.72868554275,0.07556703463971706,0.9973202541898936,0.5335862386506051,0.8794918475393205,optimal,20.95943186439338,7,3,18,0,0.23713737056616555,601,0.34762979997321963,CAL-EDM:1;CAL-EDM:2;CAL-EDM:3;KAM-KEL:1;KAM-KEL:2;OTT-MON:1;OTT-MON:2,3.3333333333333335,0.8002775026872165
2236.2788635175257,0.011388040220880396,0.9973202541898936,0.5335862386506051,0.8794918475393205,optimal,7.742062033970714,4,2,18,0,0.46415888336127825,473,0.21670809999341145,KAM-KEL:1;KAM-KEL:2;OTT-MON:1;OTT-MON:2,3.0,0.8239332265909075
2236.2788635175257,0.07556703463971706,0.977065676625818,0.5335862386506051,0.8794918475393205,optimal,7.306238692600307,4,2,18,0,0.46415888336127825,505,0.21204140002373606,KAM-KEL:1;KAM-KEL:2;OTT-MON:1;OTT-MON:2,3.0,0.7785207446417629
2236.2788635175257,0.07556703463971706,0.9973202541898936,0.7077718005981296,0.8794918475393205,optimal,9.372313325407934,4,2,18,0,0.46415888336127825,601,0.31718750001164153,KAM-KEL:1;KAM-KEL:2;OTT-MON:1;OTT-MON:2,3.0,0.8239332265909075
2236.2788635175257,0.07556703463971706,0.9973202541898936,0.5335862386506051,0.8138745687725022,optimal,6.894569006179287,4,2,18,0,0.46415888336127825,457,0.18827179999789223,KAM-KEL:1;KAM-KEL:2;OTT-MON:1;OTT-MON:2,3.0,0.7414877391901818
85323.72868554275,0.011388040220880396,0.977065676625818,0.7077718005981296,0.8138745687725022,optimal,21.218170575714673,7,3,18,0,0.23713737056616555,352,0.11717009998392314,CAL-EDM:1;CAL-EDM:2;CAL-EDM:3;KAM-KEL:1;KAM-KEL:2;OTT-MON:1;OTT-MON:2,3.3333333333333335,0.6707640208467766
1798.5112012620925,0.00873832996032229,0.9601233009546996,0.5796031263656914,0.9058700111126528,optimal,7.090998051259577,4,2,18,0,0.46415888336127825,344,0.13282380002783611,KAM-KEL:1;KAM-KEL:2;OTT-MON:1;OTT-MON:2,3.0,0.7724088527425538
48574.46995164959,0.00873832996032229,0.9601233009546996,0.5796031263656914,0.9058700111126528,optimal,18.503836715959206,7,3,18,0,0.23713737056616555,344,0.14309299999149516,CAL-EDM:1;CAL-EDM:2;CAL-EDM:3;KAM-KEL:1;KAM-KEL:2;OTT-MON:1;OTT-MON:2,3.3333333333333335,0.7476302816804329
1798.5112012620925,0.0019582514199209078,0.9601233009546996,0.5796031263656914,0.9058700111126528,optimal,3.994106896096559,2,1,18,0,0.6072021956909884,77,0.008178599993698299,KAM-KEL:1;KAM-KEL:2,3.0,0.7724088527425538
1798.5112012620925,0.00873832996032229,0.926577987421304,0.5796031263656914,0.9058700111126528,optimal,6.225550183244369,4,2,18,0,0.46415888336127825,302,0.09027689998038113,KAM-KEL:1;KAM-KEL:2;OTT-MON:1;OTT-MON:2,3.0,0.7018172728141929
1798.5112012620925,0.00873832996032229,0.9601233009546996,0.8215521501377225,0.9058700111126528,optimal,9.104145171598573,4,2,18,0,0.46415888336127825,344,0.14675900002475828,KAM-KEL:1;KAM-KEL:2;OTT-MON:1;OTT-MON:2,3.0,0.7724088527425538
1798.5112012620925,0.00873832996032229,0.9601233009546996,0.5796031263656914,0.9924085958376527,optimal,8.028494358165062,4,2,18,0,0.46415888336127825,400,0.17140029999427497,KAM-KEL:1;KAM-KEL:2;OTT-MON:1;OTT-MON:2,3.0,0.8769888207256078
48574.46995164959,0.0019582514199209078,0.926577987421304,0.8215521501377225,0.9924085958376527,optimal,9.857510377828694,2,1,18,0,0.6072021956909884,77,0.022129899996798486,KAM-KEL:1;KAM-KEL:2,3.0,0.7922656556795282
15913.454945282627,0.05381939954647945,0.9540192916337401,0.7588651561178267,0.8017727262387052,optimal,13.191674952357033,4,2,18,0,0.46415888336127825,311,0.10069400002248585,KAM-KEL:1;KAM-KEL:2;OTT-MON:1;OTT-MON:2,3.0,0.6487803136555556
2603.863150363522,0.05381939954647945,0.9540192916337401,0.7588651561178267,0.8017727262387052,optimal,7.968631836026859,4,2,18,0,0.46415888336127825,311,0.09343619999708608,KAM-KEL:1;KAM-KEL:2;OTT-MON:1;OTT-MON:2,3.0,0.6487803136555556
15913.454945282627,0.02123310964901945,0.9540192916337401,0.7588651561178267,0.8017727262387052,optimal,13.191674952357033,4,2,18,0,0.46415888336127825,311,0.10393480001948774,KAM-KEL:1;KAM-KEL:2;OTT-MON:1;OTT-MON:2,3.0,0.6487803136555556
15913.454945282627,0.05381939954647945,0.96655651447922,0.7588651561178267,0.8017727262387052,optimal,13.584617065862918,7,3,18,0,0.23713737056616555,311,0.12711709999712184,CAL-EDM:1;CAL-EDM:2;CAL-EDM:3;KAM-KEL:1;KAM-KEL:2;OTT-MON:1;OTT-MON:2,3.3333333333333335,0.6376729835971829
15913.454945282627,0.05381939954647945,0.9540192916337401,0.6534474510699511,0.8017727262387052,optimal,12.328585625445815,4,2,18,0,0.46415888336127825,311,0.1122361000161618,KAM-KEL:1;KAM-KEL:2;OTT-MON:1;OTT-MON:2,3.0,0.6487803136555556
15913.454945282627,0.05381939954647945,0.9540192916337401,0.7588651561178267,0.7457248423276469,optimal,11.896565224883751,4,2,18,0,0.46415888336127825,231,0.0586153999902308,KAM-KEL:1;KAM-KEL:2;OTT-MON:1;OTT-MON:2,3.0,0.594975596997056
2603.863150363522,0.02123310964901945,0.96655651447922,0.6534474510699511,0.7457248423276469,optimal,6.330547952111386,4,2,18,0,0.46415888336127825,311,0.07836500002304092,KAM-KEL:1;KAM-KEL:2;OTT-MON:1;OTT-MON:2,3.0,0.6137357945409663
128972.29351091565,0.0016099650418576314,0.9837521308194845,0.6210201035719365,0.7380084412982687,infeasible,-50.0,0,0,18,0,,0,0.0004498999915085733,,,
9884.214706394292,0.0016099650418576314,0.9837521308194845,0.6210201035719365,0.7380084412982687,infeasible,-50.0,0,0,18,0,,0,0.0003144000074826181,,,
128972.29351091565,0.003578326843661684,0.9837521308194845,0.6210201035719365,0.7380084412982687,optimal,18.428687602053216,7,3,18,0,0.23713737056616555,125,0.03897679998772219,CAL-EDM:1;CAL-EDM:2;CAL-EDM:3;KAM-KEL:1;KAM-KEL:2;OTT-MON:1;OTT-MON:2,3.3333333333333335,0.5970710358262137
128972.29351091565,0.0016099650418576314,0.997032844575122,0.6210201035719365,0.7380084412982687,infeasible,-50.0,0,0,18,0,,0,0.0006639999919570982,,,
128972.29351091565,0.0016099650418576314,0.9837521308194845,0.55971479001455,0.7380084412982687,infeasible,-50.0,0,0,18,0,,0,0.0004667000030167401,,,
128972.29351091565,0.0016099650418576314,0.9837521308194845,0.6210201035719365,0.8523201164416969,infeasible,-50.0,0,0,18,0,,0,0.00032460002694278955,,,
9884.214706394292,0.003578326843661684,0.997032844575122,0.55971479001455,0.8523201164416969,optimal,11.970708249779339,4,2,18,0,0.46415888336127825,125,0.034683800011407584,KAM-KEL:1;KAM-KEL:2;OTT-MON:1;OTT-MON:2,3.0,0.7883962681683905
10836.64078142618,0.03132018000989893,0.9386481120549143,0.9408961362671107,0.9696081187808886,optimal,17.394298984973776,7,3,18,0,0.23713737056616555,601,0.33693779999157414,CAL-EDM:1;CAL-EDM:2;CAL-EDM:3;KAM-KEL:1;KAM-KEL:2;OTT-MON:1;OTT-MON:2,3.3333333333333335,0.775874932775106
180608.7700844599,0.03132018000989893,0.9386481120549143,0.9408961362671107,0.9696081187808886,optimal,29.570934290826656,7,3,18,0,0.23713737056616555,601,0.3415656999568455,CAL-EDM:1;CAL-EDM:2;CAL-EDM:3;KAM-KEL:1;KAM-KEL:2;OTT-MON:1;OTT-MON:2,3.3333333333333335,0.775874932775106
10836.64078142618,0.038107640128117716,0.9386481120549143,0.9408961362671107,0.9696081187808886,optimal,17.394298984973776,7,3,18,0,0.23713737056616555,601,0.3469987999997102,CAL-EDM:1;CAL-EDM:2;CAL-EDM:3;KAM-KEL:1;KAM-KEL:2;OTT-MON:1;OTT-MON:2,3.3333333333333335,0.775874932775106
10836.64078142618,0.03132018000989893,0.9545924195852131,0.9408961362671107,0.9696081187808886,optimal,18.009854439645522,7,3,18,0,0.23713737056616555,705,0.44883589999517426,CAL-EDM:1;CAL-EDM:2;CAL-EDM:3;KAM-KEL:1;KAM-KEL:2;OTT-MON:1;OTT-MON:2,3.3333333333333335,0.8172710140842864
10836.64078142618,0.03132018000989893,0.9386481120549143,0.838149364059791,0.9696081187808886,optimal,16.226502213328605,7,3,18,0,0.23713737056616555,601,0.33384530001785606,CAL-EDM:1;CAL-EDM:2;CAL-EDM:3;KAM-KEL:1;KAM-KEL:2;OTT-MON:1;OTT-MON:2,3.3333333333333335,0.775874932775106
10836.64078142618,0.03132018000989893,0.9386481120549143,0.9408961362671107,0.8835272003700957,optimal,15.307116472417729,7,3,18,0,0.23713737056616555,368,0.13991440000245348,CAL-EDM:1;CAL-EDM:2;CAL-EDM:3;KAM-KEL:1;KAM-KEL:2;OTT-MON:1;OTT-MON:2,3.3333333333333335,0.6747056100996921
180608.7700844599,0.038107640128117716,0.9545924195852131,0.838149364059791,0.8835272003700957,optimal,27.118559134110527,7,3,18,0,0.23713737056616555,457,0.20722849998855963,CAL-EDM:1;CAL-EDM:2;CAL-EDM:3;KAM-KEL:1;KAM-KEL:2;OTT-MON:1;OTT-MON:2,3.3333333333333335,0.7079328913719869
13100.833507672281,0.0014621971514037133,0.9692106295563281,0.5011518604122103,0.8419112016372382,infeasible,-50.0,0,0,18,0,,0,0.0004827999509871006,,,
2204.7446568074142,0.0014621971514037133,0.9692106295563281,0.5011518604122103,0.8419112016372382,infeasible,-50.0,0,0,18,0,,0,0.0002646999782882631,,,
13100.833507672281,0.026157084351973756,0.9692106295563281,0.5011518604122103,0.8419112016372382,optimal,11.348841459700386,4,2,18,0,0.46415888336127825,368,0.13566400000127032,KAM-KEL:1;KAM-KEL:2;OTT-MON:1;OTT-MON:2,3.0,0.7187900023959526
13100.833507672281,0.0014621971514037133,0.9947287626750767,0.5011518604122103,0.8419112016372382,infeasible,-50.0,0,0,18,0,,0,0.0006117000011727214,,,
13100.833507672281,0.0014621971514037133,0.9692106295563281,0.9204314908478408,0.8419112016372382,infeasible,-50.0,0,0,18,0,,0,0.00035849999403581023,,,
13100.833507672281,0.0014621971514037133,0.9692106295563281,0.5011518604122103,0.8199381681187078,infeasible,-50.0,0,0,18,0,,0,0.00039469997864216566,,,
2204.7446568074142,0.026157084351973756,0.9947287626750767,0.9204314908478408,0.8199381681187078,optimal,10.025868894016947,4,2,18,0,0.46415888336127825,457,0.19633230002364144,KAM-KEL:1;KAM-KEL:2;OTT-MON:1;OTT-MON:2,3.0,0.743666959985197
115889.94305037081,0.02374244206873504,0.9436274458672852,0.8351736488752066,0.8655649474840611,optimal,24.07958219321606,7,3,18,0,0.23713737056616555,368,0.1458046999759972,CAL-EDM:1;CAL-EDM:2;CAL-EDM:3;KAM-KEL:1;KAM-KEL:2;OTT-MON:1;OTT-MON:2,3.3333333333333335,0.664926216906547
41115.29218095984,0.02374244206873504,0.9436274458672852,0.8351736488752066,0.8655649474840611,optimal,19.594557029001255,7,3,18,0,0.23713737056616555,368,0.14715490001253784,CAL-EDM:1;CAL-EDM:2;CAL-EDM:3;KAM-KEL:1;KAM-KEL:2;OTT-MON:1;OTT-MON:2,3.3333333333333335,0.664926216906547
115889.94305037081,0.0028363368867931897,0.9436274458672852,0.8351736488752066,0.8655649474840611,optimal,20.246405869635637,4,2,18,0,0.46415888336127825,101,0.019894599972758442,KAM-KEL:1;KAM-KEL:2;OTT-MON:1;OTT-MON:2,3.0,0.6944834573571461
115889.94305037081,0.02374244206873504,0.9565918231382966,0.8351736488752066,0.8655649474840611,optimal,24.765409916306574,7,3,18,0,0.23713737056616555,457,0.1941388999694027,CAL-EDM:1;CAL-EDM:2;CAL-EDM:3;KAM-KEL:1;KAM-KEL:2;OTT-MON:1;OTT-MON:2,3.3333333333333335,0.6909729814752792
115889.94305037081,0.02374244206873504,0.9436274458672852,0.5255693011451512,0.8655649474840611,optimal,19.402215906281256,7,3,18,0,0.23713737056616555,368,0.14081499999156222,CAL-EDM:1;CAL-EDM:2;CAL-EDM:3;KAM-KEL:1;KAM-KEL:2;OTT-MON:1;OTT-MON:2,3.3333333333333335,0.664926216906547
115889.94305037081,0.02374244206873504,0.9436274458672852,0.8351736488752066,0.860410697221756,optimal,23.911366818191695,7,3,18,0,0.23713737056616555,368,0.12397439999040216,CAL-EDM:1;CAL-EDM:2;CAL-EDM:3;KAM-KEL:1;KAM-KEL:2;OTT-MON:1;OTT-MON:2,3.3333333333333335,0.6593014657210531
41115.29218095984,0.0028363368867931897,0.9565918231382966,0.5255693011451512,0.860410697221756,optimal,14.863522669335726,4,2,18,0,0.46415888336127825,101,0.027749800006859004,KAM-KEL:1;KAM-KEL:2;OTT-MON:1;OTT-MON:2,3.0,0.7142959524745769
17707.087156887348,0.008644230690414076,0.9940582094211131,0.6849419505801052,0.9296140209175646,optimal,17.556977299863977,7,3,18,0,0.23713737056616555,400,0.19917969999369234,CAL-EDM:1;CAL-EDM:2;CAL-EDM:3;KAM-KEL:1;KAM-KEL:2;OTT-MON:1;OTT-MON:2,3.3333333333333335,0.8664523954834552
153178.83157651805,0.008644230690414076,0.9940582094211131,0.6849419505801052,0.9296140209175646,optimal,26.895431683297303,7,3,18,0,0.23713737056616555,400,0.18112140003358945,CAL-EDM:1;CAL-EDM:2;CAL-EDM:3;KAM-KEL:1;KAM-KEL:2;OTT-MON:1;OTT-MON:2,3.3333333333333335,0.8664523954834552
17707.087156887348,0.0477970796297942,0.9940582094211131,0.6849419505801052,0.9296140209175646,optimal,17.556977299863977,7,3,18,0,0.23713737056616555,729,0.47154329996556044,CAL-EDM:1;CAL-EDM:2;CAL-EDM:3;KAM-KEL:1;KAM-KEL:2;OTT-MON:1;OTT-MON:2,3.3333333333333335,0.8664523954834552
17707.087156887348,0.008644230690414076,0.9285392958838493,0.6849419505801052,0.9296140209175646,optimal,14.967676843116458,7,3,18,0,0.23713737056616555,328,0.12596390000544488,CAL-EDM:1;CAL-EDM:2;CAL-EDM:3;KAM-KEL:1;KAM-KEL:2;OTT-MON:1;OTT-MON:2,3.3333333333333335,0.7045313430673579
17707.087156887348,0.008644230690414076,0.9940582094211131,0.7113234086893498,0.9296140209175646,optimal,17.938644724837204,7,3,18,0,0.23713737056616555,400,0.19086229999084026,CAL-EDM:1;CAL-EDM:2;CAL-EDM:3;KAM-KEL:1;KAM-KEL:2;OTT-MON:1;OTT-MON:2,3.3333333333333335,0.8664523954834552
17707.087156887348,0.008644230690414076,0.9940582094211131,0.6849419505801052,0.9689952606623993,optimal,18.243518841213625,7,3,18,0,0.23713737056616555,400,0.18121069995686412,CAL-EDM:1;CAL-EDM:2;CAL-EDM:3;KAM-KEL:1;KAM-KEL:2;OTT-MON:1;OTT-MON:2,3.3333333333333335,0.9287430303515274
153178.83157651805,0.0477970796297942,0.9285392958838493,0.7113234086893498,0.9689952606623993,optimal,25.597814585939123,7,3,18,0,0.23713737056616555,577,0.3049864000058733,CAL-EDM:1;CAL-EDM:2;CAL-EDM:3;KAM-KEL:1;KAM-KEL:2;OTT-MON:1;OTT-MON:2,3.3333333333333335,0.7500510584273137
1487.910896811257,0.04443757124126861,0.9294750162884593,0.8783480194862932,0.7778883054759353,optimal,5.664980346462085,4,2,18,0,0.46415888336127825,231,0.04582290002144873,KAM-KEL:1;KAM-KEL:2;OTT-MON:1;OTT-MON:2,3.0,0.5874678746802431
8385.677243320655,0.04443757124126861,0.9294750162884593,0.8783480194862932,0.7778883054759353,optimal,10.654258685899842,4,2,18,0,0.46415888336127825,231,0.07933809998212382,KAM-KEL:1;KAM-KEL:2;OTT-MON:1;OTT-MON:2,3.0,0.5874678746802431
1487.910896811257,0.005090445594551815,0.9294750162884593,0.8783480194862932,0.7778883054759353,optimal,5.664980346462085,4,2,18,0,0.46415888336127825,165,0.02227419998962432,KAM-KEL:1;KAM-KEL:2;OTT-MON:1;OTT-MON:2,3.0,0.5874678746802431
1487.910896811257,0.04443757124126861,0.9642905093636364,0.8783480194862932,0.7778883054759353,optimal,7.064038591748946,4,2,18,0,0.46415888336127825,311,0.09967299998970702,KAM-KEL:1;KAM-KEL:2;OTT-MON:1;OTT-MON:2,3.0,0.6420456121740874
1487.910896811257,0.04443757124126861,0.9294750162884593,0.7700317420996725,0.7778883054759353,optimal,4.905481303070644,4,2,18,0,0.46415888336127825,231,0.06836129998555407,KAM-KEL:1;KAM-KEL:2;OTT-MON:1;OTT-MON:2,3.0,0.5874678746802431
1487.910896811257,0.04443757124126861,0.9294750162884593,0.8783480194862932,0.7136394523270427,optimal,2.940613467183288,4,2,18,0,0.46415888336127825,231,0.05786699999589473,KAM-KEL:1;KAM-KEL:2;OTT-MON:1;OTT-MON:2,3.0,0.5340244018562459
8385.677243320655,0.005090445594551815,0.9642905093636364,0.7700317420996725,0.7136394523270427,optimal,9.635769535345151,4,2,18,0,0.46415888336127825,165,0.042543700023088604,KAM-KEL:1;KAM-KEL:2;OTT-MON:1;OTT-MON:2,3.0,0.5799588756518457
2363.2399178652186,0.005049822084207821,0.9496926349010318,0.9103307346813381,0.7157089047385379,optimal,6.210603630603174,4,2,18,0,0.46415888336127825,165,0.03770069999154657,KAM-KEL:1;KAM-KEL:2;OTT-MON:1;OTT-MON:2,3.0,0.5619408289907554
1280.9547075192777,0.005049822084207821,0.9496926349010318,0.9103307346813381,0.7157089047385379,optimal,4.443510360622954,4,2,18,0,0.46415888336127825,165,0.03606200002832338,KAM-KEL:1;KAM-KEL:2;OTT-MON:1;OTT-MON:2,3.0,0.5619408289907554
2363.2399178652186,0.08672248320478308,0.9496926349010318,0.9103307346813381,0.7157089047385379,optimal,6.210603630603174,4,2,18,0,0.46415888336127825,231,0.04938899999251589,KAM-KEL:1;KAM-KEL:2;OTT-MON:1;OTT-MON:2,3.0,0.5619408289907554
2363.2399178652186,0.005049822084207821,0.9393489621561021,0.9103307346813381,0.7157089047385379,optimal,5.493461058267897,4,2,18,0,0.46415888336127825,165,0.03722990001551807,KAM-KEL:1;KAM-KEL:2;OTT-MON:1;OTT-MON:2,3.0,0.5483099180480966
2363.2399178652186,0.005049822084207821,0.9496926349010318,0.6568959827069193,0.7157089047385379,optimal,4.32770024160291,4,2,18,0,0.46415888336127825,165,0.03538050001952797,KAM-KEL:1;KAM-KEL:2;OTT-MON:1;OTT-MON:2,3.0,0.5619408289907554
2363.2399178652186,0.005049822084207821,0.9496926349010318,0.9103307346813381,0.8944156642192974,optimal,10.084489257355338,4,2,18,0,0.46415888336127825,197,0.06740360002731904,KAM-KEL:1;KAM-KEL:2;OTT-MON:1;OTT-MON:2,3.0,0.7371673495563016
1280.9547075192777,0.08672248320478308,0.9393489621561021,0.6568959827069193,0.8944156642192974,optimal,6.1631349092962076,4,2,18,0,0.46415888336127825,457,0.18451300001470372,KAM-KEL:1;KAM-KEL:2;OTT-MON:1;OTT-MON:2,3.0,0.7158795470667791
38495.92156361777,0.09829437842477849,0.9631073499359191,0.6536184175871312,0.9908215786637738,optimal,20.499153654578596,7,3,18,0,0.23713737056616555,785,0.6089377999887802,CAL-EDM:1;CAL-EDM:2;CAL-EDM:3;KAM-KEL:1;KAM-KEL:2;OTT-MON:1;OTT-MON:2,3.3333333333333335,0.8706785976216881
26494.752568342155,0.09829437842477849,0.9631073499359191,0.6536184175871312,0.9908215786637738,optimal,18.882156793077943,7,3,18,0,0.23713737056616555,785,0.6109437000122853,CAL-EDM:1;CAL-EDM:2;CAL-EDM:3;KAM-KEL:1;KAM-KEL:2;OTT-MON:1;OTT-MON:2,3.3333333333333335,0.8706785976216881
38495.92156361777,0.008143143466145532,0.9631073499359191,0.6536184175871312,0.9908215786637738,optimal,20.499153654578596,7,3,18,0,0.23713737056616555,383,0.1785657000145875,CAL-EDM:1;CAL-EDM:2;CAL-EDM:3;KAM-KEL:1;KAM-KEL:2;OTT-MON:1;OTT-MON:2,3.3333333333333335,0.8706785976216881
38495.92156361777,0.09829437842477849,0.9744947585258633,0.6536184175871312,0.9908215786637738,optimal,20.87644463501149,7,3,18,0,0.23713737056616555,809,0.6821371000260115,CAL-EDM:1;CAL-EDM:2;CAL-EDM:3;KAM-KEL:1;KAM-KEL:2;OTT-MON:1;OTT-MON:2,3.3333333333333335,0.9042184838731343
38495.92156361777,0.09829437842477849,0.9631073499359191,0.8250281710643321,0.9908215786637738,optimal,22.851116874476226,7,3,18,0,0.23713737056616555,785,0.550565599987749,CAL-EDM:1;CAL-EDM:2;CAL-EDM:3;KAM-KEL:1;KAM-KEL:2;OTT-MON:1;OTT-MON:2,3.3333333333333335,0.8706785976216881
38495.92156361777,0.09829437842477849,0.9631073499359191,0.6536184175871312,0.7820532352160662,optimal,14.790571008016013,4,2,18,0,0.46415888336127825,311,0.10360590001801029,KAM-KEL:1;KAM-KEL:2;OTT-MON:1;OTT-MON:2,3.0,0.6442891671501945
26494.752568342155,0.008143143466145532,0.9744947585258633,0.8250281710643321,0.7820532352160662,optimal,16.305549889782686,7,3,18,0,0.23713737056616555,278,0.08487369999056682,CAL-EDM:1;CAL-EDM:2;CAL-EDM:3;KAM-KEL:1;KAM-KEL:2;OTT-MON:1;OTT-MON:2,3.3333333333333335,0.62977676020969
101256.02611657401,0.0027874895445754158,0.9358068022355438,0.7267535557504743,0.9110728872297331,optimal,19.487571389643414,4,2,18,0,0.46415888336127825,101,0.029457900032866746,KAM-KEL:1;KAM-KEL:2;OTT-MON:1;OTT-MON:2,3.0,0.7259804152565584
100706.81054568363,0.0027874895445754158,0.9358068022355438,0.7267535557504743,0.9110728872297331,optimal,19.471878353305225,4,2,18,0,0.46415888336127825,101,0.029299099987838417,KAM-KEL:1;KAM-KEL:2;OTT-MON:1;OTT-MON:2,3.0,0.7259804152565584
101256.02611657401,0.01642045396073805,0.9358068022355438,0.7267535557504743,0.9110728872297331,optimal,22.993926679938472,7,3,18,0,0.23713737056616555,457,0.22000530001241714,CAL-EDM:1;CAL-EDM:2;CAL-EDM:3;KAM-KEL:1;KAM-KEL:2;OTT-MON:1;OTT-MON:2,3.3333333333333335,0.6994989769073604
101256.02611657401,0.0027874895445754158,0.9854371783584357,0.7267535557504743,0.9110728872297331,optimal,20.64046893487272,4,2,18,0,0.46415888336127825,101,0.02671620005276054,KAM-KEL:1;KAM-KEL:2;OTT-MON:1;OTT-MON:2,3.0,0.8369761575822777
101256.02611657401,0.0027874895445754158,0.9358068022355438,0.8626885066740215,0.9110728872297331,optimal,20.477065431867942,4,2,18,0,0.46415888336127825,101,0.02568939997581765,KAM-KEL:1;KAM-KEL:2;OTT-MON:1;OTT-MON:2,3.0,0.7259804152565584
101256.02611657401,0.0027874895445754158,0.9358068022355438,0.7267535557504743,0.7474607614474371,optimal,16.121476505093515,4,2,18,0,0.46415888336127825,101,0.02985150000313297,KAM-KEL:1;KAM-KEL:2;OTT-MON:1;OTT-MON:2,3.0,0.5703757503098116
100706.81054568363,0.01642045396073805,0.9854371783584357,0.8626885066740215,0.7474607614474371,optimal,21.53488140259908,7,3,18,0,0.23713737056616555,311,0.09641820000251755,CAL-EDM:1;CAL-EDM:2;CAL-EDM:3;KAM-KEL:1;KAM-KEL:2;OTT-MON:1;OTT-MON:2,3.3333333333333335,0.6099158788232862
4342.3557286707255,0.01713917756640956,0.9882215453106911,0.6106705838348716,0.7954137735115364,optimal,9.080038107618527,4,2,18,0,0.46415888336127825,368,0.13083559996448457,KAM-KEL:1;KAM-KEL:2;OTT-MON:1;OTT-MON:2,3.0,0.7025054722719466
4769.229713740886,0.01713917756640956,0.9882215453106911,0.6106705838348716,0.7954137735115364,optimal,9.350594818873414,4,2,18,0,0.46415888336127825,368,0.1669180000317283,KAM-KEL:1;KAM-KEL:2;OTT-MON:1;OTT-MON:2,3.0,0.7025054722719466
4342.3557286707255,0.0015143715334112674,0.9882215453106911,0.6106705838348716,0.7954137735115364,infeasible,-50.0,0,0,18,0,,0,0.0004512000014074147,,,
4342.3557286707255,0.01713917756640956,0.9479163658581674,0.6106705838348716,0.7954137735115364,optimal,7.853077232399885,4,2,18,0,0.46415888336127825,311,0.10289299994474277,KAM-KEL:1;KAM-KEL:2;OTT-MON:1;OTT-MON:2,3.0,0.6323612165310677
4342.3557286707255,0.01713917756640956,0.9882215453106911,0.5842813682742417,0.7954137735115364,optimal,8.825113840053678,4,2,18,0,0.46415888336127825,368,0.13644549995660782,KAM-KEL:1;KAM-KEL:2;OTT-MON:1;OTT-MON:2,3.0,0.7025054722719466
4342.3557286707255,0.01713917756640956,0.9882215453106911,0.6106705838348716,0.9312064001876861,optimal,10.820701222877048,4,2,18,0,0.46415888336127825,697,0.4550551999709569,KAM-KEL:1;KAM-KEL:2;OTT-MON:1;OTT-MON:2,3.0,0.8701968070129676
4769.229713740886,0.0015143715334112674,0.9479163658581674,0.5842813682742417,0.9312064001876861,infeasible,-50.0,0,0,18,0,,0,0.00045089999912306666,,,
5869.845486623985,0.006704204687973236,0.9298431503251195,0.6400253997184336,0.8869686491210014,optimal,10.028544289538928,4,2,18,0,0.46415888336127825,302,0.10758279997389764,KAM-KEL:1;KAM-KEL:2;OTT-MON:1;OTT-MON:2,3.0,0.6894608494831056
13176.148727149566,0.006704204687973236,0.9298431503251195,0.6400253997184336,0.8869686491210014,optimal,12.36161291414938,4,2,18,0,0.46415888336127825,302,0.11045360000571236,KAM-KEL:1;KAM-KEL:2;OTT-MON:1;OTT-MON:2,3.0,0.6894608494831056
5869.845486623985,0.07370927587641556,0.9298431503251195,0.6400253997184336,0.8869686491210014,optimal,10.028544289538928,4,2,18,0,0.46415888336127825,368,0.13395800004946068,KAM-KEL:1;KAM-KEL:2;OTT-MON:1;OTT-MON:2,3.0,0.6894608494831056
5869.845486623985,0.006704204687973236,0.9332966467980296,0.6400253997184336,0.8869686491210014,optimal,10.129278733333429,4,2,18,0,0.46415888336127825,302,0.1036238000378944,KAM-KEL:1;KAM-KEL:2;OTT-MON:1;OTT-MON:2,3.0,0.6961921040631398
5869.845486623985,0.006704204687973236,0.9298431503251195,0.6315471381880343,0.8869686491210014,optimal,9.951589327011412,4,2,18,0,0.46415888336127825,302,0.10730839997995645,KAM-KEL:1;KAM-KEL:2;OTT-MON:1;OTT-MON:2,3.0,0.6894608494831056
5869.845486623985,0.006704204687973236,0.9298431503251195,0.6400253997184336,0.7330453544044867,optimal,6.19446127386661,4,2,18,0,0.46415888336127825,222,0.07368659996427596,KAM-KEL:1;KAM-KEL:2;OTT-MON:1;OTT-MON:2,3.0,0.550168657944113
13176.148727149566,0.07370927587641556,0.9332966467980296,0.6315471381880343,0.7330453544044867,optimal,8.703582429636612,4,2,18,0,0.46415888336127825,231,0.08762140001635998,KAM-KEL:1;KAM-KEL:2;OTT-MON:1;OTT-MON:2,3.0,0.5547663636463286
68779.6497633162,0.03980395646873708,0.9822403102684766,0.9247477103956043,0.8206388824507593,optimal,23.465552971206215,7,3,18,0,0.23713737056616555,368,0.1275999000063166,CAL-EDM:1;CAL-EDM:2;CAL-EDM:3;KAM-KEL:1;KAM-KEL:2;OTT-MON:1;OTT-MON:2,3.3333333333333335,0.6889008516855616
124806.90018152937,0.03980395646873708,0.9822403102684766,0.9247477103956043,0.8206388824507593,optimal,26.044485042949905,7,3,18,0,0.23713737056616555,368,0.14341749995946884,CAL-EDM:1;CAL-EDM:2;CAL-EDM:3;KAM-KEL:1;KAM-KEL:2;OTT-MON:1;OTT-MON:2,3.3333333333333335,0.6889008516855616
68779.6497633162,0.005993304089432797,0.9822403102684766,0.9247477103956043,0.8206388824507593,optimal,23.465552971206215,7,3,18,0,0.23713737056616555,229,0.08189689996652305,CAL-EDM:1;CAL-EDM:2;CAL-EDM:3;KAM-KEL:1;KAM-KEL:2;OTT-MON:1;OTT-MON:2,3.3333333333333335,0.6889008516855616
68779.6497633162,0.03980395646873708,0.9708735479544849,0.9247477103956043,0.8206388824507593,optimal,22.88104474153473,7,3,18,0,0.23713737056616555,368,0.14434450003318489,CAL-EDM:1;CAL-EDM:2;CAL-EDM:3;KAM-KEL:1;KAM-KEL:2;OTT-MON:1;OTT-MON:2,3.3333333333333335,0.6669176043086864
68779.6497633162,0.03980395646873708,0.9822403102684766,0.8013822979293763,0.8206388824507593,optimal,22.01956870050825,7,3,18,0,0.23713737056616555,368,0.1349741000449285,CAL-EDM:1;CAL-EDM:2;CAL-EDM:3;KAM-KEL:1;KAM-KEL:2;OTT-MON:1;OTT-MON:2,3.3333333333333335,0.6889008516855616
68779.6497633162,0.03980395646873708,0.9822403102684766,0.9247477103956043,0.9798525401037186,optimal,26.95871509225776,7,3,18,0,0.23713737056616555,809,0.6387011000188068,CAL-EDM:1;CAL-EDM:2;CAL-EDM:3;KAM-KEL:1;KAM-KEL:2;OTT-MON:1;OTT-MON:2,3.3333333333333335,0.9104477830328305
124806.90018152937,0.005993304089432797,0.9708735479544849,0.8013822979293763,0.9798525401037186,optimal,27.721421069212695,7,3,18,0,0.23713737056616555,262,0.08376810001209378,CAL-EDM:1;CAL-EDM:2;CAL-EDM:3;KAM-KEL:1;KAM-KEL:2;OTT-MON:1;OTT-MON:2,3.3333333333333335,0.8770007101454719
29224.62215312322,0.0012241315579652845,0.9549977794643492,0.5671913370024413,0.7588713180217892,infeasible,-50.0,0,0,18,0,,0,0.00027660001069307327,,,
33543.57957354891,0.0012241315579652845,0.9549977794643492,0.5671913370024413,0.7588713180217892,infeasible,-50.0,0,0,18,0,,0,0.00016490003326907754,,,
29224.62215312322,0.012535561227848014,0.9549977794643492,0.5671913370024413,0.7588713180217892,optimal,12.360853968180145,4,2,18,0,0.46415888336127825,311,0.11678240000037476,KAM-KEL:1;KAM-KEL:2;OTT-MON:1;OTT-MON:2,3.0,0.608737682290716
29224.62215312322,0.0012241315579652845,0.9793835217170417,0.5671913370024413,0.7588713180217892,infeasible,-50.0,0,0,18,0,,0,0.0005233000265434384,,,
29224.62215312322,0.0012241315579652845,0.9549977794643492,0.8897950664628297,0.7588713180217892,infeasible,-50.0,0,0,18,0,,0,0.00031869998201727867,,,
29224.62215312322,0.0012241315579652845,0.9549977794643492,0.5671913370024413,0.8732385257827118,infeasible,-50.0,0,0,18,0,,0,0.0003139000036753714,,,
33543.57957354891,0.012535561227848014,0.9793835217170417,0.8897950664628297,0.8732385257827118,optimal,21.25845129206017,7,3,18,0,0.23713737056616555,473,0.20789990003686398,CAL-EDM:1;CAL-EDM:2;CAL-EDM:3;KAM-KEL:1;KAM-KEL:2;OTT-MON:1;OTT-MON:2,3.3333333333333335,0.7495949201476103
3390.261454698075,0.022956537313813995,0.9683949671573937,0.767541168956086,0.9487798993587494,optimal,11.208567038857694,4,2,18,0,0.46415888336127825,705,0.43521399999735877,KAM-KEL:1;KAM-KEL:2;OTT-MON:1;OTT-MON:2,3.0,0.8433326769547947
3468.6941923335908,0.022956537313813995,0.9683949671573937,0.767541168956086,0.9487798993587494,optimal,11.27455927435971,4,2,18,0,0.46415888336127825,705,0.40394990000640973,KAM-KEL:1;KAM-KEL:2;OTT-MON:1;OTT-MON:2,3.0,0.8433326769547947
3390.261454698075,0.0010010983721901077,0.9683949671573937,0.767541168956086,0.9487798993587494,infeasible,-50.0,0,0,18,0,,0,0.0002866999711841345,,,
3390.261454698075,0.022956537313813995,0.9442958921790123,0.767541168956086,0.9487798993587494,optimal,10.677365117022418,4,2,18,0,0.46415888336127825,577,0.2547220999840647,KAM-KEL:1;KAM-KEL:2;OTT-MON:1;OTT-MON:2,3.0,0.7856020257942856
3390.261454698075,0.022956537313813995,0.9683949671573937,0.6061695529613644,0.9487798993587494,optimal,9.84647605630376,4,2,18,0,0.46415888336127825,705,0.3918343999539502,KAM-KEL:1;KAM-KEL:2;OTT-MON:1;OTT-MON:2,3.0,0.8433326769547947
3390.261454698075,0.022956537313813995,0.9683949671573937,0.767541168956086,0.8418751480150968,optimal,9.886827246005243,4,2,18,0,0.46415888336127825,368,0.11683270003413782,KAM-KEL:1;KAM-KEL:2;OTT-MON:1;OTT-MON:2,3.0,0.717156822171036
3468.6941923335908,0.0010010983721901077,0.9442958921790123,0.6061695529613644,0.8418751480150968,infeasible,-50.0,0,0,18,0,,0,0.0003312000189907849,,,
1005.4696095162261,0.002012334674255095,0.9884768860209734,0.7924685982055961,0.9761400666693225,optimal,8.550143184656841,4,2,18,0,0.46415888336127825,101,0.014052000013180077,KAM-KEL:1;KAM-KEL:2;OTT-MON:1;OTT-MON:2,3.0,0.9322011883129891
5381.6436094160445,0.002012334674255095,0.9884768860209734,0.7924685982055961,0.9761400666693225,optimal,13.390497939464673,4,2,18,0,0.46415888336127825,101,0.023099399986676872,KAM-KEL:1;KAM-KEL:2;OTT-MON:1;OTT-MON:2,3.0,0.9322011883129891
1005.4696095162261,0.018577053340038865,0.9884768860209734,0.7924685982055961,0.9761400666693225,optimal,8.550143184656841,4,2,18,0,0.46415888336127825,809,0.5343822000431828,KAM-KEL:1;KAM-KEL:2;OTT-MON:1;OTT-MON:2,3.0,0.9322011883129891
1005.4696095162261,0.002012334674255095,0.9886707889959216,0.7924685982055961,0.9761400666693225,optimal,8.55372946285459,4,2,18,0,0.46415888336127825,101,0.012834399996791035,KAM-KEL:1;KAM-KEL:2;OTT-MON:1;OTT-MON:2,3.0,0.9327387091696959
1005.4696095162261,0.002012334674255095,0.9884768860209734,0.9442430381663143,0.9761400666693225,optimal,9.56136107521516,4,2,18,0,0.46415888336127825,101,0.035146199981682,KAM-KEL:1;KAM-KEL:2;OTT-MON:1;OTT-MON:2,3.0,0.9322011883129891
1005.4696095162261,0.002012334674255095,0.9884768860209734,0.7924685982055961,0.9464168811989948,optimal,8.263199234011198,4,2,18,0,0.46415888336127825,101,0.015933799964841455,KAM-KEL:1;KAM-KEL:2;OTT-MON:1;OTT-MON:2,3.0,0.8912880534489783
5381.6436094160445,0.018577053340038865,0.9886707889959216,0.9442430381663143,0.9464168811989948,optimal,15.772889274358459,7,3,18,0,0.23713737056616555,769,0.5857170000090264,CAL-EDM:1;CAL-EDM:2;CAL-EDM:3;KAM-KEL:1;KAM-KEL:2;OTT-MON:1;OTT-MON:2,3.3333333333333335,0.8772718379102372
24059.995318981975,0.010710256206361566,0.9238731714859605,0.5429230832494796,0.7302415257459506,optimal,8.668921563828375,4,2,18,0,0.46415888336127825,231,0.07369260000996292,KAM-KEL:1;KAM-KEL:2;OTT-MON:1;OTT-MON:2,3.0,0.5400981932833904
58918.75880137062,0.010710256206361566,0.9238731714859605,0.5429230832494796,0.7302415257459506,optimal,11.253102917144464,4,2,18,0,0.46415888336127825,231,0.0698227999964729,KAM-KEL:1;KAM-KEL:2;OTT-MON:1;OTT-MON:2,3.0,0.5400981932833904
24059.995318981975,0.0023261038266555118,0.9238731714859605,0.5429230832494796,0.7302415257459506,optimal,8.668921563828375,4,2,18,0,0.46415888336127825,101,0.02762469998560846,KAM-KEL:1;KAM-KEL:2;OTT-MON:1;OTT-MON:2,3.0,0.5400981932833904
24059.995318981975,0.010710256206361566,0.9529756664969027,0.5429230832494796,0.7302415257459506,optimal,10.637583150242758,4,2,18,0,0.46415888336127825,231,0.06699979997938499,KAM-KEL:1;KAM-KEL:2;OTT-MON:1;OTT-MON:2,3.0,0.5793300812939703
24059.995318981975,0.010710256206361566,0.9238731714859605,0.5511936697177588,0.7302415257459506,optimal,8.756167546121734,4,2,18,0,0.46415888336127825,231,0.06308749999152496,KAM-KEL:1;KAM-KEL:2;OTT-MON:1;OTT-MON:2,3.0,0.5400981932833904
24059.995318981975,0.010710256206361566,0.9238731714859605,0.5429230832494796,0.7714995900541544,optimal,10.429278994378159,4,2,18,0,0.46415888336127825,231,0.07618729997193441,KAM-KEL:1;KAM-KEL:2;OTT-MON:1;OTT-MON:2,3.0,0.5738048666280764
58918.75880137062,0.0023261038266555118,0.9529756664969027,0.5511936697177588,0.7714995900541544,optimal,14.44478724826144,4,2,18,0,0.46415888336127825,101,0.025444700033403933,KAM-KEL:1;KAM-KEL:2;OTT-MON:1;OTT-MON:2,3.0,0.6175951299215251
165395.64533678844,0.0034077529827289746,0.9742887648232281,0.8655154715757817,0.8122017091447488,optimal,25.907269833672824,7,3,18,0,0.23713737056616555,125,0.030247199989389628,CAL-EDM:1;CAL-EDM:2;CAL-EDM:3;KAM-KEL:1;KAM-KEL:2;OTT-MON:1;OTT-MON:2,3.3333333333333335,0.6635655465665304
15520.72552518941,0.0034077529827289746,0.9742887648232281,0.8655154715757817,0.8122017091447488,optimal,15.666309793240544,7,3,18,0,0.23713737056616555,125,0.03519530000630766,CAL-EDM:1;CAL-EDM:2;CAL-EDM:3;KAM-KEL:1;KAM-KEL:2;OTT-MON:1;OTT-MON:2,3.3333333333333335,0.6635655465665304
165395.64533678844,0.0327279467193354,0.9742887648232281,0.8655154715757817,0.8122017091447488,optimal,25.907269833672824,7,3,18,0,0.23713737056616555,368,0.12340109999058768,CAL-EDM:1;CAL-EDM:2;CAL-EDM:3;KAM-KEL:1;KAM-KEL:2;OTT-MON:1;OTT-MON:2,3.3333333333333335,0.6635655465665304
165395.64533678844,0.0034077529827289746,0.9224805853124708,0.8655154715757817,0.8122017091447488,optimal,20.803496780307906,7,3,18,0,0.23713737056616555,125,0.0289356000139378,CAL-EDM:1;CAL-EDM:2;CAL-EDM:3;KAM-KEL:1;KAM-KEL:2;OTT-MON:1;OTT-MON:2,3.3333333333333335,0.574345545489726
165395.64533678844,0.0034077529827289746,0.9742887648232281,0.6892695766407997,0.8122017091447488,optimal,23.607830939805307,7,3,18,0,0.23713737056616555,125,0.03037460002815351,CAL-EDM:1;CAL-EDM:2;CAL-EDM:3;KAM-KEL:1;KAM-KEL:2;OTT-MON:1;OTT-MON:2,3.3333333333333335,0.6635655465665304
165395.64533678844,0.0034077529827289746,0.9742887648232281,0.8655154715757817,0.8086056256210431,optimal,25.779981634675813,7,3,18,0,0.23713737056616555,125,0.034637800010386854,CAL-EDM:1;CAL-EDM:2;CAL-EDM:3;KAM-KEL:1;KAM-KEL:2;OTT-MON:1;OTT-MON:2,3.3333333333333335,0.6594002053544624
15520.72552518941,0.0327279467193354,0.9224805853124708,0.6892695766407997,0.8086056256210431,optimal,11.517384851267924,4,2,18,0,0.46415888336127825,311,0.10607009998057038,KAM-KEL:1;KAM-KEL:2;OTT-MON:1;OTT-MON:2,3.0,0.6035006707250479
9997.243125921308,0.057416908650770496,0.948685041135177,0.7003562755417079,0.8941535691460595,optimal,12.779431426082105,7,3,18,0,0.23713737056616555,457,0.19552710000425577,CAL-EDM:1;CAL-EDM:2;CAL-EDM:3;KAM-KEL:1;KAM-KEL:2;OTT-MON:1;OTT-MON:2,3.3333333333333335,0.707791391163011
1447.3268319333254,0.057416908650770496,0.948685041135177,0.7003562755417079,0.8941535691460595,optimal,7.127358089372189,4,2,18,0,0.46415888336127825,457,0.18696439999621361,KAM-KEL:1;KAM-KEL:2;OTT-MON:1;OTT-MON:2,3.0,0.7347814991655004
9997.243125921308,0.004024935194737249,0.948685041135177,0.7003562755417079,0.8941535691460595,optimal,12.779431426082105,7,3,18,0,0.23713737056616555,173,0.054935499967541546,CAL-EDM:1;CAL-EDM:2;CAL-EDM:3;KAM-KEL:1;KAM-KEL:2;OTT-MON:1;OTT-MON:2,3.3333333333333335,0.707791391163011
9997.243125921308,0.057416908650770496,0.9606756940055639,0.7003562755417079,0.8941535691460595,optimal,13.320503750107967,7,3,18,0,0.23713737056616555,505,0.23709040001267567,CAL-EDM:1;CAL-EDM:2;CAL-EDM:3;KAM-KEL:1;KAM-KEL:2;OTT-MON:1;OTT-MON:2,3.3333333333333335,0.7341987127329279
9997.243125921308,0.057416908650770496,0.948685041135177,0.7426496850792319,0.8941535691460595,optimal,13.371581177418948,7,3,18,0,0.23713737056616555,457,0.190051699988544,CAL-EDM:1;CAL-EDM:2;CAL-EDM:3;KAM-KEL:1;KAM-KEL:2;OTT-MON:1;OTT-MON:2,3.3333333333333335,0.707791391163011
9997.243125921308,0.057416908650770496,0.948685041135177,0.7003562755417079,0.9115791761912405,optimal,13.21463909268263,7,3,18,0,0.23713737056616555,505,0.23543349996907637,CAL-EDM:1;CAL-EDM:2;CAL-EDM:3;KAM-KEL:1;KAM-KEL:2;OTT-MON:1;OTT-MON:2,3.3333333333333335,0.72853493615207
1447.3268319333254,0.004024935194737249,0.9606756940055639,0.7426496850792319,0.9115791761912405,optimal,7.976520343233349,4,2,18,0,0.46415888336127825,173,0.04482429998461157,KAM-KEL:1;KAM-KEL:2;OTT-MON:1;OTT-MON:2,3.0,0.7802499687049612
