objective,point,source,generation_rate_hz,t2_s,link_fidelity,swap_success,budget,memories,paper_status,paper_utility,paper_repeaters,paper_served,paper_mean_hops,coordinated_status,coordinated_utility,coordinated_repeaters,coordinated_served,coordinated_mean_hops,ext_status,ext_utility,ext_repeaters,ext_served,ext_mean_hops,paper_min_wp,paper_median_wp,coordinated_outcome,coordinated_change_kind,coordinated_regret_bits,coordinated_reverse_regret_bits,coordinated_regret_bits_per_pair,coordinated_site_jaccard,coordinated_sites_only_paper,coordinated_sites_only_other,coordinated_d_repeaters,coordinated_d_served,coordinated_pairs_path_differs,coordinated_pairs_width_differs,coordinated_d_mean_hops,coordinated_d_mean_width,coordinated_rate_gain_bits_common,ext_outcome,ext_change_kind,ext_regret_bits,ext_reverse_regret_bits,ext_regret_bits_per_pair,ext_site_jaccard,ext_sites_only_paper,ext_sites_only_other,ext_d_repeaters,ext_d_served,ext_pairs_path_differs,ext_pairs_width_differs,ext_d_mean_hops,ext_d_mean_width,ext_rate_gain_bits_common
published,midrange,midrange,20000.0,0.01,0.96,0.7,1000000,100,optimal,70.80619843888178,54,12,6.333333333333333,optimal,56.405663360920016,53,11,5.818181818181818,optimal,18.408041920133634,7,3,3.3333333333333335,0.03319923187926317,0.07278289325185956,changed,served_and_memory,0.769090265999651,0.8629876070056781,0.06991729690905918,0.9814814814814815,1,0,-1,-1,0,7,0.0,1.1818181818181819,0.0861393254641696,changed,served_and_memory,197.3400671306116,39.697769730580895,65.78002237687053,0.12962962962962962,47,0,-47,-9,0,3,0.0,81.66666666666667,7.740710910412688
published,midrange,midrange,20000.0,0.01,0.96,0.7,40,100,optimal,66.80960429000373,40,12,7.0,optimal,52.60435830588583,40,10,5.9,optimal,18.408041920133634,7,3,3.3333333333333335,0.030017743045081,0.07278289325185956,changed,routing,1.075766720052421,1.9858613363463462,0.1075766720052421,0.6,10,10,0,-2,2,2,-0.5,0.0,0.16147164515723422,changed,served_and_memory,229.84658170541314,35.70117558170285,76.61552723513772,0.175,33,0,-33,-9,0,3,0.0,73.0,5.6149794621844755
published,midrange,midrange,20000.0,0.01,0.96,0.7,30,100,optimal,59.092241061749164,28,9,5.888888888888889,optimal,48.36436518826498,28,9,5.888888888888889,optimal,18.408041920133634,7,3,3.3333333333333335,0.06044547074134525,0.09682853110646922,identical,,0.0,0.0,0.0,1.0,0,0,0,0,0,0,0.0,0.0,0.0,changed,served_and_memory,119.24483054031879,27.98381235344828,39.74827684677293,0.25,21,0,-21,-6,0,3,0.0,64.66666666666667,4.4104326949904875
published,midrange,midrange,20000.0,0.01,0.96,0.7,20,100,optimal,51.067544027727116,18,7,5.428571428571429,optimal,43.23744134386702,18,7,5.428571428571429,optimal,18.408041920133634,7,3,3.3333333333333335,0.0640270900528647,0.12331143269440609,tie,,0.0,0.0,0.0,1.0,0,0,0,0,0,2,0.0,0.0,-1.586032892321652e-17,changed,served_and_memory,67.07473066789515,19.959115319426232,22.35824355596505,0.3888888888888889,11,0,-11,-4,0,2,0.0,40.333333333333336,2.417349456103338
published,midrange,midrange,20000.0,0.01,0.96,0.7,15,100,optimal,43.40782497670463,15,5,4.0,optimal,38.230551114551666,15,5,4.0,optimal,18.408041920133634,7,3,3.3333333333333335,0.08153869645085443,0.16394459283656687,tie,,-7.105427357601002e-15,0.0,-1.4210854715202005e-15,1.0,0,0,0,0,0,2,0.0,0.0,-1.3322676295501878e-16,changed,served_and_memory,19.1671670931596,12.299396268403747,6.389055697719866,0.4666666666666667,8,0,-8,-2,0,1,0.0,24.333333333333332,1.5982371772444528
published,midrange,midrange,20000.0,0.01,0.96,0.7,10,100,optimal,34.677475567163995,10,5,4.2,optimal,29.933101339940315,10,5,4.2,optimal,18.408041920133634,7,3,3.3333333333333335,0.0005623413251903491,0.08153869645085443,identical,,0.0,0.0,0.0,1.0,0,0,0,0,0,0,0.0,0.0,0.0,changed,routing,39.32017306151453,3.5690468588631106,13.106724353838176,0.4166666666666667,5,2,-3,-2,1,1,0.6666666666666666,16.0,4.6217863937593
published,midrange,midrange,20000.0,0.01,0.96,0.7,6,100,optimal,24.387423137400752,6,3,3.0,optimal,22.45897253693466,6,3,3.0,optimal,16.138199398060948,4,2,3.0,0.0036869450645195738,0.23713737056616555,identical,,0.0,0.0,0.0,1.0,0,0,0,0,0,0,0.0,0.0,0.0,changed,routing,2.93670014102044,2.4418672686166474,1.46835007051022,0.42857142857142855,3,1,-2,-1,1,0,0.5,0.0,2.6672855981817793
published,projected,projected,200000.0,0.1,0.998,0.95,1000000,100,optimal,200.86032806688254,47,18,10.0,optimal,176.78427681979883,47,18,10.0,optimal,32.64934820149412,7,3,3.3333333333333335,0.00012768151750982735,0.04253572014103915,tie,,2.842170943040401e-14,0.0,1.578983857244667e-15,1.0,0,0,0,0,0,4,0.0,0.0,-6.1679056923619804e-18,changed,served_and_memory,578.221151033797,155.5105930772212,192.74038367793233,0.14893617021276595,40,0,-40,-15,0,3,0.0,73.0,5.614979462184476
published,projected,projected,200000.0,0.1,0.998,0.95,40,100,optimal,198.08303735786515,40,18,9.777777777777779,optimal,174.28328807722679,40,17,9.647058823529411,optimal,32.64934820149412,7,3,3.3333333333333335,7.01662127078183e-05,0.050085342836285074,changed,served_and_memory,1.3202800019896301,0.11950570727270815,0.07766352952880178,1.0,0,0,0,-1,0,5,0.0,0.5882352941176471,0.10631499541515317,changed,served_and_memory,675.7086498962462,152.7333023682038,225.2362166320821,0.175,33,0,-33,-15,0,3,0.0,80.66666666666667,9.235965106806212
published,projected,projected,200000.0,0.1,0.998,0.95,30,100,optimal,167.24506138693698,29,16,9.375,optimal,146.91890407313758,30,15,9.4,optimal,32.64934820149412,7,3,3.3333333333333335,3.508310635390915e-05,0.03319923187926317,changed,served_and_memory,1.2977244342034169,0.30454905876686666,0.08651496228022779,0.84375,2,3,1,-1,0,2,0.0,-1.0714285714285714,0.06155733614857006,changed,served_and_memory,604.1813345381322,121.89532639727561,201.3937781793774,0.2413793103448276,22,0,-22,-13,0,3,0.0,77.33333333333333,6.848912076311538
published,projected,projected,200000.0,0.1,0.998,0.95,20,100,optimal,132.17479022786688,20,11,9.0,optimal,117.54235333962187,20,11,9.0,optimal,32.64934820149412,7,3,3.3333333333333335,0.03319923187926317,0.0640270900528647,tie,,0.0,-2.842170943040401e-14,0.0,1.0,0,0,0,0,0,2,0.0,0.0,1.0092936587501423e-17,changed,served_and_memory,278.3805206154667,86.82505523820551,92.79350687182223,0.35,13,0,-13,-8,0,2,0.0,48.666666666666664,3.954431759504285
published,projected,projected,200000.0,0.1,0.998,0.95,15,100,optimal,82.19928334197219,15,7,7.142857142857143,optimal,74.46349028501353,15,7,7.142857142857143,optimal,32.64934820149412,7,3,3.3333333333333335,0.002154434690031887,0.0640270900528647,identical,,0.0,0.0,0.0,1.0,0,0,0,0,0,0,0.0,0.0,0.0,changed,routing,105.94948240887963,36.84954835231082,35.31649413629321,0.15789473684210525,12,4,-8,-4,1,1,0.5,36.5,5.37057336312094
published,projected,projected,200000.0,0.1,0.998,0.95,10,100,optimal,60.94292594795496,10,5,4.2,optimal,56.198551720731274,10,5,4.2,optimal,32.64934820149412,7,3,3.3333333333333335,0.0005623413251903491,0.15703748946090484,identical,,0.0,0.0,0.0,1.0,0,0,0,0,0,0,0.0,0.0,0.0,changed,routing,25.359858402823225,15.59319095829359,8.453286134274409,0.4166666666666667,5,2,-3,-2,1,1,0.6666666666666666,24.333333333333332,5.756936878504594
published,projected,projected,200000.0,0.1,0.998,0.95,6,100,optimal,38.06592620099907,6,3,3.0,optimal,36.13747560053298,6,3,3.0,optimal,26.880002320638823,6,3,3.0,0.0036869450645195738,0.23713737056616555,identical,,0.0,0.0,0.0,1.0,0,0,0,0,0,0,0.0,0.0,0.0,identical,,0.0,0.0,0.0,1.0,0,0,0,0,0,0,0.0,0.0,0.0
published,lhs000,lhs,79018.17205913966,0.06992704995212132,0.9301802361961763,0.7310530218138814,1000000,100,optimal,85.93880853486478,53,11,5.818181818181818,optimal,72.40126106390868,53,11,5.818181818181818,optimal,23.699622561180725,7,3,3.3333333333333335,0.03319923187926317,0.0640270900528647,identical,,0.0,0.0,0.0,1.0,0,0,0,0,0,0,0.0,0.0,0.0,changed,served_and_memory,145.4259702880904,49.5387991855168,48.47532342936347,0.1320754716981132,46,0,-46,-8,0,3,0.0,73.0,5.6149794621844755
published,lhs000,lhs,79018.17205913966,0.06992704995212132,0.9301802361961763,0.7310530218138814,40,100,optimal,77.76022618412294,38,10,6.1,optimal,65.6750287076274,38,10,6.1,optimal,23.699622561180725,7,3,3.3333333333333335,0.04279211619645008,0.07278289325185956,tie,,-1.4210854715202004e-14,-1.4210854715202004e-14,-1.4210854715202005e-15,1.0,0,0,0,0,0,2,0.0,0.0,0.0,changed,served_and_memory,128.583284091277,41.36021683477497,42.861094697092334,0.18421052631578946,31,0,-31,-7,0,3,0.0,64.66666666666667,4.750146439878755
published,lhs000,lhs,79018.17205913966,0.06992704995212132,0.9301802361961763,0.7310530218138814,30,100,optimal,69.05996552768713,28,9,5.888888888888889,optimal,59.57326999014915,27,8,5.25,optimal,23.699622561180725,7,3,3.3333333333333335,0.050276352689897476,0.0640270900528647,changed,served_and_memory,1.2411803359462041,0.3229610466900823,0.15514754199327552,0.9642857142857143,1,0,-1,-1,0,4,0.0,0.0,-1.3877787807814457e-17,changed,served_and_memory,114.76943617461723,32.65995617833915,38.25647872487241,0.25,21,0,-21,-6,0,3,0.0,64.66666666666667,4.750146439878755
published,lhs000,lhs,79018.17205913966,0.06992704995212132,0.9301802361961763,0.7310530218138814,20,100,optimal,61.30036210230735,18,7,5.428571428571429,optimal,53.470259418447256,18,7,5.428571428571429,optimal,23.699622561180725,7,3,3.3333333333333335,0.0640270900528647,0.08153869645085443,tie,,0.0,0.0,0.0,1.0,0,0,0,0,0,2,0.0,0.0,7.930164461608261e-17,changed,served_and_memory,64.95942973149727,24.900352752959378,21.65314324383242,0.3888888888888889,11,0,-11,-4,0,2,0.0,32.0,1.5525164337976172
published,lhs000,lhs,79018.17205913966,0.06992704995212132,0.9301802361961763,0.7310530218138814,15,100,optimal,51.94904990929824,15,5,4.0,optimal,46.77177604714527,15,5,4.0,optimal,23.699622561180725,7,3,3.3333333333333335,0.050276352689897476,0.23713737056616555,tie,,0.0,7.105427357601002e-15,0.0,1.0,0,0,0,0,0,2,0.0,0.0,1.1102230246251565e-16,changed,served_and_memory,17.954981806766572,15.549040559950264,5.984993935588857,0.4666666666666667,8,0,-8,-2,0,1,0.0,16.0,0.7568017534231467
published,lhs000,lhs,79018.17205913966,0.06992704995212132,0.9301802361961763,0.7310530218138814,10,100,optimal,42.81346536453358,10,5,4.2,optimal,38.0690911373099,10,5,4.2,optimal,23.699622561180725,7,3,3.3333333333333335,0.0005623413251903491,0.15703748946090484,tie,,0.0,0.0,0.0,1.0,0,0,0,0,0,2,0.0,0.0,-6.661338147750939e-17,changed,routing,32.01924646195958,6.413456015185602,10.673082153986527,0.4166666666666667,5,2,-3,-2,1,1,0.6666666666666666,24.333333333333332,5.504969233381508
published,lhs000,lhs,79018.17205913966,0.06992704995212132,0.9301802361961763,0.7310530218138814,6,100,optimal,29.73394895903252,6,3,3.0,optimal,27.805498358566425,6,3,3.0,optimal,19.712983554291306,4,2,3.0,0.0036869450645195738,0.23713737056616555,identical,,0.0,0.0,0.0,1.0,0,0,0,0,0,0,0.0,0.0,0.0,changed,routing,1.1649584756190308,4.213608934018058,0.5824792378095154,0.42857142857142855,3,1,-2,-1,1,0,0.5,0.0,2.6985961600324555
published,lhs001,lhs,17860.73835116323,0.0032412526836931082,0.9372069370453744,0.9433169234171821,1000000,100,optimal,32.8117682782892,7,3,3.3333333333333335,optimal,30.01330896437203,7,3,3.3333333333333335,optimal,20.11138149012195,7,3,3.3333333333333335,0.23713737056616555,0.46415888336127825,identical,,0.0,0.0,0.0,1.0,0,0,0,0,0,0,0.0,0.0,0.0,identical,,0.0,0.0,0.0,1.0,0,0,0,0,0,0,0.0,0.0,0.0
published,lhs001,lhs,17860.73835116323,0.0032412526836931082,0.9372069370453744,0.9433169234171821,40,100,optimal,32.8117682782892,7,3,3.3333333333333335,optimal,30.01330896437203,7,3,3.3333333333333335,optimal,20.11138149012195,7,3,3.3333333333333335,0.23713737056616555,0.46415888336127825,identical,,0.0,0.0,0.0,1.0,0,0,0,0,0,0,0.0,0.0,0.0,identical,,0.0,0.0,0.0,1.0,0,0,0,0,0,0,0.0,0.0,0.0
published,lhs001,lhs,17860.73835116323,0.0032412526836931082,0.9372069370453744,0.9433169234171821,30,100,optimal,32.8117682782892,7,3,3.3333333333333335,optimal,30.01330896437203,7,3,3.3333333333333335,optimal,20.11138149012195,7,3,3.3333333333333335,0.23713737056616555,0.46415888336127825,identical,,0.0,0.0,0.0,1.0,0,0,0,0,0,0,0.0,0.0,0.0,identical,,0.0,0.0,0.0,1.0,0,0,0,0,0,0,0.0,0.0,0.0
published,lhs001,lhs,17860.73835116323,0.0032412526836931082,0.9372069370453744,0.9433169234171821,20,100,optimal,32.8117682782892,7,3,3.3333333333333335,optimal,30.01330896437203,7,3,3.3333333333333335,optimal,20.11138149012195,7,3,3.3333333333333335,0.23713737056616555,0.46415888336127825,identical,,0.0,0.0,0.0,1.0,0,0,0,0,0,0,0.0,0.0,0.0,identical,,0.0,0.0,0.0,1.0,0,0,0,0,0,0,0.0,0.0,0.0
published,lhs001,lhs,17860.73835116323,0.0032412526836931082,0.9372069370453744,0.9433169234171821,15,100,optimal,32.8117682782892,7,3,3.3333333333333335,optimal,30.01330896437203,7,3,3.3333333333333335,optimal,20.11138149012195,7,3,3.3333333333333335,0.23713737056616555,0.46415888336127825,identical,,0.0,0.0,0.0,1.0,0,0,0,0,0,0,0.0,0.0,0.0,identical,,0.0,0.0,0.0,1.0,0,0,0,0,0,0,0.0,0.0,0.0
published,lhs001,lhs,17860.73835116323,0.0032412526836931082,0.9372069370453744,0.9433169234171821,10,100,optimal,32.8117682782892,7,3,3.3333333333333335,optimal,30.01330896437203,7,3,3.3333333333333335,optimal,20.11138149012195,7,3,3.3333333333333335,0.23713737056616555,0.46415888336127825,identical,,0.0,0.0,0.0,1.0,0,0,0,0,0,0,0.0,0.0,0.0,identical,,0.0,0.0,0.0,1.0,0,0,0,0,0,0,0.0,0.0,0.0
published,lhs001,lhs,17860.73835116323,0.0032412526836931082,0.9372069370453744,0.9433169234171821,6,100,optimal,25.74801582143423,6,3,3.0,optimal,23.819565220968137,6,3,3.0,optimal,17.0521552350285,4,2,3.0,0.0036869450645195738,0.23713737056616555,identical,,0.0,0.0,0.0,1.0,0,0,0,0,0,0,0.0,0.0,0.0,changed,routing,2.490063293954515,2.8885041156825686,1.2450316469772575,0.42857142857142855,3,1,-2,-1,1,0,0.5,0.0,2.882479412331494
published,lhs002,lhs,3526.959751495192,0.004054545163996494,0.9684694414740667,0.8058897742712832,1000000,100,optimal,34.518921811863756,15,5,4.0,optimal,29.341647949710797,15,5,4.0,optimal,12.602397788904732,7,3,3.3333333333333335,0.050276352689897476,0.23713737056616555,tie,,0.0,0.0,0.0,1.0,0,0,0,0,0,2,0.0,0.0,1.1102230246251565e-16,changed,served_and_memory,24.287885131925066,9.216137234791773,8.095961710641689,0.4666666666666667,8,0,-8,-2,0,1,0.0,16.0,0.7568017534231467
published,lhs002,lhs,3526.959751495192,0.004054545163996494,0.9684694414740667,0.8058897742712832,40,100,optimal,34.518921811863756,15,5,4.0,optimal,29.341647949710797,15,5,4.0,optimal,12.602397788904732,7,3,3.3333333333333335,0.050276352689897476,0.23713737056616555,tie,,0.0,0.0,0.0,1.0,0,0,0,0,0,2,0.0,0.0,1.1102230246251565e-16,changed,served_and_memory,24.287885131925066,9.216137234791773,8.095961710641689,0.4666666666666667,8,0,-8,-2,0,1,0.0,16.0,0.7568017534231467
published,lhs002,lhs,3526.959751495192,0.004054545163996494,0.9684694414740667,0.8058897742712832,30,100,optimal,34.518921811863756,15,5,4.0,optimal,29.341647949710797,15,5,4.0,optimal,12.602397788904732,7,3,3.3333333333333335,0.050276352689897476,0.23713737056616555,tie,,0.0,0.0,0.0,1.0,0,0,0,0,0,2,0.0,0.0,1.1102230246251565e-16,changed,served_and_memory,24.287885131925066,9.216137234791773,8.095961710641689,0.4666666666666667,8,0,-8,-2,0,1,0.0,16.0,0.7568017534231467
published,lhs002,lhs,3526.959751495192,0.004054545163996494,0.9684694414740667,0.8058897742712832,20,100,optimal,34.518921811863756,15,5,4.0,optimal,29.341647949710797,15,5,4.0,optimal,12.602397788904732,7,3,3.3333333333333335,0.050276352689897476,0.23713737056616555,tie,,0.0,0.0,0.0,1.0,0,0,0,0,0,2,0.0,0.0,1.1102230246251565e-16,changed,served_and_memory,24.287885131925066,9.216137234791773,8.095961710641689,0.4666666666666667,8,0,-8,-2,0,1,0.0,16.0,0.7568017534231467
published,lhs002,lhs,3526.959751495192,0.004054545163996494,0.9684694414740667,0.8058897742712832,15,100,optimal,34.518921811863756,15,5,4.0,optimal,29.341647949710797,15,5,4.0,optimal,12.602397788904732,7,3,3.3333333333333335,0.050276352689897476,0.23713737056616555,tie,,0.0,0.0,0.0,1.0,0,0,0,0,0,2,0.0,0.0,1.1102230246251565e-16,changed,served_and_memory,24.287885131925066,9.216137234791773,8.095961710641689,0.4666666666666667,8,0,-8,-2,0,1,0.0,16.0,0.7568017534231467
published,lhs002,lhs,3526.959751495192,0.004054545163996494,0.9684694414740667,0.8058897742712832,10,100,optimal,25.302784577071982,7,3,3.3333333333333335,optimal,22.50432526315481,7,3,3.3333333333333335,optimal,12.602397788904732,7,3,3.3333333333333335,0.23713737056616555,0.46415888336127825,identical,,0.0,0.0,0.0,1.0,0,0,0,0,0,0,0.0,0.0,0.0,identical,,0.0,0.0,0.0,1.0,0,0,0,0,0,0,0.0,0.0,0.0
published,lhs002,lhs,3526.959751495192,0.004054545163996494,0.9684694414740667,0.8058897742712832,6,100,optimal,18.34906258710049,6,3,3.0,optimal,16.4206119866344,6,3,3.0,optimal,12.111287297034938,4,2,3.0,0.0036869450645195738,0.23713737056616555,identical,,0.0,0.0,0.0,1.0,0,0,0,0,0,0,0.0,0.0,0.0,changed,routing,4.948148590294691,0.43041881934239257,2.4740742951473456,0.42857142857142855,3,1,-2,-1,1,0,0.5,0.0,2.768899400830565
published,lhs003,lhs,31935.484986209784,0.0117613628963826,0.9411191486569153,0.8747327719138562,1000000,100,optimal,94.83538018744818,55,14,7.214285714285714,optimal,77.1257975504101,54,13,6.769230769230769,optimal,22.011872902522608,7,3,3.3333333333333335,0.030017743045081,0.05916841616414359,changed,served_and_memory,0.6078315272139179,0.9518442325542651,0.04675627132414753,0.9818181818181818,1,0,-1,-1,0,5,0.0,1.0,0.07288712154660484,changed,served_and_memory,292.5078911382187,60.123120496758325,97.50263037940624,0.12727272727272726,48,0,-48,-11,0,3,0.0,69.0,5.984079054005817
published,lhs003,lhs,31935.484986209784,0.0117613628963826,0.9411191486569153,0.8747327719138562,40,100,optimal,91.90060284960578,40,14,7.785714285714286,optimal,74.0796328523588,40,13,7.384615384615385,optimal,22.011872902522608,7,3,3.3333333333333335,0.030017743045081,0.0640270900528647,changed,served_and_memory,0.6078315272139321,0.9518442325542367,0.04675627132414862,1.0,0,0,0,-1,0,5,0.0,1.0,0.07288712154660497,changed,served_and_memory,310.4474794273105,57.18834315891592,103.48249314243684,0.175,33,0,-33,-11,0,3,0.0,77.33333333333333,6.848912076311538
published,lhs003,lhs,31935.484986209784,0.0117613628963826,0.9411191486569153,0.8747327719138562,30,100,optimal,76.97345996929839,30,11,7.181818181818182,optimal,63.70899442407923,30,10,6.6,optimal,22.011872902522608,7,3,3.3333333333333335,0.03319923187926317,0.0640270900528647,changed,served_and_memory,0.6058511630856884,0.9538245966825087,0.060585116308568845,1.0,0,0,0,-1,0,3,0.0,2.5,0.09455522159776242,changed,served_and_memory,207.51306033343803,42.261200278608534,69.171020111146,0.23333333333333334,23,0,-23,-8,0,3,0.0,73.0,5.6149794621844755
published,lhs003,lhs,31935.484986209784,0.0117613628963826,0.9411191486569153,0.8747327719138562,20,100,optimal,63.17273881983718,20,9,7.444444444444445,optimal,54.75256991559167,18,7,5.428571428571429,optimal,22.011872902522608,7,3,3.3333333333333335,0.03319923187926317,0.0640270900528647,changed,served_and_memory,2.875965011398648,0.5900662203854239,0.41085214448552115,0.46153846153846156,8,6,-2,-2,0,3,0.0,10.0,0.3782208863910494,changed,served_and_memory,178.746274934439,28.460479129147323,59.582091644813,0.35,13,0,-13,-6,0,2,0.0,48.666666666666664,3.954431759504285
published,lhs003,lhs,31935.484986209784,0.0117613628963826,0.9411191486569153,0.8747327719138562,15,100,optimal,52.057217166571164,15,6,5.666666666666667,optimal,45.284324399450284,15,6,5.666666666666667,optimal,22.011872902522608,7,3,3.3333333333333335,0.0640270900528647,0.12431716560097561,identical,,0.0,0.0,0.0,1.0,0,0,0,0,0,0,0.0,0.0,0.0,changed,served_and_memory,60.85968763473515,17.34495747588131,20.286562544911718,0.2222222222222222,11,3,-8,-3,0,2,0.0,73.0,4.888177319886966
published,lhs003,lhs,31935.484986209784,0.0117613628963826,0.9411191486569153,0.8747327719138562,10,100,optimal,41.569052840685536,10,5,4.2,optimal,36.82467861346186,10,5,4.2,optimal,22.011872902522608,7,3,3.3333333333333335,0.0005623413251903491,0.15703748946090484,tie,,0.0,-7.105427357601002e-15,0.0,1.0,0,0,0,0,0,2,0.0,0.0,-8.881784197001253e-17,changed,routing,31.575909327149507,6.856793149995681,10.525303109049835,0.4166666666666667,5,2,-3,-2,1,1,0.6666666666666666,24.333333333333332,5.6775467665397565
published,lhs003,lhs,31935.484986209784,0.0117613628963826,0.9411191486569153,0.8747327719138562,6,100,optimal,27.741393890241977,6,3,3.0,optimal,25.81294328977588,6,3,3.0,optimal,18.379447787086107,4,2,3.0,0.0036869450645195738,0.23713737056616555,identical,,0.0,0.0,0.0,1.0,0,0,0,0,0,0,0.0,0.0,0.0,changed,routing,1.8239777772043766,3.554589632432709,0.9119888886021883,0.42857142857142855,3,1,-2,-1,1,0,0.5,0.0,2.8280293099011424
published,lhs004,lhs,1235.8291207556929,0.005504639816634067,0.9427041732553852,0.6997755225556053,1000000,100,optimal,23.10431876936135,26,7,4.714285714285714,optimal,16.86056736666621,15,5,4.0,optimal,7.742887039457756,4,2,3.0,0.050276352689897476,0.12331143269440609,changed,served_and_memory,1.5977511866985097,1.0664775405421771,0.31955023733970195,0.5769230769230769,11,0,-11,-2,0,1,0.0,14.6,0.3777937375222512,changed,served_and_memory,75.09922369256684,9.554075259180433,37.54961184628342,0.15384615384615385,22,0,-22,-5,0,2,0.0,60.5,3.6260241841550065
published,lhs004,lhs,1235.8291207556929,0.005504639816634067,0.9427041732553852,0.6997755225556053,40,100,optimal,23.10431876936135,26,7,4.714285714285714,optimal,16.86056736666621,15,5,4.0,optimal,7.742887039457756,4,2,3.0,0.050276352689897476,0.12331143269440609,changed,served_and_memory,1.5977511866985097,1.0664775405421771,0.31955023733970195,0.5769230769230769,11,0,-11,-2,0,1,0.0,14.6,0.3777937375222512,changed,served_and_memory,75.09922369256684,9.554075259180433,37.54961184628342,0.15384615384615385,22,0,-22,-5,0,2,0.0,60.5,3.6260241841550065
published,lhs004,lhs,1235.8291207556929,0.005504639816634067,0.9427041732553852,0.6997755225556053,30,100,optimal,23.104318769361345,26,7,4.714285714285714,optimal,16.86056736666621,15,5,4.0,optimal,7.742887039457756,4,2,3.0,0.050276352689897476,0.10375364037838179,changed,served_and_memory,1.5977511866985097,1.0664775405421771,0.31955023733970195,0.5769230769230769,11,0,-11,-2,0,3,0.0,14.6,0.3777937375222513,changed,served_and_memory,74.14960420737755,9.55407525918043,37.074802103688775,0.15384615384615385,22,0,-22,-5,0,2,0.0,60.5,3.6260241841550065
published,lhs004,lhs,1235.8291207556929,0.005504639816634067,0.9427041732553852,0.6997755225556053,20,100,optimal,22.611531281536767,20,6,4.333333333333333,optimal,16.86056736666621,15,5,4.0,optimal,7.742887039457756,4,2,3.0,0.050276352689897476,0.15933803350851,changed,served_and_memory,0.7174079241822682,0.5736900527175983,0.14348158483645362,0.75,5,0,-5,-1,0,3,0.0,9.6,0.18868329432672654,changed,served_and_memory,52.871049306662975,9.06128777135585,26.435524653331488,0.2,16,0,-16,-4,0,2,0.0,48.0,2.3287746506964258
published,lhs004,lhs,1235.8291207556929,0.005504639816634067,0.9427041732553852,0.6997755225556053,15,100,optimal,22.037841228819172,15,5,4.0,optimal,16.86056736666621,15,5,4.0,optimal,7.742887039457756,4,2,3.0,0.050276352689897476,0.23713737056616555,tie,,0.0,3.552713678800501e-15,0.0,1.0,0,0,0,0,0,2,0.0,0.0,6.661338147750939e-17,changed,served_and_memory,31.90945496552267,8.487597718638256,15.954727482761335,0.26666666666666666,11,0,-11,-3,0,1,0.0,24.0,1.13520263013472
published,lhs004,lhs,1235.8291207556929,0.005504639816634067,0.9427041732553852,0.6997755225556053,10,100,optimal,18.44272827118234,7,3,3.3333333333333335,optimal,15.644268957265169,7,3,3.3333333333333335,optimal,7.742887039457756,4,2,3.0,0.23713737056616555,0.46415888336127825,identical,,0.0,0.0,0.0,1.0,0,0,0,0,0,0,0.0,0.0,0.0,changed,served_set_only,2.000545556442665,4.892484761001423,1.0002727782213325,0.5714285714285714,3,0,-3,-1,0,0,0.0,0.0,0.0
published,lhs004,lhs,1235.8291207556929,0.005504639816634067,0.9427041732553852,0.6997755225556053,6,100,optimal,13.550243510180916,4,2,3.0,optimal,11.808994113002951,4,2,3.0,optimal,7.742887039457756,4,2,3.0,0.46415888336127825,0.5356805395261334,identical,,0.0,0.0,0.0,1.0,0,0,0,0,0,0,0.0,0.0,0.0,identical,,0.0,0.0,0.0,1.0,0,0,0,0,0,0,0.0,0.0,0.0
published,lhs005,lhs,165377.49208065658,0.02837622625534312,0.9417861972201874,0.882149059752233,1000000,100,optimal,130.0527658645915,55,14,7.214285714285714,optimal,111.73535170033949,55,14,7.214285714285714,optimal,29.23959421027073,7,3,3.3333333333333335,0.030017743045081,0.05916841616414359,tie,,0.0,0.0,0.0,1.0,0,0,0,0,0,2,0.0,0.0,-4.7580986769649563e-17,changed,served_and_memory,261.69229027168825,88.1127848661535,87.23076342389608,0.12727272727272726,48,0,-48,-11,0,3,0.0,77.33333333333333,6.848912076311538
published,lhs005,lhs,165377.49208065658,0.02837622625534312,0.9417861972201874,0.882149059752233,40,100,optimal,127.30135167154816,40,14,7.785714285714286,optimal,108.87255014708725,40,14,7.785714285714286,optimal,29.23959421027073,7,3,3.3333333333333335,0.030017743045081,0.0640270900528647,identical,,0.0,0.0,0.0,1.0,0,0,0,0,0,0,0.0,0.0,0.0,changed,served_and_memory,285.10038841025147,85.36137067311017,95.03346280341715,0.175,33,0,-33,-11,0,3,0.0,69.0,5.984079054005817
published,lhs005,lhs,165377.49208065658,0.02837622625534312,0.9417861972201874,0.882149059752233,30,100,optimal,106.61758533828622,30,13,7.076923076923077,optimal,91.44207727421858,29,12,7.166666666666667,optimal,29.23959421027073,7,3,3.3333333333333335,0.00013532055307936385,0.0640270900528647,changed,served_and_memory,0.7383315413007381,0.39132031192399097,0.061527628441728176,0.9666666666666667,1,0,-1,-1,0,3,0.0,0.08333333333333333,0.07912607868617544,changed,served_and_memory,292.50938060235944,64.67760433984824,97.50312686745315,0.23333333333333334,23,0,-23,-10,0,3,0.0,64.66666666666667,4.750146439878756
published,lhs005,lhs,165377.49208065658,0.02837622625534312,0.9417861972201874,0.882149059752233,20,100,optimal,86.002519826537,20,9,7.444444444444445,optimal,74.70638591089283,20,9,7.444444444444445,optimal,29.23959421027073,7,3,3.3333333333333335,0.03319923187926317,0.0640270900528647,identical,,0.0,0.0,0.0,1.0,0,0,0,0,0,0,0.0,0.0,0.0,changed,served_and_memory,163.14421523548725,44.062538828099015,54.38140507849575,0.35,13,0,-13,-6,0,2,0.0,48.666666666666664,3.954431759504285
published,lhs005,lhs,165377.49208065658,0.02837622625534312,0.9417861972201874,0.882149059752233,15,100,optimal,66.75175588673392,15,6,5.666666666666667,optimal,59.978863119613024,15,6,5.666666666666667,optimal,29.23959421027073,7,3,3.3333333333333335,0.0640270900528647,0.11928809295587964,tie,,-7.105427357601002e-15,0.0,-1.1842378929335002e-15,1.0,0,0,0,0,0,4,0.0,0.0,-5.551115123125783e-17,changed,served_and_memory,53.69845983548416,24.811774888295936,17.899486611828053,0.2222222222222222,11,3,-8,-3,0,2,0.0,60.5,3.5909277864283853
published,lhs005,lhs,165377.49208065658,0.02837622625534312,0.9417861972201874,0.882149059752233,10,100,optimal,53.69044470501165,10,5,4.2,optimal,48.94607047778797,10,5,4.2,optimal,29.23959421027073,7,3,3.3333333333333335,0.0005623413251903491,0.15703748946090484,tie,,-7.105427357601002e-15,-7.105427357601002e-15,-1.4210854715202005e-15,1.0,0,0,0,0,0,2,0.0,0.0,-6.661338147750939e-17,changed,routing,26.68223877057152,11.750463706573669,8.894079590190506,0.4166666666666667,5,2,-3,-2,1,1,0.6666666666666666,24.333333333333332,5.685666838549056
published,lhs005,lhs,165377.49208065658,0.02837622625534312,0.9417861972201874,0.882149059752233,6,100,optimal,34.95424836990674,6,3,3.0,optimal,33.02579776944065,6,3,3.0,optimal,23.7683244895465,6,3,3.0,0.0036869450645195738,0.23713737056616555,identical,,0.0,0.0,0.0,1.0,0,0,0,0,0,0,0.0,0.0,0.0,identical,,0.0,0.0,0.0,1.0,0,0,0,0,0,0,0.0,0.0,0.0
published,lhs006,lhs,37629.8991537241,0.009746168793087677,0.9936673511575277,0.7744473961396068,1000000,100,optimal,108.53473126961576,55,14,7.214285714285714,optimal,90.21731710536375,55,14,7.214285714285714,optimal,23.22895073393711,7,3,3.3333333333333335,0.030017743045081,0.06223628039710497,tie,,-1.4210854715202004e-14,0.0,-1.0150610510858574e-15,1.0,0,0,0,0,0,2,0.0,0.0,3.9650822308041306e-17,changed,served_and_memory,276.25006190514114,72.60539374751139,92.08335396838038,0.12727272727272726,48,0,-48,-11,0,3,0.0,77.33333333333333,6.848912076311538
published,lhs006,lhs,37629.8991537241,0.009746168793087677,0.9936673511575277,0.7744473961396068,40,100,optimal,106.87753120965027,40,14,7.785714285714286,optimal,88.44872968518933,40,14,7.785714285714286,optimal,23.22895073393711,7,3,3.3333333333333335,0.030017743045081,0.0640270900528647,tie,,-1.4210854715202004e-14,0.0,-1.0150610510858574e-15,1.0,0,0,0,0,0,2,0.0,0.0,-2.3790493384824782e-17,changed,served_and_memory,299.51356539581576,70.94819368754591,99.83785513193858,0.175,33,0,-33,-11,0,3,0.0,69.0,5.984079054005818
published,lhs006,lhs,37629.8991537241,0.009746168793087677,0.9936673511575277,0.7744473961396068,30,100,optimal,88.34774668866594,30,11,7.181818181818182,optimal,74.47742998036111,30,11,7.181818181818182,optimal,23.22895073393711,7,3,3.3333333333333335,0.03319923187926317,0.0640270900528647,identical,,0.0,0.0,0.0,1.0,0,0,0,0,0,0,0.0,0.0,0.0,changed,served_and_memory,200.1817879426202,52.41840916656157,66.72726264754006,0.23333333333333334,23,0,-23,-8,0,3,0.0,64.66666666666667,4.750146439878756
published,lhs006,lhs,37629.8991537241,0.009746168793087677,0.9936673511575277,0.7744473961396068,20,100,optimal,73.4309000197892,20,9,7.444444444444445,optimal,62.13476610414506,20,9,7.444444444444445,optimal,23.22895073393711,7,3,3.3333333333333335,0.03319923187926317,0.0640270900528647,identical,,0.0,0.0,0.0,1.0,0,0,0,0,0,0,0.0,0.0,0.0,changed,served_and_memory,169.70519156590143,37.50156249768484,56.56839718863381,0.35,13,0,-13,-6,0,2,0.0,48.666666666666664,3.954431759504285
published,lhs006,lhs,37629.8991537241,0.009746168793087677,0.9936673511575277,0.7744473961396068,15,100,optimal,55.362282244284835,15,6,5.666666666666667,optimal,48.58938947716395,15,6,5.666666666666667,optimal,23.22895073393711,7,3,3.3333333333333335,0.0640270900528647,0.12431716560097561,tie,,-7.105427357601002e-15,0.0,-1.1842378929335002e-15,1.0,0,0,0,0,0,2,0.0,0.0,-1.850371707708594e-17,changed,served_and_memory,58.77170038843598,19.432944722180466,19.59056679614533,0.2222222222222222,11,3,-8,-3,0,2,0.0,73.0,4.888177319886966
published,lhs006,lhs,37629.8991537241,0.009746168793087677,0.9936673511575277,0.7744473961396068,10,100,optimal,43.90847706905434,10,5,4.2,optimal,39.16410284183067,10,5,4.2,optimal,23.22895073393711,7,3,3.3333333333333335,0.0005623413251903491,0.08153869645085443,tie,,7.105427357601002e-15,0.0,1.4210854715202005e-15,1.0,0,0,0,0,0,2,0.0,0.0,1.1102230246251565e-16,changed,routing,34.91008037342766,7.979139546949973,11.636693457809221,0.4166666666666667,5,2,-3,-2,1,1,0.6666666666666666,16.0,4.71899461117052
published,lhs006,lhs,37629.8991537241,0.009746168793087677,0.9936673511575277,0.7744473961396068,6,100,optimal,28.953039587742907,6,3,3.0,optimal,27.024588987276815,6,3,3.0,optimal,19.178912595178062,4,2,3.0,0.0036869450645195738,0.23713737056616555,identical,,0.0,0.0,0.0,1.0,0,0,0,0,0,0,0.0,0.0,0.0,changed,routing,1.411796887795397,3.966770521841685,0.7058984438976985,0.42857142857142855,3,1,-2,-1,1,0,0.5,0.0,2.740191761240194
published,lhs007,lhs,22124.724469663055,0.002901229972323916,0.9318908885705877,0.7986667359379662,1000000,100,optimal,22.396951074208435,4,2,3.0,optimal,20.65570167703047,4,2,3.0,optimal,16.589594603485274,4,2,3.0,0.46415888336127825,0.5356805395261334,identical,,0.0,0.0,0.0,1.0,0,0,0,0,0,0,0.0,0.0,0.0,identical,,0.0,0.0,0.0,1.0,0,0,0,0,0,0,0.0,0.0,0.0
published,lhs007,lhs,22124.724469663055,0.002901229972323916,0.9318908885705877,0.7986667359379662,40,100,optimal,22.396951074208435,4,2,3.0,optimal,20.65570167703047,4,2,3.0,optimal,16.589594603485274,4,2,3.0,0.46415888336127825,0.5356805395261334,identical,,0.0,0.0,0.0,1.0,0,0,0,0,0,0,0.0,0.0,0.0,identical,,0.0,0.0,0.0,1.0,0,0,0,0,0,0,0.0,0.0,0.0
published,lhs007,lhs,22124.724469663055,0.002901229972323916,0.9318908885705877,0.7986667359379662,30,100,optimal,22.396951074208435,4,2,3.0,optimal,20.65570167703047,4,2,3.0,optimal,16.589594603485274,4,2,3.0,0.46415888336127825,0.5356805395261334,identical,,0.0,0.0,0.0,1.0,0,0,0,0,0,0,0.0,0.0,0.0,identical,,0.0,0.0,0.0,1.0,0,0,0,0,0,0,0.0,0.0,0.0
published,lhs007,lhs,22124.724469663055,0.002901229972323916,0.9318908885705877,0.7986667359379662,20,100,optimal,22.396951074208435,4,2,3.0,optimal,20.65570167703047,4,2,3.0,optimal,16.589594603485274,4,2,3.0,0.46415888336127825,0.5356805395261334,identical,,0.0,0.0,0.0,1.0,0,0,0,0,0,0,0.0,0.0,0.0,identical,,0.0,0.0,0.0,1.0,0,0,0,0,0,0,0.0,0.0,0.0
published,lhs007,lhs,22124.724469663055,0.002901229972323916,0.9318908885705877,0.7986667359379662,15,100,optimal,22.396951074208435,4,2,3.0,optimal,20.65570167703047,4,2,3.0,optimal,16.589594603485274,4,2,3.0,0.46415888336127825,0.5356805395261334,identical,,0.0,0.0,0.0,1.0,0,0,0,0,0,0,0.0,0.0,0.0,identical,,0.0,0.0,0.0,1.0,0,0,0,0,0,0,0.0,0.0,0.0
published,lhs007,lhs,22124.724469663055,0.002901229972323916,0.9318908885705877,0.7986667359379662,10,100,optimal,22.396951074208435,4,2,3.0,optimal,20.65570167703047,4,2,3.0,optimal,16.589594603485274,4,2,3.0,0.46415888336127825,0.5356805395261334,identical,,0.0,0.0,0.0,1.0,0,0,0,0,0,0,0.0,0.0,0.0,identical,,0.0,0.0,0.0,1.0,0,0,0,0,0,0,0.0,0.0,0.0
published,lhs007,lhs,22124.724469663055,0.002901229972323916,0.9318908885705877,0.7986667359379662,6,100,optimal,22.396951074208435,4,2,3.0,optimal,20.65570167703047,4,2,3.0,optimal,16.589594603485274,4,2,3.0,0.46415888336127825,0.5356805395261334,identical,,0.0,0.0,0.0,1.0,0,0,0,0,0,0,0.0,0.0,0.0,identical,,0.0,0.0,0.0,1.0,0,0,0,0,0,0,0.0,0.0,0.0
published,lhs008,lhs,1856.2576040035221,0.08847950516112593,0.9889188522913053,0.8341861393128172,1000000,100,optimal,55.60194720857621,55,14,7.214285714285714,optimal,38.49431280330433,54,12,6.333333333333333,optimal,10.840214648559723,4,2,3.0,0.030017743045081,0.05916841616414359,changed,served_and_memory,1.2097797589800976,1.9380090613104812,0.10081497991500814,0.9818181818181818,1,0,-1,-2,0,5,0.0,5.25,0.2365530843384259,changed,served_and_memory,317.74372936599246,38.95437608929333,158.87186468299623,0.07272727272727272,51,0,-51,-12,0,2,0.0,73.0,4.888177319886966
published,lhs008,lhs,1856.2576040035221,0.08847950516112593,0.9889188522913053,0.8341861393128172,40,100,optimal,54.67933164841459,40,14,7.785714285714286,optimal,37.46030988293377,40,12,7.0,optimal,10.840214648559723,4,2,3.0,0.030017743045081,0.0640270900528647,changed,served_and_memory,1.2097797589800905,1.9380090613104883,0.10081497991500754,1.0,0,0,0,-2,0,7,0.0,5.25,0.23655308433842584,changed,served_and_memory,336.4970923745388,38.0317605291317,168.2485461872694,0.1,36,0,-36,-12,0,2,0.0,73.0,4.888177319886966
published,lhs008,lhs,1856.2576040035221,0.08847950516112593,0.9889188522913053,0.8341861393128172,30,100,optimal,46.72241804968909,30,11,7.181818181818182,optimal,34.10470882037948,30,9,6.0,optimal,10.840214648559723,4,2,3.0,0.03319923187926317,0.0640270900528647,changed,routing,1.2526074789952162,1.7997874212454192,0.13917860877724625,0.3953488372093023,13,13,0,-2,2,4,0.14285714285714285,7.142857142857143,0.2839942908802965,changed,served_and_memory,229.41838049621964,30.074846930406206,114.70919024810982,0.13333333333333333,26,0,-26,-9,0,2,0.0,60.5,3.5909277864283853
published,lhs008,lhs,1856.2576040035221,0.08847950516112593,0.9889188522913053,0.8341861393128172,20,100,optimal,39.589628294133945,20,9,7.444444444444445,optimal,30.860636154268306,18,7,5.428571428571429,optimal,10.840214648559723,4,2,3.0,0.03319923187926317,0.0640270900528647,changed,served_and_memory,2.5671417757785164,0.8988894560055485,0.3667345393969309,0.46153846153846156,8,6,-2,-2,0,3,0.0,5.0,0.1891104431955247,changed,served_and_memory,191.15772720617935,22.94205717485106,95.57886360308967,0.2,16,0,-16,-7,0,1,0.0,36.5,2.397355765866679
published,lhs008,lhs,1856.2576040035221,0.08847950516112593,0.9889188522913053,0.8341861393128172,15,100,optimal,31.935727379299358,15,5,4.0,optimal,26.758453517146403,15,5,4.0,optimal,10.840214648559723,4,2,3.0,0.050276352689897476,0.23713737056616555,identical,,0.0,0.0,0.0,1.0,0,0,0,0,0,0,0.0,0.0,0.0,changed,served_and_memory,25.108896424144447,15.288156260016475,12.554448212072224,0.26666666666666666,11,0,-11,-3,0,1,0.0,24.0,1.13520263013472
published,lhs008,lhs,1856.2576040035221,0.08847950516112593,0.9889188522913053,0.8341861393128172,10,100,optimal,24.88038358451979,9,4,4.75,optimal,20.72099662458281,9,4,4.75,optimal,10.840214648559723,4,2,3.0,0.08153869645085443,0.1986419191050842,identical,,0.0,0.0,0.0,1.0,0,0,0,0,0,0,0.0,0.0,0.0,changed,served_and_memory,30.752368437552082,8.232812465236908,15.376184218776041,0.4444444444444444,5,0,-5,-2,0,1,0.0,24.0,1.13520263013472
published,lhs008,lhs,1856.2576040035221,0.08847950516112593,0.9889188522913053,0.8341861393128172,6,100,optimal,16.647571119282883,4,2,3.0,optimal,14.906321722104918,4,2,3.0,optimal,10.840214648559723,4,2,3.0,0.46415888336127825,0.5356805395261334,identical,,0.0,0.0,0.0,1.0,0,0,0,0,0,0,0.0,0.0,0.0,identical,,0.0,0.0,0.0,1.0,0,0,0,0,0,0,0.0,0.0,0.0
published,lhs009,lhs,14730.38693686605,0.004881148534823741,0.9236056082629825,0.5895642623409463,1000000,100,optimal,36.9217677476986,20,6,4.333333333333333,optimal,30.453395908645778,20,6,4.333333333333333,optimal,13.99065466189377,7,3,3.3333333333333335,0.050276352689897476,0.12431716560097561,identical,,0.0,0.0,0.0,1.0,0,0,0,0,0,0,0.0,0.0,0.0,changed,served_and_memory,41.98264396580189,10.230726297637585,13.994214655267298,0.35,13,0,-13,-3,0,2,0.0,40.333333333333336,2.4173494561033375
published,lhs009,lhs,14730.38693686605,0.004881148534823741,0.9236056082629825,0.5895642623409463,40,100,optimal,36.9217677476986,20,6,4.333333333333333,optimal,30.453395908645778,20,6,4.333333333333333,optimal,13.99065466189377,7,3,3.3333333333333335,0.050276352689897476,0.12431716560097561,identical,,0.0,0.0,0.0,1.0,0,0,0,0,0,0,0.0,0.0,0.0,changed,served_and_memory,41.98264396580189,10.230726297637585,13.994214655267298,0.35,13,0,-13,-3,0,2,0.0,40.333333333333336,2.4173494561033375
published,lhs009,lhs,14730.38693686605,0.004881148534823741,0.9236056082629825,0.5895642623409463,30,100,optimal,36.9217677476986,20,6,4.333333333333333,optimal,30.453395908645778,20,6,4.333333333333333,optimal,13.99065466189377,7,3,3.3333333333333335,0.050276352689897476,0.12431716560097561,identical,,0.0,0.0,0.0,1.0,0,0,0,0,0,0,0.0,0.0,0.0,changed,served_and_memory,41.98264396580189,10.230726297637585,13.994214655267298,0.35,13,0,-13,-3,0,2,0.0,40.333333333333336,2.4173494561033375
published,lhs009,lhs,14730.38693686605,0.004881148534823741,0.9236056082629825,0.5895642623409463,20,100,optimal,36.9217677476986,20,6,4.333333333333333,optimal,30.453395908645778,20,6,4.333333333333333,optimal,13.99065466189377,7,3,3.3333333333333335,0.050276352689897476,0.12431716560097561,identical,,0.0,0.0,0.0,1.0,0,0,0,0,0,0,0.0,0.0,0.0,changed,served_and_memory,41.98264396580189,10.230726297637585,13.994214655267298,0.35,13,0,-13,-3,0,2,0.0,40.333333333333336,2.4173494561033375
published,lhs009,lhs,14730.38693686605,0.004881148534823741,0.9236056082629825,0.5895642623409463,15,100,optimal,34.59445531063177,15,5,4.0,optimal,29.417181448478807,15,5,4.0,optimal,13.99065466189377,7,3,3.3333333333333335,0.050276352689897476,0.23713737056616555,tie,,-3.552713678800501e-15,0.0,-7.105427357601002e-16,1.0,0,0,0,0,0,2,0.0,0.0,6.661338147750939e-17,changed,served_and_memory,25.600608506146088,7.903413860570755,8.533536168715363,0.4666666666666667,8,0,-8,-2,0,1,0.0,16.0,0.7568017534231467
published,lhs009,lhs,14730.38693686605,0.004881148534823741,0.9236056082629825,0.5895642623409463,10,100,optimal,26.691041450061018,7,3,3.3333333333333335,optimal,23.892582136143847,7,3,3.3333333333333335,optimal,13.99065466189377,7,3,3.3333333333333335,0.23713737056616555,0.46415888336127825,identical,,0.0,0.0,0.0,1.0,0,0,0,0,0,0,0.0,0.0,0.0,identical,,0.0,0.0,0.0,1.0,0,0,0,0,0,0,0.0,0.0,0.0
published,lhs009,lhs,14730.38693686605,0.004881148534823741,0.9236056082629825,0.5895642623409463,6,100,optimal,20.364787922652265,6,3,3.0,optimal,18.43633732218617,6,3,3.0,optimal,13.471055374826483,4,2,3.0,0.0036869450645195738,0.23713737056616555,identical,,0.0,0.0,0.0,1.0,0,0,0,0,0,0,0.0,0.0,0.0,changed,routing,4.292191332534463,1.0863760771026243,2.1460956662672315,0.42857142857142855,3,1,-2,-1,1,0,0.5,0.0,2.5434326747204508
published,lhs010,lhs,2151.728417566242,0.0038980023305461116,0.94388961812943,0.5646171411176155,1000000,100,optimal,19.979764372350434,11,4,3.75,optimal,15.992316247092264,11,4,3.75,optimal,8.130050220176463,4,2,3.0,0.15703748946090484,0.2005409817013662,tie,,-1.7763568394002505e-15,0.0,-4.440892098500626e-16,1.0,0,0,0,0,0,2,0.0,0.0,-1.942890293094024e-16,changed,served_and_memory,14.988599426475163,6.042357681450811,7.494299713237582,0.36363636363636365,7,0,-7,-2,0,1,0.0,36.5,2.397355765866679
published,lhs010,lhs,2151.728417566242,0.0038980023305461116,0.94388961812943,0.5646171411176155,40,100,optimal,19.979764372350434,11,4,3.75,optimal,15.992316247092264,11,4,3.75,optimal,8.130050220176463,4,2,3.0,0.15703748946090484,0.2005409817013662,tie,,-1.7763568394002505e-15,0.0,-4.440892098500626e-16,1.0,0,0,0,0,0,2,0.0,0.0,-1.942890293094024e-16,changed,served_and_memory,14.988599426475163,6.042357681450811,7.494299713237582,0.36363636363636365,7,0,-7,-2,0,1,0.0,36.5,2.397355765866679
published,lhs010,lhs,2151.728417566242,0.0038980023305461116,0.94388961812943,0.5646171411176155,30,100,optimal,19.979764372350434,11,4,3.75,optimal,15.992316247092264,11,4,3.75,optimal,8.130050220176463,4,2,3.0,0.15703748946090484,0.2005409817013662,tie,,-1.7763568394002505e-15,0.0,-4.440892098500626e-16,1.0,0,0,0,0,0,2,0.0,0.0,-1.942890293094024e-16,changed,served_and_memory,14.988599426475163,6.042357681450811,7.494299713237582,0.36363636363636365,7,0,-7,-2,0,1,0.0,36.5,2.397355765866679
published,lhs010,lhs,2151.728417566242,0.0038980023305461116,0.94388961812943,0.5646171411176155,20,100,optimal,19.979764372350434,11,4,3.75,optimal,15.992316247092264,11,4,3.75,optimal,8.130050220176463,4,2,3.0,0.15703748946090484,0.2005409817013662,tie,,-1.7763568394002505e-15,0.0,-4.440892098500626e-16,1.0,0,0,0,0,0,2,0.0,0.0,-1.942890293094024e-16,changed,served_and_memory,14.988599426475163,6.042357681450811,7.494299713237582,0.36363636363636365,7,0,-7,-2,0,1,0.0,36.5,2.397355765866679
published,lhs010,lhs,2151.728417566242,0.0038980023305461116,0.94388961812943,0.5646171411176155,15,100,optimal,19.979764372350434,11,4,3.75,optimal,15.992316247092264,11,4,3.75,optimal,8.130050220176463,4,2,3.0,0.15703748946090484,0.2005409817013662,tie,,-1.7763568394002505e-15,0.0,-4.440892098500626e-16,1.0,0,0,0,0,0,2,0.0,0.0,-1.942890293094024e-16,changed,served_and_memory,14.988599426475163,6.042357681450811,7.494299713237582,0.36363636363636365,7,0,-7,-2,0,1,0.0,36.5,2.397355765866679
published,lhs010,lhs,2151.728417566242,0.0038980023305461116,0.94388961812943,0.5646171411176155,10,100,optimal,18.719205707388202,7,3,3.3333333333333335,optimal,15.920746393471031,7,3,3.3333333333333335,optimal,8.130050220176463,4,2,3.0,0.23713737056616555,0.46415888336127825,identical,,0.0,0.0,0.0,1.0,0,0,0,0,0,0,0.0,0.0,0.0,changed,served_set_only,2.1112313009555113,4.781799016488579,1.0556156504777556,0.5714285714285714,3,0,-3,-1,0,0,0.0,0.0,0.0
published,lhs010,lhs,2151.728417566242,0.0038980023305461116,0.94388961812943,0.5646171411176155,6,100,optimal,13.937406690899623,4,2,3.0,optimal,12.196157293721658,4,2,3.0,optimal,8.130050220176463,4,2,3.0,0.46415888336127825,0.5356805395261334,identical,,0.0,0.0,0.0,1.0,0,0,0,0,0,0,0.0,0.0,0.0,identical,,0.0,0.0,0.0,1.0,0,0,0,0,0,0,0.0,0.0,0.0
published,lhs011,lhs,59793.60992576768,0.01640348397896067,0.9251157081775817,0.8066711783954088,1000000,100,optimal,86.91780959846108,53,11,5.818181818181818,optimal,73.38026212750496,53,11,5.818181818181818,optimal,23.282735993268062,7,3,3.3333333333333335,0.03319923187926317,0.0640270900528647,tie,,0.0,0.0,0.0,1.0,0,0,0,0,0,2,0.0,0.0,3.027880976250427e-17,changed,served_and_memory,144.03008265658147,50.934686817025764,48.010027552193826,0.1320754716981132,46,0,-46,-8,0,3,0.0,73.0,5.614979462184476
published,lhs011,lhs,59793.60992576768,0.01640348397896067,0.9251157081775817,0.8066711783954088,40,100,optimal,78.63410172690669,38,10,6.1,optimal,66.54890425041117,38,10,6.1,optimal,23.282735993268062,7,3,3.3333333333333335,0.04279211619645008,0.09897609782820413,identical,,0.0,0.0,0.0,1.0,0,0,0,0,0,0,0.0,0.0,0.0,changed,served_and_memory,121.87392403831704,42.65097894547138,40.62464134610568,0.18421052631578946,31,0,-31,-7,0,3,0.0,73.0,5.614979462184476
published,lhs011,lhs,59793.60992576768,0.01640348397896067,0.9251157081775817,0.8066711783954088,30,100,optimal,69.12907961773091,30,9,5.111111111111111,optimal,59.81912716675208,29,8,5.375,optimal,23.282735993268062,7,3,3.3333333333333335,0.00015183215780139426,0.09682853110646922,changed,routing,0.9127001772963297,0.0561720255509357,0.11408752216204121,0.5945945945945946,8,7,-1,-1,2,2,0.125,0.0,0.006058371756818455,changed,served_and_memory,106.19982205351687,33.145956836295596,35.39994068450562,0.23333333333333334,23,0,-23,-6,0,3,0.0,73.0,5.614979462184476
published,lhs011,lhs,59793.60992576768,0.01640348397896067,0.9251157081775817,0.8066711783954088,20,100,optimal,61.46917863217988,18,7,5.428571428571429,optimal,53.63907594831979,18,7,5.428571428571429,optimal,23.282735993268062,7,3,3.3333333333333335,0.0640270900528647,0.12532289850754513,tie,,0.0,0.0,0.0,1.0,0,0,0,0,0,2,0.0,0.0,-4.7580986769649563e-17,changed,served_and_memory,54.49861124821609,25.48605585074457,18.166203749405366,0.3888888888888889,11,0,-11,-4,0,2,0.0,48.666666666666664,3.2587848799246437
published,lhs011,lhs,59793.60992576768,0.01640348397896067,0.9251157081775817,0.8066711783954088,15,100,optimal,51.62222612223144,15,5,4.0,optimal,46.44495226007848,15,5,4.0,optimal,23.282735993268062,7,3,3.3333333333333335,0.050276352689897476,0.16394459283656687,tie,,0.0,7.105427357601002e-15,0.0,1.0,0,0,0,0,0,2,0.0,0.0,-2.2204460492503132e-17,changed,served_and_memory,15.928748466659878,15.639103340796126,5.3095828222199595,0.4666666666666667,8,0,-8,-2,0,1,0.0,24.333333333333332,1.5982371772444528
published,lhs011,lhs,59793.60992576768,0.01640348397896067,0.9251157081775817,0.8066711783954088,10,100,optimal,42.452449830065405,10,5,4.2,optimal,37.70807560284173,10,5,4.2,optimal,23.282735993268062,7,3,3.3333333333333335,0.0005623413251903491,0.15703748946090484,tie,,0.0,0.0,0.0,1.0,0,0,0,0,0,2,0.0,0.0,6.661338147750939e-17,changed,routing,31.963375428515096,6.469327048630092,10.6544584761717,0.4166666666666667,5,2,-3,-2,1,1,0.6666666666666666,24.333333333333332,5.599639010016954
published,lhs011,lhs,59793.60992576768,0.01640348397896067,0.9251157081775817,0.8066711783954088,6,100,optimal,29.19763188105749,6,3,3.0,optimal,27.269181280591397,6,3,3.0,optimal,19.358573879808645,4,2,3.0,0.0036869450645195738,0.23713737056616555,identical,,0.0,0.0,0.0,1.0,0,0,0,0,0,0,0.0,0.0,0.0,changed,routing,1.346865879111398,4.031701530525687,0.673432939555699,0.42857142857142855,3,1,-2,-1,1,0,0.5,0.0,2.7695984925090396
published,lhs012,lhs,1043.0233815452114,0.02024621696956498,0.9833934959170073,0.888005675915581,1000000,100,optimal,50.0307312103538,51,14,7.428571428571429,optimal,32.98613799001793,53,11,5.818181818181818,optimal,9.437418259736337,4,2,3.0,0.030017743045081,0.06223628039710497,changed,routing,1.312143958439357,3.5070457493797775,0.11928581440357791,0.8909090909090909,2,4,2,-3,1,6,-0.2727272727272727,6.909090909090909,0.3310877543224968,changed,served_and_memory,330.21924400859893,34.7859564798943,165.10962200429947,0.0784313725490196,47,0,-47,-12,0,2,0.0,60.5,3.5909277864283853
published,lhs012,lhs,1043.0233815452114,0.02024621696956498,0.9833934959170073,0.888005675915581,40,100,optimal,49.648946201786174,40,14,7.785714285714286,optimal,32.5187324499393,39,11,6.545454545454546,optimal,9.437418259736337,4,2,3.0,0.030017743045081,0.0640270900528647,changed,served_and_memory,1.2985877726140487,3.481278920681852,0.11805343387400442,0.975,1,0,-1,-3,0,6,0.0,6.909090909090909,0.34419723565154325,changed,served_and_memory,340.12468143234383,34.40417147132668,170.06234071617192,0.1,36,0,-36,-12,0,2,0.0,73.0,4.888177319886966
published,lhs012,lhs,1043.0233815452114,0.02024621696956498,0.9833934959170073,0.888005675915581,30,100,optimal,42.319765962155365,26,11,7.454545454545454,optimal,29.734639920410032,30,9,6.0,optimal,9.437418259736337,4,2,3.0,0.03319923187926317,0.0640270900528647,changed,routing,1.3245136810827383,1.7672042336811344,0.1471681867869709,0.4358974358974359,9,13,4,-2,1,2,-0.2857142857142857,7.142857142857143,0.2762793283768076,changed,served_and_memory,232.48079678873864,27.07499123169587,116.24039839436932,0.15384615384615385,22,0,-22,-9,0,2,0.0,73.0,4.888177319886966
published,lhs012,lhs,1043.0233815452114,0.02024621696956498,0.9833934959170073,0.888005675915581,20,100,optimal,36.1310380971275,20,9,7.444444444444445,optimal,27.176273555829155,18,7,5.428571428571429,optimal,9.437418259736337,4,2,3.0,0.03319923187926317,0.0640270900528647,changed,served_and_memory,2.3413693743458133,1.124661857438248,0.33448133919225903,0.46153846153846156,8,6,-2,-2,0,3,0.0,5.0,0.1891104431955247,changed,served_and_memory,193.21352101436239,20.886263366668004,96.60676050718119,0.2,16,0,-16,-7,0,1,0.0,36.5,2.397355765866679
published,lhs012,lhs,1043.0233815452114,0.02024621696956498,0.9833934959170073,0.888005675915581,15,100,optimal,28.817648374661392,12,5,4.6,optimal,23.614607683810505,15,5,4.0,optimal,9.437418259736337,4,2,3.0,0.08153869645085443,0.16394459283656687,changed,routing,0.013556185825304823,0.025766828697921795,0.0027112371650609645,0.6875,1,4,3,0,1,0,-0.6,0.0,-0.02884085892390196,changed,served_and_memory,27.848820132798735,13.572873644201895,13.924410066399368,0.3333333333333333,8,0,-8,-3,0,1,0.0,36.5,2.397355765866679
published,lhs012,lhs,1043.0233815452114,0.02024621696956498,0.9833934959170073,0.888005675915581,10,100,optimal,22.579809938062652,9,4,4.75,optimal,18.684153853141066,7,3,3.3333333333333335,optimal,9.437418259736337,4,2,3.0,0.08153869645085443,0.16049104114873586,changed,served_and_memory,0.26373087501539416,1.0971967710044161,0.08791029167179805,0.3333333333333333,5,3,-2,-1,0,1,0.0,36.5,0.944484343805628,changed,served_and_memory,29.713975135925004,7.3350352076031555,14.856987567962502,0.4444444444444444,5,0,-5,-2,0,1,0.0,36.5,2.397355765866679
published,lhs012,lhs,1043.0233815452114,0.02024621696956498,0.9833934959170073,0.888005675915581,6,100,optimal,15.244774730459497,4,2,3.0,optimal,13.503525333281534,4,2,3.0,optimal,9.437418259736337,4,2,3.0,0.46415888336127825,0.5356805395261334,identical,,0.0,0.0,0.0,1.0,0,0,0,0,0,0,0.0,0.0,0.0,identical,,0.0,0.0,0.0,1.0,0,0,0,0,0,0,0.0,0.0,0.0
published,lhs013,lhs,56720.33639798021,0.002661829245907471,0.9658526987484106,0.5222137405456004,1000000,100,optimal,23.378567527174287,4,2,3.0,optimal,21.637318129996324,4,2,3.0,optimal,17.571211056451126,4,2,3.0,0.46415888336127825,0.5356805395261334,identical,,0.0,0.0,0.0,1.0,0,0,0,0,0,0,0.0,0.0,0.0,identical,,0.0,0.0,0.0,1.0,0,0,0,0,0,0,0.0,0.0,0.0
published,lhs013,lhs,56720.33639798021,0.002661829245907471,0.9658526987484106,0.5222137405456004,40,100,optimal,23.378567527174287,4,2,3.0,optimal,21.637318129996324,4,2,3.0,optimal,17.571211056451126,4,2,3.0,0.46415888336127825,0.5356805395261334,identical,,0.0,0.0,0.0,1.0,0,0,0,0,0,0,0.0,0.0,0.0,identical,,0.0,0.0,0.0,1.0,0,0,0,0,0,0,0.0,0.0,0.0
published,lhs013,lhs,56720.33639798021,0.002661829245907471,0.9658526987484106,0.5222137405456004,30,100,optimal,23.378567527174287,4,2,3.0,optimal,21.637318129996324,4,2,3.0,optimal,17.571211056451126,4,2,3.0,0.46415888336127825,0.5356805395261334,identical,,0.0,0.0,0.0,1.0,0,0,0,0,0,0,0.0,0.0,0.0,identical,,0.0,0.0,0.0,1.0,0,0,0,0,0,0,0.0,0.0,0.0
published,lhs013,lhs,56720.33639798021,0.002661829245907471,0.9658526987484106,0.5222137405456004,20,100,optimal,23.378567527174287,4,2,3.0,optimal,21.637318129996324,4,2,3.0,optimal,17.571211056451126,4,2,3.0,0.46415888336127825,0.5356805395261334,identical,,0.0,0.0,0.0,1.0,0,0,0,0,0,0,0.0,0.0,0.0,identical,,0.0,0.0,0.0,1.0,0,0,0,0,0,0,0.0,0.0,0.0
published,lhs013,lhs,56720.33639798021,0.002661829245907471,0.9658526987484106,0.5222137405456004,15,100,optimal,23.378567527174287,4,2,3.0,optimal,21.637318129996324,4,2,3.0,optimal,17.571211056451126,4,2,3.0,0.46415888336127825,0.5356805395261334,identical,,0.0,0.0,0.0,1.0,0,0,0,0,0,0,0.0,0.0,0.0,identical,,0.0,0.0,0.0,1.0,0,0,0,0,0,0,0.0,0.0,0.0
published,lhs013,lhs,56720.33639798021,0.002661829245907471,0.9658526987484106,0.5222137405456004,10,100,optimal,23.378567527174287,4,2,3.0,optimal,21.637318129996324,4,2,3.0,optimal,17.571211056451126,4,2,3.0,0.46415888336127825,0.5356805395261334,identical,,0.0,0.0,0.0,1.0,0,0,0,0,0,0,0.0,0.0,0.0,identical,,0.0,0.0,0.0,1.0,0,0,0,0,0,0,0.0,0.0,0.0
published,lhs013,lhs,56720.33639798021,0.002661829245907471,0.9658526987484106,0.5222137405456004,6,100,optimal,23.378567527174287,4,2,3.0,optimal,21.637318129996324,4,2,3.0,optimal,17.571211056451126,4,2,3.0,0.46415888336127825,0.5356805395261334,identical,,0.0,0.0,0.0,1.0,0,0,0,0,0,0,0.0,0.0,0.0,identical,,0.0,0.0,0.0,1.0,0,0,0,0,0,0,0.0,0.0,0.0
published,lhs014,lhs,10516.706429150972,0.04060173459594948,0.9851789919567602,0.8581011462994944,1000000,100,optimal,100.71067914604245,55,17,8.823529411764707,optimal,77.55724201788999,55,17,8.823529411764707,optimal,18.492461699369375,7,3,3.3333333333333335,0.0221885046944556,0.050276352689897476,tie,,0.0,1.4210854715202004e-14,0.0,1.0,0,0,0,0,0,2,0.0,0.0,1.3061447348531253e-17,changed,served_and_memory,512.7802131137399,69.51783065850583,170.92673770457998,0.12727272727272726,48,0,-48,-14,0,3,0.0,81.66666666666667,7.740710910412688
published,lhs014,lhs,10516.706429150972,0.04060173459594948,0.9851789919567602,0.8581011462994944,40,100,optimal,97.48344009539788,40,17,9.647058823529411,optimal,74.2936535611005,40,15,8.4,optimal,18.492461699369375,7,3,3.3333333333333335,0.009485494822646622,0.0640270900528647,changed,served_and_memory,0.490457039068275,3.059056252565867,0.032697135937885,1.0,0,0,0,-2,0,7,0.0,-0.13333333333333333,0.12062235241238974,changed,served_and_memory,574.1147775941348,66.29059160786126,191.37159253137827,0.175,33,0,-33,-14,0,3,0.0,85.0,10.127763940907363
published,lhs014,lhs,10516.706429150972,0.04060173459594948,0.9851789919567602,0.8581011462994944,30,100,optimal,81.36189182893864,27,14,9.714285714285714,optimal,63.71753446301705,30,13,8.538461538461538,optimal,18.492461699369375,7,3,3.3333333333333335,0.03134209593995679,0.03319923187926317,changed,routing,1.699729085964485,0.4377376850158754,0.1307483912280373,0.5405405405405406,7,10,3,-1,1,2,-0.2727272727272727,-5.454545454545454,-0.08521607659585807,changed,served_and_memory,493.57467799628955,50.169043341402016,164.52489266542986,0.25925925925925924,20,0,-20,-11,0,2,0.0,48.666666666666664,3.954431759504285
published,lhs014,lhs,10516.706429150972,0.04060173459594948,0.9851789919567602,0.8581011462994944,20,100,optimal,68.51945528907346,20,11,9.0,optimal,53.88701840082845,20,11,9.0,optimal,18.492461699369375,7,3,3.3333333333333335,0.03319923187926317,0.0640270900528647,tie,,0.0,0.0,0.0,1.0,0,0,0,0,0,2,0.0,0.0,1.0092936587501423e-17,changed,served_and_memory,336.17808147708877,37.32660680153684,112.05936049236293,0.35,13,0,-13,-8,0,2,0.0,48.666666666666664,3.954431759504285
published,lhs014,lhs,10516.706429150972,0.04060173459594948,0.9851789919567602,0.8581011462994944,15,100,optimal,47.58145252310694,15,6,5.666666666666667,optimal,40.80855975598605,15,6,5.666666666666667,optimal,18.492461699369375,7,3,3.3333333333333335,0.0640270900528647,0.12431716560097561,tie,,0.0,0.0,0.0,1.0,0,0,0,0,0,4,0.0,0.0,-9.251858538542972e-17,changed,served_and_memory,61.816041075046144,16.388604035570314,20.60534702501538,0.2222222222222222,11,3,-8,-3,0,2,0.0,73.0,4.888177319886966
published,lhs014,lhs,10516.706429150972,0.04060173459594948,0.9851789919567602,0.8581011462994944,10,100,optimal,36.53681663455819,10,5,4.2,optimal,31.792442407334516,10,5,4.2,optimal,18.492461699369375,7,3,3.3333333333333335,0.0005623413251903491,0.15703748946090484,tie,,-3.552713678800501e-15,0.0,-7.105427357601002e-16,1.0,0,0,0,0,0,2,0.0,0.0,-2.2204460492503132e-17,changed,routing,33.08873433012363,5.343968147021567,11.029578110041209,0.4166666666666667,5,2,-3,-2,1,1,0.6666666666666666,24.333333333333332,5.659083677166207
published,lhs014,lhs,10516.706429150972,0.04060173459594948,0.9851789919567602,0.8581011462994944,6,100,optimal,24.094348959336028,6,3,3.0,optimal,22.16589835886993,6,3,3.0,optimal,15.940055805090271,4,2,3.0,0.0036869450645195738,0.23713737056616555,identical,,0.0,0.0,0.0,1.0,0,0,0,0,0,0,0.0,0.0,0.0,changed,routing,3.0316307261144892,2.346936683522596,1.5158153630572446,0.42857142857142855,3,1,-2,-1,1,0,0.5,0.0,2.81418199287098
published,lhs015,lhs,4675.719796987838,0.00860206009562279,0.9418556089471422,0.5231028829832356,1000000,100,optimal,25.644136298941525,20,6,4.333333333333333,optimal,20.09546468823297,15,5,4.0,optimal,9.884699416886008,4,2,3.0,0.08153869645085443,0.12431716560097561,changed,served_and_memory,0.9197002283442721,0.3713977485556015,0.1839400456688544,0.75,5,0,-5,-1,0,3,0.0,14.6,0.3777937375222513,changed,served_and_memory,47.11686116439772,9.952080411332357,23.55843058219886,0.2,16,0,-16,-4,0,2,0.0,73.0,4.888177319886966
published,lhs015,lhs,4675.719796987838,0.00860206009562279,0.9418556089471422,0.5231028829832356,40,100,optimal,25.644136298941522,20,6,4.333333333333333,optimal,20.09546468823297,15,5,4.0,optimal,9.884699416886008,4,2,3.0,0.050276352689897476,0.12431716560097561,changed,served_and_memory,0.9197002283442686,0.37139774855559793,0.18394004566885372,0.75,5,0,-5,-1,0,3,0.0,14.6,0.37779373752225137,changed,served_and_memory,49.154320169551205,9.952080411332354,24.577160084775603,0.2,16,0,-16,-4,0,2,0.0,60.5,3.6260241841550065
published,lhs015,lhs,4675.719796987838,0.00860206009562279,0.9418556089471422,0.5231028829832356,30,100,optimal,25.644136298941522,20,6,4.333333333333333,optimal,20.095464688232965,15,5,4.0,optimal,9.884699416886008,4,2,3.0,0.050276352689897476,0.12431716560097561,changed,served_and_memory,0.919700228344265,0.37139774855559793,0.183940045668853,0.75,5,0,-5,-1,0,3,0.0,14.6,0.3777937375222513,changed,served_and_memory,49.154320169551205,9.952080411332354,24.577160084775603,0.2,16,0,-16,-4,0,2,0.0,60.5,3.6260241841550065
published,lhs015,lhs,4675.719796987838,0.00860206009562279,0.9418556089471422,0.5231028829832356,20,100,optimal,25.644136298941522,20,6,4.333333333333333,optimal,20.095464688232965,15,5,4.0,optimal,9.884699416886008,4,2,3.0,0.050276352689897476,0.12431716560097561,changed,served_and_memory,0.919700228344265,0.37139774855559793,0.183940045668853,0.75,5,0,-5,-1,0,3,0.0,14.6,0.3777937375222513,changed,served_and_memory,49.154320169551205,9.952080411332354,24.577160084775603,0.2,16,0,-16,-4,0,2,0.0,60.5,3.6260241841550065
published,lhs015,lhs,4675.719796987838,0.00860206009562279,0.9418556089471422,0.5231028829832356,15,100,optimal,25.272738550385927,15,5,4.0,optimal,20.095464688232965,15,5,4.0,optimal,9.884699416886008,4,2,3.0,0.050276352689897476,0.23713737056616555,tie,,-3.552713678800501e-15,3.552713678800501e-15,-7.105427357601002e-16,1.0,0,0,0,0,0,2,0.0,0.0,1.1102230246251565e-16,changed,served_and_memory,30.816370021384166,9.58068266277676,15.408185010692083,0.26666666666666666,11,0,-11,-3,0,1,0.0,24.0,1.13520263013472
published,lhs015,lhs,4675.719796987838,0.00860206009562279,0.9418556089471422,0.5231028829832356,10,100,optimal,21.23177770221308,7,3,3.3333333333333335,optimal,18.43331838829591,7,3,3.3333333333333335,optimal,9.884699416886008,4,2,3.0,0.23713737056616555,0.46415888336127825,identical,,0.0,0.0,0.0,1.0,0,0,0,0,0,0,0.0,0.0,0.0,changed,served_set_only,1.3533085028401786,5.5397218146039116,0.6766542514200893,0.5714285714285714,3,0,-3,-1,0,0,0.0,0.0,0.0
published,lhs015,lhs,4675.719796987838,0.00860206009562279,0.9418556089471422,0.5231028829832356,6,100,optimal,15.692055887609168,4,2,3.0,optimal,13.950806490431205,4,2,3.0,optimal,9.884699416886008,4,2,3.0,0.46415888336127825,0.5356805395261334,identical,,0.0,0.0,0.0,1.0,0,0,0,0,0,0,0.0,0.0,0.0,identical,,0.0,0.0,0.0,1.0,0,0,0,0,0,0,0.0,0.0,0.0
published,lhs016,lhs,198928.39198102965,0.09544787986186125,0.9295652889979108,0.6252210185635688,1000000,100,optimal,88.39005726571509,53,11,5.818181818181818,optimal,74.852509794759,53,11,5.818181818181818,optimal,26.091853550827395,7,3,3.3333333333333335,0.030017743045081,0.08153869645085443,identical,,0.0,0.0,0.0,1.0,0,0,0,0,0,0,0.0,0.0,0.0,changed,served_and_memory,146.23210653854153,49.59781692672044,48.74403551284718,0.1320754716981132,46,0,-46,-8,0,3,0.0,73.0,5.614979462184476
published,lhs016,lhs,198928.39198102965,0.09544787986186125,0.9295652889979108,0.6252210185635688,40,100,optimal,79.31142150824759,38,10,6.1,optimal,68.54574836660433,39,9,5.333333333333333,optimal,26.091853550827395,7,3,3.3333333333333335,0.04279211619645008,0.09897609782820413,changed,routing,1.3195243348522752,0.11042987650799319,0.14661381498358614,0.6041666666666666,9,10,1,-1,2,2,-0.5555555555555556,0.0,0.2699621849813815,changed,served_and_memory,124.00572181453549,40.519181169252946,41.33524060484516,0.18421052631578946,31,0,-31,-7,0,3,0.0,73.0,5.614979462184476
published,lhs016,lhs,198928.39198102965,0.09544787986186125,0.9295652889979108,0.6252210185635688,30,100,optimal,72.47719982516547,30,9,5.111111111111111,optimal,62.39797077123417,27,8,5.25,optimal,26.091853550827395,7,3,3.3333333333333335,0.00015183215780139426,0.08153869645085443,changed,served_and_memory,0.14342357434386344,0.9154945630834135,0.01792794679298293,0.9,3,0,-3,-1,0,2,0.0,0.0,-9.71445146547012e-17,changed,served_and_memory,113.80589282974374,33.684959486170825,37.93529760991458,0.23333333333333334,23,0,-23,-6,0,3,0.0,56.333333333333336,3.5455996726847676
published,lhs016,lhs,198928.39198102965,0.09544787986186125,0.9295652889979108,0.6252210185635688,20,100,optimal,63.47248960829975,18,7,5.428571428571429,optimal,55.64238692443966,18,7,5.428571428571429,optimal,26.091853550827395,7,3,3.3333333333333335,0.0640270900528647,0.15703748946090484,identical,,0.0,0.0,0.0,1.0,0,0,0,0,0,0,0.0,0.0,0.0,changed,served_and_memory,63.2433626558907,24.680249269305108,21.0811208852969,0.3888888888888889,11,0,-11,-4,0,2,0.0,40.333333333333336,2.3939518576189234
published,lhs016,lhs,198928.39198102965,0.09544787986186125,0.9295652889979108,0.6252210185635688,15,100,optimal,55.17173629618601,15,5,4.0,optimal,49.99446243403305,15,5,4.0,optimal,26.091853550827395,7,3,3.3333333333333335,0.08153869645085443,0.16394459283656687,identical,,0.0,0.0,0.0,1.0,0,0,0,0,0,0,0.0,0.0,0.0,changed,served_and_memory,15.087067404371979,16.379495957191367,5.029022468123993,0.4666666666666667,8,0,-8,-2,0,1,0.0,24.333333333333332,1.5982371772444528
published,lhs016,lhs,198928.39198102965,0.09544787986186125,0.9295652889979108,0.6252210185635688,10,100,optimal,45.791968291052974,10,5,4.2,optimal,41.047594063829294,10,5,4.2,optimal,26.091853550827395,7,3,3.3333333333333335,0.0005623413251903491,0.08153869645085443,tie,,0.0,0.0,0.0,1.0,0,0,0,0,0,2,0.0,0.0,1.7763568394002506e-16,changed,routing,35.88949196831931,6.999727952058329,11.96316398943977,0.4166666666666667,5,2,-3,-2,1,1,0.6666666666666666,16.0,4.513127298657955
published,lhs016,lhs,198928.39198102965,0.09544787986186125,0.9295652889979108,0.6252210185635688,6,100,optimal,32.35448404138203,6,3,3.0,optimal,30.426033440915937,6,3,3.0,optimal,21.460359368497482,4,2,3.0,0.0036869450645195738,0.23713737056616555,identical,,0.0,0.0,0.0,1.0,0,0,0,0,0,0,0.0,0.0,0.0,changed,routing,0.29179920747569454,5.086768202161387,0.14589960373784727,0.42857142857142855,3,1,-2,-1,1,0,0.5,0.0,2.5857912768557703
published,lhs017,lhs,49539.94275811685,0.001571878496843385,0.9289089247373993,0.5586764091468348,1000000,100,optimal,0.0,0,0,,optimal,0.0,0,0,,optimal,0.0,0,0,,,,identical,,0.0,0.0,0.0,1.0,0,0,0,0,0,0,,,,identical,,0.0,0.0,0.0,1.0,0,0,0,0,0,0,,,
published,lhs017,lhs,49539.94275811685,0.001571878496843385,0.9289089247373993,0.5586764091468348,40,100,optimal,0.0,0,0,,optimal,0.0,0,0,,optimal,0.0,0,0,,,,identical,,0.0,0.0,0.0,1.0,0,0,0,0,0,0,,,,identical,,0.0,0.0,0.0,1.0,0,0,0,0,0,0,,,
published,lhs017,lhs,49539.94275811685,0.001571878496843385,0.9289089247373993,0.5586764091468348,30,100,optimal,0.0,0,0,,optimal,0.0,0,0,,optimal,0.0,0,0,,,,identical,,0.0,0.0,0.0,1.0,0,0,0,0,0,0,,,,identical,,0.0,0.0,0.0,1.0,0,0,0,0,0,0,,,
published,lhs017,lhs,49539.94275811685,0.001571878496843385,0.9289089247373993,0.5586764091468348,20,100,optimal,0.0,0,0,,optimal,0.0,0,0,,optimal,0.0,0,0,,,,identical,,0.0,0.0,0.0,1.0,0,0,0,0,0,0,,,,identical,,0.0,0.0,0.0,1.0,0,0,0,0,0,0,,,
published,lhs017,lhs,49539.94275811685,0.001571878496843385,0.9289089247373993,0.5586764091468348,15,100,optimal,0.0,0,0,,optimal,0.0,0,0,,optimal,0.0,0,0,,,,identical,,0.0,0.0,0.0,1.0,0,0,0,0,0,0,,,,identical,,0.0,0.0,0.0,1.0,0,0,0,0,0,0,,,
published,lhs017,lhs,49539.94275811685,0.001571878496843385,0.9289089247373993,0.5586764091468348,10,100,optimal,0.0,0,0,,optimal,0.0,0,0,,optimal,0.0,0,0,,,,identical,,0.0,0.0,0.0,1.0,0,0,0,0,0,0,,,,identical,,0.0,0.0,0.0,1.0,0,0,0,0,0,0,,,
published,lhs017,lhs,49539.94275811685,0.001571878496843385,0.9289089247373993,0.5586764091468348,6,100,optimal,0.0,0,0,,optimal,0.0,0,0,,optimal,0.0,0,0,,,,identical,,0.0,0.0,0.0,1.0,0,0,0,0,0,0,,,,identical,,0.0,0.0,0.0,1.0,0,0,0,0,0,0,,,
published,lhs018,lhs,6446.409531533336,0.015475666168050357,0.9422908135560717,0.5048697512476029,1000000,100,optimal,27.481869665908462,26,7,4.714285714285714,optimal,21.678500859543814,15,5,4.0,optimal,10.616034379251431,4,2,3.0,0.05387208250415978,0.12331143269440609,changed,served_and_memory,2.038133783029,0.6260949442116868,0.4076267566058,0.5769230769230769,11,0,-11,-2,0,1,0.0,14.6,0.3777937375222512,changed,served_and_memory,71.55736113065991,11.05847881593387,35.77868056532996,0.15384615384615385,22,0,-22,-5,0,2,0.0,73.0,4.888177319886966
published,lhs018,lhs,6446.409531533336,0.015475666168050357,0.9422908135560717,0.5048697512476029,40,100,optimal,27.481869665908462,26,7,4.714285714285714,optimal,21.678500859543814,15,5,4.0,optimal,10.616034379251431,4,2,3.0,0.050276352689897476,0.12331143269440609,changed,served_and_memory,2.0381337830289965,0.6260949442116868,0.4076267566057993,0.5769230769230769,11,0,-11,-2,0,3,0.0,14.6,0.3777937375222513,changed,served_and_memory,73.59482013581339,11.05847881593387,36.797410067906696,0.15384615384615385,22,0,-22,-5,0,2,0.0,60.5,3.626024184155007
published,lhs018,lhs,6446.409531533336,0.015475666168050357,0.9422908135560717,0.5048697512476029,30,100,optimal,27.481869665908462,26,7,4.714285714285714,optimal,21.678500859543814,15,5,4.0,optimal,10.616034379251431,4,2,3.0,0.050276352689897476,0.12331143269440609,changed,served_and_memory,2.0381337830289965,0.6260949442116868,0.4076267566057993,0.5769230769230769,11,0,-11,-2,0,3,0.0,14.6,0.3777937375222513,changed,served_and_memory,73.59482013581339,11.05847881593387,36.797410067906696,0.15384615384615385,22,0,-22,-5,0,2,0.0,60.5,3.626024184155007
published,lhs018,lhs,6446.409531533336,0.015475666168050357,0.9422908135560717,0.5048697512476029,20,100,optimal,27.446393964465997,20,6,4.333333333333333,optimal,21.678500859543814,15,5,4.0,optimal,10.616034379251431,4,2,3.0,0.0640270900528647,0.13038656197151804,changed,served_and_memory,0.7004787341306411,0.5906192427692218,0.14009574682612821,0.75,5,0,-5,-1,0,1,0.0,9.6,0.18868329432672654,changed,served_and_memory,48.87187495837392,11.023003114491406,24.43593747918696,0.2,16,0,-16,-4,0,2,0.0,60.5,3.5909277864283853
published,lhs018,lhs,6446.409531533336,0.015475666168050357,0.9422908135560717,0.5048697512476029,15,100,optimal,26.855774721696775,15,5,4.0,optimal,21.678500859543814,15,5,4.0,optimal,10.616034379251431,4,2,3.0,0.050276352689897476,0.23713737056616555,tie,,0.0,0.0,0.0,1.0,0,0,0,0,0,2,0.0,0.0,1.1102230246251565e-16,changed,served_and_memory,29.96466881243874,10.432383871722184,14.98233440621937,0.26666666666666666,11,0,-11,-3,0,1,0.0,24.0,1.13520263013472
published,lhs018,lhs,6446.409531533336,0.015475666168050357,0.9422908135560717,0.5048697512476029,10,100,optimal,22.279586611961058,7,3,3.3333333333333335,optimal,19.481127298043887,7,3,3.3333333333333335,optimal,10.616034379251431,4,2,3.0,0.23713737056616555,0.46415888336127825,identical,,0.0,0.0,0.0,1.0,0,0,0,0,0,0,0.0,0.0,0.0,changed,served_set_only,1.0368345554576237,5.856195761986466,0.5184172777288119,0.5714285714285714,3,0,-3,-1,0,0,0.0,0.0,0.0
published,lhs018,lhs,6446.409531533336,0.015475666168050357,0.9422908135560717,0.5048697512476029,6,100,optimal,16.42339084997459,4,2,3.0,optimal,14.682141452796625,4,2,3.0,optimal,10.616034379251431,4,2,3.0,0.46415888336127825,0.5356805395261334,identical,,0.0,0.0,0.0,1.0,0,0,0,0,0,0,0.0,0.0,0.0,identical,,0.0,0.0,0.0,1.0,0,0,0,0,0,0,0.0,0.0,0.0
published,lhs019,lhs,12139.376089962501,0.003012323278357215,0.950877103574053,0.7437403969713839,1000000,100,optimal,29.24281511188705,7,3,3.3333333333333335,optimal,26.44435579796988,7,3,3.3333333333333335,optimal,16.542428323719804,7,3,3.3333333333333335,0.23713737056616555,0.46415888336127825,identical,,0.0,0.0,0.0,1.0,0,0,0,0,0,0,0.0,0.0,0.0,identical,,0.0,0.0,0.0,1.0,0,0,0,0,0,0,0.0,0.0,0.0
published,lhs019,lhs,12139.376089962501,0.003012323278357215,0.950877103574053,0.7437403969713839,40,100,optimal,29.24281511188705,7,3,3.3333333333333335,optimal,26.44435579796988,7,3,3.3333333333333335,optimal,16.542428323719804,7,3,3.3333333333333335,0.23713737056616555,0.46415888336127825,identical,,0.0,0.0,0.0,1.0,0,0,0,0,0,0,0.0,0.0,0.0,identical,,0.0,0.0,0.0,1.0,0,0,0,0,0,0,0.0,0.0,0.0
published,lhs019,lhs,12139.376089962501,0.003012323278357215,0.950877103574053,0.7437403969713839,30,100,optimal,29.24281511188705,7,3,3.3333333333333335,optimal,26.44435579796988,7,3,3.3333333333333335,optimal,16.542428323719804,7,3,3.3333333333333335,0.23713737056616555,0.46415888336127825,identical,,0.0,0.0,0.0,1.0,0,0,0,0,0,0,0.0,0.0,0.0,identical,,0.0,0.0,0.0,1.0,0,0,0,0,0,0,0.0,0.0,0.0
published,lhs019,lhs,12139.376089962501,0.003012323278357215,0.950877103574053,0.7437403969713839,20,100,optimal,29.24281511188705,7,3,3.3333333333333335,optimal,26.44435579796988,7,3,3.3333333333333335,optimal,16.542428323719804,7,3,3.3333333333333335,0.23713737056616555,0.46415888336127825,identical,,0.0,0.0,0.0,1.0,0,0,0,0,0,0,0.0,0.0,0.0,identical,,0.0,0.0,0.0,1.0,0,0,0,0,0,0,0.0,0.0,0.0
published,lhs019,lhs,12139.376089962501,0.003012323278357215,0.950877103574053,0.7437403969713839,15,100,optimal,29.24281511188705,7,3,3.3333333333333335,optimal,26.44435579796988,7,3,3.3333333333333335,optimal,16.542428323719804,7,3,3.3333333333333335,0.23713737056616555,0.46415888336127825,identical,,0.0,0.0,0.0,1.0,0,0,0,0,0,0,0.0,0.0,0.0,identical,,0.0,0.0,0.0,1.0,0,0,0,0,0,0,0.0,0.0,0.0
published,lhs019,lhs,12139.376089962501,0.003012323278357215,0.950877103574053,0.7437403969713839,10,100,optimal,29.24281511188705,7,3,3.3333333333333335,optimal,26.44435579796988,7,3,3.3333333333333335,optimal,16.542428323719804,7,3,3.3333333333333335,0.23713737056616555,0.46415888336127825,identical,,0.0,0.0,0.0,1.0,0,0,0,0,0,0,0.0,0.0,0.0,identical,,0.0,0.0,0.0,1.0,0,0,0,0,0,0,0.0,0.0,0.0
published,lhs019,lhs,12139.376089962501,0.003012323278357215,0.950877103574053,0.7437403969713839,6,100,optimal,22.46787773845564,6,3,3.0,optimal,20.539427137989545,6,3,3.0,optimal,14.86058408288764,4,2,3.0,0.0036869450645195738,0.23713737056616555,identical,,0.0,0.0,0.0,1.0,0,0,0,0,0,0,0.0,0.0,0.0,changed,routing,3.5786302247922457,1.7999371848448433,1.7893151123961228,0.42857142857142855,3,1,-2,-1,1,0,0.5,0.0,2.711007704970846
published,lhs020,lhs,55899.596717166205,0.0025922500680263436,0.9652705308068588,0.938006302238864,1000000,100,optimal,26.704910688441178,4,2,3.0,optimal,24.963661291263215,4,2,3.0,optimal,20.897554217718017,4,2,3.0,0.46415888336127825,0.5356805395261334,identical,,0.0,0.0,0.0,1.0,0,0,0,0,0,0,0.0,0.0,0.0,identical,,0.0,0.0,0.0,1.0,0,0,0,0,0,0,0.0,0.0,0.0
published,lhs020,lhs,55899.596717166205,0.0025922500680263436,0.9652705308068588,0.938006302238864,40,100,optimal,26.704910688441178,4,2,3.0,optimal,24.963661291263215,4,2,3.0,optimal,20.897554217718017,4,2,3.0,0.46415888336127825,0.5356805395261334,identical,,0.0,0.0,0.0,1.0,0,0,0,0,0,0,0.0,0.0,0.0,identical,,0.0,0.0,0.0,1.0,0,0,0,0,0,0,0.0,0.0,0.0
published,lhs020,lhs,55899.596717166205,0.0025922500680263436,0.9652705308068588,0.938006302238864,30,100,optimal,26.704910688441178,4,2,3.0,optimal,24.963661291263215,4,2,3.0,optimal,20.897554217718017,4,2,3.0,0.46415888336127825,0.5356805395261334,identical,,0.0,0.0,0.0,1.0,0,0,0,0,0,0,0.0,0.0,0.0,identical,,0.0,0.0,0.0,1.0,0,0,0,0,0,0,0.0,0.0,0.0
published,lhs020,lhs,55899.596717166205,0.0025922500680263436,0.9652705308068588,0.938006302238864,20,100,optimal,26.704910688441178,4,2,3.0,optimal,24.963661291263215,4,2,3.0,optimal,20.897554217718017,4,2,3.0,0.46415888336127825,0.5356805395261334,identical,,0.0,0.0,0.0,1.0,0,0,0,0,0,0,0.0,0.0,0.0,identical,,0.0,0.0,0.0,1.0,0,0,0,0,0,0,0.0,0.0,0.0
published,lhs020,lhs,55899.596717166205,0.0025922500680263436,0.9652705308068588,0.938006302238864,15,100,optimal,26.704910688441178,4,2,3.0,optimal,24.963661291263215,4,2,3.0,optimal,20.897554217718017,4,2,3.0,0.46415888336127825,0.5356805395261334,identical,,0.0,0.0,0.0,1.0,0,0,0,0,0,0,0.0,0.0,0.0,identical,,0.0,0.0,0.0,1.0,0,0,0,0,0,0,0.0,0.0,0.0
published,lhs020,lhs,55899.596717166205,0.0025922500680263436,0.9652705308068588,0.938006302238864,10,100,optimal,26.704910688441178,4,2,3.0,optimal,24.963661291263215,4,2,3.0,optimal,20.897554217718017,4,2,3.0,0.46415888336127825,0.5356805395261334,identical,,0.0,0.0,0.0,1.0,0,0,0,0,0,0,0.0,0.0,0.0,identical,,0.0,0.0,0.0,1.0,0,0,0,0,0,0,0.0,0.0,0.0
published,lhs020,lhs,55899.596717166205,0.0025922500680263436,0.9652705308068588,0.938006302238864,6,100,optimal,26.704910688441178,4,2,3.0,optimal,24.963661291263215,4,2,3.0,optimal,20.897554217718017,4,2,3.0,0.46415888336127825,0.5356805395261334,identical,,0.0,0.0,0.0,1.0,0,0,0,0,0,0,0.0,0.0,0.0,identical,,0.0,0.0,0.0,1.0,0,0,0,0,0,0,0.0,0.0,0.0
published,lhs021,lhs,125318.23272460494,0.006052523585295328,0.9975089537935724,0.6310538535746077,1000000,100,optimal,86.31065370957893,39,9,5.333333333333333,optimal,75.65541044444367,39,9,5.333333333333333,optimal,26.480702143220846,7,3,3.3333333333333335,0.06044547074134525,0.09682853110646922,tie,,1.4210854715202004e-14,0.0,1.578983857244667e-15,1.0,0,0,0,0,0,2,0.0,0.0,3.700743415417188e-17,changed,served_and_memory,82.84765290191704,47.12956477819084,27.615884300639014,0.1794871794871795,32,0,-32,-6,0,3,0.0,64.66666666666667,4.4104326949904875
published,lhs021,lhs,125318.23272460494,0.006052523585295328,0.9975089537935724,0.6310538535746077,40,100,optimal,86.31065370957893,39,9,5.333333333333333,optimal,75.65541044444367,39,9,5.333333333333333,optimal,26.480702143220846,7,3,3.3333333333333335,0.06044547074134525,0.09682853110646922,tie,,1.4210854715202004e-14,0.0,1.578983857244667e-15,1.0,0,0,0,0,0,2,0.0,0.0,3.700743415417188e-17,changed,served_and_memory,82.84765290191704,47.12956477819084,27.615884300639014,0.1794871794871795,32,0,-32,-6,0,3,0.0,64.66666666666667,4.4104326949904875
published,lhs021,lhs,125318.23272460494,0.006052523585295328,0.9975089537935724,0.6310538535746077,30,100,optimal,77.73100481451323,29,8,5.375,optimal,68.47722438908535,29,8,5.375,optimal,26.480702143220846,7,3,3.3333333333333335,0.05387208250415978,0.11986246594997996,tie,,1.4210854715202004e-14,0.0,1.7763568394002505e-15,1.0,0,0,0,0,0,4,0.0,0.0,0.0,changed,served_and_memory,64.60207887996509,38.54991588312514,21.5340262933217,0.2413793103448276,22,0,-22,-5,0,3,0.0,73.0,5.6149794621844755
published,lhs021,lhs,125318.23272460494,0.006052523585295328,0.9975089537935724,0.6310538535746077,20,100,optimal,64.4545857051939,20,6,4.333333333333333,optimal,57.986213866141085,20,6,4.333333333333333,optimal,26.480702143220846,7,3,3.3333333333333335,0.0640270900528647,0.13038656197151804,tie,,0.0,0.0,0.0,1.0,0,0,0,0,0,2,0.0,0.0,-1.1102230246251565e-16,changed,served_and_memory,27.728350981615435,25.273496773805817,9.242783660538478,0.35,13,0,-13,-3,0,2,0.0,40.333333333333336,2.3939518576189234
published,lhs021,lhs,125318.23272460494,0.006052523585295328,0.9975089537935724,0.6310538535746077,15,100,optimal,56.79218004973855,15,5,4.0,optimal,51.61490618758559,15,5,4.0,optimal,26.480702143220846,7,3,3.3333333333333335,0.08153869645085443,0.16394459283656687,identical,,0.0,0.0,0.0,1.0,0,0,0,0,0,0,0.0,0.0,0.0,changed,served_and_memory,13.855472243212892,17.61109111835046,4.6184907477376305,0.4666666666666667,8,0,-8,-2,0,1,0.0,24.333333333333332,1.5982371772444528
published,lhs021,lhs,125318.23272460494,0.006052523585295328,0.9975089537935724,0.6310538535746077,10,100,optimal,48.098192955482695,10,5,4.2,optimal,43.35381872825902,10,5,4.2,optimal,26.480702143220846,7,3,3.3333333333333335,0.0005623413251903491,0.15703748946090484,tie,,7.105427357601002e-15,0.0,1.4210854715202005e-15,1.0,0,0,0,0,0,2,0.0,0.0,6.661338147750939e-17,changed,routing,29.515598453050593,8.917104024094606,9.83853281768353,0.4166666666666667,5,2,-3,-2,1,1,0.6666666666666666,24.333333333333332,5.3634939553909975
published,lhs021,lhs,125318.23272460494,0.006052523585295328,0.9975089537935724,0.6310538535746077,6,100,optimal,32.48887641850378,6,3,3.0,optimal,30.56042581803769,6,3,3.0,optimal,21.536090694227347,4,2,3.0,0.0036869450645195738,0.23713737056616555,identical,,0.0,0.0,0.0,1.0,0,0,0,0,0,0,0.0,0.0,0.0,changed,routing,0.23313815608381105,5.145429253553271,0.11656907804190553,0.42857142857142855,3,1,-2,-1,1,0,0.5,0.0,2.5924897015395723
published,lhs022,lhs,7804.387588399056,0.04661650289400814,0.9431074626328709,0.7163797961053755,1000000,100,optimal,52.11873114566341,53,11,5.818181818181818,optimal,38.58118367470733,53,11,5.818181818181818,optimal,13.970505908067771,7,3,3.3333333333333335,0.03319923187926317,0.0640270900528647,tie,,7.105427357601002e-15,-7.105427357601002e-15,6.459479416000911e-16,1.0,0,0,0,0,0,6,0.0,0.0,1.0092936587501423e-17,changed,served_and_memory,169.5169310241788,25.44783844942839,56.505643674726265,0.1320754716981132,46,0,-46,-8,0,3,0.0,73.0,5.6149794621844755
published,lhs022,lhs,7804.387588399056,0.04661650289400814,0.9431074626328709,0.7163797961053755,40,100,optimal,48.217686970824296,40,10,5.9,optimal,37.437929181125014,39,9,5.333333333333333,optimal,13.970505908067771,7,3,3.3333333333333335,0.05387208250415978,0.07278289325185956,changed,served_set_only,1.4396268580722733,0.12451452456402023,0.15995853978580815,0.975,1,0,-1,-1,0,0,0.0,0.0,0.0,changed,served_and_memory,150.09935783188993,21.546794274589274,50.03311927729664,0.175,33,0,-33,-7,0,3,0.0,64.66666666666667,4.750146439878756
published,lhs022,lhs,7804.387588399056,0.04661650289400814,0.9431074626328709,0.7163797961053755,30,100,optimal,44.04030799735384,28,9,5.888888888888889,optimal,34.81051810526032,26,7,4.714285714285714,optimal,13.970505908067771,7,3,3.3333333333333335,0.06044547074134525,0.09682853110646922,changed,routing,1.498085981390659,1.3882873026998794,0.21401228305580844,0.5882352941176471,8,6,-2,-2,1,5,-0.2857142857142857,10.428571428571429,0.36450115005860767,changed,served_and_memory,124.54009066368138,17.36941530111882,41.51336355456046,0.25,21,0,-21,-6,0,3,0.0,73.0,5.6149794621844755
published,lhs022,lhs,7804.387588399056,0.04661650289400814,0.9431074626328709,0.7163797961053755,20,100,optimal,39.800291350719746,18,7,5.428571428571429,optimal,32.81505856223838,20,6,4.333333333333333,optimal,13.970505908067771,7,3,3.3333333333333335,0.0640270900528647,0.15703748946090484,changed,routing,0.8448698953787108,0.5168609494285477,0.14081164922978515,0.7272727272727273,2,4,2,-1,1,2,-0.5,0.0,0.1308880749258962,changed,served_and_memory,72.27386638673946,13.129398654484724,24.091288795579818,0.3888888888888889,11,0,-11,-4,0,2,0.0,40.333333333333336,2.3939518576189234
published,lhs022,lhs,7804.387588399056,0.04661650289400814,0.9431074626328709,0.7163797961053755,15,100,optimal,35.87091286591282,15,5,4.0,optimal,30.693639003759866,15,5,4.0,optimal,13.970505908067771,7,3,3.3333333333333335,0.050276352689897476,0.16394459283656687,tie,,-3.552713678800501e-15,-7.105427357601002e-15,-7.105427357601002e-16,1.0,0,0,0,0,0,2,0.0,0.0,-6.661338147750939e-17,changed,served_and_memory,22.3678316377782,9.2000201696778,7.4559438792594,0.4666666666666667,8,0,-8,-2,0,1,0.0,24.333333333333332,1.5982371772444528
published,lhs022,lhs,7804.387588399056,0.04661650289400814,0.9431074626328709,0.7163797961053755,10,100,optimal,26.983808521524193,10,5,4.2,optimal,23.872433382317848,7,3,3.3333333333333335,optimal,13.970505908067771,7,3,3.3333333333333335,0.0005623413251903491,0.15703748946090484,changed,routing,1.6329990880173284,0.3129158252891706,0.5443330293391094,0.4166666666666667,5,2,-3,-2,1,1,0.6666666666666666,24.333333333333332,3.058133465755247,changed,routing,38.11978665185602,0.3129158252891706,12.706595550618673,0.4166666666666667,5,2,-3,-2,1,1,0.6666666666666666,24.333333333333332,5.485468302809669
published,lhs022,lhs,7804.387588399056,0.04661650289400814,0.9431074626328709,0.7163797961053755,6,100,optimal,19.98017260235403,6,3,3.0,optimal,18.051722001887935,6,3,3.0,optimal,13.204556293685854,4,2,3.0,0.0036869450645195738,0.23713737056616555,identical,,0.0,0.0,0.0,1.0,0,0,0,0,0,0,0.0,0.0,0.0,changed,routing,4.410307571692069,0.9682598379450162,2.2051537858460346,0.42857142857142855,3,1,-2,-1,1,0,0.5,0.0,2.6839704621035763
published,lhs023,lhs,18226.574840627403,0.003508990818421679,0.9395313135413971,0.7065335582828588,1000000,100,optimal,30.0687596896366,7,3,3.3333333333333335,optimal,27.270300375719426,7,3,3.3333333333333335,optimal,17.368372901469346,7,3,3.3333333333333335,0.23713737056616555,0.46415888336127825,identical,,0.0,0.0,0.0,1.0,0,0,0,0,0,0,0.0,0.0,0.0,identical,,0.0,0.0,0.0,1.0,0,0,0,0,0,0,0.0,0.0,0.0
published,lhs023,lhs,18226.574840627403,0.003508990818421679,0.9395313135413971,0.7065335582828588,40,100,optimal,30.0687596896366,7,3,3.3333333333333335,optimal,27.270300375719426,7,3,3.3333333333333335,optimal,17.368372901469346,7,3,3.3333333333333335,0.23713737056616555,0.46415888336127825,identical,,0.0,0.0,0.0,1.0,0,0,0,0,0,0,0.0,0.0,0.0,identical,,0.0,0.0,0.0,1.0,0,0,0,0,0,0,0.0,0.0,0.0
published,lhs023,lhs,18226.574840627403,0.003508990818421679,0.9395313135413971,0.7065335582828588,30,100,optimal,30.0687596896366,7,3,3.3333333333333335,optimal,27.270300375719426,7,3,3.3333333333333335,optimal,17.368372901469346,7,3,3.3333333333333335,0.23713737056616555,0.46415888336127825,identical,,0.0,0.0,0.0,1.0,0,0,0,0,0,0,0.0,0.0,0.0,identical,,0.0,0.0,0.0,1.0,0,0,0,0,0,0,0.0,0.0,0.0
published,lhs023,lhs,18226.574840627403,0.003508990818421679,0.9395313135413971,0.7065335582828588,20,100,optimal,30.0687596896366,7,3,3.3333333333333335,optimal,27.270300375719426,7,3,3.3333333333333335,optimal,17.368372901469346,7,3,3.3333333333333335,0.23713737056616555,0.46415888336127825,identical,,0.0,0.0,0.0,1.0,0,0,0,0,0,0,0.0,0.0,0.0,identical,,0.0,0.0,0.0,1.0,0,0,0,0,0,0,0.0,0.0,0.0
published,lhs023,lhs,18226.574840627403,0.003508990818421679,0.9395313135413971,0.7065335582828588,15,100,optimal,30.0687596896366,7,3,3.3333333333333335,optimal,27.270300375719426,7,3,3.3333333333333335,optimal,17.368372901469346,7,3,3.3333333333333335,0.23713737056616555,0.46415888336127825,identical,,0.0,0.0,0.0,1.0,0,0,0,0,0,0,0.0,0.0,0.0,identical,,0.0,0.0,0.0,1.0,0,0,0,0,0,0,0.0,0.0,0.0
published,lhs023,lhs,18226.574840627403,0.003508990818421679,0.9395313135413971,0.7065335582828588,10,100,optimal,30.0687596896366,7,3,3.3333333333333335,optimal,27.270300375719426,7,3,3.3333333333333335,optimal,17.368372901469346,7,3,3.3333333333333335,0.23713737056616555,0.46415888336127825,identical,,0.0,0.0,0.0,1.0,0,0,0,0,0,0,0.0,0.0,0.0,identical,,0.0,0.0,0.0,1.0,0,0,0,0,0,0,0.0,0.0,0.0
published,lhs023,lhs,18226.574840627403,0.003508990818421679,0.9395313135413971,0.7065335582828588,6,100,optimal,23.412424181034567,6,3,3.0,optimal,21.48397358056847,6,3,3.0,optimal,15.494101075796948,4,2,3.0,0.0036869450645195738,0.23713737056616555,identical,,0.0,0.0,0.0,1.0,0,0,0,0,0,0,0.0,0.0,0.0,changed,routing,3.2676007751226273,2.110966634514458,1.6338003875613136,0.42857142857142855,3,1,-2,-1,1,0,0.5,0.0,2.6739871801491253
published,lhs024,lhs,4790.736209824707,0.008017270466941315,0.9642639297742758,0.5561160684323815,1000000,100,optimal,31.630475254249163,39,9,5.333333333333333,optimal,23.34006238372993,20,6,4.333333333333333,optimal,10.771845728984683,4,2,3.0,0.05387208250415978,0.09682853110646922,changed,served_and_memory,2.3648303946160283,1.8220410314664122,0.3941383991026714,0.5128205128205128,19,0,-19,-3,0,1,0.0,12.166666666666666,0.31482811460187604,changed,served_and_memory,120.04211894436132,15.05127305454132,60.02105947218066,0.10256410256410256,35,0,-35,-7,0,2,0.0,73.0,4.888177319886966
published,lhs024,lhs,4790.736209824707,0.008017270466941315,0.9642639297742758,0.5561160684323815,40,100,optimal,31.630475254249166,39,9,5.333333333333333,optimal,23.34006238372993,20,6,4.333333333333333,optimal,10.771845728984683,4,2,3.0,0.05387208250415978,0.08153869645085443,changed,served_and_memory,2.364830394616032,1.8220410314664157,0.39413839910267195,0.5128205128205128,19,0,-19,-3,0,5,0.0,12.166666666666666,0.31482811460187604,changed,served_and_memory,122.8680554414966,15.051273054541323,61.4340277207483,0.10256410256410256,35,0,-35,-7,0,2,0.0,60.5,3.590927786428385
published,lhs024,lhs,4790.736209824707,0.008017270466941315,0.9642639297742758,0.5561160684323815,30,100,optimal,30.91924498592489,26,7,4.714285714285714,optimal,23.34006238372993,20,6,4.333333333333333,optimal,10.771845728984683,4,2,3.0,0.05387208250415978,0.12331143269440609,changed,served_set_only,0.2623199871986799,1.1108107631421404,0.04371999786644665,0.7692307692307693,6,0,-6,-1,0,0,0.0,0.0,0.0,changed,served_and_memory,68.27579716037673,14.340042786217047,34.13789858018836,0.15384615384615385,22,0,-22,-5,0,2,0.0,73.0,4.888177319886966
published,lhs024,lhs,4790.736209824707,0.008017270466941315,0.9642639297742758,0.5561160684323815,20,100,optimal,29.80843422278275,20,6,4.333333333333333,optimal,23.34006238372993,20,6,4.333333333333333,optimal,10.771845728984683,4,2,3.0,0.050276352689897476,0.141180193984225,tie,,0.0,0.0,0.0,1.0,0,0,0,0,0,4,0.0,0.0,-3.700743415417188e-17,changed,served_and_memory,43.94099799854783,13.229232023074907,21.970498999273914,0.2,16,0,-16,-4,0,2,0.0,73.0,4.888177319886966
published,lhs024,lhs,4790.736209824707,0.008017270466941315,0.9642639297742758,0.5561160684323815,15,100,optimal,28.415416163612466,15,5,4.0,optimal,23.238142301459504,15,5,4.0,optimal,10.771845728984683,4,2,3.0,0.050276352689897476,0.23713737056616555,identical,,0.0,0.0,0.0,1.0,0,0,0,0,0,0,0.0,0.0,0.0,changed,served_and_memory,28.560838720256303,11.836213963904623,14.280419360128151,0.26666666666666666,11,0,-11,-3,0,1,0.0,24.0,1.13520263013472
published,lhs024,lhs,4790.736209824707,0.008017270466941315,0.9642639297742758,0.5561160684323815,10,100,optimal,22.743064226079383,7,3,3.3333333333333335,optimal,19.944604912162212,7,3,3.3333333333333335,optimal,10.771845728984683,4,2,3.0,0.23713737056616555,0.46415888336127825,identical,,0.0,0.0,0.0,1.0,0,0,0,0,0,0,0.0,0.0,0.0,changed,served_set_only,0.7291682910725505,6.16386202637154,0.3645841455362753,0.5714285714285714,3,0,-3,-1,0,0,0.0,0.0,0.0
published,lhs024,lhs,4790.736209824707,0.008017270466941315,0.9642639297742758,0.5561160684323815,6,100,optimal,16.579202199707844,4,2,3.0,optimal,14.837952802529879,4,2,3.0,optimal,10.771845728984683,4,2,3.0,0.46415888336127825,0.5356805395261334,identical,,0.0,0.0,0.0,1.0,0,0,0,0,0,0,0.0,0.0,0.0,identical,,0.0,0.0,0.0,1.0,0,0,0,0,0,0,0.0,0.0,0.0
published,lhs025,lhs,1667.4084333327887,0.002763358321097805,0.9874550722896096,0.8503714041977402,1000000,100,optimal,16.422496551104437,4,2,3.0,optimal,14.68124715392647,4,2,3.0,optimal,10.615140080381277,4,2,3.0,0.46415888336127825,0.5356805395261334,identical,,0.0,0.0,0.0,1.0,0,0,0,0,0,0,0.0,0.0,0.0,identical,,0.0,0.0,0.0,1.0,0,0,0,0,0,0,0.0,0.0,0.0
published,lhs025,lhs,1667.4084333327887,0.002763358321097805,0.9874550722896096,0.8503714041977402,40,100,optimal,16.422496551104437,4,2,3.0,optimal,14.68124715392647,4,2,3.0,optimal,10.615140080381277,4,2,3.0,0.46415888336127825,0.5356805395261334,identical,,0.0,0.0,0.0,1.0,0,0,0,0,0,0,0.0,0.0,0.0,identical,,0.0,0.0,0.0,1.0,0,0,0,0,0,0,0.0,0.0,0.0
published,lhs025,lhs,1667.4084333327887,0.002763358321097805,0.9874550722896096,0.8503714041977402,30,100,optimal,16.422496551104437,4,2,3.0,optimal,14.68124715392647,4,2,3.0,optimal,10.615140080381277,4,2,3.0,0.46415888336127825,0.5356805395261334,identical,,0.0,0.0,0.0,1.0,0,0,0,0,0,0,0.0,0.0,0.0,identical,,0.0,0.0,0.0,1.0,0,0,0,0,0,0,0.0,0.0,0.0
published,lhs025,lhs,1667.4084333327887,0.002763358321097805,0.9874550722896096,0.8503714041977402,20,100,optimal,16.422496551104437,4,2,3.0,optimal,14.68124715392647,4,2,3.0,optimal,10.615140080381277,4,2,3.0,0.46415888336127825,0.5356805395261334,identical,,0.0,0.0,0.0,1.0,0,0,0,0,0,0,0.0,0.0,0.0,identical,,0.0,0.0,0.0,1.0,0,0,0,0,0,0,0.0,0.0,0.0
published,lhs025,lhs,1667.4084333327887,0.002763358321097805,0.9874550722896096,0.8503714041977402,15,100,optimal,16.422496551104437,4,2,3.0,optimal,14.68124715392647,4,2,3.0,optimal,10.615140080381277,4,2,3.0,0.46415888336127825,0.5356805395261334,identical,,0.0,0.0,0.0,1.0,0,0,0,0,0,0,0.0,0.0,0.0,identical,,0.0,0.0,0.0,1.0,0,0,0,0,0,0,0.0,0.0,0.0
published,lhs025,lhs,1667.4084333327887,0.002763358321097805,0.9874550722896096,0.8503714041977402,10,100,optimal,16.422496551104437,4,2,3.0,optimal,14.68124715392647,4,2,3.0,optimal,10.615140080381277,4,2,3.0,0.46415888336127825,0.5356805395261334,identical,,0.0,0.0,0.0,1.0,0,0,0,0,0,0,0.0,0.0,0.0,identical,,0.0,0.0,0.0,1.0,0,0,0,0,0,0,0.0,0.0,0.0
published,lhs025,lhs,1667.4084333327887,0.002763358321097805,0.9874550722896096,0.8503714041977402,6,100,optimal,16.422496551104437,4,2,3.0,optimal,14.68124715392647,4,2,3.0,optimal,10.615140080381277,4,2,3.0,0.46415888336127825,0.5356805395261334,identical,,0.0,0.0,0.0,1.0,0,0,0,0,0,0,0.0,0.0,0.0,identical,,0.0,0.0,0.0,1.0,0,0,0,0,0,0,0.0,0.0,0.0
published,lhs026,lhs,7945.169251963488,0.0014347227053247721,0.9979628923944583,0.7762172770941398,1000000,100,optimal,0.0,0,0,,optimal,0.0,0,0,,optimal,0.0,0,0,,,,identical,,0.0,0.0,0.0,1.0,0,0,0,0,0,0,,,,identical,,0.0,0.0,0.0,1.0,0,0,0,0,0,0,,,
published,lhs026,lhs,7945.169251963488,0.0014347227053247721,0.9979628923944583,0.7762172770941398,40,100,optimal,0.0,0,0,,optimal,0.0,0,0,,optimal,0.0,0,0,,,,identical,,0.0,0.0,0.0,1.0,0,0,0,0,0,0,,,,identical,,0.0,0.0,0.0,1.0,0,0,0,0,0,0,,,
published,lhs026,lhs,7945.169251963488,0.0014347227053247721,0.9979628923944583,0.7762172770941398,30,100,optimal,0.0,0,0,,optimal,0.0,0,0,,optimal,0.0,0,0,,,,identical,,0.0,0.0,0.0,1.0,0,0,0,0,0,0,,,,identical,,0.0,0.0,0.0,1.0,0,0,0,0,0,0,,,
published,lhs026,lhs,7945.169251963488,0.0014347227053247721,0.9979628923944583,0.7762172770941398,20,100,optimal,0.0,0,0,,optimal,0.0,0,0,,optimal,0.0,0,0,,,,identical,,0.0,0.0,0.0,1.0,0,0,0,0,0,0,,,,identical,,0.0,0.0,0.0,1.0,0,0,0,0,0,0,,,
published,lhs026,lhs,7945.169251963488,0.0014347227053247721,0.9979628923944583,0.7762172770941398,15,100,optimal,0.0,0,0,,optimal,0.0,0,0,,optimal,0.0,0,0,,,,identical,,0.0,0.0,0.0,1.0,0,0,0,0,0,0,,,,identical,,0.0,0.0,0.0,1.0,0,0,0,0,0,0,,,
published,lhs026,lhs,7945.169251963488,0.0014347227053247721,0.9979628923944583,0.7762172770941398,10,100,optimal,0.0,0,0,,optimal,0.0,0,0,,optimal,0.0,0,0,,,,identical,,0.0,0.0,0.0,1.0,0,0,0,0,0,0,,,,identical,,0.0,0.0,0.0,1.0,0,0,0,0,0,0,,,
published,lhs026,lhs,7945.169251963488,0.0014347227053247721,0.9979628923944583,0.7762172770941398,6,100,optimal,0.0,0,0,,optimal,0.0,0,0,,optimal,0.0,0,0,,,,identical,,0.0,0.0,0.0,1.0,0,0,0,0,0,0,,,,identical,,0.0,0.0,0.0,1.0,0,0,0,0,0,0,,,
published,lhs027,lhs,31640.157169822487,0.024173710712703585,0.9224896851158778,0.9177600687931812,1000000,100,optimal,85.45390299919167,53,11,5.818181818181818,optimal,71.91635552823558,53,11,5.818181818181818,optimal,21.722489259452136,7,3,3.3333333333333335,0.030017743045081,0.08153869645085443,tie,,0.0,0.0,0.0,1.0,0,0,0,0,0,2,0.0,0.0,3.027880976250427e-17,changed,served_and_memory,143.84927702850038,51.03102695157229,47.94975900950013,0.1320754716981132,46,0,-46,-8,0,3,0.0,73.0,5.6149794621844755
published,lhs027,lhs,31640.157169822487,0.024173710712703585,0.9224896851158778,0.9177600687931812,40,100,optimal,77.5106161915746,38,10,6.1,optimal,65.42541871507906,38,10,6.1,optimal,21.722489259452136,7,3,3.3333333333333335,0.04279211619645008,0.09897609782820413,identical,,0.0,0.0,0.0,1.0,0,0,0,0,0,0,0.0,0.0,0.0,changed,served_and_memory,121.43716283983322,43.087740143955216,40.47905427994441,0.18421052631578946,31,0,-31,-7,0,3,0.0,73.0,5.6149794621844755
published,lhs027,lhs,31640.157169822487,0.024173710712703585,0.9224896851158778,0.9177600687931812,30,100,optimal,67.49837375139315,29,8,5.375,optimal,58.24459332596523,29,8,5.375,optimal,21.722489259452136,7,3,3.3333333333333335,0.06044547074134525,0.09264616841461812,tie,,0.0,1.4210854715202004e-14,0.0,1.0,0,0,0,0,0,4,0.0,0.0,8.326672684688674e-17,changed,served_and_memory,76.30987050119826,33.07549770377376,25.43662350039942,0.2413793103448276,22,0,-22,-5,0,3,0.0,56.333333333333336,3.568997271169182
published,lhs027,lhs,31640.157169822487,0.024173710712703585,0.9224896851158778,0.9177600687931812,20,100,optimal,59.9312454091581,18,7,5.428571428571429,optimal,52.101142725298004,18,7,5.428571428571429,optimal,21.722489259452136,7,3,3.3333333333333335,0.0640270900528647,0.12532289850754513,tie,,0.0,7.105427357601002e-15,0.0,1.0,0,0,0,0,0,4,0.0,0.0,-1.1102230246251565e-16,changed,served_and_memory,59.58930606652183,25.50836936153872,19.863102022173944,0.3888888888888889,11,0,-11,-4,0,2,0.0,48.666666666666664,3.2587848799246437
published,lhs027,lhs,31640.157169822487,0.024173710712703585,0.9224896851158778,0.9177600687931812,15,100,optimal,49.583970926509046,15,5,4.0,optimal,44.40669706435608,15,5,4.0,optimal,21.722489259452136,7,3,3.3333333333333335,0.050276352689897476,0.16394459283656687,tie,,0.0,0.0,0.0,1.0,0,0,0,0,0,2,0.0,0.0,-2.2204460492503132e-17,changed,served_and_memory,16.40675692856635,15.161094878889664,5.468918976188783,0.4666666666666667,8,0,-8,-2,0,1,0.0,24.333333333333332,1.5982371772444528
published,lhs027,lhs,31640.157169822487,0.024173710712703585,0.9224896851158778,0.9177600687931812,10,100,optimal,40.48264335549302,10,5,4.2,optimal,35.73826912826934,10,5,4.2,optimal,21.722489259452136,7,3,3.3333333333333335,0.0005623413251903491,0.15703748946090484,identical,,0.0,0.0,0.0,1.0,0,0,0,0,0,0,0.0,0.0,0.0,changed,routing,34.89328205324317,6.059767307873635,11.631094017747722,0.4166666666666667,5,2,-3,-2,1,1,0.6666666666666666,24.333333333333332,5.723729894404575
published,lhs027,lhs,31640.157169822487,0.024173710712703585,0.9224896851158778,0.9177600687931812,6,100,optimal,27.463311421500993,6,3,3.0,optimal,25.534860821034904,6,3,3.0,optimal,18.20421104373269,4,2,3.0,0.0036869450645195738,0.23713737056616555,identical,,0.0,0.0,0.0,1.0,0,0,0,0,0,0,0.0,0.0,0.0,changed,routing,1.9268235025919438,3.451743907045145,0.9634117512959719,0.42857142857142855,3,1,-2,-1,1,0,0.5,0.0,2.8626666557997558
published,lhs028,lhs,2811.138654470233,0.003333888152048041,0.9973118969680667,0.7176203474661995,1000000,100,optimal,24.03865937970037,7,3,3.3333333333333335,optimal,21.2402000657832,7,3,3.3333333333333335,optimal,11.338272591533118,7,3,3.3333333333333335,0.23713737056616555,0.46415888336127825,identical,,0.0,0.0,0.0,1.0,0,0,0,0,0,0,0.0,0.0,0.0,identical,,0.0,0.0,0.0,1.0,0,0,0,0,0,0,0.0,0.0,0.0
published,lhs028,lhs,2811.138654470233,0.003333888152048041,0.9973118969680667,0.7176203474661995,40,100,optimal,24.03865937970037,7,3,3.3333333333333335,optimal,21.2402000657832,7,3,3.3333333333333335,optimal,11.338272591533118,7,3,3.3333333333333335,0.23713737056616555,0.46415888336127825,identical,,0.0,0.0,0.0,1.0,0,0,0,0,0,0,0.0,0.0,0.0,identical,,0.0,0.0,0.0,1.0,0,0,0,0,0,0,0.0,0.0,0.0
published,lhs028,lhs,2811.138654470233,0.003333888152048041,0.9973118969680667,0.7176203474661995,30,100,optimal,24.03865937970037,7,3,3.3333333333333335,optimal,21.2402000657832,7,3,3.3333333333333335,optimal,11.338272591533118,7,3,3.3333333333333335,0.23713737056616555,0.46415888336127825,identical,,0.0,0.0,0.0,1.0,0,0,0,0,0,0,0.0,0.0,0.0,identical,,0.0,0.0,0.0,1.0,0,0,0,0,0,0,0.0,0.0,0.0
published,lhs028,lhs,2811.138654470233,0.003333888152048041,0.9973118969680667,0.7176203474661995,20,100,optimal,24.03865937970037,7,3,3.3333333333333335,optimal,21.2402000657832,7,3,3.3333333333333335,optimal,11.338272591533118,7,3,3.3333333333333335,0.23713737056616555,0.46415888336127825,identical,,0.0,0.0,0.0,1.0,0,0,0,0,0,0,0.0,0.0,0.0,identical,,0.0,0.0,0.0,1.0,0,0,0,0,0,0,0.0,0.0,0.0
published,lhs028,lhs,2811.138654470233,0.003333888152048041,0.9973118969680667,0.7176203474661995,15,100,optimal,24.03865937970037,7,3,3.3333333333333335,optimal,21.2402000657832,7,3,3.3333333333333335,optimal,11.338272591533118,7,3,3.3333333333333335,0.23713737056616555,0.46415888336127825,identical,,0.0,0.0,0.0,1.0,0,0,0,0,0,0,0.0,0.0,0.0,identical,,0.0,0.0,0.0,1.0,0,0,0,0,0,0,0.0,0.0,0.0
published,lhs028,lhs,2811.138654470233,0.003333888152048041,0.9973118969680667,0.7176203474661995,10,100,optimal,24.03865937970037,7,3,3.3333333333333335,optimal,21.2402000657832,7,3,3.3333333333333335,optimal,11.338272591533118,7,3,3.3333333333333335,0.23713737056616555,0.46415888336127825,identical,,0.0,0.0,0.0,1.0,0,0,0,0,0,0,0.0,0.0,0.0,identical,,0.0,0.0,0.0,1.0,0,0,0,0,0,0,0.0,0.0,0.0
published,lhs028,lhs,2811.138654470233,0.003333888152048041,0.9973118969680667,0.7176203474661995,6,100,optimal,17.161564753376982,6,3,3.0,optimal,15.383991348408523,4,2,3.0,optimal,11.317884274863328,4,2,3.0,0.0036869450645195738,0.23713737056616555,changed,routing,0.1508771954976389,0.03632400779049405,0.07543859774881945,0.42857142857142855,3,1,-2,-1,1,0,0.5,0.0,3.007445632896267,changed,routing,5.342243401846593,0.03632400779049405,2.6711217009232966,0.42857142857142855,3,1,-2,-1,1,0,0.5,0.0,2.685218535718303
published,lhs029,lhs,5580.745351066066,0.0024037656220159756,0.9540477633180251,0.6370027960865898,1000000,100,optimal,17.597356331814154,4,2,3.0,optimal,15.856106934636191,4,2,3.0,optimal,11.789999861090994,4,2,3.0,0.46415888336127825,0.5356805395261334,identical,,0.0,0.0,0.0,1.0,0,0,0,0,0,0,0.0,0.0,0.0,identical,,0.0,0.0,0.0,1.0,0,0,0,0,0,0,0.0,0.0,0.0
published,lhs029,lhs,5580.745351066066,0.0024037656220159756,0.9540477633180251,0.6370027960865898,40,100,optimal,17.597356331814154,4,2,3.0,optimal,15.856106934636191,4,2,3.0,optimal,11.789999861090994,4,2,3.0,0.46415888336127825,0.5356805395261334,identical,,0.0,0.0,0.0,1.0,0,0,0,0,0,0,0.0,0.0,0.0,identical,,0.0,0.0,0.0,1.0,0,0,0,0,0,0,0.0,0.0,0.0
published,lhs029,lhs,5580.745351066066,0.0024037656220159756,0.9540477633180251,0.6370027960865898,30,100,optimal,17.597356331814154,4,2,3.0,optimal,15.856106934636191,4,2,3.0,optimal,11.789999861090994,4,2,3.0,0.46415888336127825,0.5356805395261334,identical,,0.0,0.0,0.0,1.0,0,0,0,0,0,0,0.0,0.0,0.0,identical,,0.0,0.0,0.0,1.0,0,0,0,0,0,0,0.0,0.0,0.0
published,lhs029,lhs,5580.745351066066,0.0024037656220159756,0.9540477633180251,0.6370027960865898,20,100,optimal,17.597356331814154,4,2,3.0,optimal,15.856106934636191,4,2,3.0,optimal,11.789999861090994,4,2,3.0,0.46415888336127825,0.5356805395261334,identical,,0.0,0.0,0.0,1.0,0,0,0,0,0,0,0.0,0.0,0.0,identical,,0.0,0.0,0.0,1.0,0,0,0,0,0,0,0.0,0.0,0.0
published,lhs029,lhs,5580.745351066066,0.0024037656220159756,0.9540477633180251,0.6370027960865898,15,100,optimal,17.597356331814154,4,2,3.0,optimal,15.856106934636191,4,2,3.0,optimal,11.789999861090994,4,2,3.0,0.46415888336127825,0.5356805395261334,identical,,0.0,0.0,0.0,1.0,0,0,0,0,0,0,0.0,0.0,0.0,identical,,0.0,0.0,0.0,1.0,0,0,0,0,0,0,0.0,0.0,0.0
published,lhs029,lhs,5580.745351066066,0.0024037656220159756,0.9540477633180251,0.6370027960865898,10,100,optimal,17.597356331814154,4,2,3.0,optimal,15.856106934636191,4,2,3.0,optimal,11.789999861090994,4,2,3.0,0.46415888336127825,0.5356805395261334,identical,,0.0,0.0,0.0,1.0,0,0,0,0,0,0,0.0,0.0,0.0,identical,,0.0,0.0,0.0,1.0,0,0,0,0,0,0,0.0,0.0,0.0
published,lhs029,lhs,5580.745351066066,0.0024037656220159756,0.9540477633180251,0.6370027960865898,6,100,optimal,17.597356331814154,4,2,3.0,optimal,15.856106934636191,4,2,3.0,optimal,11.789999861090994,4,2,3.0,0.46415888336127825,0.5356805395261334,identical,,0.0,0.0,0.0,1.0,0,0,0,0,0,0,0.0,0.0,0.0,identical,,0.0,0.0,0.0,1.0,0,0,0,0,0,0,0.0,0.0,0.0
published,lhs030,lhs,153791.21448588002,0.018238094526303723,0.9761696152349769,0.7876876735530454,1000000,100,optimal,145.17829968635795,55,17,8.823529411764707,optimal,122.02486255820548,55,17,8.823529411764707,optimal,28.958562911113397,7,3,3.3333333333333335,0.0221885046944556,0.050276352689897476,tie,,0.0,2.842170943040401e-14,0.0,1.0,0,0,0,0,0,4,0.0,0.0,-3.2653618371328135e-17,changed,served_and_memory,477.82907429997846,103.5193499870773,159.27635809999282,0.12727272727272726,48,0,-48,-14,0,3,0.0,81.66666666666667,7.740710910412688
published,lhs030,lhs,153791.21448588002,0.018238094526303723,0.9761696152349769,0.7876876735530454,40,100,optimal,139.59343573822153,40,17,9.647058823529411,optimal,115.91319216485591,40,17,9.647058823529411,optimal,28.958562911113397,7,3,3.3333333333333335,0.009485494822646622,0.0640270900528647,identical,,0.0,0.0,0.0,1.0,0,0,0,0,0,0,0.0,0.0,0.0,changed,served_and_memory,542.4708831630552,97.93448603894089,180.8236277210184,0.175,33,0,-33,-14,0,3,0.0,85.0,10.127763940907363
published,lhs030,lhs,153791.21448588002,0.018238094526303723,0.9761696152349769,0.7876876735530454,30,100,optimal,117.60757169375522,29,15,9.266666666666667,optimal,98.89045472647803,29,14,8.428571428571429,optimal,28.958562911113397,7,3,3.3333333333333335,0.00029241748909898153,0.03319923187926317,changed,routing,1.5014630528290525,0.5966262425326931,0.10724736091636089,0.7575757575757576,4,4,0,-1,2,1,0.0,1.0,0.0727912893268793,changed,served_and_memory,494.3677599445941,75.94862199447456,164.7892533148647,0.2413793103448276,22,0,-22,-12,0,3,0.0,73.0,5.6149794621844755
published,lhs030,lhs,153791.21448588002,0.018238094526303723,0.9761696152349769,0.7876876735530454,20,100,optimal,96.97072012838845,20,11,9.0,optimal,82.33828324014343,20,11,9.0,optimal,28.958562911113397,7,3,3.3333333333333335,0.03319923187926317,0.0640270900528647,tie,,0.0,0.0,0.0,1.0,0,0,0,0,0,2,0.0,0.0,0.0,changed,served_and_memory,313.59560208911523,55.3117704291078,104.53186736303842,0.35,13,0,-13,-8,0,2,0.0,48.666666666666664,3.954431759504285
published,lhs030,lhs,153791.21448588002,0.018238094526303723,0.9761696152349769,0.7876876735530454,15,100,optimal,66.33991685692091,15,6,5.666666666666667,optimal,59.56702408980002,15,6,5.666666666666667,optimal,28.958562911113397,7,3,3.3333333333333335,0.0640270900528647,0.10242506457263026,tie,,0.0,-1.4210854715202004e-14,0.0,1.0,0,0,0,0,0,2,0.0,0.0,9.251858538542972e-17,changed,served_and_memory,55.459848512237016,24.68096715764026,18.486616170745673,0.2222222222222222,11,3,-8,-3,0,2,0.0,60.5,3.626024184155007
published,lhs030,lhs,153791.21448588002,0.018238094526303723,0.9761696152349769,0.7876876735530454,10,100,optimal,53.30461078934819,10,5,4.2,optimal,48.560236562124516,10,5,4.2,optimal,28.958562911113397,7,3,3.3333333333333335,0.0005623413251903491,0.08153869645085443,tie,,0.0,0.0,0.0,1.0,0,0,0,0,0,2,0.0,0.0,1.1102230246251565e-16,changed,routing,31.2435588303101,11.645661090067541,10.414519610103367,0.4166666666666667,5,2,-3,-2,1,1,0.6666666666666666,16.0,4.735298911924442
published,lhs030,lhs,153791.21448588002,0.018238094526303723,0.9761696152349769,0.7876876735530454,6,100,optimal,34.71259287154803,6,3,3.0,optimal,32.78414227108193,6,3,3.0,optimal,23.526668991187783,6,3,3.0,0.0036869450645195738,0.23713737056616555,identical,,0.0,0.0,0.0,1.0,0,0,0,0,0,0,0.0,0.0,0.0,identical,,0.0,0.0,0.0,1.0,0,0,0,0,0,0,0.0,0.0,0.0
published,lhs031,lhs,30857.645203420903,0.01250062169889073,0.9827881254526454,0.6643924316692816,1000000,100,optimal,81.80432321703714,55,14,7.214285714285714,optimal,64.6594175908522,54,12,6.333333333333333,optimal,20.494225090321592,7,3,3.3333333333333335,0.030017743045081,0.05916841616414359,changed,served_and_memory,1.172508538067035,1.9752802822235225,0.09770904483891958,0.9818181818181818,1,0,-1,-2,0,5,0.0,5.25,0.2365530843384259,changed,served_and_memory,304.02130029642876,48.609711338548294,101.34043343214292,0.12727272727272726,48,0,-48,-11,0,3,0.0,69.0,5.984079054005818
published,lhs031,lhs,30857.645203420903,0.01250062169889073,0.9827881254526454,0.6643924316692816,40,100,optimal,78.0821663821747,40,14,7.785714285714286,optimal,60.82587339578084,40,12,7.0,optimal,20.494225090321592,7,3,3.3333333333333335,0.030017743045081,0.0640270900528647,changed,served_and_memory,1.172508538067035,1.975280282223551,0.09770904483891958,1.0,0,0,0,-2,0,5,0.0,5.25,0.23655308433842595,changed,served_and_memory,322.7482680825406,44.88755450368586,107.58275602751354,0.175,33,0,-33,-11,0,3,0.0,77.33333333333333,6.848912076311538
published,lhs031,lhs,30857.645203420903,0.01250062169889073,0.9827881254526454,0.6643924316692816,30,100,optimal,67.42866956406266,30,11,7.181818181818182,optimal,55.05949894968403,28,9,5.888888888888889,optimal,20.494225090321592,7,3,3.3333333333333335,0.03319923187926317,0.0640270900528647,changed,served_and_memory,1.5011460939262022,1.6412947408944518,0.1667940104362447,0.5675675675675675,9,7,-2,-2,0,1,0.0,3.5714285714285716,0.1350788879968034,changed,served_and_memory,215.54020292647272,34.234057685573816,71.84673430882424,0.23333333333333334,23,0,-23,-8,0,3,0.0,73.0,5.614979462184476
published,lhs031,lhs,30857.645203420903,0.01250062169889073,0.9827881254526454,0.6643924316692816,20,100,optimal,56.165598772991615,18,7,5.428571428571429,optimal,48.335496089131524,18,7,5.428571428571429,optimal,20.494225090321592,7,3,3.3333333333333335,0.0640270900528647,0.15703748946090484,tie,,0.0,0.0,0.0,1.0,0,0,0,0,0,4,0.0,0.0,-1.1102230246251565e-16,changed,served_and_memory,62.432278146721416,22.970986894502772,20.810759382240473,0.3888888888888889,11,0,-11,-4,0,2,0.0,40.333333333333336,2.3939518576189234
published,lhs031,lhs,30857.645203420903,0.01250062169889073,0.9827881254526454,0.6643924316692816,15,100,optimal,46.91016463993864,15,5,4.0,optimal,41.73289077778568,15,5,4.0,optimal,20.494225090321592,7,3,3.3333333333333335,0.08153869645085443,0.16394459283656687,identical,,0.0,0.0,0.0,1.0,0,0,0,0,0,0,0.0,0.0,0.0,changed,served_and_memory,17.75101060011355,13.7155527614498,5.917003533371183,0.4666666666666667,8,0,-8,-2,0,1,0.0,24.333333333333332,1.5982371772444528
published,lhs031,lhs,30857.645203420903,0.01250062169889073,0.9827881254526454,0.6643924316692816,10,100,optimal,38.23793296745561,10,5,4.2,optimal,33.49355874023194,10,5,4.2,optimal,20.494225090321592,7,3,3.3333333333333335,0.0005623413251903491,0.08153869645085443,identical,,0.0,0.0,0.0,1.0,0,0,0,0,0,0,0.0,0.0,0.0,changed,routing,37.845898831410864,5.043321088966771,12.615299610470288,0.4166666666666667,5,2,-3,-2,1,1,0.6666666666666666,16.0,4.571573538481611
published,lhs031,lhs,30857.645203420903,0.01250062169889073,0.9827881254526454,0.6643924316692816,6,100,optimal,26.472687524814503,6,3,3.0,optimal,24.544236924348404,6,3,3.0,optimal,17.52573871530328,4,2,3.0,0.0036869450645195738,0.23713737056616555,identical,,0.0,0.0,0.0,1.0,0,0,0,0,0,0,0.0,0.0,0.0,changed,routing,2.2389750708490244,3.139592338788063,1.1194875354245122,0.42857142857142855,3,1,-2,-1,1,0,0.5,0.0,2.6296259567235123
published,lhs032,lhs,9914.2590534412,0.06300028674663698,0.9423784416202515,0.7852163218157249,1000000,100,optimal,62.7057238854634,53,11,5.818181818181818,optimal,49.16817641450731,53,11,5.818181818181818,optimal,15.905731091061945,7,3,3.3333333333333335,0.030017743045081,0.08153869645085443,tie,,-7.105427357601002e-15,7.105427357601002e-15,-6.459479416000911e-16,1.0,0,0,0,0,0,6,0.0,0.0,9.083642928751281e-17,changed,served_and_memory,161.73031745902776,34.099606006234204,53.91010581967592,0.1320754716981132,46,0,-46,-8,0,3,0.0,73.0,5.6149794621844755
published,lhs032,lhs,9914.2590534412,0.06300028674663698,0.9423784416202515,0.7852163218157249,40,100,optimal,58.68356903340214,39,11,6.545454545454546,optimal,45.69324107255386,40,10,5.9,optimal,15.905731091061945,7,3,3.3333333333333335,0.030017743045081,0.0640270900528647,changed,routing,0.6586068703167456,0.7709433130767138,0.06586068703167455,0.6122448979591837,9,10,1,-1,2,2,-0.5,0.0,0.07860402541448956,changed,served_and_memory,183.99009781853002,30.07745115417294,61.33003260617667,0.1794871794871795,32,0,-32,-8,0,3,0.0,64.66666666666667,4.750146439878756
published,lhs032,lhs,9914.2590534412,0.06300028674663698,0.9423784416202515,0.7852163218157249,30,100,optimal,52.74346739680003,28,9,5.888888888888889,optimal,42.015591523315834,28,9,5.888888888888889,optimal,15.905731091061945,7,3,3.3333333333333335,0.06044547074134525,0.09682853110646922,tie,,0.0,1.4210854715202004e-14,0.0,1.0,0,0,0,0,0,6,0.0,0.0,-4.9343245538895844e-17,changed,served_and_memory,117.77215644722938,24.137349517570833,39.257385482409795,0.25,21,0,-21,-6,0,3,0.0,73.0,5.6149794621844755
published,lhs032,lhs,9914.2590534412,0.06300028674663698,0.9423784416202515,0.7852163218157249,20,100,optimal,46.182821581538306,18,7,5.428571428571429,optimal,38.352718897678216,18,7,5.428571428571429,optimal,15.905731091061945,7,3,3.3333333333333335,0.0640270900528647,0.15703748946090484,tie,,0.0,0.0,0.0,1.0,0,0,0,0,0,4,0.0,0.0,-1.427429603089487e-16,changed,served_and_memory,70.3469082228867,17.57670370230911,23.448969407628898,0.3888888888888889,11,0,-11,-4,0,2,0.0,40.333333333333336,2.3939518576189234
published,lhs032,lhs,9914.2590534412,0.06300028674663698,0.9423784416202515,0.7852163218157249,15,100,optimal,39.52538784683693,15,5,4.0,optimal,34.34811398468398,15,5,4.0,optimal,15.905731091061945,7,3,3.3333333333333335,0.08153869645085443,0.16394459283656687,tie,,0.0,0.0,0.0,1.0,0,0,0,0,0,2,0.0,0.0,1.1102230246251565e-16,changed,served_and_memory,20.54729339395561,10.919269967607732,6.849097797985203,0.4666666666666667,8,0,-8,-2,0,1,0.0,24.333333333333332,1.5982371772444528
published,lhs032,lhs,9914.2590534412,0.06300028674663698,0.9423784416202515,0.7852163218157249,10,100,optimal,30.759168814480077,10,5,4.2,optimal,26.0147945872564,10,5,4.2,optimal,15.905731091061945,7,3,3.3333333333333335,0.0005623413251903491,0.15703748946090484,tie,,3.552713678800501e-15,0.0,7.105427357601002e-16,1.0,0,0,0,0,0,2,0.0,0.0,1.1102230246251565e-16,changed,routing,36.27965154189431,2.1530509352508815,12.093217180631436,0.4166666666666667,5,2,-3,-2,1,1,0.6666666666666666,24.333333333333332,5.5737119772376
published,lhs032,lhs,9914.2590534412,0.06300028674663698,0.9423784416202515,0.7852163218157249,6,100,optimal,21.785942511605235,6,3,3.0,optimal,19.857491911139135,6,3,3.0,optimal,14.408669557696179,4,2,3.0,0.0036869450645195738,0.23713737056616555,identical,,0.0,0.0,0.0,1.0,0,0,0,0,0,0,0.0,0.0,0.0,changed,routing,3.8086509264511914,1.5699164831858958,1.9043254632255957,0.42857142857142855,3,1,-2,-1,1,0,0.5,0.0,2.7501532179245243
published,lhs033,lhs,176693.96463024724,0.08502396012373978,0.9846298558475228,0.8143135395459695,1000000,100,optimal,159.57940872618335,55,17,8.823529411764707,optimal,136.42597159803088,55,17,8.823529411764707,optimal,30.15824078671298,7,3,3.3333333333333335,0.0221885046944556,0.04279211619645008,tie,,2.842170943040401e-14,0.0,1.6718652606120004e-15,1.0,0,0,0,0,0,6,0.0,0.0,-9.143013143971877e-17,changed,served_and_memory,462.9553795957047,116.72078115130313,154.3184598652349,0.12727272727272726,48,0,-48,-14,0,3,0.0,77.33333333333333,6.848912076311538
published,lhs033,lhs,176693.96463024724,0.08502396012373978,0.9846298558475228,0.8143135395459695,40,100,optimal,155.26222235274105,40,17,9.647058823529411,optimal,131.58197877937542,40,17,9.647058823529411,optimal,30.15824078671298,7,3,3.3333333333333335,0.009485494822646622,0.0640270900528647,tie,,2.842170943040401e-14,0.0,1.6718652606120004e-15,1.0,0,0,0,0,0,6,0.0,0.0,-6.530723674265627e-18,changed,served_and_memory,549.6617735912408,112.40359477786083,183.22059119708027,0.175,33,0,-33,-14,0,3,0.0,77.33333333333333,6.848912076311538
published,lhs033,lhs,176693.96463024724,0.08502396012373978,0.9846298558475228,0.8143135395459695,30,100,optimal,130.94481667980523,29,15,9.266666666666667,optimal,110.72623665969904,29,15,9.266666666666667,optimal,30.15824078671298,7,3,3.3333333333333335,0.00029241748909898153,0.03319923187926317,tie,,2.842170943040401e-14,0.0,1.8947806286936005e-15,1.0,0,0,0,0,0,2,0.0,0.0,0.0,changed,served_and_memory,482.2301928341436,88.08618910492501,160.7433976113812,0.2413793103448276,22,0,-22,-12,0,3,0.0,73.0,5.6149794621844755
published,lhs033,lhs,176693.96463024724,0.08502396012373978,0.9846298558475228,0.8143135395459695,20,100,optimal,106.45988734447374,20,11,9.0,optimal,91.82745045622872,20,11,9.0,optimal,30.15824078671298,7,3,3.3333333333333335,0.03319923187926317,0.0640270900528647,tie,,-1.4210854715202004e-14,1.4210854715202004e-14,-1.2918958832001822e-15,1.0,0,0,0,0,0,2,0.0,0.0,-2.0185873175002847e-17,changed,served_and_memory,307.22860847976494,63.60125976959352,102.40953615992164,0.35,13,0,-13,-8,0,2,0.0,48.666666666666664,3.954431759504285
published,lhs033,lhs,176693.96463024724,0.08502396012373978,0.9846298558475228,0.8143135395459695,15,100,optimal,69.82936552807513,15,6,5.666666666666667,optimal,63.056472760954236,15,6,5.666666666666667,optimal,30.15824078671298,7,3,3.3333333333333335,0.0640270900528647,0.08153869645085443,tie,,0.0,1.4210854715202004e-14,0.0,1.0,0,0,0,0,0,2,0.0,0.0,9.251858538542972e-17,changed,served_and_memory,55.996014213817645,26.970737953194906,18.665338071272547,0.2222222222222222,11,3,-8,-3,0,2,0.0,48.0,2.3287746506964258
published,lhs033,lhs,176693.96463024724,0.08502396012373978,0.9846298558475228,0.8143135395459695,10,100,optimal,55.64424174306622,10,5,4.2,optimal,50.89986751584253,10,5,4.2,optimal,30.15824078671298,7,3,3.3333333333333335,0.0005623413251903491,0.15703748946090484,identical,,0.0,0.0,0.0,1.0,0,0,0,0,0,0,0.0,0.0,0.0,changed,routing,25.647088308959205,12.785614168185994,8.549029436319735,0.4166666666666667,5,2,-3,-2,1,1,0.6666666666666666,24.333333333333332,5.608708129631622
published,lhs033,lhs,176693.96463024724,0.08502396012373978,0.9846298558475228,0.8143135395459695,6,100,optimal,35.83739736523574,6,3,3.0,optimal,33.908946764769645,6,3,3.0,optimal,24.6514734848755,6,3,3.0,0.0036869450645195738,0.23713737056616555,identical,,0.0,0.0,0.0,1.0,0,0,0,0,0,0,0.0,0.0,0.0,identical,,0.0,0.0,0.0,1.0,0,0,0,0,0,0,0.0,0.0,0.0
published,lhs034,lhs,2312.518890073832,0.00111656549237919,0.9823484600188019,0.5075433318890246,1000000,100,optimal,0.0,0,0,,optimal,0.0,0,0,,optimal,0.0,0,0,,,,identical,,0.0,0.0,0.0,1.0,0,0,0,0,0,0,,,,identical,,0.0,0.0,0.0,1.0,0,0,0,0,0,0,,,
published,lhs034,lhs,2312.518890073832,0.00111656549237919,0.9823484600188019,0.5075433318890246,40,100,optimal,0.0,0,0,,optimal,0.0,0,0,,optimal,0.0,0,0,,,,identical,,0.0,0.0,0.0,1.0,0,0,0,0,0,0,,,,identical,,0.0,0.0,0.0,1.0,0,0,0,0,0,0,,,
published,lhs034,lhs,2312.518890073832,0.00111656549237919,0.9823484600188019,0.5075433318890246,30,100,optimal,0.0,0,0,,optimal,0.0,0,0,,optimal,0.0,0,0,,,,identical,,0.0,0.0,0.0,1.0,0,0,0,0,0,0,,,,identical,,0.0,0.0,0.0,1.0,0,0,0,0,0,0,,,
published,lhs034,lhs,2312.518890073832,0.00111656549237919,0.9823484600188019,0.5075433318890246,20,100,optimal,0.0,0,0,,optimal,0.0,0,0,,optimal,0.0,0,0,,,,identical,,0.0,0.0,0.0,1.0,0,0,0,0,0,0,,,,identical,,0.0,0.0,0.0,1.0,0,0,0,0,0,0,,,
published,lhs034,lhs,2312.518890073832,0.00111656549237919,0.9823484600188019,0.5075433318890246,15,100,optimal,0.0,0,0,,optimal,0.0,0,0,,optimal,0.0,0,0,,,,identical,,0.0,0.0,0.0,1.0,0,0,0,0,0,0,,,,identical,,0.0,0.0,0.0,1.0,0,0,0,0,0,0,,,
published,lhs034,lhs,2312.518890073832,0.00111656549237919,0.9823484600188019,0.5075433318890246,10,100,optimal,0.0,0,0,,optimal,0.0,0,0,,optimal,0.0,0,0,,,,identical,,0.0,0.0,0.0,1.0,0,0,0,0,0,0,,,,identical,,0.0,0.0,0.0,1.0,0,0,0,0,0,0,,,
published,lhs034,lhs,2312.518890073832,0.00111656549237919,0.9823484600188019,0.5075433318890246,6,100,optimal,0.0,0,0,,optimal,0.0,0,0,,optimal,0.0,0,0,,,,identical,,0.0,0.0,0.0,1.0,0,0,0,0,0,0,,,,identical,,0.0,0.0,0.0,1.0,0,0,0,0,0,0,,,
published,lhs035,lhs,3157.123373018492,0.09170793893225003,0.9665322362738368,0.6185638703869509,1000000,100,optimal,32.938769023486564,46,10,5.6,optimal,23.121563066074046,26,7,4.714285714285714,optimal,10.227279711753752,4,2,3.0,0.04279211619645008,0.07278289325185956,changed,served_and_memory,2.2793914246165734,1.9757033680188698,0.3256273463737962,0.5652173913043478,20,0,-20,-3,0,3,0.0,10.428571428571429,0.2698526696587509,changed,served_and_memory,153.0778794875472,16.904132841009652,76.5389397437736,0.08695652173913043,42,0,-42,-8,0,2,0.0,60.5,3.5909277864283853
published,lhs035,lhs,3157.123373018492,0.09170793893225003,0.9665322362738368,0.6185638703869509,40,100,optimal,32.59799146357434,39,9,5.333333333333333,optimal,23.121563066074046,26,7,4.714285714285714,optimal,10.227279711753752,4,2,3.0,0.05387208250415978,0.08153869645085443,changed,served_and_memory,1.17881486763498,1.6349258081066438,0.16840212394785428,0.6666666666666666,13,0,-13,-2,0,3,0.0,10.428571428571429,0.2698526696587509,changed,served_and_memory,121.35597321494049,16.563355281097426,60.677986607470245,0.10256410256410256,35,0,-35,-7,0,2,0.0,60.5,3.5909277864283853
published,lhs035,lhs,3157.123373018492,0.09170793893225003,0.9665322362738368,0.6185638703869509,30,100,optimal,30.963065655467695,26,7,4.714285714285714,optimal,23.121563066074046,26,7,4.714285714285714,optimal,10.227279711753752,4,2,3.0,0.050276352689897476,0.12532289850754513,tie,,0.0,0.0,0.0,1.0,0,0,0,0,0,2,0.0,0.0,-9.516197353929913e-17,changed,served_and_memory,66.83907943430637,14.928429472990782,33.419539717153185,0.15384615384615385,22,0,-22,-5,0,2,0.0,73.0,4.888177319886966
published,lhs035,lhs,3157.123373018492,0.09170793893225003,0.9665322362738368,0.6185638703869509,20,100,optimal,29.472934756989304,20,6,4.333333333333333,optimal,23.00456291793648,20,6,4.333333333333333,optimal,10.227279711753752,4,2,3.0,0.050276352689897476,0.12431716560097561,tie,,0.0,0.0,0.0,1.0,0,0,0,0,0,2,0.0,0.0,5.551115123125783e-17,changed,served_and_memory,45.668102006371164,13.438298574512391,22.834051003185582,0.2,16,0,-16,-4,0,2,0.0,60.5,3.6260241841550065
published,lhs035,lhs,3157.123373018492,0.09170793893225003,0.9665322362738368,0.6185638703869509,15,100,optimal,27.864634092090995,15,5,4.0,optimal,22.687360229938033,15,5,4.0,optimal,10.227279711753752,4,2,3.0,0.050276352689897476,0.23713737056616555,identical,,0.0,0.0,0.0,1.0,0,0,0,0,0,0,0.0,0.0,0.0,changed,served_and_memory,28.56705477454684,11.829997909614082,14.28352738727342,0.26666666666666666,11,0,-11,-3,0,1,0.0,24.0,1.13520263013472
published,lhs035,lhs,3157.123373018492,0.09170793893225003,0.9665322362738368,0.6185638703869509,10,100,optimal,22.088102693949853,7,3,3.3333333333333335,optimal,19.289643380032683,7,3,3.3333333333333335,optimal,10.227279711753752,4,2,3.0,0.23713737056616555,0.46415888336127825,identical,,0.0,0.0,0.0,1.0,0,0,0,0,0,0,0.0,0.0,0.0,changed,served_set_only,0.8395638059711477,6.053466511472941,0.41978190298557383,0.5714285714285714,3,0,-3,-1,0,0,0.0,0.0,0.0
published,lhs035,lhs,3157.123373018492,0.09170793893225003,0.9665322362738368,0.6185638703869509,6,100,optimal,16.034636182476913,4,2,3.0,optimal,14.29338678529895,4,2,3.0,optimal,10.227279711753752,4,2,3.0,0.46415888336127825,0.5356805395261334,identical,,0.0,0.0,0.0,1.0,0,0,0,0,0,0,0.0,0.0,0.0,identical,,0.0,0.0,0.0,1.0,0,0,0,0,0,0,0.0,0.0,0.0
published,lhs036,lhs,151260.4795416896,0.0013913286006054743,0.9441752794699567,0.8156591373198028,1000000,100,optimal,0.0,0,0,,optimal,0.0,0,0,,optimal,0.0,0,0,,,,identical,,0.0,0.0,0.0,1.0,0,0,0,0,0,0,,,,identical,,0.0,0.0,0.0,1.0,0,0,0,0,0,0,,,
published,lhs036,lhs,151260.4795416896,0.0013913286006054743,0.9441752794699567,0.8156591373198028,40,100,optimal,0.0,0,0,,optimal,0.0,0,0,,optimal,0.0,0,0,,,,identical,,0.0,0.0,0.0,1.0,0,0,0,0,0,0,,,,identical,,0.0,0.0,0.0,1.0,0,0,0,0,0,0,,,
published,lhs036,lhs,151260.4795416896,0.0013913286006054743,0.9441752794699567,0.8156591373198028,30,100,optimal,0.0,0,0,,optimal,0.0,0,0,,optimal,0.0,0,0,,,,identical,,0.0,0.0,0.0,1.0,0,0,0,0,0,0,,,,identical,,0.0,0.0,0.0,1.0,0,0,0,0,0,0,,,
published,lhs036,lhs,151260.4795416896,0.0013913286006054743,0.9441752794699567,0.8156591373198028,20,100,optimal,0.0,0,0,,optimal,0.0,0,0,,optimal,0.0,0,0,,,,identical,,0.0,0.0,0.0,1.0,0,0,0,0,0,0,,,,identical,,0.0,0.0,0.0,1.0,0,0,0,0,0,0,,,
published,lhs036,lhs,151260.4795416896,0.0013913286006054743,0.9441752794699567,0.8156591373198028,15,100,optimal,0.0,0,0,,optimal,0.0,0,0,,optimal,0.0,0,0,,,,identical,,0.0,0.0,0.0,1.0,0,0,0,0,0,0,,,,identical,,0.0,0.0,0.0,1.0,0,0,0,0,0,0,,,
published,lhs036,lhs,151260.4795416896,0.0013913286006054743,0.9441752794699567,0.8156591373198028,10,100,optimal,0.0,0,0,,optimal,0.0,0,0,,optimal,0.0,0,0,,,,identical,,0.0,0.0,0.0,1.0,0,0,0,0,0,0,,,,identical,,0.0,0.0,0.0,1.0,0,0,0,0,0,0,,,
published,lhs036,lhs,151260.4795416896,0.0013913286006054743,0.9441752794699567,0.8156591373198028,6,100,optimal,0.0,0,0,,optimal,0.0,0,0,,optimal,0.0,0,0,,,,identical,,0.0,0.0,0.0,1.0,0,0,0,0,0,0,,,,identical,,0.0,0.0,0.0,1.0,0,0,0,0,0,0,,,
published,lhs037,lhs,2236.5683956633898,0.045781436824910794,0.9287158161388781,0.8699605879663843,1000000,100,optimal,42.08380926035852,53,11,5.818181818181818,optimal,28.842150663842176,46,10,5.6,optimal,10.397409614440404,4,2,3.0,0.030017743045081,0.08153869645085443,changed,served_and_memory,0.29588887443974343,1.1450612144872636,0.029588887443974345,0.8679245283018868,7,0,-7,-1,0,2,0.0,0.0,0.0,changed,served_and_memory,176.84391060751105,25.87904317519496,88.42195530375552,0.07547169811320754,49,0,-49,-9,0,2,0.0,73.0,4.888177319886966
published,lhs037,lhs,2236.5683956633898,0.045781436824910794,0.9287158161388781,0.8699605879663843,40,100,optimal,39.28215731373209,39,9,5.333333333333333,optimal,28.62691404859683,39,9,5.333333333333333,optimal,10.397409614440404,4,2,3.0,0.06044547074134525,0.09682853110646922,identical,,0.0,0.0,0.0,1.0,0,0,0,0,0,0,0.0,0.0,0.0,changed,served_and_memory,113.79285676898344,23.07739122856853,56.89642838449172,0.10256410256410256,35,0,-35,-7,0,2,0.0,73.0,4.888177319886966
published,lhs037,lhs,2236.5683956633898,0.045781436824910794,0.9287158161388781,0.8699605879663843,30,100,optimal,35.9067293302925,29,8,5.375,optimal,27.29905900488692,26,7,4.714285714285714,optimal,10.397409614440404,4,2,3.0,0.05387208250415978,0.12331143269440609,changed,routing,0.6461101000223124,0.766167736011937,0.09230144286033035,0.6666666666666666,7,4,-3,-1,1,5,-0.42857142857142855,6.857142857142857,0.12686696283539714,changed,served_and_memory,93.069537319244,19.701963245128937,46.534768659622,0.13793103448275862,25,0,-25,-6,0,2,0.0,73.0,4.888177319886966
published,lhs037,lhs,2236.5683956633898,0.045781436824910794,0.9287158161388781,0.8699605879663843,20,100,optimal,32.69910848689047,18,7,5.428571428571429,optimal,25.991202117631396,20,6,4.333333333333333,optimal,10.397409614440404,4,2,3.0,0.0640270900528647,0.12331143269440609,changed,routing,1.1221963146010232,0.23953453020624949,0.18703271910017052,0.7272727272727273,2,4,2,-1,1,2,-0.5,0.0,-0.00922462196430873,changed,served_and_memory,77.43253390303856,16.494342401726904,38.71626695151928,0.2222222222222222,14,0,-14,-5,0,2,0.0,60.5,3.626024184155007
published,lhs037,lhs,2236.5683956633898,0.045781436824910794,0.9287158161388781,0.8699605879663843,15,100,optimal,29.872557303302113,15,5,4.0,optimal,24.69528344114915,15,5,4.0,optimal,10.397409614440404,4,2,3.0,0.050276352689897476,0.23713737056616555,tie,,0.0,0.0,0.0,1.0,0,0,0,0,0,2,0.0,0.0,1.1102230246251565e-16,changed,served_and_memory,26.72926146602238,13.66779121813855,13.36463073301119,0.26666666666666666,11,0,-11,-3,0,1,0.0,24.0,1.13520263013472
published,lhs037,lhs,2236.5683956633898,0.045781436824910794,0.9287158161388781,0.8699605879663843,10,100,optimal,22.66990800820387,7,3,3.3333333333333335,optimal,19.8714486942867,7,3,3.3333333333333335,optimal,10.397409614440404,4,2,3.0,0.23713737056616555,0.46415888336127825,identical,,0.0,0.0,0.0,1.0,0,0,0,0,0,0,0.0,0.0,0.0,changed,served_set_only,0.4278883944037837,6.465141923040306,0.21394419720189184,0.5714285714285714,3,0,-3,-1,0,0,0.0,0.0,0.0
published,lhs037,lhs,2236.5683956633898,0.045781436824910794,0.9287158161388781,0.8699605879663843,6,100,optimal,16.204766085163563,4,2,3.0,optimal,14.4635166879856,4,2,3.0,optimal,10.397409614440404,4,2,3.0,0.46415888336127825,0.5356805395261334,identical,,0.0,0.0,0.0,1.0,0,0,0,0,0,0,0.0,0.0,0.0,identical,,0.0,0.0,0.0,1.0,0,0,0,0,0,0,0.0,0.0,0.0
published,lhs038,lhs,1168.22566619144,0.002328309843532544,0.9732695247332884,0.750729482287499,1000000,100,optimal,14.413558828394505,4,2,3.0,optimal,12.672309431216542,4,2,3.0,optimal,8.606202357671346,4,2,3.0,0.46415888336127825,0.5356805395261334,identical,,0.0,0.0,0.0,1.0,0,0,0,0,0,0,0.0,0.0,0.0,identical,,0.0,0.0,0.0,1.0,0,0,0,0,0,0,0.0,0.0,0.0
published,lhs038,lhs,1168.22566619144,0.002328309843532544,0.9732695247332884,0.750729482287499,40,100,optimal,14.413558828394505,4,2,3.0,optimal,12.672309431216542,4,2,3.0,optimal,8.606202357671346,4,2,3.0,0.46415888336127825,0.5356805395261334,identical,,0.0,0.0,0.0,1.0,0,0,0,0,0,0,0.0,0.0,0.0,identical,,0.0,0.0,0.0,1.0,0,0,0,0,0,0,0.0,0.0,0.0
published,lhs038,lhs,1168.22566619144,0.002328309843532544,0.9732695247332884,0.750729482287499,30,100,optimal,14.413558828394505,4,2,3.0,optimal,12.672309431216542,4,2,3.0,optimal,8.606202357671346,4,2,3.0,0.46415888336127825,0.5356805395261334,identical,,0.0,0.0,0.0,1.0,0,0,0,0,0,0,0.0,0.0,0.0,identical,,0.0,0.0,0.0,1.0,0,0,0,0,0,0,0.0,0.0,0.0
published,lhs038,lhs,1168.22566619144,0.002328309843532544,0.9732695247332884,0.750729482287499,20,100,optimal,14.413558828394505,4,2,3.0,optimal,12.672309431216542,4,2,3.0,optimal,8.606202357671346,4,2,3.0,0.46415888336127825,0.5356805395261334,identical,,0.0,0.0,0.0,1.0,0,0,0,0,0,0,0.0,0.0,0.0,identical,,0.0,0.0,0.0,1.0,0,0,0,0,0,0,0.0,0.0,0.0
published,lhs038,lhs,1168.22566619144,0.002328309843532544,0.9732695247332884,0.750729482287499,15,100,optimal,14.413558828394505,4,2,3.0,optimal,12.672309431216542,4,2,3.0,optimal,8.606202357671346,4,2,3.0,0.46415888336127825,0.5356805395261334,identical,,0.0,0.0,0.0,1.0,0,0,0,0,0,0,0.0,0.0,0.0,identical,,0.0,0.0,0.0,1.0,0,0,0,0,0,0,0.0,0.0,0.0
published,lhs038,lhs,1168.22566619144,0.002328309843532544,0.9732695247332884,0.750729482287499,10,100,optimal,14.413558828394505,4,2,3.0,optimal,12.672309431216542,4,2,3.0,optimal,8.606202357671346,4,2,3.0,0.46415888336127825,0.5356805395261334,identical,,0.0,0.0,0.0,1.0,0,0,0,0,0,0,0.0,0.0,0.0,identical,,0.0,0.0,0.0,1.0,0,0,0,0,0,0,0.0,0.0,0.0
published,lhs038,lhs,1168.22566619144,0.002328309843532544,0.9732695247332884,0.750729482287499,6,100,optimal,14.413558828394505,4,2,3.0,optimal,12.672309431216542,4,2,3.0,optimal,8.606202357671346,4,2,3.0,0.46415888336127825,0.5356805395261334,identical,,0.0,0.0,0.0,1.0,0,0,0,0,0,0,0.0,0.0,0.0,identical,,0.0,0.0,0.0,1.0,0,0,0,0,0,0,0.0,0.0,0.0
published,lhs039,lhs,1975.798593232961,0.0043372401014757835,0.9709098866366557,0.855323319491284,1000000,100,optimal,31.78954276373842,15,5,4.0,optimal,26.61226890158546,15,5,4.0,optimal,10.829992683648616,4,2,3.0,0.050276352689897476,0.16394459283656687,tie,,0.0,3.552713678800501e-15,0.0,1.0,0,0,0,0,0,2,0.0,0.0,-6.661338147750939e-17,changed,served_and_memory,23.30868851553345,15.152193609366645,11.654344257766725,0.26666666666666666,11,0,-11,-3,0,1,0.0,36.5,2.397355765866679
published,lhs039,lhs,1975.798593232961,0.0043372401014757835,0.9709098866366557,0.855323319491284,40,100,optimal,31.78954276373842,15,5,4.0,optimal,26.61226890158546,15,5,4.0,optimal,10.829992683648616,4,2,3.0,0.050276352689897476,0.16394459283656687,tie,,0.0,3.552713678800501e-15,0.0,1.0,0,0,0,0,0,2,0.0,0.0,-6.661338147750939e-17,changed,served_and_memory,23.30868851553345,15.152193609366645,11.654344257766725,0.26666666666666666,11,0,-11,-3,0,1,0.0,36.5,2.397355765866679
published,lhs039,lhs,1975.798593232961,0.0043372401014757835,0.9709098866366557,0.855323319491284,30,100,optimal,31.78954276373842,15,5,4.0,optimal,26.61226890158546,15,5,4.0,optimal,10.829992683648616,4,2,3.0,0.050276352689897476,0.16394459283656687,tie,,0.0,3.552713678800501e-15,0.0,1.0,0,0,0,0,0,2,0.0,0.0,-6.661338147750939e-17,changed,served_and_memory,23.30868851553345,15.152193609366645,11.654344257766725,0.26666666666666666,11,0,-11,-3,0,1,0.0,36.5,2.397355765866679
published,lhs039,lhs,1975.798593232961,0.0043372401014757835,0.9709098866366557,0.855323319491284,20,100,optimal,31.78954276373842,15,5,4.0,optimal,26.61226890158546,15,5,4.0,optimal,10.829992683648616,4,2,3.0,0.050276352689897476,0.16394459283656687,tie,,0.0,3.552713678800501e-15,0.0,1.0,0,0,0,0,0,2,0.0,0.0,-6.661338147750939e-17,changed,served_and_memory,23.30868851553345,15.152193609366645,11.654344257766725,0.26666666666666666,11,0,-11,-3,0,1,0.0,36.5,2.397355765866679
published,lhs039,lhs,1975.798593232961,0.0043372401014757835,0.9709098866366557,0.855323319491284,15,100,optimal,31.78954276373842,15,5,4.0,optimal,26.61226890158546,15,5,4.0,optimal,10.829992683648616,4,2,3.0,0.050276352689897476,0.16394459283656687,tie,,0.0,3.552713678800501e-15,0.0,1.0,0,0,0,0,0,2,0.0,0.0,-6.661338147750939e-17,changed,served_and_memory,23.30868851553345,15.152193609366645,11.654344257766725,0.26666666666666666,11,0,-11,-3,0,1,0.0,36.5,2.397355765866679
published,lhs039,lhs,1975.798593232961,0.0043372401014757835,0.9709098866366557,0.855323319491284,10,100,optimal,23.475408635738766,7,3,3.3333333333333335,optimal,20.676949321821596,7,3,3.3333333333333335,optimal,10.829992683648616,4,2,3.0,0.23713737056616555,0.46415888336127825,identical,,0.0,0.0,0.0,1.0,0,0,0,0,0,0,0.0,0.0,0.0,changed,served_set_only,0.05497083607709996,6.83805948136699,0.02748541803854998,0.5714285714285714,3,0,-3,-1,0,0,0.0,0.0,0.0
published,lhs039,lhs,1975.798593232961,0.0043372401014757835,0.9709098866366557,0.855323319491284,6,100,optimal,16.637349154371776,4,2,3.0,optimal,14.896099757193813,4,2,3.0,optimal,10.829992683648616,4,2,3.0,0.46415888336127825,0.5356805395261334,identical,,0.0,0.0,0.0,1.0,0,0,0,0,0,0,0.0,0.0,0.0,identical,,0.0,0.0,0.0,1.0,0,0,0,0,0,0,0.0,0.0,0.0
published,lhs040,lhs,5897.216311782785,0.012107898288872293,0.956390440859141,0.9276421826698363,1000000,100,optimal,79.60375728951153,55,14,7.214285714285714,optimal,61.286343125259535,55,14,7.214285714285714,optimal,15.842166424833907,7,3,3.3333333333333335,0.030017743045081,0.06223628039710497,tie,,0.0,0.0,0.0,1.0,0,0,0,0,0,2,0.0,0.0,2.3790493384824782e-17,changed,served_and_memory,297.79425157614213,51.06120407651038,99.2647505253807,0.12727272727272726,48,0,-48,-11,0,3,0.0,77.33333333333333,6.848912076311538
published,lhs040,lhs,5897.216311782785,0.012107898288872293,0.956390440859141,0.9276421826698363,40,100,optimal,78.65885037607094,40,14,7.785714285714286,optimal,60.23004885161004,40,14,7.785714285714286,optimal,15.842166424833907,7,3,3.3333333333333335,0.030017743045081,0.0640270900528647,tie,,0.0,0.0,0.0,1.0,0,0,0,0,0,2,0.0,0.0,2.3790493384824782e-17,changed,served_and_memory,320.34546192029194,50.11629716306979,106.78182064009731,0.175,33,0,-33,-11,0,3,0.0,69.0,5.984079054005817
published,lhs040,lhs,5897.216311782785,0.012107898288872293,0.956390440859141,0.9276421826698363,30,100,optimal,66.41874675919108,30,12,7.833333333333333,optimal,51.574854772149116,30,11,7.181818181818182,optimal,15.842166424833907,7,3,3.3333333333333335,0.03319923187926317,0.0640270900528647,changed,served_and_memory,0.6607989365931459,0.9735752787371155,0.060072630599376904,1.0,0,0,0,-1,0,3,0.0,1.1818181818181819,0.08613932546416951,changed,served_and_memory,290.02680068212123,37.876193546189924,96.67560022737375,0.23333333333333334,23,0,-23,-9,0,3,0.0,64.66666666666667,4.750146439878756
published,lhs040,lhs,5897.216311782785,0.012107898288872293,0.956390440859141,0.9276421826698363,20,100,optimal,55.795332131728024,20,10,8.2,optimal,43.52562293734674,20,9,7.444444444444445,optimal,15.842166424833907,7,3,3.3333333333333335,0.03319923187926317,0.0640270900528647,changed,served_and_memory,0.6607989365931459,0.9735752787371226,0.0734221040659051,1.0,0,0,0,-1,0,4,0.0,2.888888888888889,0.210562795579081,changed,served_and_memory,256.15229135984066,27.252778918726868,85.38409711994689,0.35,13,0,-13,-7,0,2,0.0,48.666666666666664,3.954431759504285
published,lhs040,lhs,5897.216311782785,0.012107898288872293,0.956390440859141,0.9276421826698363,15,100,optimal,42.21033986709822,15,6,5.666666666666667,optimal,35.437447099977334,15,6,5.666666666666667,optimal,15.842166424833907,7,3,3.3333333333333335,0.0640270900528647,0.10242506457263026,tie,,0.0,0.0,0.0,1.0,0,0,0,0,0,4,0.0,0.0,5.551115123125783e-17,changed,served_and_memory,66.47302901578023,13.667786654097064,22.157676338593408,0.2222222222222222,11,3,-8,-3,0,2,0.0,60.5,3.626024184155007
published,lhs040,lhs,5897.216311782785,0.012107898288872293,0.956390440859141,0.9276421826698363,10,100,optimal,32.080254341643375,10,5,4.2,optimal,27.56739149682151,9,4,4.75,optimal,15.842166424833907,7,3,3.3333333333333335,0.0005623413251903491,0.08153869645085443,changed,served_and_memory,0.23151138240180913,0.35347588488488313,0.05787784560045228,0.9,1,0,-1,-1,0,2,0.0,0.0,8.326672684688674e-17,changed,routing,39.351518791735415,3.537701128642219,13.117172930578471,0.4166666666666667,5,2,-3,-2,1,1,0.6666666666666666,16.0,4.892595395815749
published,lhs040,lhs,5897.216311782785,0.012107898288872293,0.956390440859141,0.9276421826698363,6,100,optimal,21.428365204595718,6,3,3.0,optimal,19.49991460412962,6,3,3.0,optimal,14.166228926436656,4,2,3.0,0.0036869450645195738,0.23713737056616555,identical,,0.0,0.0,0.0,1.0,0,0,0,0,0,0,0.0,0.0,0.0,changed,routing,3.923787602201182,1.4547798074359015,1.961893801100591,0.42857142857142855,3,1,-2,-1,1,0,0.5,0.0,2.8703923497241153
published,lhs041,lhs,8944.954994551166,0.004137603116527315,0.9624849436831021,0.7839094891721792,1000000,100,optimal,40.226637981550425,15,5,4.0,optimal,35.04936411939747,15,5,4.0,optimal,16.15275218141818,7,3,3.3333333333333335,0.050276352689897476,0.16394459283656687,identical,,0.0,0.0,0.0,1.0,0,0,0,0,0,0,0.0,0.0,0.0,changed,served_and_memory,20.19435279549101,11.373499011964995,6.731450931830337,0.4666666666666667,8,0,-8,-2,0,1,0.0,24.333333333333332,1.5982371772444528
published,lhs041,lhs,8944.954994551166,0.004137603116527315,0.9624849436831021,0.7839094891721792,40,100,optimal,40.226637981550425,15,5,4.0,optimal,35.04936411939747,15,5,4.0,optimal,16.15275218141818,7,3,3.3333333333333335,0.050276352689897476,0.16394459283656687,identical,,0.0,0.0,0.0,1.0,0,0,0,0,0,0,0.0,0.0,0.0,changed,served_and_memory,20.19435279549101,11.373499011964995,6.731450931830337,0.4666666666666667,8,0,-8,-2,0,1,0.0,24.333333333333332,1.5982371772444528
published,lhs041,lhs,8944.954994551166,0.004137603116527315,0.9624849436831021,0.7839094891721792,30,100,optimal,40.226637981550425,15,5,4.0,optimal,35.04936411939747,15,5,4.0,optimal,16.15275218141818,7,3,3.3333333333333335,0.050276352689897476,0.16394459283656687,identical,,0.0,0.0,0.0,1.0,0,0,0,0,0,0,0.0,0.0,0.0,changed,served_and_memory,20.19435279549101,11.373499011964995,6.731450931830337,0.4666666666666667,8,0,-8,-2,0,1,0.0,24.333333333333332,1.5982371772444528
published,lhs041,lhs,8944.954994551166,0.004137603116527315,0.9624849436831021,0.7839094891721792,20,100,optimal,40.226637981550425,15,5,4.0,optimal,35.04936411939747,15,5,4.0,optimal,16.15275218141818,7,3,3.3333333333333335,0.050276352689897476,0.16394459283656687,identical,,0.0,0.0,0.0,1.0,0,0,0,0,0,0,0.0,0.0,0.0,changed,served_and_memory,20.19435279549101,11.373499011964995,6.731450931830337,0.4666666666666667,8,0,-8,-2,0,1,0.0,24.333333333333332,1.5982371772444528
published,lhs041,lhs,8944.954994551166,0.004137603116527315,0.9624849436831021,0.7839094891721792,15,100,optimal,40.226637981550425,15,5,4.0,optimal,35.04936411939747,15,5,4.0,optimal,16.15275218141818,7,3,3.3333333333333335,0.050276352689897476,0.16394459283656687,identical,,0.0,0.0,0.0,1.0,0,0,0,0,0,0,0.0,0.0,0.0,changed,served_and_memory,20.19435279549101,11.373499011964995,6.731450931830337,0.4666666666666667,8,0,-8,-2,0,1,0.0,24.333333333333332,1.5982371772444528
published,lhs041,lhs,8944.954994551166,0.004137603116527315,0.9624849436831021,0.7839094891721792,10,100,optimal,28.85313896958543,7,3,3.3333333333333335,optimal,26.05467965566826,7,3,3.3333333333333335,optimal,16.15275218141818,7,3,3.3333333333333335,0.23713737056616555,0.46415888336127825,identical,,0.0,0.0,0.0,1.0,0,0,0,0,0,0,0.0,0.0,0.0,identical,,0.0,0.0,0.0,1.0,0,0,0,0,0,0,0.0,0.0,0.0
published,lhs041,lhs,8944.954994551166,0.004137603116527315,0.9624849436831021,0.7839094891721792,6,100,optimal,21.959995301392787,6,3,3.0,optimal,20.031544700926688,6,3,3.0,optimal,14.519468652904358,4,2,3.0,0.0036869450645195738,0.23713737056616555,identical,,0.0,0.0,0.0,1.0,0,0,0,0,0,0,0.0,0.0,0.0,changed,routing,3.7453972318718183,1.633170177765269,1.8726986159359091,0.42857142857142855,3,1,-2,-1,1,0,0.5,0.0,2.7489516817590847
published,lhs042,lhs,68230.73880076568,0.00778115666777919,0.9254394631442127,0.7609265986441611,1000000,100,optimal,84.69337515885987,53,11,5.818181818181818,optimal,71.15582768790377,53,11,5.818181818181818,optimal,23.277716668524903,7,3,3.3333333333333335,0.030017743045081,0.0640270900528647,tie,,-1.4210854715202004e-14,0.0,-1.2918958832001822e-15,1.0,0,0,0,0,0,4,0.0,0.0,0.0,changed,served_and_memory,149.9405882602295,48.71527170216771,49.98019608674317,0.1320754716981132,46,0,-46,-8,0,3,0.0,64.66666666666667,4.750146439878756
published,lhs042,lhs,68230.73880076568,0.00778115666777919,0.9254394631442127,0.7609265986441611,40,100,optimal,76.40749346190606,38,10,6.1,optimal,64.53665203609489,39,9,5.333333333333333,optimal,23.277716668524903,7,3,3.3333333333333335,0.04279211619645008,0.09897609782820413,changed,routing,0.2143560506843727,1.2155981606758814,0.0238173389649303,0.6041666666666666,9,10,1,-1,2,2,-0.5555555555555556,0.0,0.1125227326667631,changed,served_and_memory,124.09551297857453,40.429390005213904,41.365170992858175,0.18421052631578946,31,0,-31,-7,0,3,0.0,73.0,5.614979462184476
published,lhs042,lhs,68230.73880076568,0.00778115666777919,0.9254394631442127,0.7609265986441611,30,100,optimal,67.83195399058344,30,9,5.111111111111111,optimal,58.516682196654266,27,8,5.25,optimal,23.277716668524903,7,3,3.3333333333333335,0.00015183215780139426,0.09682853110646922,changed,served_and_memory,0.907380834345993,0.1515373030812981,0.11342260429324913,0.9,3,0,-3,-1,0,6,0.0,0.0,-1.8041124150158794e-16,changed,served_and_memory,110.21840383975979,31.85385053389129,36.73946794658659,0.23333333333333334,23,0,-23,-6,0,3,0.0,64.66666666666667,4.410432694990488
published,lhs042,lhs,68230.73880076568,0.00778115666777919,0.9254394631442127,0.7609265986441611,20,100,optimal,60.29137709744211,18,7,5.428571428571429,optimal,52.46127441358202,18,7,5.428571428571429,optimal,23.277716668524903,7,3,3.3333333333333335,0.0640270900528647,0.12532289850754513,tie,,0.0,0.0,0.0,1.0,0,0,0,0,0,4,0.0,0.0,-9.516197353929913e-17,changed,served_and_memory,60.78440178731059,24.313273640749955,20.261467262436863,0.3888888888888889,11,0,-11,-4,0,2,0.0,48.666666666666664,3.2587848799246437
published,lhs042,lhs,68230.73880076568,0.00778115666777919,0.9254394631442127,0.7609265986441611,15,100,optimal,51.34012102836937,15,5,4.0,optimal,46.16284716621641,15,5,4.0,optimal,23.277716668524903,7,3,3.3333333333333335,0.08153869645085443,0.16394459283656687,tie,,0.0,0.0,0.0,1.0,0,0,0,0,0,2,0.0,0.0,0.0,changed,served_and_memory,16.10454578988613,15.362017571677214,5.368181929962044,0.4666666666666667,8,0,-8,-2,0,1,0.0,24.333333333333332,1.5982371772444528
published,lhs042,lhs,68230.73880076568,0.00778115666777919,0.9254394631442127,0.7609265986441611,10,100,optimal,42.09918576091679,10,5,4.2,optimal,37.35481153369311,10,5,4.2,optimal,23.277716668524903,7,3,3.3333333333333335,0.0005623413251903491,0.15703748946090484,tie,,0.0,7.105427357601002e-15,0.0,1.0,0,0,0,0,0,2,0.0,0.0,6.661338147750939e-17,changed,routing,32.311620172920556,6.121082304224636,10.770540057640185,0.4166666666666667,5,2,-3,-2,1,1,0.6666666666666666,24.333333333333332,5.543490065256804
published,lhs042,lhs,68230.73880076568,0.00778115666777919,0.9254394631442127,0.7609265986441611,6,100,optimal,29.275366143323872,6,3,3.0,optimal,27.34691554285778,6,3,3.0,optimal,19.410179746197123,4,2,3.0,0.0036869450645195738,0.23713737056616555,identical,,0.0,0.0,0.0,1.0,0,0,0,0,0,0,0.0,0.0,0.0,changed,routing,1.320737483233497,4.057829926403592,0.6603687416167485,0.42857142857142855,3,1,-2,-1,1,0,0.5,0.0,2.727486783938927
published,lhs043,lhs,8696.875007269287,0.03011377785183901,0.9475302273931573,0.9253519323376977,1000000,100,optimal,81.8586322161872,55,14,7.214285714285714,optimal,63.541218051935225,55,14,7.214285714285714,optimal,17.185637258082803,7,3,3.3333333333333335,0.030017743045081,0.05916841616414359,tie,,0.0,-1.4210854715202004e-14,0.0,1.0,0,0,0,0,0,2,0.0,0.0,-7.93016446160826e-18,changed,served_and_memory,300.65840346503984,51.972608169937146,100.21946782167994,0.12727272727272726,48,0,-48,-11,0,3,0.0,69.0,5.984079054005818
published,lhs043,lhs,8696.875007269287,0.03011377785183901,0.9475302273931573,0.9253519323376977,40,100,optimal,80.25659229604587,40,14,7.785714285714286,optimal,61.827790771584965,40,14,7.785714285714286,optimal,17.185637258082803,7,3,3.3333333333333335,0.030017743045081,0.0640270900528647,tie,,7.105427357601002e-15,0.0,5.075305255429287e-16,1.0,0,0,0,0,0,2,0.0,0.0,1.586032892321652e-17,changed,served_and_memory,317.26525433643064,50.37056824979581,105.75508477881021,0.175,33,0,-33,-11,0,3,0.0,77.33333333333333,6.848912076311538
published,lhs043,lhs,8696.875007269287,0.03011377785183901,0.9475302273931573,0.9253519323376977,30,100,optimal,67.08124431238862,30,11,7.181818181818182,optimal,53.21092760408378,30,11,7.181818181818182,optimal,17.185637258082803,7,3,3.3333333333333335,0.03319923187926317,0.0640270900528647,identical,,0.0,0.0,0.0,1.0,0,0,0,0,0,0,0.0,0.0,0.0,changed,served_and_memory,212.57904034590797,37.19522026613856,70.85968011530265,0.23333333333333334,23,0,-23,-8,0,3,0.0,73.0,5.6149794621844755
published,lhs043,lhs,8696.875007269287,0.03011377785183901,0.9475302273931573,0.9253519323376977,20,100,optimal,55.83921827042484,20,9,7.444444444444445,optimal,45.30935135998425,18,7,5.428571428571429,optimal,17.185637258082803,7,3,3.3333333333333335,0.03319923187926317,0.0640270900528647,changed,served_and_memory,0.7662670052035665,2.6997642265804984,0.10946671502908092,0.46153846153846156,8,6,-2,-2,0,3,0.0,5.0,0.18911044319552472,changed,served_and_memory,181.25355983941148,25.953194224174783,60.41785327980383,0.35,13,0,-13,-6,0,2,0.0,48.666666666666664,3.954431759504285
published,lhs043,lhs,8696.875007269287,0.03011377785183901,0.9475302273931573,0.9253519323376977,15,100,optimal,44.14953704382265,15,6,5.666666666666667,optimal,37.37664427670176,15,6,5.666666666666667,optimal,17.185637258082803,7,3,3.3333333333333335,0.0640270900528647,0.10242506457263026,tie,,0.0,0.0,0.0,1.0,0,0,0,0,0,4,0.0,0.0,3.700743415417188e-17,changed,served_and_memory,63.28464122717644,14.263512997572594,21.094880409058813,0.2222222222222222,11,3,-8,-3,0,2,0.0,60.5,3.6260241841550065
published,lhs043,lhs,8696.875007269287,0.03011377785183901,0.9475302273931573,0.9253519323376977,10,100,optimal,34.076120773825956,10,5,4.2,optimal,29.33174654660228,10,5,4.2,optimal,17.185637258082803,7,3,3.3333333333333335,0.0005623413251903491,0.08153869645085443,identical,,0.0,0.0,0.0,1.0,0,0,0,0,0,0,0.0,0.0,0.0,changed,routing,38.699123192801736,4.190096727575902,12.899707730933912,0.4166666666666667,5,2,-3,-2,1,1,0.6666666666666666,16.0,4.89021788549174
published,lhs043,lhs,8696.875007269287,0.03011377785183901,0.9475302273931573,0.9253519323376977,6,100,optimal,22.808676959732818,6,3,3.0,optimal,20.88022635926672,6,3,3.0,optimal,15.088750575505198,4,2,3.0,0.0036869450645195738,0.23713737056616555,identical,,0.0,0.0,0.0,1.0,0,0,0,0,0,0,0.0,0.0,0.0,changed,routing,3.4659974961326263,1.9125699135044592,1.7329987480663132,0.42857142857142855,3,1,-2,-1,1,0,0.5,0.0,2.8686092169811093
published,lhs044,lhs,1603.0589159140588,0.0025771655129307796,0.9345252885754125,0.6994878745374653,1000000,100,optimal,14.117959100969347,4,2,3.0,optimal,12.376709703791382,4,2,3.0,optimal,8.310602630246187,4,2,3.0,0.46415888336127825,0.5356805395261334,identical,,0.0,0.0,0.0,1.0,0,0,0,0,0,0,0.0,0.0,0.0,identical,,0.0,0.0,0.0,1.0,0,0,0,0,0,0,0.0,0.0,0.0
published,lhs044,lhs,1603.0589159140588,0.0025771655129307796,0.9345252885754125,0.6994878745374653,40,100,optimal,14.117959100969347,4,2,3.0,optimal,12.376709703791382,4,2,3.0,optimal,8.310602630246187,4,2,3.0,0.46415888336127825,0.5356805395261334,identical,,0.0,0.0,0.0,1.0,0,0,0,0,0,0,0.0,0.0,0.0,identical,,0.0,0.0,0.0,1.0,0,0,0,0,0,0,0.0,0.0,0.0
published,lhs044,lhs,1603.0589159140588,0.0025771655129307796,0.9345252885754125,0.6994878745374653,30,100,optimal,14.117959100969347,4,2,3.0,optimal,12.376709703791382,4,2,3.0,optimal,8.310602630246187,4,2,3.0,0.46415888336127825,0.5356805395261334,identical,,0.0,0.0,0.0,1.0,0,0,0,0,0,0,0.0,0.0,0.0,identical,,0.0,0.0,0.0,1.0,0,0,0,0,0,0,0.0,0.0,0.0
published,lhs044,lhs,1603.0589159140588,0.0025771655129307796,0.9345252885754125,0.6994878745374653,20,100,optimal,14.117959100969347,4,2,3.0,optimal,12.376709703791382,4,2,3.0,optimal,8.310602630246187,4,2,3.0,0.46415888336127825,0.5356805395261334,identical,,0.0,0.0,0.0,1.0,0,0,0,0,0,0,0.0,0.0,0.0,identical,,0.0,0.0,0.0,1.0,0,0,0,0,0,0,0.0,0.0,0.0
published,lhs044,lhs,1603.0589159140588,0.0025771655129307796,0.9345252885754125,0.6994878745374653,15,100,optimal,14.117959100969347,4,2,3.0,optimal,12.376709703791382,4,2,3.0,optimal,8.310602630246187,4,2,3.0,0.46415888336127825,0.5356805395261334,identical,,0.0,0.0,0.0,1.0,0,0,0,0,0,0,0.0,0.0,0.0,identical,,0.0,0.0,0.0,1.0,0,0,0,0,0,0,0.0,0.0,0.0
published,lhs044,lhs,1603.0589159140588,0.0025771655129307796,0.9345252885754125,0.6994878745374653,10,100,optimal,14.117959100969347,4,2,3.0,optimal,12.376709703791382,4,2,3.0,optimal,8.310602630246187,4,2,3.0,0.46415888336127825,0.5356805395261334,identical,,0.0,0.0,0.0,1.0,0,0,0,0,0,0,0.0,0.0,0.0,identical,,0.0,0.0,0.0,1.0,0,0,0,0,0,0,0.0,0.0,0.0
published,lhs044,lhs,1603.0589159140588,0.0025771655129307796,0.9345252885754125,0.6994878745374653,6,100,optimal,14.117959100969347,4,2,3.0,optimal,12.376709703791382,4,2,3.0,optimal,8.310602630246187,4,2,3.0,0.46415888336127825,0.5356805395261334,identical,,0.0,0.0,0.0,1.0,0,0,0,0,0,0,0.0,0.0,0.0,identical,,0.0,0.0,0.0,1.0,0,0,0,0,0,0,0.0,0.0,0.0
published,lhs045,lhs,1277.356464078315,0.04547549230378998,0.9901779885419207,0.923326295730107,1000000,100,optimal,65.84640865670633,52,17,9.176470588235293,optimal,43.10903776221535,46,14,7.571428571428571,optimal,10.370220514852651,4,2,3.0,0.030017743045081,0.05387208250415978,changed,routing,0.5781765139271897,4.431356635772538,0.04129832242337069,0.8490566037735849,7,1,-6,-3,2,7,-0.07142857142857142,2.7857142857142856,0.20586077426018723,changed,served_and_memory,559.1131250965083,49.66883167113052,279.55656254825413,0.07692307692307693,48,0,-48,-15,0,2,0.0,67.0,4.928626037580113
published,lhs045,lhs,1277.356464078315,0.04547549230378998,0.9901779885419207,0.923326295730107,40,100,optimal,64.04268811062012,40,17,9.647058823529411,optimal,43.04756949230141,40,14,7.785714285714286,optimal,10.370220514852651,4,2,3.0,0.009485494822646622,0.0640270900528647,changed,served_and_memory,2.6851249550469163,2.5663170938577906,0.1917946396462083,1.0,0,0,0,-3,0,10,0.0,0.7857142857142857,0.19691913330655073,changed,served_and_memory,599.433288394396,47.86511112504431,299.716644197198,0.1,36,0,-36,-15,0,2,0.0,79.5,6.225875571038694
published,lhs045,lhs,1277.356464078315,0.04547549230378998,0.9901779885419207,0.923326295730107,30,100,optimal,53.93583309934453,27,14,9.714285714285714,optimal,37.41611503524699,26,11,7.454545454545454,optimal,10.370220514852651,4,2,3.0,0.03134209593995679,0.03319923187926317,changed,served_and_memory,2.8243683877885317,2.610078341269471,0.25676076252623015,0.6060606060606061,7,6,-1,-3,0,4,0.0,-3.7777777777777777,0.10595878363403748,changed,served_and_memory,512.8784955413669,37.75825611376872,256.43924777068344,0.14814814814814814,23,0,-23,-12,0,1,0.0,36.5,2.397355765866679
published,lhs045,lhs,1277.356464078315,0.04547549230378998,0.9901779885419207,0.923326295730107,20,100,optimal,45.99306565833882,20,11,9.0,optimal,32.201389582911055,20,9,7.444444444444445,optimal,10.370220514852651,4,2,3.0,0.03319923187926317,0.0640270900528647,changed,served_and_memory,0.8407608128172548,2.4955421597836036,0.09341786809080609,1.0,0,0,0,-2,0,4,0.0,2.888888888888889,0.21056279557908103,changed,served_and_memory,350.5822299233067,29.81548867276301,175.29111496165336,0.2,16,0,-16,-9,0,1,0.0,36.5,2.397355765866679
published,lhs045,lhs,1277.356464078315,0.04547549230378998,0.9901779885419207,0.923326295730107,15,100,optimal,32.82178741533331,15,6,5.666666666666667,optimal,26.558767820629793,12,5,4.6,optimal,10.370220514852651,4,2,3.0,0.0640270900528647,0.11928809295587964,changed,served_and_memory,0.5098731724173682,1.0464227180273298,0.10197463448347363,0.5,6,3,-3,-1,0,3,0.0,12.0,0.23585411790840805,changed,served_and_memory,68.7590546114667,16.6442104297575,34.37952730573335,0.26666666666666666,11,0,-11,-4,0,2,0.0,60.5,3.5909277864283853
published,lhs045,lhs,1277.356464078315,0.04547549230378998,0.9901779885419207,0.923326295730107,10,100,optimal,24.993556155813472,9,4,4.75,optimal,20.83416919587649,9,4,4.75,optimal,10.370220514852651,4,2,3.0,0.08153869645085443,0.16049104114873586,tie,,-3.552713678800501e-15,3.552713678800501e-15,-8.881784197001252e-16,1.0,0,0,0,0,0,2,0.0,0.0,8.326672684688674e-17,changed,served_and_memory,25.71268428931888,8.81597917023766,12.85634214465944,0.4444444444444444,5,0,-5,-2,0,1,0.0,36.5,2.397355765866679
published,lhs045,lhs,1277.356464078315,0.04547549230378998,0.9901779885419207,0.923326295730107,6,100,optimal,16.17757698557581,4,2,3.0,optimal,14.436327588397848,4,2,3.0,optimal,10.370220514852651,4,2,3.0,0.46415888336127825,0.5356805395261334,identical,,0.0,0.0,0.0,1.0,0,0,0,0,0,0,0.0,0.0,0.0,identical,,0.0,0.0,0.0,1.0,0,0,0,0,0,0,0.0,0.0,0.0
published,lhs046,lhs,1550.984704009016,0.01875313957973561,0.9910006978115169,0.7658520280944753,1000000,100,optimal,43.15024408758922,54,12,6.333333333333333,optimal,29.4859745730764,53,11,5.818181818181818,optimal,9.865875394425967,4,2,3.0,0.03319923187926317,0.07278289325185956,changed,served_and_memory,1.5053558294486002,0.12672204355672534,0.13685052994987276,0.9814814814814815,1,0,-1,-1,0,3,0.0,1.1818181818181819,0.08613932546416957,changed,served_and_memory,217.40347444138578,27.477012222440095,108.70173722069289,0.07407407407407407,50,0,-50,-10,0,2,0.0,79.5,6.225875571038694
published,lhs046,lhs,1550.984704009016,0.01875313957973561,0.9910006978115169,0.7658520280944753,40,100,optimal,41.29618770624927,40,12,7.0,optimal,28.591731146528087,39,9,5.333333333333333,optimal,9.865875394425967,4,2,3.0,0.03319923187926317,0.07278289325185956,changed,routing,2.576556144449153,2.049213294585911,0.2862840160499059,0.58,11,10,-1,-3,2,2,-0.5555555555555556,2.888888888888889,0.317914206404578,changed,served_and_memory,234.66921983303146,25.622955841100143,117.33460991651573,0.1,36,0,-36,-10,0,2,0.0,79.5,6.225875571038694
published,lhs046,lhs,1550.984704009016,0.01875313957973561,0.9910006978115169,0.7658520280944753,30,100,optimal,37.38719972291534,30,9,6.0,optimal,26.782244820002436,27,8,5.25,optimal,9.865875394425967,4,2,3.0,0.06044547074134525,0.08153869645085443,changed,routing,0.21296690515129058,1.4412204120650145,0.026620863143911322,0.6285714285714286,8,5,-3,-1,2,4,-0.125,0.0,0.003306007971424982,changed,served_and_memory,132.45780910869664,21.713967857766214,66.22890455434832,0.13333333333333333,26,0,-26,-7,0,2,0.0,60.5,3.626024184155007
published,lhs046,lhs,1550.984704009016,0.01875313957973561,0.9910006978115169,0.7658520280944753,20,100,optimal,33.29608950216516,18,7,5.428571428571429,optimal,25.46598681830507,18,7,5.428571428571429,optimal,9.865875394425967,4,2,3.0,0.0640270900528647,0.12331143269440609,tie,,3.552713678800501e-15,0.0,5.075305255429287e-16,1.0,0,0,0,0,0,2,0.0,0.0,4.7580986769649563e-17,changed,served_and_memory,76.30401866774942,17.622857637016033,38.15200933387471,0.2222222222222222,14,0,-14,-5,0,2,0.0,60.5,3.626024184155007
published,lhs046,lhs,1550.984704009016,0.01875313957973561,0.9910006978115169,0.7658520280944753,15,100,optimal,28.91554199648385,15,5,4.0,optimal,23.73826813433089,15,5,4.0,optimal,9.865875394425967,4,2,3.0,0.050276352689897476,0.23713737056616555,tie,,3.552713678800501e-15,-3.552713678800501e-15,7.105427357601002e-16,1.0,0,0,0,0,0,2,0.0,0.0,1.9984014443252818e-16,changed,served_and_memory,27.154742552826203,13.242310131334722,13.577371276413102,0.26666666666666666,11,0,-11,-3,0,1,0.0,24.0,1.13520263013472
published,lhs046,lhs,1550.984704009016,0.01875313957973561,0.9910006978115169,0.7658520280944753,10,100,optimal,22.11447017073773,9,4,4.75,optimal,19.137151382840145,7,3,3.3333333333333335,optimal,9.865875394425967,4,2,3.0,0.08153869645085443,0.16049104114873586,changed,served_and_memory,1.182068172039397,0.1788594739804097,0.3940227240131324,0.3333333333333333,5,3,-2,-1,0,1,0.0,36.5,0.9444843438056278,changed,served_and_memory,28.08742515396794,6.441238305588602,14.04371257698397,0.4444444444444444,5,0,-5,-2,0,1,0.0,36.5,2.397355765866679
published,lhs046,lhs,1550.984704009016,0.01875313957973561,0.9910006978115169,0.7658520280944753,6,100,optimal,15.673231865149127,4,2,3.0,optimal,13.931982467971162,4,2,3.0,optimal,9.865875394425967,4,2,3.0,0.46415888336127825,0.5356805395261334,identical,,0.0,0.0,0.0,1.0,0,0,0,0,0,0,0.0,0.0,0.0,identical,,0.0,0.0,0.0,1.0,0,0,0,0,0,0,0.0,0.0,0.0
published,lhs047,lhs,28896.185178055912,0.001405374055107552,0.9927638718316723,0.6001646125988428,1000000,100,optimal,0.0,0,0,,optimal,0.0,0,0,,optimal,0.0,0,0,,,,identical,,0.0,0.0,0.0,1.0,0,0,0,0,0,0,,,,identical,,0.0,0.0,0.0,1.0,0,0,0,0,0,0,,,
published,lhs047,lhs,28896.185178055912,0.001405374055107552,0.9927638718316723,0.6001646125988428,40,100,optimal,0.0,0,0,,optimal,0.0,0,0,,optimal,0.0,0,0,,,,identical,,0.0,0.0,0.0,1.0,0,0,0,0,0,0,,,,identical,,0.0,0.0,0.0,1.0,0,0,0,0,0,0,,,
published,lhs047,lhs,28896.185178055912,0.001405374055107552,0.9927638718316723,0.6001646125988428,30,100,optimal,0.0,0,0,,optimal,0.0,0,0,,optimal,0.0,0,0,,,,identical,,0.0,0.0,0.0,1.0,0,0,0,0,0,0,,,,identical,,0.0,0.0,0.0,1.0,0,0,0,0,0,0,,,
published,lhs047,lhs,28896.185178055912,0.001405374055107552,0.9927638718316723,0.6001646125988428,20,100,optimal,0.0,0,0,,optimal,0.0,0,0,,optimal,0.0,0,0,,,,identical,,0.0,0.0,0.0,1.0,0,0,0,0,0,0,,,,identical,,0.0,0.0,0.0,1.0,0,0,0,0,0,0,,,
published,lhs047,lhs,28896.185178055912,0.001405374055107552,0.9927638718316723,0.6001646125988428,15,100,optimal,0.0,0,0,,optimal,0.0,0,0,,optimal,0.0,0,0,,,,identical,,0.0,0.0,0.0,1.0,0,0,0,0,0,0,,,,identical,,0.0,0.0,0.0,1.0,0,0,0,0,0,0,,,
published,lhs047,lhs,28896.185178055912,0.001405374055107552,0.9927638718316723,0.6001646125988428,10,100,optimal,0.0,0,0,,optimal,0.0,0,0,,optimal,0.0,0,0,,,,identical,,0.0,0.0,0.0,1.0,0,0,0,0,0,0,,,,identical,,0.0,0.0,0.0,1.0,0,0,0,0,0,0,,,
published,lhs047,lhs,28896.185178055912,0.001405374055107552,0.9927638718316723,0.6001646125988428,6,100,optimal,0.0,0,0,,optimal,0.0,0,0,,optimal,0.0,0,0,,,,identical,,0.0,0.0,0.0,1.0,0,0,0,0,0,0,,,,identical,,0.0,0.0,0.0,1.0,0,0,0,0,0,0,,,
published,lhs048,lhs,5954.594758476768,0.0035219645468538754,0.953116072588556,0.9446801822211625,1000000,100,optimal,28.654199940732482,7,3,3.3333333333333335,optimal,25.85574062681531,7,3,3.3333333333333335,optimal,15.953813152565232,7,3,3.3333333333333335,0.23713737056616555,0.46415888336127825,identical,,0.0,0.0,0.0,1.0,0,0,0,0,0,0,0.0,0.0,0.0,identical,,0.0,0.0,0.0,1.0,0,0,0,0,0,0,0.0,0.0,0.0
published,lhs048,lhs,5954.594758476768,0.0035219645468538754,0.953116072588556,0.9446801822211625,40,100,optimal,28.654199940732482,7,3,3.3333333333333335,optimal,25.85574062681531,7,3,3.3333333333333335,optimal,15.953813152565232,7,3,3.3333333333333335,0.23713737056616555,0.46415888336127825,identical,,0.0,0.0,0.0,1.0,0,0,0,0,0,0,0.0,0.0,0.0,identical,,0.0,0.0,0.0,1.0,0,0,0,0,0,0,0.0,0.0,0.0
published,lhs048,lhs,5954.594758476768,0.0035219645468538754,0.953116072588556,0.9446801822211625,30,100,optimal,28.654199940732482,7,3,3.3333333333333335,optimal,25.85574062681531,7,3,3.3333333333333335,optimal,15.953813152565232,7,3,3.3333333333333335,0.23713737056616555,0.46415888336127825,identical,,0.0,0.0,0.0,1.0,0,0,0,0,0,0,0.0,0.0,0.0,identical,,0.0,0.0,0.0,1.0,0,0,0,0,0,0,0.0,0.0,0.0
published,lhs048,lhs,5954.594758476768,0.0035219645468538754,0.953116072588556,0.9446801822211625,20,100,optimal,28.654199940732482,7,3,3.3333333333333335,optimal,25.85574062681531,7,3,3.3333333333333335,optimal,15.953813152565232,7,3,3.3333333333333335,0.23713737056616555,0.46415888336127825,identical,,0.0,0.0,0.0,1.0,0,0,0,0,0,0,0.0,0.0,0.0,identical,,0.0,0.0,0.0,1.0,0,0,0,0,0,0,0.0,0.0,0.0
published,lhs048,lhs,5954.594758476768,0.0035219645468538754,0.953116072588556,0.9446801822211625,15,100,optimal,28.654199940732482,7,3,3.3333333333333335,optimal,25.85574062681531,7,3,3.3333333333333335,optimal,15.953813152565232,7,3,3.3333333333333335,0.23713737056616555,0.46415888336127825,identical,,0.0,0.0,0.0,1.0,0,0,0,0,0,0,0.0,0.0,0.0,identical,,0.0,0.0,0.0,1.0,0,0,0,0,0,0,0.0,0.0,0.0
published,lhs048,lhs,5954.594758476768,0.0035219645468538754,0.953116072588556,0.9446801822211625,10,100,optimal,28.654199940732482,7,3,3.3333333333333335,optimal,25.85574062681531,7,3,3.3333333333333335,optimal,15.953813152565232,7,3,3.3333333333333335,0.23713737056616555,0.46415888336127825,identical,,0.0,0.0,0.0,1.0,0,0,0,0,0,0,0.0,0.0,0.0,identical,,0.0,0.0,0.0,1.0,0,0,0,0,0,0,0.0,0.0,0.0
published,lhs048,lhs,5954.594758476768,0.0035219645468538754,0.953116072588556,0.9446801822211625,6,100,optimal,21.5258314541964,6,3,3.0,optimal,19.597380853730304,6,3,3.0,optimal,14.231971348016264,4,2,3.0,0.0036869450645195738,0.23713737056616555,identical,,0.0,0.0,0.0,1.0,0,0,0,0,0,0,0.0,0.0,0.0,changed,routing,3.8920637741801105,1.4865036354569767,1.9460318870900553,0.42857142857142855,3,1,-2,-1,1,0,0.5,0.0,2.883521133768401
published,lhs049,lhs,1243.1441922719475,0.010136262538449075,0.995865622468189,0.7945243323908131,1000000,100,optimal,43.82719987661014,54,12,6.333333333333333,optimal,29.71882273626182,53,11,5.818181818181818,optimal,9.525717518415348,4,2,3.0,0.03319923187926317,0.07278289325185956,changed,served_and_memory,1.06124820361309,0.570829669392225,0.0964771094193718,0.9814814814814815,1,0,-1,-1,0,3,0.0,1.1818181818181819,0.08613932546416957,changed,served_and_memory,216.38636077635428,28.49412588747163,108.19318038817714,0.07407407407407407,50,0,-50,-10,0,2,0.0,79.5,6.225875571038693
published,lhs049,lhs,1243.1441922719475,0.010136262538449075,0.995865622468189,0.7945243323908131,40,100,optimal,42.51962933973237,40,12,7.0,optimal,28.700791189193396,40,10,5.9,optimal,9.525717518415348,4,2,3.0,0.030017743045081,0.07278289325185956,changed,routing,1.462174553631364,1.5994535027674104,0.1462174553631364,0.6,10,10,0,-2,2,0,-0.5,0.0,0.07010340471756679,changed,served_and_memory,245.25423225396622,27.18655535059386,122.62711612698311,0.1,36,0,-36,-10,0,2,0.0,73.0,4.888177319886966
published,lhs049,lhs,1243.1441922719475,0.010136262538449075,0.995865622468189,0.7945243323908131,30,100,optimal,37.69075583111047,30,9,6.0,optimal,26.87283402304628,30,9,6.0,optimal,9.525717518415348,4,2,3.0,0.05387208250415978,0.08153869645085443,tie,,0.0,0.0,0.0,1.0,0,0,0,0,0,4,0.0,0.0,3.700743415417188e-17,changed,served_and_memory,131.133133663583,22.357681841971964,65.5665668317915,0.13333333333333333,26,0,-26,-7,0,2,0.0,60.5,3.5909277864283853
published,lhs049,lhs,1243.1441922719475,0.010136262538449075,0.995865622468189,0.7945243323908131,20,100,optimal,33.25967821081964,18,7,5.428571428571429,optimal,25.429575526959546,18,7,5.428571428571429,optimal,9.525717518415348,4,2,3.0,0.0640270900528647,0.12532289850754513,tie,,0.0,-7.105427357601002e-15,0.0,1.0,0,0,0,0,0,2,0.0,0.0,-4.7580986769649563e-17,changed,served_and_memory,68.95109319472363,17.926604221681128,34.47554659736181,0.2222222222222222,14,0,-14,-5,0,2,0.0,73.0,4.888177319886966
published,lhs049,lhs,1243.1441922719475,0.010136262538449075,0.995865622468189,0.7945243323908131,15,100,optimal,28.40365249172232,15,5,4.0,optimal,23.226378629569364,15,5,4.0,optimal,9.525717518415348,4,2,3.0,0.050276352689897476,0.23713737056616555,tie,,3.552713678800501e-15,-3.552713678800501e-15,7.105427357601002e-16,1.0,0,0,0,0,0,2,0.0,0.0,1.3322676295501878e-16,changed,served_and_memory,27.32647418157711,13.07057850258381,13.663237090788556,0.26666666666666666,11,0,-11,-3,0,1,0.0,24.0,1.13520263013472
published,lhs049,lhs,1243.1441922719475,0.010136262538449075,0.995865622468189,0.7945243323908131,10,100,optimal,21.909246149797077,9,4,4.75,optimal,18.69455983787713,7,3,3.3333333333333335,optimal,9.525717518415348,4,2,3.0,0.08153869645085443,0.16049104114873586,changed,served_and_memory,0.944700648017033,0.4162269980027773,0.3149002160056777,0.3333333333333333,5,3,-2,-1,0,1,0.0,36.5,0.9444843438056278,changed,served_and_memory,30.472838182869587,6.576172160658569,15.236419091434794,0.4444444444444444,5,0,-5,-2,0,1,0.0,36.5,2.397355765866679
published,lhs049,lhs,1243.1441922719475,0.010136262538449075,0.995865622468189,0.7945243323908131,6,100,optimal,15.333073989138509,4,2,3.0,optimal,13.591824591960545,4,2,3.0,optimal,9.525717518415348,4,2,3.0,0.46415888336127825,0.5356805395261334,identical,,0.0,0.0,0.0,1.0,0,0,0,0,0,0,0.0,0.0,0.0,identical,,0.0,0.0,0.0,1.0,0,0,0,0,0,0,0.0,0.0,0.0
published,lhs050,lhs,14576.253160477963,0.05181049923121994,0.9667025018006952,0.7404019720983632,1000000,100,optimal,74.29098147493286,55,14,7.214285714285714,optimal,57.3756741282013,54,12,6.333333333333333,optimal,17.829844706432937,7,3,3.3333333333333335,0.030017743045081,0.05916841616414359,changed,served_and_memory,1.4021068175204192,1.7456820027701525,0.11684223479336826,0.9818181818181818,1,0,-1,-2,0,7,0.0,5.25,0.2365530843384259,changed,served_and_memory,306.0443251575091,43.760749980332676,102.01477505250303,0.12727272727272726,48,0,-48,-11,0,3,0.0,77.33333333333333,6.848912076311538
published,lhs050,lhs,14576.253160477963,0.05181049923121994,0.9667025018006952,0.7404019720983632,40,100,optimal,71.25390588180818,40,14,7.785714285714286,optimal,54.22721117486769,40,12,7.0,optimal,17.829844706432937,7,3,3.3333333333333335,0.030017743045081,0.0640270900528647,changed,served_and_memory,1.4021068175204263,1.7456820027701525,0.11684223479336886,1.0,0,0,0,-2,0,7,0.0,5.25,0.2365530843384259,changed,served_and_memory,326.9121481990185,40.72367438720799,108.97071606633949,0.175,33,0,-33,-11,0,3,0.0,77.33333333333333,6.848912076311538
published,lhs050,lhs,14576.253160477963,0.05181049923121994,0.9667025018006952,0.7404019720983632,30,100,optimal,61.44732796596897,30,11,7.181818181818182,optimal,49.219272834881735,28,9,5.888888888888889,optimal,17.829844706432937,7,3,3.3333333333333335,0.03319923187926317,0.0640270900528647,changed,served_and_memory,1.642261577217596,1.500179257603044,0.18247350857973288,0.5675675675675675,9,7,-2,-2,0,4,0.0,7.142857142857143,0.2701577759936068,changed,served_and_memory,221.68310063781297,30.91709647136878,73.89436687927099,0.23333333333333334,23,0,-23,-8,0,3,0.0,64.66666666666667,4.750146439878755
published,lhs050,lhs,14576.253160477963,0.05181049923121994,0.9667025018006952,0.7404019720983632,20,100,optimal,51.34550118739256,18,7,5.428571428571429,optimal,43.51539850353246,18,7,5.428571428571429,optimal,17.829844706432937,7,3,3.3333333333333335,0.0640270900528647,0.12532289850754513,tie,,0.0,7.105427357601002e-15,0.0,1.0,0,0,0,0,0,2,0.0,0.0,-3.172065784643304e-17,changed,served_and_memory,61.68974429013993,20.81526969279237,20.56324809671331,0.3888888888888889,11,0,-11,-4,0,2,0.0,48.666666666666664,3.2587848799246437
published,lhs050,lhs,14576.253160477963,0.05181049923121994,0.9667025018006952,0.7404019720983632,15,100,optimal,42.80162224482732,15,5,4.0,optimal,37.62434838267436,15,5,4.0,optimal,17.829844706432937,7,3,3.3333333333333335,0.050276352689897476,0.23713737056616555,identical,,0.0,0.0,0.0,1.0,0,0,0,0,0,0,0.0,0.0,0.0,changed,served_and_memory,21.2326316164897,12.271390750227134,7.0775438721632336,0.4666666666666667,8,0,-8,-2,0,1,0.0,16.0,0.7568017534231467
published,lhs050,lhs,14576.253160477963,0.05181049923121994,0.9667025018006952,0.7404019720983632,10,100,optimal,34.20115023980838,10,5,4.2,optimal,29.456776012584697,10,5,4.2,optimal,17.829844706432937,7,3,3.3333333333333335,0.0005623413251903491,0.08153869645085443,identical,,0.0,0.0,0.0,1.0,0,0,0,0,0,0,0.0,0.0,0.0,changed,routing,39.21830117516945,3.6709187452081906,13.072767058389816,0.4166666666666667,5,2,-3,-2,1,1,0.6666666666666666,16.0,4.675755604324449
published,lhs050,lhs,14576.253160477963,0.05181049923121994,0.9667025018006952,0.7404019720983632,6,100,optimal,23.704815049400324,6,3,3.0,optimal,21.776364448934224,6,3,3.0,optimal,15.682027738444155,4,2,3.0,0.0036869450645195738,0.23713737056616555,identical,,0.0,0.0,0.0,1.0,0,0,0,0,0,0,0.0,0.0,0.0,changed,routing,3.163136569404081,2.215430840233008,1.5815682847020405,0.42857142857142855,3,1,-2,-1,1,0,0.5,0.0,2.7077625061056407
published,lhs051,lhs,30559.356132337052,0.04982696470490695,0.9969504393821773,0.532716164035729,1000000,100,optimal,63.70950761212574,53,11,5.818181818181818,optimal,50.17196014116965,53,11,5.818181818181818,optimal,18.645920653634843,7,3,3.3333333333333335,0.030017743045081,0.08153869645085443,tie,,0.0,0.0,0.0,1.0,0,0,0,0,0,6,0.0,0.0,3.027880976250427e-17,changed,served_and_memory,162.51710380974907,32.36320017032365,54.17236793658302,0.1320754716981132,46,0,-46,-8,0,3,0.0,73.0,5.6149794621844755
published,lhs051,lhs,30559.356132337052,0.04982696470490695,0.9969504393821773,0.532716164035729,40,100,optimal,59.04489559903544,40,10,5.9,optimal,47.72226655359762,39,9,5.333333333333333,optimal,18.645920653634843,7,3,3.3333333333333335,0.05387208250415978,0.07278289325185956,changed,served_set_only,0.8967556023337337,0.6673857803025598,0.09963951137041487,0.975,1,0,-1,-1,0,0,0.0,0.0,0.0,changed,served_and_memory,143.94756394924585,27.698588157233353,47.98252131641528,0.175,33,0,-33,-7,0,3,0.0,64.66666666666667,4.750146439878756
published,lhs051,lhs,30559.356132337052,0.04982696470490695,0.9969504393821773,0.532716164035729,30,100,optimal,53.955885735724436,28,9,5.888888888888889,optimal,44.12476546457398,27,8,5.25,optimal,18.645920653634843,7,3,3.3333333333333335,0.050276352689897476,0.08153869645085443,changed,served_and_memory,0.8967556023337337,0.6673857803025669,0.11209445029171672,0.9642857142857143,1,0,-1,-1,0,6,0.0,0.0,1.1102230246251565e-16,changed,served_and_memory,121.33738667603136,22.609578293922347,40.44579555867712,0.25,21,0,-21,-6,0,3,0.0,64.66666666666667,4.77354403836317
published,lhs051,lhs,30559.356132337052,0.04982696470490695,0.9969504393821773,0.532716164035729,20,100,optimal,47.83945696397694,18,7,5.428571428571429,optimal,40.840409833935766,20,6,4.333333333333333,optimal,18.645920653634843,7,3,3.3333333333333335,0.0640270900528647,0.12532289850754513,changed,routing,0.8310555538189135,0.5306752909883556,0.13850925896981892,0.7272727272727273,2,4,2,-1,1,2,-0.5,0.0,0.34456687147840803,changed,served_and_memory,66.08417902191407,16.493149522174853,22.028059673971356,0.3888888888888889,11,0,-11,-4,0,2,0.0,48.666666666666664,3.2587848799246437
published,lhs051,lhs,30559.356132337052,0.04982696470490695,0.9969504393821773,0.532716164035729,15,100,optimal,42.91408189043898,15,5,4.0,optimal,37.73680802828602,15,5,4.0,optimal,18.645920653634843,7,3,3.3333333333333335,0.050276352689897476,0.16394459283656687,identical,,0.0,0.0,0.0,1.0,0,0,0,0,0,0,0.0,0.0,0.0,changed,served_and_memory,20.000077358819112,11.56777444863689,6.666692452939704,0.4666666666666667,8,0,-8,-2,0,1,0.0,24.333333333333332,1.5982371772444528
published,lhs051,lhs,30559.356132337052,0.04982696470490695,0.9969504393821773,0.532716164035729,10,100,optimal,33.97399660401139,10,5,4.2,optimal,29.229622376787713,10,5,4.2,optimal,18.645920653634843,7,3,3.3333333333333335,0.0005623413251903491,0.15703748946090484,tie,,0.0,0.0,0.0,1.0,0,0,0,0,0,2,0.0,0.0,-2.2204460492503132e-17,changed,routing,38.32536019890752,2.6276891622093004,12.775120066302506,0.4166666666666667,5,2,-3,-2,1,1,0.6666666666666666,24.333333333333332,5.200563240739652
published,lhs051,lhs,30559.356132337052,0.04982696470490695,0.9969504393821773,0.532716164035729,6,100,optimal,24.900123685757535,6,3,3.0,optimal,22.971673085291435,6,3,3.0,optimal,16.4769263324701,4,2,3.0,0.0036869450645195738,0.23713737056616555,identical,,0.0,0.0,0.0,1.0,0,0,0,0,0,0,0.0,0.0,0.0,changed,routing,2.7627265270728145,2.615840882564278,1.3813632635364073,0.42857142857142855,3,1,-2,-1,1,0,0.5,0.0,2.470291665551064
published,lhs052,lhs,72021.17203573721,0.0016652409159070086,0.9808764980639394,0.6411500547385562,1000000,100,optimal,0.0,0,0,,optimal,0.0,0,0,,optimal,0.0,0,0,,,,identical,,0.0,0.0,0.0,1.0,0,0,0,0,0,0,,,,identical,,0.0,0.0,0.0,1.0,0,0,0,0,0,0,,,
published,lhs052,lhs,72021.17203573721,0.0016652409159070086,0.9808764980639394,0.6411500547385562,40,100,optimal,0.0,0,0,,optimal,0.0,0,0,,optimal,0.0,0,0,,,,identical,,0.0,0.0,0.0,1.0,0,0,0,0,0,0,,,,identical,,0.0,0.0,0.0,1.0,0,0,0,0,0,0,,,
published,lhs052,lhs,72021.17203573721,0.0016652409159070086,0.9808764980639394,0.6411500547385562,30,100,optimal,0.0,0,0,,optimal,0.0,0,0,,optimal,0.0,0,0,,,,identical,,0.0,0.0,0.0,1.0,0,0,0,0,0,0,,,,identical,,0.0,0.0,0.0,1.0,0,0,0,0,0,0,,,
published,lhs052,lhs,72021.17203573721,0.0016652409159070086,0.9808764980639394,0.6411500547385562,20,100,optimal,0.0,0,0,,optimal,0.0,0,0,,optimal,0.0,0,0,,,,identical,,0.0,0.0,0.0,1.0,0,0,0,0,0,0,,,,identical,,0.0,0.0,0.0,1.0,0,0,0,0,0,0,,,
published,lhs052,lhs,72021.17203573721,0.0016652409159070086,0.9808764980639394,0.6411500547385562,15,100,optimal,0.0,0,0,,optimal,0.0,0,0,,optimal,0.0,0,0,,,,identical,,0.0,0.0,0.0,1.0,0,0,0,0,0,0,,,,identical,,0.0,0.0,0.0,1.0,0,0,0,0,0,0,,,
published,lhs052,lhs,72021.17203573721,0.0016652409159070086,0.9808764980639394,0.6411500547385562,10,100,optimal,0.0,0,0,,optimal,0.0,0,0,,optimal,0.0,0,0,,,,identical,,0.0,0.0,0.0,1.0,0,0,0,0,0,0,,,,identical,,0.0,0.0,0.0,1.0,0,0,0,0,0,0,,,
published,lhs052,lhs,72021.17203573721,0.0016652409159070086,0.9808764980639394,0.6411500547385562,6,100,optimal,0.0,0,0,,optimal,0.0,0,0,,optimal,0.0,0,0,,,,identical,,0.0,0.0,0.0,1.0,0,0,0,0,0,0,,,,identical,,0.0,0.0,0.0,1.0,0,0,0,0,0,0,,,
published,lhs053,lhs,5530.46405993472,0.007886668283680072,0.9369018692849364,0.9130189499194118,1000000,100,optimal,63.188014606826385,53,11,5.818181818181818,optimal,49.65046713587031,53,11,5.818181818181818,optimal,14.6960883772079,7,3,3.3333333333333335,0.03319923187926317,0.0640270900528647,tie,,7.105427357601002e-15,-7.105427357601002e-15,6.459479416000911e-16,1.0,0,0,0,0,0,4,0.0,0.0,0.0,changed,served_and_memory,159.17323003215597,35.791539441451235,53.05774334405199,0.1320754716981132,46,0,-46,-8,0,3,0.0,73.0,5.614979462184476
published,lhs053,lhs,5530.46405993472,0.007886668283680072,0.9369018692849364,0.9130189499194118,40,100,optimal,58.334803012386104,38,10,6.1,optimal,46.24960553589058,38,10,6.1,optimal,14.6960883772079,7,3,3.3333333333333335,0.04279211619645008,0.07278289325185956,tie,,0.0,-7.105427357601002e-15,0.0,1.0,0,0,0,0,0,2,0.0,0.0,0.0,changed,served_and_memory,139.00517307904101,30.938327847010953,46.335057693013674,0.18421052631578946,31,0,-31,-7,0,3,0.0,64.66666666666667,4.750146439878756
published,lhs053,lhs,5530.46405993472,0.007886668283680072,0.9369018692849364,0.9130189499194118,30,100,optimal,50.70517147813266,29,8,5.375,optimal,41.451391052704764,29,8,5.375,optimal,14.6960883772079,7,3,3.3333333333333335,0.05387208250415978,0.12331143269440609,tie,,-7.105427357601002e-15,0.0,-8.881784197001252e-16,1.0,0,0,0,0,0,4,0.0,0.0,-5.551115123125783e-17,changed,served_and_memory,85.09012081814295,23.30869631275751,28.36337360604765,0.2413793103448276,22,0,-22,-5,0,3,0.0,64.66666666666667,4.410432694990488
published,lhs053,lhs,5530.46405993472,0.007886668283680072,0.9369018692849364,0.9130189499194118,20,100,optimal,45.936699023807115,18,7,5.428571428571429,optimal,38.106596339947025,18,7,5.428571428571429,optimal,14.6960883772079,7,3,3.3333333333333335,0.0640270900528647,0.12532289850754513,tie,,0.0,0.0,0.0,1.0,0,0,0,0,0,2,0.0,0.0,-4.7580986769649563e-17,changed,served_and_memory,61.4444432405287,18.540223858431965,20.481481080176234,0.3888888888888889,11,0,-11,-4,0,2,0.0,48.666666666666664,3.2587848799246437
published,lhs053,lhs,5530.46405993472,0.007886668283680072,0.9369018692849364,0.9130189499194118,15,100,optimal,38.13949118682421,15,5,4.0,optimal,32.96221732467125,15,5,4.0,optimal,14.6960883772079,7,3,3.3333333333333335,0.08153869645085443,0.16394459283656687,tie,,0.0,7.105427357601002e-15,0.0,1.0,0,0,0,0,0,2,0.0,0.0,-2.2204460492503132e-17,changed,served_and_memory,20.723547340114287,10.743016021449058,6.907849113371429,0.4666666666666667,8,0,-8,-2,0,1,0.0,24.333333333333332,1.5982371772444528
published,lhs053,lhs,5530.46405993472,0.007886668283680072,0.9369018692849364,0.9130189499194118,10,100,optimal,29.491151165703478,10,5,4.2,optimal,25.225432047499183,9,4,4.75,optimal,14.6960883772079,7,3,3.3333333333333335,0.0005623413251903491,0.15703748946090484,changed,served_set_only,0.47865510901938535,0.10633215826731401,0.11966377725484634,0.9,1,0,-1,-1,0,0,0.0,0.0,0.0,changed,routing,36.338026476816864,2.0946760003283273,12.112675492272288,0.4166666666666667,5,2,-3,-2,1,1,0.6666666666666666,24.333333333333332,5.718748405535133
published,lhs053,lhs,5530.46405993472,0.007886668283680072,0.9369018692849364,0.9130189499194118,6,100,optimal,20.381087995866288,6,3,3.0,optimal,18.45263739540019,6,3,3.0,optimal,13.474339795408348,4,2,3.0,0.0036869450645195738,0.23713737056616555,identical,,0.0,0.0,0.0,1.0,0,0,0,0,0,0,0.0,0.0,0.0,changed,routing,4.279175679902309,1.09939172973478,2.1395878399511545,0.42857142857142855,3,1,-2,-1,1,0,0.5,0.0,2.8589305391476745
published,lhs054,lhs,2510.687445878514,0.012680437300056314,0.9909213692604757,0.7793564668598472,1000000,100,optimal,53.79920751842517,55,14,7.214285714285714,optimal,38.45093342076591,53,11,5.818181818181818,optimal,11.494074867469529,7,3,3.3333333333333335,0.030017743045081,0.05916841616414359,changed,served_and_memory,2.969140066592743,1.810726626703179,0.26992182423570393,0.9636363636363636,2,0,-2,-3,0,4,0.0,6.909090909090909,0.34419723565154325,changed,served_and_memory,323.0262657721886,29.60474586278839,107.67542192406286,0.12727272727272726,48,0,-48,-11,0,3,0.0,69.0,5.984079054005817
published,lhs054,lhs,2510.687445878514,0.012680437300056314,0.9909213692604757,0.7793564668598472,40,100,optimal,52.144828229248354,40,14,7.785714285714286,optimal,36.68516677138016,39,11,6.545454545454546,optimal,11.494074867469529,7,3,3.3333333333333335,0.030017743045081,0.0640270900528647,changed,served_and_memory,2.969140066592722,1.8107266267031719,0.269921824235702,0.975,1,0,-1,-3,0,4,0.0,6.909090909090909,0.34419723565154325,changed,served_and_memory,342.5113925097501,27.950366573611575,114.17046416991671,0.175,33,0,-33,-11,0,3,0.0,69.0,5.984079054005817
published,lhs054,lhs,2510.687445878514,0.012680437300056314,0.9909213692604757,0.7793564668598472,30,100,optimal,45.3399117460921,30,11,7.181818181818182,optimal,33.973200299210475,28,9,5.888888888888889,optimal,11.494074867469529,7,3,3.3333333333333335,0.03319923187926317,0.0640270900528647,changed,served_and_memory,2.503605261423214,0.6388355733974365,0.2781783623803571,0.5675675675675675,9,7,-2,-2,0,3,0.0,3.5714285714285716,0.13507888799680337,changed,served_and_memory,226.03614907646298,21.14545009045532,75.34538302548766,0.23333333333333334,23,0,-23,-8,0,3,0.0,73.0,5.6149794621844755
published,lhs054,lhs,2510.687445878514,0.012680437300056314,0.9909213692604757,0.7793564668598472,20,100,optimal,38.932950465448194,18,7,5.428571428571429,optimal,31.102847781588103,18,7,5.428571428571429,optimal,11.494074867469529,7,3,3.3333333333333335,0.0640270900528647,0.12532289850754513,tie,,-3.552713678800501e-15,0.0,-5.075305255429287e-16,1.0,0,0,0,0,0,4,0.0,0.0,-4.7580986769649563e-17,changed,served_and_memory,67.83883973427751,14.738488809811415,22.612946578092505,0.3888888888888889,11,0,-11,-4,0,2,0.0,48.666666666666664,3.2587848799246437
published,lhs054,lhs,2510.687445878514,0.012680437300056314,0.9909213692604757,0.7793564668598472,15,100,optimal,32.76353871827531,15,5,4.0,optimal,27.586264856122355,15,5,4.0,optimal,11.494074867469529,7,3,3.3333333333333335,0.08153869645085443,0.16394459283656687,tie,,0.0,0.0,0.0,1.0,0,0,0,0,0,2,0.0,0.0,-6.661338147750939e-17,changed,served_and_memory,22.89748629892481,8.569077062638534,7.632495432974937,0.4666666666666667,8,0,-8,-2,0,1,0.0,24.333333333333332,1.5982371772444528
published,lhs054,lhs,2510.687445878514,0.012680437300056314,0.9909213692604757,0.7793564668598472,10,100,optimal,25.26776211580567,9,4,4.75,optimal,21.396002341719605,7,3,3.3333333333333335,optimal,11.494074867469529,7,3,3.3333333333333335,0.08153869645085443,0.16049104114873586,changed,served_and_memory,0.2876271858509156,1.0733004601688911,0.09587572861697187,0.3333333333333333,5,3,-2,-1,0,1,0.0,36.5,0.9444843438056278,changed,served_and_memory,26.56233268194356,1.0733004601688911,8.854110893981186,0.3333333333333333,5,3,-2,-1,0,1,0.0,36.5,2.397355765866679
published,lhs054,lhs,2510.687445878514,0.012680437300056314,0.9909213692604757,0.7793564668598472,6,100,optimal,17.217268312546246,6,3,3.0,optimal,15.421232779426425,4,2,3.0,optimal,11.35512570588123,4,2,3.0,0.0036869450645195738,0.23713737056616555,changed,routing,0.13241506734627606,0.054786135941856884,0.06620753367313803,0.42857142857142855,3,1,-2,-1,1,0,0.5,0.0,3.066976908321871,changed,routing,5.32378127369523,0.054786135941856884,2.661890636847615,0.42857142857142855,3,1,-2,-1,1,0,0.5,0.0,2.744749811143907
published,lhs055,lhs,83894.48175799061,0.0028637418363805394,0.9668082153297332,0.6940175138305604,1000000,100,optimal,26.1680150416203,4,2,3.0,optimal,24.426765644442334,4,2,3.0,optimal,20.360658570897137,4,2,3.0,0.46415888336127825,0.5356805395261334,identical,,0.0,0.0,0.0,1.0,0,0,0,0,0,0,0.0,0.0,0.0,identical,,0.0,0.0,0.0,1.0,0,0,0,0,0,0,0.0,0.0,0.0
published,lhs055,lhs,83894.48175799061,0.0028637418363805394,0.9668082153297332,0.6940175138305604,40,100,optimal,26.1680150416203,4,2,3.0,optimal,24.426765644442334,4,2,3.0,optimal,20.360658570897137,4,2,3.0,0.46415888336127825,0.5356805395261334,identical,,0.0,0.0,0.0,1.0,0,0,0,0,0,0,0.0,0.0,0.0,identical,,0.0,0.0,0.0,1.0,0,0,0,0,0,0,0.0,0.0,0.0
published,lhs055,lhs,83894.48175799061,0.0028637418363805394,0.9668082153297332,0.6940175138305604,30,100,optimal,26.1680150416203,4,2,3.0,optimal,24.426765644442334,4,2,3.0,optimal,20.360658570897137,4,2,3.0,0.46415888336127825,0.5356805395261334,identical,,0.0,0.0,0.0,1.0,0,0,0,0,0,0,0.0,0.0,0.0,identical,,0.0,0.0,0.0,1.0,0,0,0,0,0,0,0.0,0.0,0.0
published,lhs055,lhs,83894.48175799061,0.0028637418363805394,0.9668082153297332,0.6940175138305604,20,100,optimal,26.1680150416203,4,2,3.0,optimal,24.426765644442334,4,2,3.0,optimal,20.360658570897137,4,2,3.0,0.46415888336127825,0.5356805395261334,identical,,0.0,0.0,0.0,1.0,0,0,0,0,0,0,0.0,0.0,0.0,identical,,0.0,0.0,0.0,1.0,0,0,0,0,0,0,0.0,0.0,0.0
published,lhs055,lhs,83894.48175799061,0.0028637418363805394,0.9668082153297332,0.6940175138305604,15,100,optimal,26.1680150416203,4,2,3.0,optimal,24.426765644442334,4,2,3.0,optimal,20.360658570897137,4,2,3.0,0.46415888336127825,0.5356805395261334,identical,,0.0,0.0,0.0,1.0,0,0,0,0,0,0,0.0,0.0,0.0,identical,,0.0,0.0,0.0,1.0,0,0,0,0,0,0,0.0,0.0,0.0
published,lhs055,lhs,83894.48175799061,0.0028637418363805394,0.9668082153297332,0.6940175138305604,10,100,optimal,26.1680150416203,4,2,3.0,optimal,24.426765644442334,4,2,3.0,optimal,20.360658570897137,4,2,3.0,0.46415888336127825,0.5356805395261334,identical,,0.0,0.0,0.0,1.0,0,0,0,0,0,0,0.0,0.0,0.0,identical,,0.0,0.0,0.0,1.0,0,0,0,0,0,0,0.0,0.0,0.0
published,lhs055,lhs,83894.48175799061,0.0028637418363805394,0.9668082153297332,0.6940175138305604,6,100,optimal,26.1680150416203,4,2,3.0,optimal,24.426765644442334,4,2,3.0,optimal,20.360658570897137,4,2,3.0,0.46415888336127825,0.5356805395261334,identical,,0.0,0.0,0.0,1.0,0,0,0,0,0,0,0.0,0.0,0.0,identical,,0.0,0.0,0.0,1.0,0,0,0,0,0,0,0.0,0.0,0.0
published,lhs056,lhs,6210.773722830429,0.0016897708530379094,0.9905285278126031,0.5834620249441964,1000000,100,optimal,0.0,0,0,,optimal,0.0,0,0,,optimal,0.0,0,0,,,,identical,,0.0,0.0,0.0,1.0,0,0,0,0,0,0,,,,identical,,0.0,0.0,0.0,1.0,0,0,0,0,0,0,,,
published,lhs056,lhs,6210.773722830429,0.0016897708530379094,0.9905285278126031,0.5834620249441964,40,100,optimal,0.0,0,0,,optimal,0.0,0,0,,optimal,0.0,0,0,,,,identical,,0.0,0.0,0.0,1.0,0,0,0,0,0,0,,,,identical,,0.0,0.0,0.0,1.0,0,0,0,0,0,0,,,
published,lhs056,lhs,6210.773722830429,0.0016897708530379094,0.9905285278126031,0.5834620249441964,30,100,optimal,0.0,0,0,,optimal,0.0,0,0,,optimal,0.0,0,0,,,,identical,,0.0,0.0,0.0,1.0,0,0,0,0,0,0,,,,identical,,0.0,0.0,0.0,1.0,0,0,0,0,0,0,,,
published,lhs056,lhs,6210.773722830429,0.0016897708530379094,0.9905285278126031,0.5834620249441964,20,100,optimal,0.0,0,0,,optimal,0.0,0,0,,optimal,0.0,0,0,,,,identical,,0.0,0.0,0.0,1.0,0,0,0,0,0,0,,,,identical,,0.0,0.0,0.0,1.0,0,0,0,0,0,0,,,
published,lhs056,lhs,6210.773722830429,0.0016897708530379094,0.9905285278126031,0.5834620249441964,15,100,optimal,0.0,0,0,,optimal,0.0,0,0,,optimal,0.0,0,0,,,,identical,,0.0,0.0,0.0,1.0,0,0,0,0,0,0,,,,identical,,0.0,0.0,0.0,1.0,0,0,0,0,0,0,,,
published,lhs056,lhs,6210.773722830429,0.0016897708530379094,0.9905285278126031,0.5834620249441964,10,100,optimal,0.0,0,0,,optimal,0.0,0,0,,optimal,0.0,0,0,,,,identical,,0.0,0.0,0.0,1.0,0,0,0,0,0,0,,,,identical,,0.0,0.0,0.0,1.0,0,0,0,0,0,0,,,
published,lhs056,lhs,6210.773722830429,0.0016897708530379094,0.9905285278126031,0.5834620249441964,6,100,optimal,0.0,0,0,,optimal,0.0,0,0,,optimal,0.0,0,0,,,,identical,,0.0,0.0,0.0,1.0,0,0,0,0,0,0,,,,identical,,0.0,0.0,0.0,1.0,0,0,0,0,0,0,,,
published,lhs057,lhs,135903.21313712152,0.02469909715815721,0.922937197626056,0.711257510082572,1000000,100,optimal,89.3104838568566,53,11,5.818181818181818,optimal,75.77293638590052,53,11,5.818181818181818,optimal,25.475143643362053,7,3,3.3333333333333335,0.030017743045081,0.08153869645085443,tie,,0.0,0.0,0.0,1.0,0,0,0,0,0,6,0.0,0.0,5.0464682937507114e-17,changed,served_and_memory,144.69497003993467,51.1349534253273,48.23165667997822,0.1320754716981132,46,0,-46,-8,0,3,0.0,73.0,5.6149794621844755
published,lhs057,lhs,135903.21313712152,0.02469909715815721,0.922937197626056,0.711257510082572,40,100,optimal,80.0417076032756,38,10,6.1,optimal,68.9221398395505,39,9,5.333333333333333,optimal,25.475143643362053,7,3,3.3333333333333335,0.04279211619645008,0.09897609782820413,changed,routing,0.9656297127704363,0.46432449858984626,0.10729219030782626,0.6041666666666666,9,10,1,-1,2,2,-0.5555555555555556,0.0,0.166625684238262,changed,served_and_memory,122.65872581204215,41.866177171746294,40.886241937347386,0.18421052631578946,31,0,-31,-7,0,3,0.0,73.0,5.6149794621844755
published,lhs057,lhs,135903.21313712152,0.02469909715815721,0.922937197626056,0.711257510082572,30,100,optimal,72.31948714417807,30,9,5.111111111111111,optimal,62.34604308777228,27,8,5.25,optimal,25.475143643362053,7,3,3.3333333333333335,0.00015183215780139426,0.08153869645085443,changed,served_and_memory,0.24920857186936018,0.8097095655578954,0.031151071483670023,0.9,3,0,-3,-1,0,2,0.0,0.0,4.163336342344337e-17,changed,served_and_memory,110.62042011942722,34.143956712648766,36.87347337314241,0.23333333333333334,23,0,-23,-6,0,3,0.0,64.66666666666667,4.750146439878756
published,lhs057,lhs,135903.21313712152,0.02469909715815721,0.922937197626056,0.711257510082572,20,100,optimal,63.41037087357826,18,7,5.428571428571429,optimal,55.58026818971817,18,7,5.428571428571429,optimal,25.475143643362053,7,3,3.3333333333333335,0.0640270900528647,0.12532289850754513,tie,,0.0,0.0,0.0,1.0,0,0,0,0,0,4,0.0,0.0,9.516197353929913e-17,changed,served_and_memory,57.342488102039965,25.234840442048956,19.114162700679987,0.3888888888888889,11,0,-11,-4,0,2,0.0,48.666666666666664,3.2587848799246437
published,lhs057,lhs,135903.21313712152,0.02469909715815721,0.922937197626056,0.711257510082572,15,100,optimal,54.6227041863269,15,5,4.0,optimal,49.445430324173934,15,5,4.0,optimal,25.475143643362053,7,3,3.3333333333333335,0.08153869645085443,0.16394459283656687,tie,,0.0,0.0,0.0,1.0,0,0,0,0,0,2,0.0,0.0,-6.661338147750939e-17,changed,served_and_memory,15.019389606765753,16.447173754797596,5.006463202255251,0.4666666666666667,8,0,-8,-2,0,1,0.0,24.333333333333332,1.5982371772444528
published,lhs057,lhs,135903.21313712152,0.02469909715815721,0.922937197626056,0.711257510082572,10,100,optimal,45.1753005372051,10,5,4.2,optimal,40.43092630998143,10,5,4.2,optimal,25.475143643362053,7,3,3.3333333333333335,0.0005623413251903491,0.15703748946090484,identical,,0.0,0.0,0.0,1.0,0,0,0,0,0,0,0.0,0.0,0.0,changed,routing,31.432932371469388,6.9997701056758,10.47764412382313,0.4166666666666667,5,2,-3,-2,1,1,0.6666666666666666,24.333333333333332,5.478566523371004
published,lhs057,lhs,135903.21313712152,0.02469909715815721,0.922937197626056,0.711257510082572,6,100,optimal,31.581637287077783,6,3,3.0,optimal,29.653186686611683,6,3,3.0,optimal,20.94943445855766,4,2,3.0,0.0036869450645195738,0.23713737056616555,identical,,0.0,0.0,0.0,1.0,0,0,0,0,0,0,0.0,0.0,0.0,changed,routing,0.5537210518401281,4.8248463577969645,0.27686052592006405,0.42857142857142855,3,1,-2,-1,1,0,0.5,0.0,2.678794127524578
published,lhs058,lhs,41098.008613203645,0.08184514876146294,0.9487129729809723,0.6355074792861028,1000000,100,optimal,70.98139112557706,53,11,5.818181818181818,optimal,57.44384365462098,53,11,5.818181818181818,optimal,20.15506524794673,7,3,3.3333333333333335,0.030017743045081,0.0640270900528647,tie,,0.0,0.0,0.0,1.0,0,0,0,0,0,2,0.0,0.0,0.0,changed,served_and_memory,160.52992087293416,38.12593908946308,53.509973624311385,0.1320754716981132,46,0,-46,-8,0,3,0.0,64.66666666666667,4.750146439878756
published,lhs058,lhs,41098.008613203645,0.08184514876146294,0.9487129729809723,0.6355074792861028,40,100,optimal,65.43714271050902,40,10,5.9,optimal,53.45331861133761,39,9,5.333333333333333,optimal,20.15506524794673,7,3,3.3333333333333335,0.05387208250415978,0.07278289325185956,changed,served_and_memory,0.23556054860013376,1.3285808340361598,0.02617339428890375,0.975,1,0,-1,-1,0,2,0.0,0.0,0.0,changed,served_and_memory,139.06446143208413,32.58169067439504,46.35482047736138,0.175,33,0,-33,-7,0,3,0.0,64.66666666666667,4.750146439878756
published,lhs058,lhs,41098.008613203645,0.08184514876146294,0.9487129729809723,0.6355074792861028,30,100,optimal,59.60701593339325,28,9,5.888888888888889,optimal,49.11470060850919,27,8,5.25,optimal,20.15506524794673,7,3,3.3333333333333335,0.06044547074134525,0.09682853110646922,changed,served_and_memory,0.23556054860013376,1.3285808340361598,0.02944506857501672,0.9642857142857143,1,0,-1,-1,0,4,0.0,0.0,-4.163336342344337e-17,changed,served_and_memory,120.47707899648782,26.75156389727927,40.159026332162604,0.25,21,0,-21,-6,0,3,0.0,64.66666666666667,4.4104326949904875
published,lhs058,lhs,41098.008613203645,0.08184514876146294,0.9487129729809723,0.6355074792861028,20,100,optimal,52.22229767424,18,7,5.428571428571429,optimal,44.392194990379906,18,7,5.428571428571429,optimal,20.15506524794673,7,3,3.3333333333333335,0.0640270900528647,0.12532289850754513,identical,,0.0,0.0,0.0,1.0,0,0,0,0,0,0,0.0,0.0,0.0,changed,served_and_memory,63.138168344806274,19.366845638126016,21.046056114935425,0.3888888888888889,11,0,-11,-4,0,2,0.0,48.666666666666664,3.2587848799246437
published,lhs058,lhs,41098.008613203645,0.08184514876146294,0.9487129729809723,0.6355074792861028,15,100,optimal,45.69191037649003,15,5,4.0,optimal,40.51463651433706,15,5,4.0,optimal,20.15506524794673,7,3,3.3333333333333335,0.08153869645085443,0.16394459283656687,identical,,0.0,0.0,0.0,1.0,0,0,0,0,0,0,0.0,0.0,0.0,changed,served_and_memory,18.630105021187305,12.836458340376048,6.210035007062435,0.4666666666666667,8,0,-8,-2,0,1,0.0,24.333333333333332,1.5982371772444528
published,lhs058,lhs,41098.008613203645,0.08184514876146294,0.9487129729809723,0.6355074792861028,10,100,optimal,36.709301600948294,10,5,4.2,optimal,31.96492737372462,10,5,4.2,optimal,20.15506524794673,7,3,3.3333333333333335,0.0005623413251903491,0.15703748946090484,tie,,3.552713678800501e-15,0.0,7.105427357601002e-16,1.0,0,0,0,0,0,2,0.0,0.0,-6.661338147750939e-17,changed,routing,37.09919979628249,3.853849564834313,12.366399932094163,0.4166666666666667,5,2,-3,-2,1,1,0.6666666666666666,24.333333333333332,5.370257939145443
published,lhs058,lhs,41098.008613203645,0.08184514876146294,0.9487129729809723,0.6355074792861028,6,100,optimal,26.31564481778123,6,3,3.0,optimal,24.387194217315134,6,3,3.0,optimal,17.42637352280333,4,2,3.0,0.0036869450645195738,0.23713737056616555,identical,,0.0,0.0,0.0,1.0,0,0,0,0,0,0,0.0,0.0,0.0,changed,routing,2.296652585382347,3.081914824254735,1.1483262926911735,0.42857142857142855,3,1,-2,-1,1,0,0.5,0.0,2.597562689355407
published,lhs059,lhs,4604.771689737374,0.0011607054580396695,0.9460931883931569,0.6277245498683847,1000000,100,optimal,0.0,0,0,,optimal,0.0,0,0,,optimal,0.0,0,0,,,,identical,,0.0,0.0,0.0,1.0,0,0,0,0,0,0,,,,identical,,0.0,0.0,0.0,1.0,0,0,0,0,0,0,,,
published,lhs059,lhs,4604.771689737374,0.0011607054580396695,0.9460931883931569,0.6277245498683847,40,100,optimal,0.0,0,0,,optimal,0.0,0,0,,optimal,0.0,0,0,,,,identical,,0.0,0.0,0.0,1.0,0,0,0,0,0,0,,,,identical,,0.0,0.0,0.0,1.0,0,0,0,0,0,0,,,
published,lhs059,lhs,4604.771689737374,0.0011607054580396695,0.9460931883931569,0.6277245498683847,30,100,optimal,0.0,0,0,,optimal,0.0,0,0,,optimal,0.0,0,0,,,,identical,,0.0,0.0,0.0,1.0,0,0,0,0,0,0,,,,identical,,0.0,0.0,0.0,1.0,0,0,0,0,0,0,,,
published,lhs059,lhs,4604.771689737374,0.0011607054580396695,0.9460931883931569,0.6277245498683847,20,100,optimal,0.0,0,0,,optimal,0.0,0,0,,optimal,0.0,0,0,,,,identical,,0.0,0.0,0.0,1.0,0,0,0,0,0,0,,,,identical,,0.0,0.0,0.0,1.0,0,0,0,0,0,0,,,
published,lhs059,lhs,4604.771689737374,0.0011607054580396695,0.9460931883931569,0.6277245498683847,15,100,optimal,0.0,0,0,,optimal,0.0,0,0,,optimal,0.0,0,0,,,,identical,,0.0,0.0,0.0,1.0,0,0,0,0,0,0,,,,identical,,0.0,0.0,0.0,1.0,0,0,0,0,0,0,,,
published,lhs059,lhs,4604.771689737374,0.0011607054580396695,0.9460931883931569,0.6277245498683847,10,100,optimal,0.0,0,0,,optimal,0.0,0,0,,optimal,0.0,0,0,,,,identical,,0.0,0.0,0.0,1.0,0,0,0,0,0,0,,,,identical,,0.0,0.0,0.0,1.0,0,0,0,0,0,0,,,
published,lhs059,lhs,4604.771689737374,0.0011607054580396695,0.9460931883931569,0.6277245498683847,6,100,optimal,0.0,0,0,,optimal,0.0,0,0,,optimal,0.0,0,0,,,,identical,,0.0,0.0,0.0,1.0,0,0,0,0,0,0,,,,identical,,0.0,0.0,0.0,1.0,0,0,0,0,0,0,,,
published,lhs060,lhs,2364.4333196816983,0.01032748712332799,0.9481334374611324,0.5877975124973928,1000000,100,optimal,23.856926829410803,26,7,4.714285714285714,optimal,18.18460086182968,15,5,4.0,optimal,8.724778406328879,4,2,3.0,0.050276352689897476,0.10375364037838179,changed,served_and_memory,2.169176621812518,0.4950521054281616,0.4338353243625036,0.5769230769230769,11,0,-11,-2,0,1,0.0,14.6,0.3777937375222512,changed,served_and_memory,74.37888751419922,9.324791952358764,37.18944375709961,0.15384615384615385,22,0,-22,-5,0,2,0.0,60.5,3.626024184155007
published,lhs060,lhs,2364.4333196816983,0.01032748712332799,0.9481334374611324,0.5877975124973928,40,100,optimal,23.856926829410806,26,7,4.714285714285714,optimal,18.18460086182968,15,5,4.0,optimal,8.724778406328879,4,2,3.0,0.050276352689897476,0.15703748946090484,changed,served_and_memory,2.169176621812518,0.49505210542816513,0.4338353243625036,0.5769230769230769,11,0,-11,-2,0,3,0.0,9.6,0.18868329432672631,changed,served_and_memory,76.21827293726294,9.324791952358767,38.10913646863147,0.15384615384615385,22,0,-22,-5,0,2,0.0,60.5,3.5909277864283853
published,lhs060,lhs,2364.4333196816983,0.01032748712332799,0.9481334374611324,0.5877975124973928,30,100,optimal,23.856926829410806,26,7,4.714285714285714,optimal,18.18460086182968,15,5,4.0,optimal,8.724778406328879,4,2,3.0,0.050276352689897476,0.15703748946090484,changed,served_and_memory,2.169176621812518,0.4950521054281687,0.4338353243625036,0.5769230769230769,11,0,-11,-2,0,1,0.0,9.6,0.18868329432672654,changed,served_and_memory,76.21827293726294,9.324791952358767,38.10913646863147,0.15384615384615385,22,0,-22,-5,0,2,0.0,60.5,3.5909277864283853
published,lhs060,lhs,2364.4333196816983,0.01032748712332799,0.9481334374611324,0.5877975124973928,20,100,optimal,23.75590193696792,20,6,4.333333333333333,optimal,18.18460086182968,15,5,4.0,optimal,8.724778406328879,4,2,3.0,0.050276352689897476,0.141180193984225,changed,served_and_memory,0.8970707639145807,0.3940272129852822,0.17941415278291614,0.75,5,0,-5,-1,0,1,0.0,14.6,0.3777937375222512,changed,served_and_memory,47.94646296170685,9.22376705991588,23.973231480853425,0.2,16,0,-16,-4,0,2,0.0,73.0,4.888177319886966
published,lhs060,lhs,2364.4333196816983,0.01032748712332799,0.9481334374611324,0.5877975124973928,15,100,optimal,23.36187472398264,15,5,4.0,optimal,18.18460086182968,15,5,4.0,optimal,8.724778406328879,4,2,3.0,0.050276352689897476,0.23713737056616555,tie,,0.0,0.0,0.0,1.0,0,0,0,0,0,2,0.0,0.0,1.7763568394002506e-16,changed,served_and_memory,31.567312837230318,8.829739846930602,15.783656418615159,0.26666666666666666,11,0,-11,-3,0,1,0.0,24.0,1.13520263013472
published,lhs060,lhs,2364.4333196816983,0.01032748712332799,0.9481334374611324,0.5877975124973928,10,100,optimal,19.68798448323196,7,3,3.3333333333333335,optimal,16.88952516931479,7,3,3.3333333333333335,optimal,8.724778406328879,4,2,3.0,0.23713737056616555,0.46415888336127825,identical,,0.0,0.0,0.0,1.0,0,0,0,0,0,0,0.0,0.0,0.0,changed,served_set_only,1.7371807112641662,5.155849606179922,0.8685903556320831,0.5714285714285714,3,0,-3,-1,0,0,0.0,0.0,0.0
published,lhs060,lhs,2364.4333196816983,0.01032748712332799,0.9481334374611324,0.5877975124973928,6,100,optimal,14.532134877052039,4,2,3.0,optimal,12.790885479874074,4,2,3.0,optimal,8.724778406328879,4,2,3.0,0.46415888336127825,0.5356805395261334,identical,,0.0,0.0,0.0,1.0,0,0,0,0,0,0,0.0,0.0,0.0,identical,,0.0,0.0,0.0,1.0,0,0,0,0,0,0,0.0,0.0,0.0
published,lhs061,lhs,9169.044716493865,0.005218675514600456,0.9497651680307955,0.5606504551397371,1000000,100,optimal,34.28690949925904,20,6,4.333333333333333,optimal,27.818537660206218,20,6,4.333333333333333,optimal,12.434403694733126,7,3,3.3333333333333335,0.050276352689897476,0.16049104114873586,tie,,-3.552713678800501e-15,0.0,-5.921189464667501e-16,1.0,0,0,0,0,0,2,0.0,0.0,-1.6653345369377348e-16,changed,served_and_memory,43.951017184955234,9.152119016358661,14.650339061651744,0.35,13,0,-13,-3,0,2,0.0,40.333333333333336,2.3939518576189234
published,lhs061,lhs,9169.044716493865,0.005218675514600456,0.9497651680307955,0.5606504551397371,40,100,optimal,34.28690949925904,20,6,4.333333333333333,optimal,27.818537660206218,20,6,4.333333333333333,optimal,12.434403694733126,7,3,3.3333333333333335,0.050276352689897476,0.16049104114873586,tie,,-3.552713678800501e-15,0.0,-5.921189464667501e-16,1.0,0,0,0,0,0,2,0.0,0.0,-1.6653345369377348e-16,changed,served_and_memory,43.951017184955234,9.152119016358661,14.650339061651744,0.35,13,0,-13,-3,0,2,0.0,40.333333333333336,2.3939518576189234
published,lhs061,lhs,9169.044716493865,0.005218675514600456,0.9497651680307955,0.5606504551397371,30,100,optimal,34.28690949925904,20,6,4.333333333333333,optimal,27.818537660206218,20,6,4.333333333333333,optimal,12.434403694733126,7,3,3.3333333333333335,0.050276352689897476,0.16049104114873586,tie,,-3.552713678800501e-15,0.0,-5.921189464667501e-16,1.0,0,0,0,0,0,2,0.0,0.0,-1.6653345369377348e-16,changed,served_and_memory,43.951017184955234,9.152119016358661,14.650339061651744,0.35,13,0,-13,-3,0,2,0.0,40.333333333333336,2.3939518576189234
published,lhs061,lhs,9169.044716493865,0.005218675514600456,0.9497651680307955,0.5606504551397371,20,100,optimal,34.28690949925904,20,6,4.333333333333333,optimal,27.818537660206218,20,6,4.333333333333333,optimal,12.434403694733126,7,3,3.3333333333333335,0.050276352689897476,0.16049104114873586,tie,,-3.552713678800501e-15,0.0,-5.921189464667501e-16,1.0,0,0,0,0,0,2,0.0,0.0,-1.6653345369377348e-16,changed,served_and_memory,43.951017184955234,9.152119016358661,14.650339061651744,0.35,13,0,-13,-3,0,2,0.0,40.333333333333336,2.3939518576189234
published,lhs061,lhs,9169.044716493865,0.005218675514600456,0.9497651680307955,0.5606504551397371,15,100,optimal,32.23754936371899,15,5,4.0,optimal,27.06027550156603,15,5,4.0,optimal,12.434403694733126,7,3,3.3333333333333335,0.050276352689897476,0.16394459283656687,tie,,-3.552713678800501e-15,0.0,-7.105427357601002e-16,1.0,0,0,0,0,0,2,0.0,0.0,-1.9984014443252818e-16,changed,served_and_memory,24.46509292663739,7.102758880818612,8.155030975545797,0.4666666666666667,8,0,-8,-2,0,1,0.0,24.333333333333332,1.5982371772444528
published,lhs061,lhs,9169.044716493865,0.005218675514600456,0.9497651680307955,0.5606504551397371,10,100,optimal,25.134790482900378,7,3,3.3333333333333335,optimal,22.336331168983207,7,3,3.3333333333333335,optimal,12.434403694733126,7,3,3.3333333333333335,0.23713737056616555,0.46415888336127825,identical,,0.0,0.0,0.0,1.0,0,0,0,0,0,0,0.0,0.0,0.0,identical,,0.0,0.0,0.0,1.0,0,0,0,0,0,0,0.0,0.0,0.0
published,lhs061,lhs,9169.044716493865,0.005218675514600456,0.9497651680307955,0.5606504551397371,6,100,optimal,18.771769896534998,6,3,3.0,optimal,16.843319296068902,6,3,3.0,optimal,12.396820109136328,4,2,3.0,0.0036869450645195738,0.23713737056616555,identical,,0.0,0.0,0.0,1.0,0,0,0,0,0,0,0.0,0.0,0.0,changed,routing,4.810974092961577,0.5675933166755094,2.4054870464807885,0.42857142857142855,3,1,-2,-1,1,0,0.5,0.0,2.507158929160154
published,lhs062,lhs,2101.660528458629,0.004503861461580883,0.9348604844260862,0.6201965118411288,1000000,100,optimal,22.870074406090296,20,6,4.333333333333333,optimal,17.445922273079496,15,5,4.0,optimal,8.405254230014636,4,2,3.0,0.0640270900528647,0.13038656197151804,changed,served_and_memory,1.0442197060420249,0.24687827085784164,0.20884394120840497,0.75,5,0,-5,-1,0,3,0.0,9.6,0.1886832943267265,changed,served_and_memory,51.23741436751283,8.6574637053525,25.618707183756413,0.2,16,0,-16,-4,0,2,0.0,60.5,3.5909277864283853
published,lhs062,lhs,2101.660528458629,0.004503861461580883,0.9348604844260862,0.6201965118411288,40,100,optimal,22.870074406090296,20,6,4.333333333333333,optimal,17.445922273079496,15,5,4.0,optimal,8.405254230014636,4,2,3.0,0.0640270900528647,0.13038656197151804,changed,served_and_memory,1.0442197060420249,0.24687827085784164,0.20884394120840497,0.75,5,0,-5,-1,0,3,0.0,9.6,0.1886832943267265,changed,served_and_memory,51.23741436751283,8.6574637053525,25.618707183756413,0.2,16,0,-16,-4,0,2,0.0,60.5,3.5909277864283853
published,lhs062,lhs,2101.660528458629,0.004503861461580883,0.9348604844260862,0.6201965118411288,30,100,optimal,22.870074406090296,20,6,4.333333333333333,optimal,17.445922273079496,15,5,4.0,optimal,8.405254230014636,4,2,3.0,0.0640270900528647,0.13038656197151804,changed,served_and_memory,1.0442197060420249,0.24687827085784164,0.20884394120840497,0.75,5,0,-5,-1,0,3,0.0,9.6,0.1886832943267265,changed,served_and_memory,51.23741436751283,8.6574637053525,25.618707183756413,0.2,16,0,-16,-4,0,2,0.0,60.5,3.5909277864283853
published,lhs062,lhs,2101.660528458629,0.004503861461580883,0.9348604844260862,0.6201965118411288,20,100,optimal,22.870074406090296,20,6,4.333333333333333,optimal,17.445922273079496,15,5,4.0,optimal,8.405254230014636,4,2,3.0,0.0640270900528647,0.13038656197151804,changed,served_and_memory,1.0442197060420249,0.24687827085784164,0.20884394120840497,0.75,5,0,-5,-1,0,3,0.0,9.6,0.1886832943267265,changed,served_and_memory,51.23741436751283,8.6574637053525,25.618707183756413,0.2,16,0,-16,-4,0,2,0.0,60.5,3.5909277864283853
published,lhs062,lhs,2101.660528458629,0.004503861461580883,0.9348604844260862,0.6201965118411288,15,100,optimal,22.623196135232455,15,5,4.0,optimal,17.445922273079496,15,5,4.0,optimal,8.405254230014636,4,2,3.0,0.050276352689897476,0.16394459283656687,identical,,0.0,0.0,0.0,1.0,0,0,0,0,0,0,0.0,0.0,0.0,changed,served_and_memory,30.05029669040544,8.410585434494658,15.02514834520272,0.26666666666666666,11,0,-11,-3,0,1,0.0,36.5,2.397355765866679
published,lhs062,lhs,2101.660528458629,0.004503861461580883,0.9348604844260862,0.6201965118411288,10,100,optimal,19.224946324062945,7,3,3.3333333333333335,optimal,16.42648701014577,7,3,3.3333333333333335,optimal,8.405254230014636,4,2,3.0,0.23713737056616555,0.46415888336127825,identical,,0.0,0.0,0.0,1.0,0,0,0,0,0,0,0.0,0.0,0.0,changed,served_set_only,1.880694694118942,5.012335623325148,0.940347347059471,0.5714285714285714,3,0,-3,-1,0,0,0.0,0.0,0.0
published,lhs062,lhs,2101.660528458629,0.004503861461580883,0.9348604844260862,0.6201965118411288,6,100,optimal,14.212610700737796,4,2,3.0,optimal,12.471361303559831,4,2,3.0,optimal,8.405254230014636,4,2,3.0,0.46415888336127825,0.5356805395261334,identical,,0.0,0.0,0.0,1.0,0,0,0,0,0,0,0.0,0.0,0.0,identical,,0.0,0.0,0.0,1.0,0,0,0,0,0,0,0.0,0.0,0.0
published,lhs063,lhs,5383.839517211958,0.014959565070019035,0.9602201428884533,0.5525861769133045,1000000,100,optimal,32.0654261806668,39,9,5.333333333333333,optimal,23.796470992511594,20,6,4.333333333333333,optimal,10.991411159034907,4,2,3.0,0.05387208250415978,0.08153869645085443,changed,served_and_memory,2.3862880769800583,1.8005833491023822,0.3977146794966764,0.5128205128205128,19,0,-19,-3,0,3,0.0,12.166666666666666,0.3148281146018759,changed,served_and_memory,122.65266994512918,15.26665855090873,61.32633497256459,0.10256410256410256,35,0,-35,-7,0,2,0.0,60.5,3.5909277864283853
published,lhs063,lhs,5383.839517211958,0.014959565070019035,0.9602201428884533,0.5525861769133045,40,100,optimal,32.065426180666805,39,9,5.333333333333333,optimal,23.7964709925116,20,6,4.333333333333333,optimal,10.991411159034907,4,2,3.0,0.05387208250415978,0.08153869645085443,changed,served_and_memory,2.386288076980062,1.8005833491023822,0.397714679496677,0.5128205128205128,19,0,-19,-3,0,1,0.0,8.0,0.15723607860560537,changed,served_and_memory,125.37914542896777,15.266658550908737,62.68957271448389,0.10256410256410256,35,0,-35,-7,0,2,0.0,60.5,3.5909277864283853
published,lhs063,lhs,5383.839517211958,0.014959565070019035,0.9602201428884533,0.5525861769133045,30,100,optimal,31.378946939454416,26,7,4.714285714285714,optimal,23.796470992511598,20,6,4.333333333333333,optimal,10.991411159034907,4,2,3.0,0.050276352689897476,0.12532289850754513,changed,served_set_only,0.2590266424508272,1.1141041078900003,0.04317110707513786,0.7692307692307693,6,0,-6,-1,0,0,0.0,0.0,0.0,changed,served_and_memory,68.13694908279008,14.580179309696348,34.06847454139504,0.15384615384615385,22,0,-22,-5,0,2,0.0,73.0,4.888177319886966
published,lhs063,lhs,5383.839517211958,0.014959565070019035,0.9602201428884533,0.5525861769133045,20,100,optimal,30.264842831564415,20,6,4.333333333333333,optimal,23.7964709925116,20,6,4.333333333333333,optimal,10.991411159034907,4,2,3.0,0.050276352689897476,0.141180193984225,tie,,3.552713678800501e-15,-7.105427357601002e-15,5.921189464667501e-16,1.0,0,0,0,0,0,4,0.0,0.0,-1.850371707708594e-17,changed,served_and_memory,43.70415481981637,13.466075201806348,21.852077409908183,0.2,16,0,-16,-4,0,2,0.0,73.0,4.888177319886966
published,lhs063,lhs,5383.839517211958,0.014959565070019035,0.9602201428884533,0.5525861769133045,15,100,optimal,28.839465169307715,15,5,4.0,optimal,23.66219130715475,15,5,4.0,optimal,10.991411159034907,4,2,3.0,0.050276352689897476,0.16394459283656687,tie,,-7.105427357601002e-15,0.0,-1.4210854715202005e-15,1.0,0,0,0,0,0,2,0.0,0.0,-1.3322676295501878e-16,changed,served_and_memory,26.420184585350448,12.040697539549647,13.210092292675224,0.26666666666666666,11,0,-11,-3,0,1,0.0,36.5,2.397355765866679
published,lhs063,lhs,5383.839517211958,0.014959565070019035,0.9602201428884533,0.5525861769133045,10,100,optimal,23.04793844357217,7,3,3.3333333333333335,optimal,20.249479129655,7,3,3.3333333333333335,optimal,10.991411159034907,4,2,3.0,0.23713737056616555,0.46415888336127825,identical,,0.0,0.0,0.0,1.0,0,0,0,0,0,0,0.0,0.0,0.0,changed,served_set_only,0.6438595036299848,6.2491708138141036,0.3219297518149924,0.5714285714285714,3,0,-3,-1,0,0,0.0,0.0,0.0
published,lhs063,lhs,5383.839517211958,0.014959565070019035,0.9602201428884533,0.5525861769133045,6,100,optimal,16.798767629758068,4,2,3.0,optimal,15.057518232580103,4,2,3.0,optimal,10.991411159034907,4,2,3.0,0.46415888336127825,0.5356805395261334,identical,,0.0,0.0,0.0,1.0,0,0,0,0,0,0,0.0,0.0,0.0,identical,,0.0,0.0,0.0,1.0,0,0,0,0,0,0,0.0,0.0,0.0
published,lhs064,lhs,11013.153813259536,0.0016060827151104038,0.9415424623721884,0.5163277331696302,1000000,100,optimal,0.0,0,0,,optimal,0.0,0,0,,optimal,0.0,0,0,,,,identical,,0.0,0.0,0.0,1.0,0,0,0,0,0,0,,,,identical,,0.0,0.0,0.0,1.0,0,0,0,0,0,0,,,
published,lhs064,lhs,11013.153813259536,0.0016060827151104038,0.9415424623721884,0.5163277331696302,40,100,optimal,0.0,0,0,,optimal,0.0,0,0,,optimal,0.0,0,0,,,,identical,,0.0,0.0,0.0,1.0,0,0,0,0,0,0,,,,identical,,0.0,0.0,0.0,1.0,0,0,0,0,0,0,,,
published,lhs064,lhs,11013.153813259536,0.0016060827151104038,0.9415424623721884,0.5163277331696302,30,100,optimal,0.0,0,0,,optimal,0.0,0,0,,optimal,0.0,0,0,,,,identical,,0.0,0.0,0.0,1.0,0,0,0,0,0,0,,,,identical,,0.0,0.0,0.0,1.0,0,0,0,0,0,0,,,
published,lhs064,lhs,11013.153813259536,0.0016060827151104038,0.9415424623721884,0.5163277331696302,20,100,optimal,0.0,0,0,,optimal,0.0,0,0,,optimal,0.0,0,0,,,,identical,,0.0,0.0,0.0,1.0,0,0,0,0,0,0,,,,identical,,0.0,0.0,0.0,1.0,0,0,0,0,0,0,,,
published,lhs064,lhs,11013.153813259536,0.0016060827151104038,0.9415424623721884,0.5163277331696302,15,100,optimal,0.0,0,0,,optimal,0.0,0,0,,optimal,0.0,0,0,,,,identical,,0.0,0.0,0.0,1.0,0,0,0,0,0,0,,,,identical,,0.0,0.0,0.0,1.0,0,0,0,0,0,0,,,
published,lhs064,lhs,11013.153813259536,0.0016060827151104038,0.9415424623721884,0.5163277331696302,10,100,optimal,0.0,0,0,,optimal,0.0,0,0,,optimal,0.0,0,0,,,,identical,,0.0,0.0,0.0,1.0,0,0,0,0,0,0,,,,identical,,0.0,0.0,0.0,1.0,0,0,0,0,0,0,,,
published,lhs064,lhs,11013.153813259536,0.0016060827151104038,0.9415424623721884,0.5163277331696302,6,100,optimal,0.0,0,0,,optimal,0.0,0,0,,optimal,0.0,0,0,,,,identical,,0.0,0.0,0.0,1.0,0,0,0,0,0,0,,,,identical,,0.0,0.0,0.0,1.0,0,0,0,0,0,0,,,
published,lhs065,lhs,103592.23584147241,0.05909051604241726,0.9351124599839234,0.6719356277858256,1000000,100,optimal,85.62425246488648,53,11,5.818181818181818,optimal,72.0867049939304,53,11,5.818181818181818,optimal,24.213206309278355,7,3,3.3333333333333335,0.030017743045081,0.08153869645085443,tie,,0.0,0.0,0.0,1.0,0,0,0,0,0,6,0.0,0.0,3.027880976250427e-17,changed,served_and_memory,147.1192640978211,48.710659367440876,49.03975469927369,0.1320754716981132,46,0,-46,-8,0,3,0.0,73.0,5.6149794621844755
published,lhs065,lhs,103592.23584147241,0.05909051604241726,0.9351124599839234,0.6719356277858256,40,100,optimal,78.568693414941,39,11,6.545454545454546,optimal,65.66898722571284,40,10,5.9,optimal,24.213206309278355,7,3,3.3333333333333335,0.03319923187926317,0.08153869645085443,changed,routing,0.7492286419368668,0.6803215414565784,0.07492286419368668,0.6122448979591837,9,10,1,-1,2,5,-0.5,1.3,0.2857408503155276,changed,served_and_memory,172.09003608968578,41.65510031749539,57.363345363228596,0.1794871794871795,32,0,-32,-8,0,3,0.0,73.0,5.6149794621844755
published,lhs065,lhs,103592.23584147241,0.05909051604241726,0.9351124599839234,0.6719356277858256,30,100,optimal,70.59811048439906,28,9,5.888888888888889,optimal,59.87023461091486,28,9,5.888888888888889,optimal,24.213206309278355,7,3,3.3333333333333335,0.050276352689897476,0.11641349920555381,tie,,-1.4210854715202004e-14,0.0,-1.578983857244667e-15,1.0,0,0,0,0,0,4,0.0,0.0,1.2335811384723961e-17,changed,served_and_memory,108.32627702373941,33.68451738695345,36.108759007913136,0.25,21,0,-21,-6,0,3,0.0,73.0,5.6149794621844755
published,lhs065,lhs,103592.23584147241,0.05909051604241726,0.9351124599839234,0.6719356277858256,20,100,optimal,61.42943011658418,18,7,5.428571428571429,optimal,53.59932743272408,18,7,5.428571428571429,optimal,24.213206309278355,7,3,3.3333333333333335,0.0640270900528647,0.12532289850754513,tie,,0.0,7.105427357601002e-15,0.0,1.0,0,0,0,0,0,2,0.0,0.0,4.7580986769649563e-17,changed,served_and_memory,60.58183840892197,24.515837019138573,20.19394613630732,0.3888888888888889,11,0,-11,-4,0,2,0.0,48.666666666666664,3.2587848799246437
published,lhs065,lhs,103592.23584147241,0.05909051604241726,0.9351124599839234,0.6719356277858256,15,100,optimal,52.49427043653733,15,5,4.0,optimal,47.31699657438436,15,5,4.0,optimal,24.213206309278355,7,3,3.3333333333333335,0.08153869645085443,0.16394459283656687,tie,,0.0,7.105427357601002e-15,0.0,1.0,0,0,0,0,0,2,0.0,0.0,-1.3322676295501878e-16,changed,served_and_memory,15.885886022471627,15.580677339091721,5.295295340823876,0.4666666666666667,8,0,-8,-2,0,1,0.0,24.333333333333332,1.5982371772444528
published,lhs065,lhs,103592.23584147241,0.05909051604241726,0.9351124599839234,0.6719356277858256,10,100,optimal,43.36488396693521,10,5,4.2,optimal,38.62050973971154,10,5,4.2,optimal,24.213206309278355,7,3,3.3333333333333335,0.0005623413251903491,0.15703748946090484,tie,,0.0,0.0,0.0,1.0,0,0,0,0,0,2,0.0,0.0,-1.3322676295501878e-16,changed,routing,31.981411607655588,6.451290869489604,10.660470535885196,0.4166666666666667,5,2,-3,-2,1,1,0.6666666666666666,24.333333333333332,5.423867221383664
published,lhs065,lhs,103592.23584147241,0.05909051604241726,0.9351124599839234,0.6719356277858256,6,100,optimal,30.3480191075179,6,3,3.0,optimal,28.419568507051807,6,3,3.0,optimal,20.119790732667035,4,2,3.0,0.0036869450645195738,0.23713737056616555,identical,,0.0,0.0,0.0,1.0,0,0,0,0,0,0,0.0,0.0,0.0,changed,routing,0.9576955055093848,4.420871904127701,0.4788477527546924,0.42857142857142855,3,1,-2,-1,1,0,0.5,0.0,2.6377696510340725
published,lhs066,lhs,16158.907079326891,0.005298339190908423,0.9804429109032083,0.6868208920727064,1000000,100,optimal,47.81849756251884,20,6,4.333333333333333,optimal,41.35012572346603,20,6,4.333333333333333,optimal,17.95704740451104,7,3,3.3333333333333335,0.050276352689897476,0.16049104114873586,tie,,7.105427357601002e-15,0.0,1.1842378929335002e-15,1.0,0,0,0,0,0,4,0.0,0.0,-1.4802973661668753e-16,changed,served_and_memory,35.94207283147335,17.161063369840555,11.980690943824449,0.35,13,0,-13,-3,0,2,0.0,40.333333333333336,2.3939518576189234
published,lhs066,lhs,16158.907079326891,0.005298339190908423,0.9804429109032083,0.6868208920727064,40,100,optimal,47.81849756251884,20,6,4.333333333333333,optimal,41.35012572346603,20,6,4.333333333333333,optimal,17.95704740451104,7,3,3.3333333333333335,0.050276352689897476,0.16049104114873586,tie,,7.105427357601002e-15,0.0,1.1842378929335002e-15,1.0,0,0,0,0,0,4,0.0,0.0,-1.4802973661668753e-16,changed,served_and_memory,35.94207283147335,17.161063369840555,11.980690943824449,0.35,13,0,-13,-3,0,2,0.0,40.333333333333336,2.3939518576189234
published,lhs066,lhs,16158.907079326891,0.005298339190908423,0.9804429109032083,0.6868208920727064,30,100,optimal,47.81849756251884,20,6,4.333333333333333,optimal,41.35012572346603,20,6,4.333333333333333,optimal,17.95704740451104,7,3,3.3333333333333335,0.050276352689897476,0.16049104114873586,tie,,7.105427357601002e-15,0.0,1.1842378929335002e-15,1.0,0,0,0,0,0,4,0.0,0.0,-1.4802973661668753e-16,changed,served_and_memory,35.94207283147335,17.161063369840555,11.980690943824449,0.35,13,0,-13,-3,0,2,0.0,40.333333333333336,2.3939518576189234
published,lhs066,lhs,16158.907079326891,0.005298339190908423,0.9804429109032083,0.6868208920727064,20,100,optimal,47.81849756251884,20,6,4.333333333333333,optimal,41.35012572346603,20,6,4.333333333333333,optimal,17.95704740451104,7,3,3.3333333333333335,0.050276352689897476,0.16049104114873586,tie,,7.105427357601002e-15,0.0,1.1842378929335002e-15,1.0,0,0,0,0,0,4,0.0,0.0,-1.4802973661668753e-16,changed,served_and_memory,35.94207283147335,17.161063369840555,11.980690943824449,0.35,13,0,-13,-3,0,2,0.0,40.333333333333336,2.3939518576189234
published,lhs066,lhs,16158.907079326891,0.005298339190908423,0.9804429109032083,0.6868208920727064,15,100,optimal,42.81529953909211,15,5,4.0,optimal,37.638025676939144,15,5,4.0,optimal,17.95704740451104,7,3,3.3333333333333335,0.050276352689897476,0.16394459283656687,identical,,0.0,0.0,0.0,1.0,0,0,0,0,0,0,0.0,0.0,0.0,changed,served_and_memory,19.409986461042187,12.157865346413821,6.469995487014063,0.4666666666666667,8,0,-8,-2,0,1,0.0,24.333333333333332,1.5982371772444528
published,lhs066,lhs,16158.907079326891,0.005298339190908423,0.9804429109032083,0.6868208920727064,10,100,optimal,30.657434192678288,7,3,3.3333333333333335,optimal,27.858974878761117,7,3,3.3333333333333335,optimal,17.95704740451104,7,3,3.3333333333333335,0.23713737056616555,0.46415888336127825,identical,,0.0,0.0,0.0,1.0,0,0,0,0,0,0,0.0,0.0,0.0,identical,,0.0,0.0,0.0,1.0,0,0,0,0,0,0,0.0,0.0,0.0
published,lhs066,lhs,16158.907079326891,0.005298339190908423,0.9804429109032083,0.6868208920727064,6,100,optimal,23.895022959361967,6,3,3.0,optimal,21.966572358895867,6,3,3.0,optimal,15.807440176052491,4,2,3.0,0.0036869450645195738,0.23713737056616555,identical,,0.0,0.0,0.0,1.0,0,0,0,0,0,0,0.0,0.0,0.0,changed,routing,3.098341097050774,2.280226312586315,1.549170548525387,0.42857142857142855,3,1,-2,-1,1,0,0.5,0.0,2.6535750994782585
published,lhs067,lhs,40625.45864459565,0.003759933439619719,0.9626919884014846,0.7670555661448528,1000000,100,optimal,42.815650146095344,11,4,3.75,optimal,38.82820202083717,11,4,3.75,optimal,22.48992530036648,7,3,3.3333333333333335,0.15703748946090484,0.2005409817013662,tie,,0.0,0.0,0.0,1.0,0,0,0,0,0,2,0.0,0.0,-1.6653345369377348e-16,changed,served_and_memory,6.5125887329202765,7.625338057561613,2.1708629109734257,0.6363636363636364,4,0,-4,-1,0,1,0.0,24.333333333333332,1.5982371772444528
published,lhs067,lhs,40625.45864459565,0.003759933439619719,0.9626919884014846,0.7670555661448528,40,100,optimal,42.815650146095344,11,4,3.75,optimal,38.82820202083717,11,4,3.75,optimal,22.48992530036648,7,3,3.3333333333333335,0.15703748946090484,0.2005409817013662,tie,,0.0,0.0,0.0,1.0,0,0,0,0,0,2,0.0,0.0,-1.6653345369377348e-16,changed,served_and_memory,6.5125887329202765,7.625338057561613,2.1708629109734257,0.6363636363636364,4,0,-4,-1,0,1,0.0,24.333333333333332,1.5982371772444528
published,lhs067,lhs,40625.45864459565,0.003759933439619719,0.9626919884014846,0.7670555661448528,30,100,optimal,42.815650146095344,11,4,3.75,optimal,38.82820202083717,11,4,3.75,optimal,22.48992530036648,7,3,3.3333333333333335,0.15703748946090484,0.2005409817013662,tie,,0.0,0.0,0.0,1.0,0,0,0,0,0,2,0.0,0.0,-1.6653345369377348e-16,changed,served_and_memory,6.5125887329202765,7.625338057561613,2.1708629109734257,0.6363636363636364,4,0,-4,-1,0,1,0.0,24.333333333333332,1.5982371772444528
published,lhs067,lhs,40625.45864459565,0.003759933439619719,0.9626919884014846,0.7670555661448528,20,100,optimal,42.815650146095344,11,4,3.75,optimal,38.82820202083717,11,4,3.75,optimal,22.48992530036648,7,3,3.3333333333333335,0.15703748946090484,0.2005409817013662,tie,,0.0,0.0,0.0,1.0,0,0,0,0,0,2,0.0,0.0,-1.6653345369377348e-16,changed,served_and_memory,6.5125887329202765,7.625338057561613,2.1708629109734257,0.6363636363636364,4,0,-4,-1,0,1,0.0,24.333333333333332,1.5982371772444528
published,lhs067,lhs,40625.45864459565,0.003759933439619719,0.9626919884014846,0.7670555661448528,15,100,optimal,42.815650146095344,11,4,3.75,optimal,38.82820202083717,11,4,3.75,optimal,22.48992530036648,7,3,3.3333333333333335,0.15703748946090484,0.2005409817013662,tie,,0.0,0.0,0.0,1.0,0,0,0,0,0,2,0.0,0.0,-1.6653345369377348e-16,changed,served_and_memory,6.5125887329202765,7.625338057561613,2.1708629109734257,0.6363636363636364,4,0,-4,-1,0,1,0.0,24.333333333333332,1.5982371772444528
published,lhs067,lhs,40625.45864459565,0.003759933439619719,0.9626919884014846,0.7670555661448528,10,100,optimal,35.95313467912155,10,4,3.5,optimal,32.83569526731445,10,4,3.5,optimal,22.48992530036648,7,3,3.3333333333333335,0.0019172114335501782,0.15933803350851,tie,,0.0,0.0,0.0,1.0,0,0,0,0,0,2,0.0,0.0,0.0,changed,routing,13.21780097715736,0.7628225905878168,4.405933659052454,0.5454545454545454,4,1,-3,-1,1,1,0.3333333333333333,16.0,2.38598058397682
published,lhs067,lhs,40625.45864459565,0.003759933439619719,0.9626919884014846,0.7670555661448528,6,100,optimal,28.32779662155994,6,3,3.0,optimal,26.39934602109384,6,3,3.0,optimal,18.76463450215936,4,2,3.0,0.0036869450645195738,0.23713737056616555,identical,,0.0,0.0,0.0,1.0,0,0,0,0,0,0,0.0,0.0,0.0,changed,routing,1.6227617609596692,3.75580564867742,0.8113808804798346,0.42857142857142855,3,1,-2,-1,1,0,0.5,0.0,2.733273682925778
published,lhs068,lhs,2080.8660356170667,0.05065369080137078,0.9355592839277347,0.5438844941889004,1000000,100,optimal,19.767947928675866,15,5,4.0,optimal,15.084441586566612,7,3,3.3333333333333335,optimal,7.634545751122168,4,2,3.0,0.050276352689897476,0.23713737056616555,changed,served_and_memory,0.4937675200437077,1.8850470281920835,0.16458917334790257,0.4666666666666667,8,0,-8,-2,0,1,0.0,16.0,0.3144721572112108,changed,served_and_memory,34.071006977330384,6.326045706830538,17.035503488665192,0.26666666666666666,11,0,-11,-3,0,1,0.0,24.0,1.13520263013472
published,lhs068,lhs,2080.8660356170667,0.05065369080137078,0.9355592839277347,0.5438844941889004,40,100,optimal,19.767947928675866,15,5,4.0,optimal,15.084441586566612,7,3,3.3333333333333335,optimal,7.634545751122168,4,2,3.0,0.050276352689897476,0.23713737056616555,changed,served_and_memory,0.4937675200437077,1.8850470281920835,0.16458917334790257,0.4666666666666667,8,0,-8,-2,0,1,0.0,16.0,0.3144721572112108,changed,served_and_memory,34.071006977330384,6.326045706830538,17.035503488665192,0.26666666666666666,11,0,-11,-3,0,1,0.0,24.0,1.13520263013472
published,lhs068,lhs,2080.8660356170667,0.05065369080137078,0.9355592839277347,0.5438844941889004,30,100,optimal,19.767947928675866,15,5,4.0,optimal,15.084441586566612,7,3,3.3333333333333335,optimal,7.634545751122168,4,2,3.0,0.050276352689897476,0.16394459283656687,changed,served_and_memory,0.4937675200437095,1.8850470281920835,0.16458917334790316,0.4666666666666667,8,0,-8,-2,0,1,0.0,24.333333333333332,0.6296562292037519,changed,served_and_memory,32.134836418069554,6.326045706830538,16.067418209034777,0.26666666666666666,11,0,-11,-3,0,1,0.0,36.5,2.397355765866679
published,lhs068,lhs,2080.8660356170667,0.05065369080137078,0.9355592839277347,0.5438844941889004,20,100,optimal,19.767947928675866,15,5,4.0,optimal,15.084441586566612,7,3,3.3333333333333335,optimal,7.634545751122168,4,2,3.0,0.050276352689897476,0.16394459283656687,changed,served_and_memory,0.4937675200437095,1.8850470281920835,0.16458917334790316,0.4666666666666667,8,0,-8,-2,0,1,0.0,24.333333333333332,0.6296562292037519,changed,served_and_memory,32.134836418069554,6.326045706830538,16.067418209034777,0.26666666666666666,11,0,-11,-3,0,1,0.0,36.5,2.397355765866679
published,lhs068,lhs,2080.8660356170667,0.05065369080137078,0.9355592839277347,0.5438844941889004,15,100,optimal,19.767947928675866,15,5,4.0,optimal,15.084441586566612,7,3,3.3333333333333335,optimal,7.634545751122168,4,2,3.0,0.050276352689897476,0.23713737056616555,changed,served_and_memory,0.4937675200437077,1.8850470281920835,0.16458917334790257,0.4666666666666667,8,0,-8,-2,0,1,0.0,16.0,0.3144721572112108,changed,served_and_memory,34.071006977330384,6.326045706830538,17.035503488665192,0.26666666666666666,11,0,-11,-3,0,1,0.0,24.0,1.13520263013472
published,lhs068,lhs,2080.8660356170667,0.05065369080137078,0.9355592839277347,0.5438844941889004,10,100,optimal,17.882900900483783,7,3,3.3333333333333335,optimal,15.084441586566612,7,3,3.3333333333333335,optimal,7.634545751122168,4,2,3.0,0.23713737056616555,0.46415888336127825,identical,,0.0,0.0,0.0,1.0,0,0,0,0,0,0,0.0,0.0,0.0,changed,served_set_only,2.452031638805636,4.440998678638454,1.226015819402818,0.5714285714285714,3,0,-3,-1,0,0,0.0,0.0,0.0
published,lhs068,lhs,2080.8660356170667,0.05065369080137078,0.9355592839277347,0.5438844941889004,6,100,optimal,13.441902221845329,4,2,3.0,optimal,11.700652824667365,4,2,3.0,optimal,7.634545751122168,4,2,3.0,0.46415888336127825,0.5356805395261334,identical,,0.0,0.0,0.0,1.0,0,0,0,0,0,0,0.0,0.0,0.0,identical,,0.0,0.0,0.0,1.0,0,0,0,0,0,0,0.0,0.0,0.0
published,lhs069,lhs,2923.3986348845715,0.0033010892537968317,0.9541903712195071,0.6527451505490112,1000000,100,optimal,21.879610057080274,7,3,3.3333333333333335,optimal,19.081150743163104,7,3,3.3333333333333335,optimal,10.068193682613895,4,2,3.0,0.23713737056616555,0.46415888336127825,identical,,0.0,0.0,0.0,1.0,0,0,0,0,0,0,0.0,0.0,0.0,changed,served_set_only,0.8889704137008714,6.004059903743219,0.4444852068504357,0.5714285714285714,3,0,-3,-1,0,0,0.0,0.0,0.0
published,lhs069,lhs,2923.3986348845715,0.0033010892537968317,0.9541903712195071,0.6527451505490112,40,100,optimal,21.879610057080274,7,3,3.3333333333333335,optimal,19.081150743163104,7,3,3.3333333333333335,optimal,10.068193682613895,4,2,3.0,0.23713737056616555,0.46415888336127825,identical,,0.0,0.0,0.0,1.0,0,0,0,0,0,0,0.0,0.0,0.0,changed,served_set_only,0.8889704137008714,6.004059903743219,0.4444852068504357,0.5714285714285714,3,0,-3,-1,0,0,0.0,0.0,0.0
published,lhs069,lhs,2923.3986348845715,0.0033010892537968317,0.9541903712195071,0.6527451505490112,30,100,optimal,21.879610057080274,7,3,3.3333333333333335,optimal,19.081150743163104,7,3,3.3333333333333335,optimal,10.068193682613895,4,2,3.0,0.23713737056616555,0.46415888336127825,identical,,0.0,0.0,0.0,1.0,0,0,0,0,0,0,0.0,0.0,0.0,changed,served_set_only,0.8889704137008714,6.004059903743219,0.4444852068504357,0.5714285714285714,3,0,-3,-1,0,0,0.0,0.0,0.0
published,lhs069,lhs,2923.3986348845715,0.0033010892537968317,0.9541903712195071,0.6527451505490112,20,100,optimal,21.879610057080274,7,3,3.3333333333333335,optimal,19.081150743163104,7,3,3.3333333333333335,optimal,10.068193682613895,4,2,3.0,0.23713737056616555,0.46415888336127825,identical,,0.0,0.0,0.0,1.0,0,0,0,0,0,0,0.0,0.0,0.0,changed,served_set_only,0.8889704137008714,6.004059903743219,0.4444852068504357,0.5714285714285714,3,0,-3,-1,0,0,0.0,0.0,0.0
published,lhs069,lhs,2923.3986348845715,0.0033010892537968317,0.9541903712195071,0.6527451505490112,15,100,optimal,21.879610057080274,7,3,3.3333333333333335,optimal,19.081150743163104,7,3,3.3333333333333335,optimal,10.068193682613895,4,2,3.0,0.23713737056616555,0.46415888336127825,identical,,0.0,0.0,0.0,1.0,0,0,0,0,0,0,0.0,0.0,0.0,changed,served_set_only,0.8889704137008714,6.004059903743219,0.4444852068504357,0.5714285714285714,3,0,-3,-1,0,0,0.0,0.0,0.0
published,lhs069,lhs,2923.3986348845715,0.0033010892537968317,0.9541903712195071,0.6527451505490112,10,100,optimal,21.879610057080274,7,3,3.3333333333333335,optimal,19.081150743163104,7,3,3.3333333333333335,optimal,10.068193682613895,4,2,3.0,0.23713737056616555,0.46415888336127825,identical,,0.0,0.0,0.0,1.0,0,0,0,0,0,0,0.0,0.0,0.0,changed,served_set_only,0.8889704137008714,6.004059903743219,0.4444852068504357,0.5714285714285714,3,0,-3,-1,0,0,0.0,0.0,0.0
published,lhs069,lhs,2923.3986348845715,0.0033010892537968317,0.9541903712195071,0.6527451505490112,6,100,optimal,15.875550153337056,4,2,3.0,optimal,14.13430075615909,4,2,3.0,optimal,10.068193682613895,4,2,3.0,0.46415888336127825,0.5356805395261334,identical,,0.0,0.0,0.0,1.0,0,0,0,0,0,0,0.0,0.0,0.0,identical,,0.0,0.0,0.0,1.0,0,0,0,0,0,0,0.0,0.0,0.0
published,lhs070,lhs,58863.74445775552,0.002935400491818505,0.939460708922596,0.7807662743551755,1000000,100,optimal,25.259107454512822,4,2,3.0,optimal,23.517858057334863,4,2,3.0,optimal,19.451750983789665,4,2,3.0,0.46415888336127825,0.5356805395261334,identical,,0.0,0.0,0.0,1.0,0,0,0,0,0,0,0.0,0.0,0.0,identical,,0.0,0.0,0.0,1.0,0,0,0,0,0,0,0.0,0.0,0.0
published,lhs070,lhs,58863.74445775552,0.002935400491818505,0.939460708922596,0.7807662743551755,40,100,optimal,25.259107454512822,4,2,3.0,optimal,23.517858057334863,4,2,3.0,optimal,19.451750983789665,4,2,3.0,0.46415888336127825,0.5356805395261334,identical,,0.0,0.0,0.0,1.0,0,0,0,0,0,0,0.0,0.0,0.0,identical,,0.0,0.0,0.0,1.0,0,0,0,0,0,0,0.0,0.0,0.0
published,lhs070,lhs,58863.74445775552,0.002935400491818505,0.939460708922596,0.7807662743551755,30,100,optimal,25.259107454512822,4,2,3.0,optimal,23.517858057334863,4,2,3.0,optimal,19.451750983789665,4,2,3.0,0.46415888336127825,0.5356805395261334,identical,,0.0,0.0,0.0,1.0,0,0,0,0,0,0,0.0,0.0,0.0,identical,,0.0,0.0,0.0,1.0,0,0,0,0,0,0,0.0,0.0,0.0
published,lhs070,lhs,58863.74445775552,0.002935400491818505,0.939460708922596,0.7807662743551755,20,100,optimal,25.259107454512822,4,2,3.0,optimal,23.517858057334863,4,2,3.0,optimal,19.451750983789665,4,2,3.0,0.46415888336127825,0.5356805395261334,identical,,0.0,0.0,0.0,1.0,0,0,0,0,0,0,0.0,0.0,0.0,identical,,0.0,0.0,0.0,1.0,0,0,0,0,0,0,0.0,0.0,0.0
published,lhs070,lhs,58863.74445775552,0.002935400491818505,0.939460708922596,0.7807662743551755,15,100,optimal,25.259107454512822,4,2,3.0,optimal,23.517858057334863,4,2,3.0,optimal,19.451750983789665,4,2,3.0,0.46415888336127825,0.5356805395261334,identical,,0.0,0.0,0.0,1.0,0,0,0,0,0,0,0.0,0.0,0.0,identical,,0.0,0.0,0.0,1.0,0,0,0,0,0,0,0.0,0.0,0.0
published,lhs070,lhs,58863.74445775552,0.002935400491818505,0.939460708922596,0.7807662743551755,10,100,optimal,25.259107454512822,4,2,3.0,optimal,23.517858057334863,4,2,3.0,optimal,19.451750983789665,4,2,3.0,0.46415888336127825,0.5356805395261334,identical,,0.0,0.0,0.0,1.0,0,0,0,0,0,0,0.0,0.0,0.0,identical,,0.0,0.0,0.0,1.0,0,0,0,0,0,0,0.0,0.0,0.0
published,lhs070,lhs,58863.74445775552,0.002935400491818505,0.939460708922596,0.7807662743551755,6,100,optimal,25.259107454512822,4,2,3.0,optimal,23.517858057334863,4,2,3.0,optimal,19.451750983789665,4,2,3.0,0.46415888336127825,0.5356805395261334,identical,,0.0,0.0,0.0,1.0,0,0,0,0,0,0,0.0,0.0,0.0,identical,,0.0,0.0,0.0,1.0,0,0,0,0,0,0,0.0,0.0,0.0
published,lhs071,lhs,3032.3594732468787,0.02507048393669145,0.9935608872865794,0.5766868955330956,1000000,100,optimal,32.66914963225954,46,10,5.6,optimal,22.9517131815108,26,7,4.714285714285714,optimal,10.208779664730212,4,2,3.0,0.04279211619645008,0.07278289325185956,changed,served_and_memory,2.3791609312803494,1.8759338613550938,0.33988013304004994,0.5652173913043478,20,0,-20,-3,0,5,0.0,10.428571428571429,0.2698526696587509,changed,served_and_memory,153.32899883175065,16.653013496806167,76.66449941587533,0.08695652173913043,42,0,-42,-8,0,2,0.0,60.5,3.5909277864283853
published,lhs071,lhs,3032.3594732468787,0.02507048393669145,0.9935608872865794,0.5766868955330956,40,100,optimal,32.360389837305526,39,9,5.333333333333333,optimal,22.9517131815108,26,7,4.714285714285714,optimal,10.208779664730212,4,2,3.0,0.05387208250415978,0.08153869645085443,changed,served_and_memory,1.2465666093405439,1.5671740664010834,0.17808094419150627,0.6666666666666666,13,0,-13,-2,0,3,0.0,10.428571428571429,0.2698526696587509,changed,served_and_memory,121.57507479418577,16.344253701852153,60.78753739709288,0.10256410256410256,35,0,-35,-7,0,2,0.0,60.5,3.5909277864283853
published,lhs071,lhs,3032.3594732468787,0.02507048393669145,0.9935608872865794,0.5766868955330956,30,100,optimal,30.793215770904446,26,7,4.714285714285714,optimal,22.9517131815108,26,7,4.714285714285714,optimal,10.208779664730212,4,2,3.0,0.05387208250415978,0.09682853110646922,tie,,0.0,0.0,0.0,1.0,0,0,0,0,0,2,0.0,0.0,-1.586032892321652e-17,changed,served_and_memory,70.66469680827797,14.777079635451074,35.33234840413898,0.15384615384615385,22,0,-22,-5,0,2,0.0,60.5,3.5909277864283853
published,lhs071,lhs,3032.3594732468787,0.02507048393669145,0.9935608872865794,0.5766868955330956,20,100,optimal,29.338818849173403,20,6,4.333333333333333,optimal,22.870447010120582,20,6,4.333333333333333,optimal,10.208779664730212,4,2,3.0,0.050276352689897476,0.16049104114873586,tie,,0.0,-3.552713678800501e-15,0.0,1.0,0,0,0,0,0,2,0.0,0.0,-7.401486830834377e-17,changed,served_and_memory,46.67348380503796,13.322682713720031,23.33674190251898,0.2,16,0,-16,-4,0,2,0.0,60.5,3.5909277864283853
published,lhs071,lhs,3032.3594732468787,0.02507048393669145,0.9935608872865794,0.5766868955330956,15,100,optimal,27.765340505054656,15,5,4.0,optimal,22.588066642901694,15,5,4.0,optimal,10.208779664730212,4,2,3.0,0.08153869645085443,0.16394459283656687,identical,,0.0,0.0,0.0,1.0,0,0,0,0,0,0,0.0,0.0,0.0,changed,served_and_memory,26.610389309406152,11.749204369601284,13.305194654703076,0.26666666666666666,11,0,-11,-3,0,1,0.0,36.5,2.397355765866679
published,lhs071,lhs,3032.3594732468787,0.02507048393669145,0.9935608872865794,0.5766868955330956,10,100,optimal,22.048439581953772,7,3,3.3333333333333335,optimal,19.2499802680366,7,3,3.3333333333333335,optimal,10.208779664730212,4,2,3.0,0.23713737056616555,0.46415888336127825,identical,,0.0,0.0,0.0,1.0,0,0,0,0,0,0,0.0,0.0,0.0,changed,served_set_only,0.8607268709436919,6.0323034465004,0.43036343547184597,0.5714285714285714,3,0,-3,-1,0,0,0.0,0.0,0.0
published,lhs071,lhs,3032.3594732468787,0.02507048393669145,0.9935608872865794,0.5766868955330956,6,100,optimal,16.016136135453372,4,2,3.0,optimal,14.274886738275407,4,2,3.0,optimal,10.208779664730212,4,2,3.0,0.46415888336127825,0.5356805395261334,identical,,0.0,0.0,0.0,1.0,0,0,0,0,0,0,0.0,0.0,0.0,identical,,0.0,0.0,0.0,1.0,0,0,0,0,0,0,0.0,0.0,0.0
published,lhs072,lhs,36785.3290793974,0.0012856383647592861,0.9340598347898239,0.8888698533099056,1000000,100,optimal,0.0,0,0,,optimal,0.0,0,0,,optimal,0.0,0,0,,,,identical,,0.0,0.0,0.0,1.0,0,0,0,0,0,0,,,,identical,,0.0,0.0,0.0,1.0,0,0,0,0,0,0,,,
published,lhs072,lhs,36785.3290793974,0.0012856383647592861,0.9340598347898239,0.8888698533099056,40,100,optimal,0.0,0,0,,optimal,0.0,0,0,,optimal,0.0,0,0,,,,identical,,0.0,0.0,0.0,1.0,0,0,0,0,0,0,,,,identical,,0.0,0.0,0.0,1.0,0,0,0,0,0,0,,,
published,lhs072,lhs,36785.3290793974,0.0012856383647592861,0.9340598347898239,0.8888698533099056,30,100,optimal,0.0,0,0,,optimal,0.0,0,0,,optimal,0.0,0,0,,,,identical,,0.0,0.0,0.0,1.0,0,0,0,0,0,0,,,,identical,,0.0,0.0,0.0,1.0,0,0,0,0,0,0,,,
published,lhs072,lhs,36785.3290793974,0.0012856383647592861,0.9340598347898239,0.8888698533099056,20,100,optimal,0.0,0,0,,optimal,0.0,0,0,,optimal,0.0,0,0,,,,identical,,0.0,0.0,0.0,1.0,0,0,0,0,0,0,,,,identical,,0.0,0.0,0.0,1.0,0,0,0,0,0,0,,,
published,lhs072,lhs,36785.3290793974,0.0012856383647592861,0.9340598347898239,0.8888698533099056,15,100,optimal,0.0,0,0,,optimal,0.0,0,0,,optimal,0.0,0,0,,,,identical,,0.0,0.0,0.0,1.0,0,0,0,0,0,0,,,,identical,,0.0,0.0,0.0,1.0,0,0,0,0,0,0,,,
published,lhs072,lhs,36785.3290793974,0.0012856383647592861,0.9340598347898239,0.8888698533099056,10,100,optimal,0.0,0,0,,optimal,0.0,0,0,,optimal,0.0,0,0,,,,identical,,0.0,0.0,0.0,1.0,0,0,0,0,0,0,,,,identical,,0.0,0.0,0.0,1.0,0,0,0,0,0,0,,,
published,lhs072,lhs,36785.3290793974,0.0012856383647592861,0.9340598347898239,0.8888698533099056,6,100,optimal,0.0,0,0,,optimal,0.0,0,0,,optimal,0.0,0,0,,,,identical,,0.0,0.0,0.0,1.0,0,0,0,0,0,0,,,,identical,,0.0,0.0,0.0,1.0,0,0,0,0,0,0,,,
published,lhs073,lhs,2949.427757694501,0.02648831969923034,0.94947488472949,0.8201488162904977,1000000,100,optimal,48.893639945837705,53,11,5.818181818181818,optimal,35.35609247488162,53,11,5.818181818181818,optimal,11.356511910359703,7,3,3.3333333333333335,0.030017743045081,0.0640270900528647,identical,,0.0,0.0,0.0,1.0,0,0,0,0,0,0,0.0,0.0,0.0,changed,served_and_memory,173.81911871508643,24.83674124731075,57.93970623836214,0.1320754716981132,46,0,-46,-8,0,3,0.0,64.66666666666667,4.750146439878756
published,lhs073,lhs,2949.427757694501,0.02648831969923034,0.94947488472949,0.8201488162904977,40,100,optimal,46.05954706472738,39,11,6.545454545454546,optimal,33.75441089189687,39,9,5.333333333333333,optimal,11.356511910359703,7,3,3.3333333333333335,0.03319923187926317,0.08153869645085443,changed,routing,1.3437986583344923,1.6498929076952464,0.14931096203716582,0.5918367346938775,10,10,0,-2,2,3,-0.5555555555555556,1.4444444444444444,0.15773278743802374,changed,served_and_memory,189.1498265958525,22.00264836620043,63.049942198617494,0.1794871794871795,32,0,-32,-8,0,3,0.0,73.0,5.614979462184476
published,lhs073,lhs,2949.427757694501,0.02648831969923034,0.94947488472949,0.8201488162904977,30,100,optimal,41.801091535712885,30,9,6.0,optimal,31.359956919953852,27,8,5.25,optimal,11.356511910359703,7,3,3.3333333333333335,0.06044547074134525,0.08153869645085443,changed,routing,0.3767871923051622,1.2774001249111393,0.04709839903814528,0.6285714285714286,8,5,-3,-1,2,4,-0.125,0.0,-0.009046496793403275,changed,served_and_memory,132.26102929567145,17.74419283718593,44.08700976522382,0.23333333333333334,23,0,-23,-6,0,3,0.0,56.333333333333336,3.568997271169182
published,lhs073,lhs,2949.427757694501,0.02648831969923034,0.94947488472949,0.8201488162904977,20,100,optimal,37.15535064731527,18,7,5.428571428571429,optimal,29.325247963455176,18,7,5.428571428571429,optimal,11.356511910359703,7,3,3.3333333333333335,0.0640270900528647,0.15703748946090484,tie,,3.552713678800501e-15,0.0,5.075305255429287e-16,1.0,0,0,0,0,0,2,0.0,0.0,0.0,changed,served_and_memory,72.30481309243588,13.098451948788313,24.10160436414529,0.3888888888888889,11,0,-11,-4,0,2,0.0,40.333333333333336,2.3939518576189234
published,lhs073,lhs,2949.427757694501,0.02648831969923034,0.94947488472949,0.8201488162904977,15,100,optimal,32.265922396502695,15,5,4.0,optimal,27.088648534349737,15,5,4.0,optimal,11.356511910359703,7,3,3.3333333333333335,0.050276352689897476,0.23713737056616555,tie,,0.0,-7.105427357601002e-15,0.0,1.0,0,0,0,0,0,2,0.0,0.0,1.3322676295501878e-16,changed,served_and_memory,25.29499866874109,8.209023697975741,8.431666222913696,0.4666666666666667,8,0,-8,-2,0,1,0.0,16.0,0.7568017534231467
published,lhs073,lhs,2949.427757694501,0.02648831969923034,0.94947488472949,0.8201488162904977,10,100,optimal,24.530049770534088,9,4,4.75,optimal,21.258439384609783,7,3,3.3333333333333335,optimal,11.356511910359703,7,3,3.3333333333333335,0.08153869645085443,0.1986419191050842,changed,served_and_memory,0.8877765740126762,0.47315107200713413,0.29592552467089206,0.3333333333333333,5,3,-2,-1,0,1,0.0,24.0,0.4717082358168163,changed,served_and_memory,31.618999513337766,0.47315107200713413,10.539666504445922,0.3333333333333333,5,3,-2,-1,0,1,0.0,24.0,1.13520263013472
published,lhs073,lhs,2949.427757694501,0.02648831969923034,0.94947488472949,0.8201488162904977,6,100,optimal,17.146200511885453,6,3,3.0,optimal,15.379296790424696,4,2,3.0,optimal,11.3131897168795,4,2,3.0,0.0036869450645195738,0.23713737056616555,changed,routing,0.16154687900533915,0.025654324282793795,0.08077343950266958,0.42857142857142855,3,1,-2,-1,1,0,0.5,0.0,3.1037780898333427,changed,routing,5.352913085354292,0.025654324282793795,2.676456542677146,0.42857142857142855,3,1,-2,-1,1,0,0.5,0.0,2.7815509926553785
published,lhs074,lhs,119341.80050801221,0.017550327881523064,0.9848356083083863,0.5570339694264745,1000000,100,optimal,87.68490996023235,55,14,7.214285714285714,optimal,72.84148504094048,53,11,5.818181818181818,optimal,24.631335490369217,7,3,3.3333333333333335,0.030017743045081,0.05916841616414359,changed,served_and_memory,3.4739892449601513,1.3058774483357496,0.3158172040872865,0.9636363636363636,2,0,-2,-3,0,6,0.0,6.909090909090909,0.34419723565154325,changed,served_and_memory,302.2778239532812,50.35318768169588,100.75927465109373,0.12727272727272726,48,0,-48,-11,0,3,0.0,69.0,5.984079054005818
published,lhs074,lhs,119341.80050801221,0.017550327881523064,0.9848356083083863,0.5570339694264745,40,100,optimal,81.98829160833661,40,14,7.785714285714286,optimal,67.4491883131416,40,10,5.9,optimal,24.631335490369217,7,3,3.3333333333333335,0.030017743045081,0.0640270900528647,changed,routing,3.8896982292659033,2.319718647423443,0.3889698229265903,0.6,10,10,0,-4,2,6,-0.5,7.6,0.7048834105709051,changed,served_and_memory,325.80518975356154,44.65656932980014,108.60172991785385,0.175,33,0,-33,-11,0,3,0.0,69.0,5.984079054005818
published,lhs074,lhs,119341.80050801221,0.017550327881523064,0.9848356083083863,0.5570339694264745,30,100,optimal,72.51178680859174,28,9,5.888888888888889,optimal,61.78391093510755,28,9,5.888888888888889,optimal,24.631335490369217,7,3,3.3333333333333335,0.050276352689897476,0.0640270900528647,tie,,7.105427357601002e-15,0.0,7.894919286223335e-16,1.0,0,0,0,0,0,2,0.0,0.0,-7.401486830834377e-17,changed,served_and_memory,112.24932782290111,35.18006453005527,37.416442607633705,0.25,21,0,-21,-6,0,3,0.0,64.66666666666667,4.750146439878756
published,lhs074,lhs,119341.80050801221,0.017550327881523064,0.9848356083083863,0.5570339694264745,20,100,optimal,62.19116970860369,18,7,5.428571428571429,optimal,54.36106702474359,18,7,5.428571428571429,optimal,24.631335490369217,7,3,3.3333333333333335,0.0640270900528647,0.12532289850754513,tie,,-7.105427357601002e-15,0.0,-1.0150610510858574e-15,1.0,0,0,0,0,0,4,0.0,0.0,-1.427429603089487e-16,changed,served_and_memory,55.12521966889345,24.85944743006722,18.375073222964485,0.3888888888888889,11,0,-11,-4,0,2,0.0,48.666666666666664,3.2587848799246437
published,lhs074,lhs,119341.80050801221,0.017550327881523064,0.9848356083083863,0.5570339694264745,15,100,optimal,52.97998672752009,15,5,4.0,optimal,47.802712865367134,15,5,4.0,optimal,24.631335490369217,7,3,3.3333333333333335,0.050276352689897476,0.23713737056616555,identical,,0.0,0.0,0.0,1.0,0,0,0,0,0,0,0.0,0.0,0.0,changed,served_and_memory,17.855757917733214,15.648264448983625,5.951919305911072,0.4666666666666667,8,0,-8,-2,0,1,0.0,16.0,0.7568017534231467
published,lhs074,lhs,119341.80050801221,0.017550327881523064,0.9848356083083863,0.5570339694264745,10,100,optimal,44.061891215184886,10,5,4.2,optimal,39.31751698796121,10,5,4.2,optimal,24.631335490369217,7,3,3.3333333333333335,0.0005623413251903491,0.15703748946090484,tie,,0.0,0.0,0.0,1.0,0,0,0,0,0,2,0.0,0.0,-1.3322676295501878e-16,changed,routing,31.702533540496773,6.730168936648418,10.56751118016559,0.4166666666666667,5,2,-3,-2,1,1,0.6666666666666666,24.333333333333332,5.243495409317975
published,lhs074,lhs,119341.80050801221,0.017550327881523064,0.9848356083083863,0.5570339694264745,6,100,optimal,30.857671375936498,6,3,3.0,optimal,28.929220775470398,6,3,3.0,optimal,20.44895380869255,4,2,3.0,0.0036869450645195738,0.23713737056616555,identical,,0.0,0.0,0.0,1.0,0,0,0,0,0,0,0.0,0.0,0.0,changed,routing,0.7772063131163023,4.601361096520787,0.38860315655815114,0.42857142857142855,3,1,-2,-1,1,0,0.5,0.0,2.502490791984806
published,lhs075,lhs,11425.755062368205,0.045001325559978864,0.9865786075417908,0.910954708193142,1000000,100,optimal,115.08575785676987,51,17,9.0,optimal,91.89299771409421,51,17,9.0,optimal,19.497485619486135,7,3,3.3333333333333335,0.0221885046944556,0.05387208250415978,tie,,0.0,-1.4210854715202004e-14,0.0,1.0,0,0,0,0,0,8,0.0,0.0,1.3061447348531253e-17,changed,served_and_memory,504.8913168592013,82.88788544911648,168.29710561973377,0.13725490196078433,44,0,-44,-14,0,3,0.0,81.66666666666667,7.74071091041269
published,lhs075,lhs,11425.755062368205,0.045001325559978864,0.9865786075417908,0.910954708193142,40,100,optimal,112.97596361009911,40,17,9.647058823529411,optimal,89.29572003673348,40,17,9.647058823529411,optimal,19.497485619486135,7,3,3.3333333333333335,0.009485494822646622,0.0640270900528647,identical,,0.0,0.0,0.0,1.0,0,0,0,0,0,0,0.0,0.0,0.0,changed,served_and_memory,562.2199394446785,80.77809120244572,187.4066464815595,0.175,33,0,-33,-14,0,3,0.0,85.0,10.127763940907364
published,lhs075,lhs,11425.755062368205,0.045001325559978864,0.9865786075417908,0.910954708193142,30,100,optimal,94.20536431132491,27,14,9.714285714285714,optimal,74.86127785943884,27,14,9.714285714285714,optimal,19.497485619486135,7,3,3.3333333333333335,0.03134209593995679,0.03319923187926317,tie,,0.0,0.0,0.0,1.0,0,0,0,0,0,2,0.0,0.0,2.3790493384824782e-17,changed,served_and_memory,475.2494962884472,62.00749190367153,158.41649876281573,0.25925925925925924,20,0,-20,-11,0,2,0.0,53.0,5.188364373631345
published,lhs075,lhs,11425.755062368205,0.045001325559978864,0.9865786075417908,0.910954708193142,20,100,optimal,77.89002710587431,20,11,9.0,optimal,63.257590217629286,20,11,9.0,optimal,19.497485619486135,7,3,3.3333333333333335,0.03319923187926317,0.0640270900528647,identical,,0.0,0.0,0.0,1.0,0,0,0,0,0,0,0.0,0.0,0.0,changed,served_and_memory,327.8125335804047,45.692154698220925,109.27084452680157,0.35,13,0,-13,-8,0,2,0.0,48.666666666666664,3.954431759504285
published,lhs075,lhs,11425.755062368205,0.045001325559978864,0.9865786075417908,0.910954708193142,15,100,optimal,50.863691407332475,15,6,5.666666666666667,optimal,44.09079864021159,15,6,5.666666666666667,optimal,19.497485619486135,7,3,3.3333333333333335,0.0640270900528647,0.10242506457263026,identical,,0.0,0.0,0.0,1.0,0,0,0,0,0,0,0.0,0.0,0.0,changed,served_and_memory,58.882335225069944,18.66581899967909,19.627445075023314,0.2222222222222222,11,3,-8,-3,0,2,0.0,60.5,3.626024184155007
published,lhs075,lhs,11425.755062368205,0.045001325559978864,0.9865786075417908,0.910954708193142,10,100,optimal,38.605925238438566,10,5,4.2,optimal,33.86155101121489,10,5,4.2,optimal,19.497485619486135,7,3,3.3333333333333335,0.0005623413251903491,0.15703748946090484,identical,,0.0,0.0,0.0,1.0,0,0,0,0,0,0,0.0,0.0,0.0,changed,routing,34.54499653033163,6.408052830785181,11.514998843443877,0.4166666666666667,5,2,-3,-2,1,1,0.6666666666666666,24.333333333333332,5.716571420460166
published,lhs075,lhs,11425.755062368205,0.045001325559978864,0.9865786075417908,0.910954708193142,6,100,optimal,25.0088147048449,6,3,3.0,optimal,23.08036410437881,6,3,3.0,optimal,16.54963750178443,4,2,3.0,0.0036869450645195738,0.23713737056616555,identical,,0.0,0.0,0.0,1.0,0,0,0,0,0,0,0.0,0.0,0.0,changed,routing,2.726746677299774,2.6518207323373097,1.363373338649887,0.42857142857142855,3,1,-2,-1,1,0,0.5,0.0,2.8572978003414495
published,lhs076,lhs,1712.735579051522,0.006898113546211171,0.9462733939535343,0.8951650416200115,1000000,100,optimal,46.03920972283296,53,11,5.818181818181818,optimal,32.501662251876866,53,11,5.818181818181818,optimal,10.182259959360795,4,2,3.0,0.03319923187926317,0.0640270900528647,tie,,0.0,0.0,0.0,1.0,0,0,0,0,0,4,0.0,0.0,-5.0464682937507114e-17,changed,served_and_memory,175.58376248062683,30.049593292749,87.79188124031342,0.07547169811320754,49,0,-49,-9,0,2,0.0,60.5,3.5909277864283853
published,lhs076,lhs,1712.735579051522,0.006898113546211171,0.9462733939535343,0.8951650416200115,40,100,optimal,42.98059597069539,38,10,6.1,optimal,30.960851821260697,39,9,5.333333333333333,optimal,10.182259959360795,4,2,3.0,0.04279211619645008,0.09897609782820413,changed,routing,0.06545332706083684,1.3645008842994173,0.007272591895648538,0.6041666666666666,9,10,1,-1,2,2,-0.5555555555555556,0.0,-0.01769749126629885,changed,served_and_memory,147.01961520574935,26.990979540611434,73.50980760287467,0.10526315789473684,34,0,-34,-8,0,2,0.0,73.0,4.888177319886966
published,lhs076,lhs,1712.735579051522,0.006898113546211171,0.9462733939535343,0.8951650416200115,30,100,optimal,38.07992206806563,29,8,5.375,optimal,28.82614164263773,29,8,5.375,optimal,10.182259959360795,4,2,3.0,0.05387208250415978,0.10242506457263026,tie,,7.105427357601002e-15,0.0,8.881784197001252e-16,1.0,0,0,0,0,0,4,0.0,0.0,0.0,changed,served_and_memory,93.50713142352652,22.090305637981672,46.75356571176326,0.13793103448275862,25,0,-25,-6,0,2,0.0,60.5,3.5909277864283853
published,lhs076,lhs,1712.735579051522,0.006898113546211171,0.9462733939535343,0.8951650416200115,20,100,optimal,35.02573077733037,18,7,5.428571428571429,optimal,27.195628093470276,18,7,5.428571428571429,optimal,10.182259959360795,4,2,3.0,0.0640270900528647,0.15703748946090484,tie,,0.0,0.0,0.0,1.0,0,0,0,0,0,2,0.0,0.0,-9.516197353929913e-17,changed,served_and_memory,75.78052789539348,19.03611434724641,37.89026394769674,0.2222222222222222,14,0,-14,-5,0,2,0.0,60.5,3.5909277864283853
published,lhs076,lhs,1712.735579051522,0.006898113546211171,0.9462733939535343,0.8951650416200115,15,100,optimal,29.99710825298095,15,5,4.0,optimal,24.819834390827992,15,5,4.0,optimal,10.182259959360795,4,2,3.0,0.050276352689897476,0.23713737056616555,tie,,3.552713678800501e-15,0.0,7.105427357601002e-16,1.0,0,0,0,0,0,2,0.0,0.0,1.1102230246251565e-16,changed,served_and_memory,26.389560861263934,14.007491822896995,13.194780430631967,0.26666666666666666,11,0,-11,-3,0,1,0.0,24.0,1.13520263013472
published,lhs076,lhs,1712.735579051522,0.006898113546211171,0.9462733939535343,0.8951650416200115,10,100,optimal,23.02624227028309,9,4,4.75,optimal,19.67450957418405,7,3,3.3333333333333335,optimal,10.182259959360795,4,2,3.0,0.08153869645085443,0.1986419191050842,changed,served_and_memory,0.8076542638379465,0.5532733821818674,0.2692180879459822,0.3333333333333333,5,3,-2,-1,0,1,0.0,24.0,0.4717082358168162,changed,served_and_memory,31.948555062589858,7.036625840199132,15.974277531294929,0.4444444444444444,5,0,-5,-2,0,1,0.0,24.0,1.13520263013472
published,lhs076,lhs,1712.735579051522,0.006898113546211171,0.9462733939535343,0.8951650416200115,6,100,optimal,15.989616430083956,4,2,3.0,optimal,14.248367032905993,4,2,3.0,optimal,10.182259959360795,4,2,3.0,0.46415888336127825,0.5356805395261334,identical,,0.0,0.0,0.0,1.0,0,0,0,0,0,0,0.0,0.0,0.0,identical,,0.0,0.0,0.0,1.0,0,0,0,0,0,0,0.0,0.0,0.0
published,lhs077,lhs,51346.44167286321,0.0012656158146826565,0.9872837864425423,0.8681994947715661,1000000,100,optimal,0.0,0,0,,optimal,0.0,0,0,,optimal,0.0,0,0,,,,identical,,0.0,0.0,0.0,1.0,0,0,0,0,0,0,,,,identical,,0.0,0.0,0.0,1.0,0,0,0,0,0,0,,,
published,lhs077,lhs,51346.44167286321,0.0012656158146826565,0.9872837864425423,0.8681994947715661,40,100,optimal,0.0,0,0,,optimal,0.0,0,0,,optimal,0.0,0,0,,,,identical,,0.0,0.0,0.0,1.0,0,0,0,0,0,0,,,,identical,,0.0,0.0,0.0,1.0,0,0,0,0,0,0,,,
published,lhs077,lhs,51346.44167286321,0.0012656158146826565,0.9872837864425423,0.8681994947715661,30,100,optimal,0.0,0,0,,optimal,0.0,0,0,,optimal,0.0,0,0,,,,identical,,0.0,0.0,0.0,1.0,0,0,0,0,0,0,,,,identical,,0.0,0.0,0.0,1.0,0,0,0,0,0,0,,,
published,lhs077,lhs,51346.44167286321,0.0012656158146826565,0.9872837864425423,0.8681994947715661,20,100,optimal,0.0,0,0,,optimal,0.0,0,0,,optimal,0.0,0,0,,,,identical,,0.0,0.0,0.0,1.0,0,0,0,0,0,0,,,,identical,,0.0,0.0,0.0,1.0,0,0,0,0,0,0,,,
published,lhs077,lhs,51346.44167286321,0.0012656158146826565,0.9872837864425423,0.8681994947715661,15,100,optimal,0.0,0,0,,optimal,0.0,0,0,,optimal,0.0,0,0,,,,identical,,0.0,0.0,0.0,1.0,0,0,0,0,0,0,,,,identical,,0.0,0.0,0.0,1.0,0,0,0,0,0,0,,,
published,lhs077,lhs,51346.44167286321,0.0012656158146826565,0.9872837864425423,0.8681994947715661,10,100,optimal,0.0,0,0,,optimal,0.0,0,0,,optimal,0.0,0,0,,,,identical,,0.0,0.0,0.0,1.0,0,0,0,0,0,0,,,,identical,,0.0,0.0,0.0,1.0,0,0,0,0,0,0,,,
published,lhs077,lhs,51346.44167286321,0.0012656158146826565,0.9872837864425423,0.8681994947715661,6,100,optimal,0.0,0,0,,optimal,0.0,0,0,,optimal,0.0,0,0,,,,identical,,0.0,0.0,0.0,1.0,0,0,0,0,0,0,,,,identical,,0.0,0.0,0.0,1.0,0,0,0,0,0,0,,,
published,lhs078,lhs,1106.948033697474,0.011960960226995294,0.9776980546716039,0.8084324189856904,1000000,100,optimal,39.098572925421195,53,11,5.818181818181818,optimal,25.655515246509044,46,10,5.6,optimal,8.961721737820442,4,2,3.0,0.03319923187926317,0.0640270900528647,changed,served_and_memory,0.09448979204394448,1.346460296883059,0.009448979204394447,0.8679245283018868,7,0,-7,-1,0,3,0.0,1.3,0.0947532580105864,changed,served_and_memory,181.30386105649828,24.32949471687759,90.65193052824914,0.07547169811320754,49,0,-49,-9,0,2,0.0,60.5,3.5909277864283853
published,lhs078,lhs,1106.948033697474,0.011960960226995294,0.9776980546716039,0.8084324189856904,40,100,optimal,37.482748950475795,39,11,6.545454545454546,optimal,25.23887954886791,39,9,5.333333333333333,optimal,8.961721737820442,4,2,3.0,0.030017743045081,0.08153869645085443,changed,routing,1.4050654295571299,1.5886261364726195,0.15611838106190332,0.5918367346938775,10,10,0,-2,2,0,-0.5555555555555556,0.0,0.06398390884115396,changed,served_and_memory,192.82831060595137,22.71367074193219,96.41415530297569,0.10256410256410256,35,0,-35,-9,0,2,0.0,73.0,4.888177319886966
published,lhs078,lhs,1106.948033697474,0.011960960226995294,0.9776980546716039,0.8084324189856904,30,100,optimal,34.2127790314112,30,9,6.0,optimal,23.81879181834858,26,7,4.714285714285714,optimal,8.961721737820442,4,2,3.0,0.06044547074134525,0.10375364037838179,changed,routing,0.42393459500157604,2.552484623668974,0.06056208500022515,0.6470588235294118,8,4,-4,-2,1,3,-0.42857142857142855,6.857142857142857,0.17221962021694528,changed,served_and_memory,132.99803418420143,19.443700822867598,66.49901709210071,0.13333333333333333,26,0,-26,-7,0,2,0.0,73.0,4.888177319886966
published,lhs078,lhs,1106.948033697474,0.011960960226995294,0.9776980546716039,0.8084324189856904,20,100,optimal,30.70175418207966,18,7,5.428571428571429,optimal,22.871651498219563,18,7,5.428571428571429,optimal,8.961721737820442,4,2,3.0,0.0640270900528647,0.12532289850754513,tie,,0.0,3.552713678800501e-15,0.0,1.0,0,0,0,0,0,4,0.0,0.0,-1.586032892321652e-17,changed,served_and_memory,73.53768288799695,15.932675973536059,36.768841443998475,0.2222222222222222,14,0,-14,-5,0,2,0.0,73.0,4.888177319886966
published,lhs078,lhs,1106.948033697474,0.011960960226995294,0.9776980546716039,0.8084324189856904,15,100,optimal,26.830850587264063,15,5,4.0,optimal,21.653576725111105,15,5,4.0,optimal,8.961721737820442,4,2,3.0,0.050276352689897476,0.16394459283656687,tie,,3.552713678800501e-15,0.0,7.105427357601002e-16,1.0,0,0,0,0,0,2,0.0,0.0,-6.661338147750939e-17,changed,served_and_memory,26.399109746179633,12.06177237872046,13.199554873089816,0.26666666666666666,11,0,-11,-3,0,1,0.0,36.5,2.397355765866679
published,lhs078,lhs,1106.948033697474,0.011960960226995294,0.9776980546716039,0.8084324189856904,10,100,optimal,20.61495756335681,7,3,3.3333333333333335,optimal,17.81649824943964,7,3,3.3333333333333335,optimal,8.961721737820442,4,2,3.0,0.23713737056616555,0.46415888336127825,identical,,0.0,0.0,0.0,1.0,0,0,0,0,0,0,0.0,0.0,0.0,changed,served_set_only,1.047150962630882,5.845879354813208,0.523575481315441,0.5714285714285714,3,0,-3,-1,0,0,0.0,0.0,0.0
published,lhs078,lhs,1106.948033697474,0.011960960226995294,0.9776980546716039,0.8084324189856904,6,100,optimal,14.769078208543602,4,2,3.0,optimal,13.027828811365637,4,2,3.0,optimal,8.961721737820442,4,2,3.0,0.46415888336127825,0.5356805395261334,identical,,0.0,0.0,0.0,1.0,0,0,0,0,0,0,0.0,0.0,0.0,identical,,0.0,0.0,0.0,1.0,0,0,0,0,0,0,0.0,0.0,0.0
published,lhs079,lhs,184641.42865786795,0.0010139973751206422,0.9592270862322814,0.5731763890466216,1000000,100,optimal,0.0,0,0,,optimal,0.0,0,0,,optimal,0.0,0,0,,,,identical,,0.0,0.0,0.0,1.0,0,0,0,0,0,0,,,,identical,,0.0,0.0,0.0,1.0,0,0,0,0,0,0,,,
published,lhs079,lhs,184641.42865786795,0.0010139973751206422,0.9592270862322814,0.5731763890466216,40,100,optimal,0.0,0,0,,optimal,0.0,0,0,,optimal,0.0,0,0,,,,identical,,0.0,0.0,0.0,1.0,0,0,0,0,0,0,,,,identical,,0.0,0.0,0.0,1.0,0,0,0,0,0,0,,,
published,lhs079,lhs,184641.42865786795,0.0010139973751206422,0.9592270862322814,0.5731763890466216,30,100,optimal,0.0,0,0,,optimal,0.0,0,0,,optimal,0.0,0,0,,,,identical,,0.0,0.0,0.0,1.0,0,0,0,0,0,0,,,,identical,,0.0,0.0,0.0,1.0,0,0,0,0,0,0,,,
published,lhs079,lhs,184641.42865786795,0.0010139973751206422,0.9592270862322814,0.5731763890466216,20,100,optimal,0.0,0,0,,optimal,0.0,0,0,,optimal,0.0,0,0,,,,identical,,0.0,0.0,0.0,1.0,0,0,0,0,0,0,,,,identical,,0.0,0.0,0.0,1.0,0,0,0,0,0,0,,,
published,lhs079,lhs,184641.42865786795,0.0010139973751206422,0.9592270862322814,0.5731763890466216,15,100,optimal,0.0,0,0,,optimal,0.0,0,0,,optimal,0.0,0,0,,,,identical,,0.0,0.0,0.0,1.0,0,0,0,0,0,0,,,,identical,,0.0,0.0,0.0,1.0,0,0,0,0,0,0,,,
published,lhs079,lhs,184641.42865786795,0.0010139973751206422,0.9592270862322814,0.5731763890466216,10,100,optimal,0.0,0,0,,optimal,0.0,0,0,,optimal,0.0,0,0,,,,identical,,0.0,0.0,0.0,1.0,0,0,0,0,0,0,,,,identical,,0.0,0.0,0.0,1.0,0,0,0,0,0,0,,,
published,lhs079,lhs,184641.42865786795,0.0010139973751206422,0.9592270862322814,0.5731763890466216,6,100,optimal,0.0,0,0,,optimal,0.0,0,0,,optimal,0.0,0,0,,,,identical,,0.0,0.0,0.0,1.0,0,0,0,0,0,0,,,,identical,,0.0,0.0,0.0,1.0,0,0,0,0,0,0,,,
published,lhs080,lhs,7424.056260858511,0.002041068228576957,0.9216785412823477,0.7040155871999337,1000000,100,optimal,18.2791114821242,4,2,3.0,optimal,16.537862084946234,4,2,3.0,optimal,12.47175501140104,4,2,3.0,0.46415888336127825,0.5356805395261334,identical,,0.0,0.0,0.0,1.0,0,0,0,0,0,0,0.0,0.0,0.0,identical,,0.0,0.0,0.0,1.0,0,0,0,0,0,0,0.0,0.0,0.0
published,lhs080,lhs,7424.056260858511,0.002041068228576957,0.9216785412823477,0.7040155871999337,40,100,optimal,18.2791114821242,4,2,3.0,optimal,16.537862084946234,4,2,3.0,optimal,12.47175501140104,4,2,3.0,0.46415888336127825,0.5356805395261334,identical,,0.0,0.0,0.0,1.0,0,0,0,0,0,0,0.0,0.0,0.0,identical,,0.0,0.0,0.0,1.0,0,0,0,0,0,0,0.0,0.0,0.0
published,lhs080,lhs,7424.056260858511,0.002041068228576957,0.9216785412823477,0.7040155871999337,30,100,optimal,18.2791114821242,4,2,3.0,optimal,16.537862084946234,4,2,3.0,optimal,12.47175501140104,4,2,3.0,0.46415888336127825,0.5356805395261334,identical,,0.0,0.0,0.0,1.0,0,0,0,0,0,0,0.0,0.0,0.0,identical,,0.0,0.0,0.0,1.0,0,0,0,0,0,0,0.0,0.0,0.0
published,lhs080,lhs,7424.056260858511,0.002041068228576957,0.9216785412823477,0.7040155871999337,20,100,optimal,18.2791114821242,4,2,3.0,optimal,16.537862084946234,4,2,3.0,optimal,12.47175501140104,4,2,3.0,0.46415888336127825,0.5356805395261334,identical,,0.0,0.0,0.0,1.0,0,0,0,0,0,0,0.0,0.0,0.0,identical,,0.0,0.0,0.0,1.0,0,0,0,0,0,0,0.0,0.0,0.0
published,lhs080,lhs,7424.056260858511,0.002041068228576957,0.9216785412823477,0.7040155871999337,15,100,optimal,18.2791114821242,4,2,3.0,optimal,16.537862084946234,4,2,3.0,optimal,12.47175501140104,4,2,3.0,0.46415888336127825,0.5356805395261334,identical,,0.0,0.0,0.0,1.0,0,0,0,0,0,0,0.0,0.0,0.0,identical,,0.0,0.0,0.0,1.0,0,0,0,0,0,0,0.0,0.0,0.0
published,lhs080,lhs,7424.056260858511,0.002041068228576957,0.9216785412823477,0.7040155871999337,10,100,optimal,18.2791114821242,4,2,3.0,optimal,16.537862084946234,4,2,3.0,optimal,12.47175501140104,4,2,3.0,0.46415888336127825,0.5356805395261334,identical,,0.0,0.0,0.0,1.0,0,0,0,0,0,0,0.0,0.0,0.0,identical,,0.0,0.0,0.0,1.0,0,0,0,0,0,0,0.0,0.0,0.0
published,lhs080,lhs,7424.056260858511,0.002041068228576957,0.9216785412823477,0.7040155871999337,6,100,optimal,18.2791114821242,4,2,3.0,optimal,16.537862084946234,4,2,3.0,optimal,12.47175501140104,4,2,3.0,0.46415888336127825,0.5356805395261334,identical,,0.0,0.0,0.0,1.0,0,0,0,0,0,0,0.0,0.0,0.0,identical,,0.0,0.0,0.0,1.0,0,0,0,0,0,0,0.0,0.0,0.0
published,lhs081,lhs,11135.87517439612,0.0034092679266624665,0.920383114626931,0.6917175389493019,1000000,100,optimal,26.959354396628733,7,3,3.3333333333333335,optimal,24.160895082711562,7,3,3.3333333333333335,optimal,14.258967608461486,7,3,3.3333333333333335,0.23713737056616555,0.46415888336127825,identical,,0.0,0.0,0.0,1.0,0,0,0,0,0,0,0.0,0.0,0.0,identical,,0.0,0.0,0.0,1.0,0,0,0,0,0,0,0.0,0.0,0.0
published,lhs081,lhs,11135.87517439612,0.0034092679266624665,0.920383114626931,0.6917175389493019,40,100,optimal,26.959354396628733,7,3,3.3333333333333335,optimal,24.160895082711562,7,3,3.3333333333333335,optimal,14.258967608461486,7,3,3.3333333333333335,0.23713737056616555,0.46415888336127825,identical,,0.0,0.0,0.0,1.0,0,0,0,0,0,0,0.0,0.0,0.0,identical,,0.0,0.0,0.0,1.0,0,0,0,0,0,0,0.0,0.0,0.0
published,lhs081,lhs,11135.87517439612,0.0034092679266624665,0.920383114626931,0.6917175389493019,30,100,optimal,26.959354396628733,7,3,3.3333333333333335,optimal,24.160895082711562,7,3,3.3333333333333335,optimal,14.258967608461486,7,3,3.3333333333333335,0.23713737056616555,0.46415888336127825,identical,,0.0,0.0,0.0,1.0,0,0,0,0,0,0,0.0,0.0,0.0,identical,,0.0,0.0,0.0,1.0,0,0,0,0,0,0,0.0,0.0,0.0
published,lhs081,lhs,11135.87517439612,0.0034092679266624665,0.920383114626931,0.6917175389493019,20,100,optimal,26.959354396628733,7,3,3.3333333333333335,optimal,24.160895082711562,7,3,3.3333333333333335,optimal,14.258967608461486,7,3,3.3333333333333335,0.23713737056616555,0.46415888336127825,identical,,0.0,0.0,0.0,1.0,0,0,0,0,0,0,0.0,0.0,0.0,identical,,0.0,0.0,0.0,1.0,0,0,0,0,0,0,0.0,0.0,0.0
published,lhs081,lhs,11135.87517439612,0.0034092679266624665,0.920383114626931,0.6917175389493019,15,100,optimal,26.959354396628733,7,3,3.3333333333333335,optimal,24.160895082711562,7,3,3.3333333333333335,optimal,14.258967608461486,7,3,3.3333333333333335,0.23713737056616555,0.46415888336127825,identical,,0.0,0.0,0.0,1.0,0,0,0,0,0,0,0.0,0.0,0.0,identical,,0.0,0.0,0.0,1.0,0,0,0,0,0,0,0.0,0.0,0.0
published,lhs081,lhs,11135.87517439612,0.0034092679266624665,0.920383114626931,0.6917175389493019,10,100,optimal,26.959354396628733,7,3,3.3333333333333335,optimal,24.160895082711562,7,3,3.3333333333333335,optimal,14.258967608461486,7,3,3.3333333333333335,0.23713737056616555,0.46415888336127825,identical,,0.0,0.0,0.0,1.0,0,0,0,0,0,0,0.0,0.0,0.0,identical,,0.0,0.0,0.0,1.0,0,0,0,0,0,0,0.0,0.0,0.0
published,lhs081,lhs,11135.87517439612,0.0034092679266624665,0.920383114626931,0.6917175389493019,6,100,optimal,20.417586196576032,6,3,3.0,optimal,18.489135596109936,6,3,3.0,optimal,13.508669337010222,4,2,3.0,0.0036869450645195738,0.23713737056616555,identical,,0.0,0.0,0.0,1.0,0,0,0,0,0,0,0.0,0.0,0.0,changed,routing,4.2770070207944375,1.1015603888426497,2.1385035103972188,0.42857142857142855,3,1,-2,-1,1,0,0.5,0.0,2.6586996558328235
published,lhs082,lhs,2024.433396031623,0.0016289353286202003,0.936330312596959,0.5851699520869427,1000000,100,optimal,0.0,0,0,,optimal,0.0,0,0,,optimal,0.0,0,0,,,,identical,,0.0,0.0,0.0,1.0,0,0,0,0,0,0,,,,identical,,0.0,0.0,0.0,1.0,0,0,0,0,0,0,,,
published,lhs082,lhs,2024.433396031623,0.0016289353286202003,0.936330312596959,0.5851699520869427,40,100,optimal,0.0,0,0,,optimal,0.0,0,0,,optimal,0.0,0,0,,,,identical,,0.0,0.0,0.0,1.0,0,0,0,0,0,0,,,,identical,,0.0,0.0,0.0,1.0,0,0,0,0,0,0,,,
published,lhs082,lhs,2024.433396031623,0.0016289353286202003,0.936330312596959,0.5851699520869427,30,100,optimal,0.0,0,0,,optimal,0.0,0,0,,optimal,0.0,0,0,,,,identical,,0.0,0.0,0.0,1.0,0,0,0,0,0,0,,,,identical,,0.0,0.0,0.0,1.0,0,0,0,0,0,0,,,
published,lhs082,lhs,2024.433396031623,0.0016289353286202003,0.936330312596959,0.5851699520869427,20,100,optimal,0.0,0,0,,optimal,0.0,0,0,,optimal,0.0,0,0,,,,identical,,0.0,0.0,0.0,1.0,0,0,0,0,0,0,,,,identical,,0.0,0.0,0.0,1.0,0,0,0,0,0,0,,,
published,lhs082,lhs,2024.433396031623,0.0016289353286202003,0.936330312596959,0.5851699520869427,15,100,optimal,0.0,0,0,,optimal,0.0,0,0,,optimal,0.0,0,0,,,,identical,,0.0,0.0,0.0,1.0,0,0,0,0,0,0,,,,identical,,0.0,0.0,0.0,1.0,0,0,0,0,0,0,,,
published,lhs082,lhs,2024.433396031623,0.0016289353286202003,0.936330312596959,0.5851699520869427,10,100,optimal,0.0,0,0,,optimal,0.0,0,0,,optimal,0.0,0,0,,,,identical,,0.0,0.0,0.0,1.0,0,0,0,0,0,0,,,,identical,,0.0,0.0,0.0,1.0,0,0,0,0,0,0,,,
published,lhs082,lhs,2024.433396031623,0.0016289353286202003,0.936330312596959,0.5851699520869427,6,100,optimal,0.0,0,0,,optimal,0.0,0,0,,optimal,0.0,0,0,,,,identical,,0.0,0.0,0.0,1.0,0,0,0,0,0,0,,,,identical,,0.0,0.0,0.0,1.0,0,0,0,0,0,0,,,
published,lhs083,lhs,12548.7515980595,0.0601743352353187,0.9611292999359761,0.5509618386142053,1000000,100,optimal,44.51998074005557,53,11,5.818181818181818,optimal,32.39671699831397,39,9,5.333333333333333,optimal,14.011125405820135,7,3,3.3333333333333335,0.03319923187926317,0.0640270900528647,changed,served_and_memory,1.4142837292144854,1.468020476606327,0.15714263657938726,0.7358490566037735,14,0,-14,-2,0,3,0.0,1.4444444444444444,0.10528139778954046,changed,served_and_memory,178.1059204127283,17.80846854606819,59.3686401375761,0.1320754716981132,46,0,-46,-8,0,3,0.0,73.0,5.6149794621844755
published,lhs083,lhs,12548.7515980595,0.0601743352353187,0.9611292999359761,0.5509618386142053,40,100,optimal,43.051960263449246,39,9,5.333333333333333,optimal,32.39671699831397,39,9,5.333333333333333,optimal,14.011125405820135,7,3,3.3333333333333335,0.05387208250415978,0.08153869645085443,tie,,-7.105427357601002e-15,0.0,-7.894919286223335e-16,1.0,0,0,0,0,0,4,0.0,0.0,0.0,changed,served_and_memory,117.41232559297056,16.340448069461864,39.13744186432352,0.1794871794871795,32,0,-32,-6,0,3,0.0,56.333333333333336,3.5455996726847676
published,lhs083,lhs,12548.7515980595,0.0601743352353187,0.9611292999359761,0.5509618386142053,30,100,optimal,39.92357590198934,26,7,4.714285714285714,optimal,32.082073312595696,26,7,4.714285714285714,optimal,14.011125405820135,7,3,3.3333333333333335,0.050276352689897476,0.15703748946090484,tie,,0.0,-7.105427357601002e-15,0.0,1.0,0,0,0,0,0,2,0.0,0.0,-9.516197353929913e-17,changed,served_and_memory,65.43797086417565,13.212063708001956,21.812656954725217,0.2692307692307692,19,0,-19,-4,0,2,0.0,40.333333333333336,2.3939518576189234
published,lhs083,lhs,12548.7515980595,0.0601743352353187,0.9611292999359761,0.5509618386142053,20,100,optimal,37.58898388737458,20,6,4.333333333333333,optimal,31.12061204832176,20,6,4.333333333333333,optimal,14.011125405820135,7,3,3.3333333333333335,0.08153869645085443,0.12431716560097561,tie,,0.0,0.0,0.0,1.0,0,0,0,0,0,4,0.0,0.0,-1.850371707708594e-17,changed,served_and_memory,39.298439564898786,10.8774716933872,13.099479854966262,0.35,13,0,-13,-3,0,2,0.0,48.666666666666664,3.2587848799246437
published,lhs083,lhs,12548.7515980595,0.0601743352353187,0.9611292999359761,0.5509618386142053,15,100,optimal,34.94347936846316,15,5,4.0,optimal,29.7662055063102,15,5,4.0,optimal,14.011125405820135,7,3,3.3333333333333335,0.08153869645085443,0.16394459283656687,identical,,0.0,0.0,0.0,1.0,0,0,0,0,0,0,0.0,0.0,0.0,changed,served_and_memory,23.23459618708757,8.231967174475777,7.744865395695856,0.4666666666666667,8,0,-8,-2,0,1,0.0,24.333333333333332,1.5982371772444528
published,lhs083,lhs,12548.7515980595,0.0601743352353187,0.9611292999359761,0.5509618386142053,10,100,optimal,26.71151219398738,7,3,3.3333333333333335,optimal,23.91305288007021,7,3,3.3333333333333335,optimal,14.011125405820135,7,3,3.3333333333333335,0.23713737056616555,0.46415888336127825,identical,,0.0,0.0,0.0,1.0,0,0,0,0,0,0,0.0,0.0,0.0,identical,,0.0,0.0,0.0,1.0,0,0,0,0,0,0,0.0,0.0,0.0
published,lhs083,lhs,12548.7515980595,0.0601743352353187,0.9611292999359761,0.5509618386142053,6,100,optimal,20.331890886623384,6,3,3.0,optimal,18.403440286157288,6,3,3.0,optimal,13.434302934333772,4,2,3.0,0.0036869450645195738,0.23713737056616555,identical,,0.0,0.0,0.0,1.0,0,0,0,0,0,0,0.0,0.0,0.0,changed,routing,4.2883359280706355,1.0902314815664518,2.1441679640353177,0.42857142857142855,3,1,-2,-1,1,0,0.5,0.0,2.4945843354362696
published,lhs084,lhs,44675.14977377882,0.0027241681819611605,0.9801293825971557,0.7610635586448331,1000000,100,optimal,25.135598236932168,4,2,3.0,optimal,23.3943488397542,4,2,3.0,optimal,19.328241766209008,4,2,3.0,0.46415888336127825,0.5356805395261334,identical,,0.0,0.0,0.0,1.0,0,0,0,0,0,0,0.0,0.0,0.0,identical,,0.0,0.0,0.0,1.0,0,0,0,0,0,0,0.0,0.0,0.0
published,lhs084,lhs,44675.14977377882,0.0027241681819611605,0.9801293825971557,0.7610635586448331,40,100,optimal,25.135598236932168,4,2,3.0,optimal,23.3943488397542,4,2,3.0,optimal,19.328241766209008,4,2,3.0,0.46415888336127825,0.5356805395261334,identical,,0.0,0.0,0.0,1.0,0,0,0,0,0,0,0.0,0.0,0.0,identical,,0.0,0.0,0.0,1.0,0,0,0,0,0,0,0.0,0.0,0.0
published,lhs084,lhs,44675.14977377882,0.0027241681819611605,0.9801293825971557,0.7610635586448331,30,100,optimal,25.135598236932168,4,2,3.0,optimal,23.3943488397542,4,2,3.0,optimal,19.328241766209008,4,2,3.0,0.46415888336127825,0.5356805395261334,identical,,0.0,0.0,0.0,1.0,0,0,0,0,0,0,0.0,0.0,0.0,identical,,0.0,0.0,0.0,1.0,0,0,0,0,0,0,0.0,0.0,0.0
published,lhs084,lhs,44675.14977377882,0.0027241681819611605,0.9801293825971557,0.7610635586448331,20,100,optimal,25.135598236932168,4,2,3.0,optimal,23.3943488397542,4,2,3.0,optimal,19.328241766209008,4,2,3.0,0.46415888336127825,0.5356805395261334,identical,,0.0,0.0,0.0,1.0,0,0,0,0,0,0,0.0,0.0,0.0,identical,,0.0,0.0,0.0,1.0,0,0,0,0,0,0,0.0,0.0,0.0
published,lhs084,lhs,44675.14977377882,0.0027241681819611605,0.9801293825971557,0.7610635586448331,15,100,optimal,25.135598236932168,4,2,3.0,optimal,23.3943488397542,4,2,3.0,optimal,19.328241766209008,4,2,3.0,0.46415888336127825,0.5356805395261334,identical,,0.0,0.0,0.0,1.0,0,0,0,0,0,0,0.0,0.0,0.0,identical,,0.0,0.0,0.0,1.0,0,0,0,0,0,0,0.0,0.0,0.0
published,lhs084,lhs,44675.14977377882,0.0027241681819611605,0.9801293825971557,0.7610635586448331,10,100,optimal,25.135598236932168,4,2,3.0,optimal,23.3943488397542,4,2,3.0,optimal,19.328241766209008,4,2,3.0,0.46415888336127825,0.5356805395261334,identical,,0.0,0.0,0.0,1.0,0,0,0,0,0,0,0.0,0.0,0.0,identical,,0.0,0.0,0.0,1.0,0,0,0,0,0,0,0.0,0.0,0.0
published,lhs084,lhs,44675.14977377882,0.0027241681819611605,0.9801293825971557,0.7610635586448331,6,100,optimal,25.135598236932168,4,2,3.0,optimal,23.3943488397542,4,2,3.0,optimal,19.328241766209008,4,2,3.0,0.46415888336127825,0.5356805395261334,identical,,0.0,0.0,0.0,1.0,0,0,0,0,0,0,0.0,0.0,0.0,identical,,0.0,0.0,0.0,1.0,0,0,0,0,0,0,0.0,0.0,0.0
published,lhs085,lhs,144175.60458728555,0.026012588332236488,0.9674625566033428,0.6558393715566114,1000000,100,optimal,105.66690147258193,55,14,7.214285714285714,optimal,87.34948730832994,55,14,7.214285714285714,optimal,26.54849350505949,7,3,3.3333333333333335,0.030017743045081,0.05916841616414359,tie,,2.842170943040401e-14,0.0,2.0301221021717147e-15,1.0,0,0,0,0,0,2,0.0,0.0,1.586032892321652e-17,changed,served_and_memory,283.38705395848655,66.41802117935518,94.46235131949551,0.12727272727272726,48,0,-48,-11,0,3,0.0,77.33333333333333,6.848912076311538
published,lhs085,lhs,144175.60458728555,0.026012588332236488,0.9674625566033428,0.6558393715566114,40,100,optimal,101.26183105581885,40,14,7.785714285714286,optimal,82.83302953135795,40,14,7.785714285714286,optimal,26.54849350505949,7,3,3.3333333333333335,0.030017743045081,0.0640270900528647,identical,,0.0,0.0,0.0,1.0,0,0,0,0,0,0,0.0,0.0,0.0,changed,served_and_memory,305.62287182363434,62.012950762592105,101.87429060787811,0.175,33,0,-33,-11,0,3,0.0,77.33333333333333,6.848912076311538
published,lhs085,lhs,144175.60458728555,0.026012588332236488,0.9674625566033428,0.6558393715566114,30,100,optimal,86.1647591415724,30,11,7.181818181818182,optimal,72.29444243326756,30,11,7.181818181818182,optimal,26.54849350505949,7,3,3.3333333333333335,0.03319923187926317,0.0640270900528647,tie,,-1.4210854715202004e-14,0.0,-1.2918958832001822e-15,1.0,0,0,0,0,0,2,0.0,0.0,0.0,changed,served_and_memory,205.68431826083614,46.91587884834566,68.56143942027872,0.23333333333333334,23,0,-23,-8,0,3,0.0,64.66666666666667,4.750146439878756
published,lhs085,lhs,144175.60458728555,0.026012588332236488,0.9674625566033428,0.6558393715566114,20,100,optimal,70.80525434386558,20,9,7.444444444444445,optimal,61.33968390529058,18,7,5.428571428571429,optimal,26.54849350505949,7,3,3.3333333333333335,0.03319923187926317,0.0640270900528647,changed,served_and_memory,1.8305634770691412,1.6354677547149237,0.26150906815273445,0.46153846153846156,8,6,-2,-2,0,3,0.0,5.0,0.1891104431955247,changed,served_and_memory,175.65038001294747,31.556374050638844,58.550126670982486,0.35,13,0,-13,-6,0,2,0.0,48.666666666666664,3.954431759504285
published,lhs085,lhs,144175.60458728555,0.026012588332236488,0.9674625566033428,0.6558393715566114,15,100,optimal,57.33752729534178,15,6,5.666666666666667,optimal,51.58177572836765,15,5,4.0,optimal,26.54849350505949,7,3,3.3333333333333335,0.0640270900528647,0.11928809295587964,changed,routing,1.0171412001467601,0.578477704821168,0.20342824002935203,0.36363636363636365,7,7,0,-1,1,1,-0.75,12.0,0.5277228332313142,changed,served_and_memory,62.94193460563668,18.08864700211504,20.98064486854556,0.2222222222222222,11,3,-8,-3,0,2,0.0,60.5,3.5909277864283853
published,lhs085,lhs,144175.60458728555,0.026012588332236488,0.9674625566033428,0.6558393715566114,10,100,optimal,47.988535759818774,10,5,4.2,optimal,43.2441615325951,10,5,4.2,optimal,26.54849350505949,7,3,3.3333333333333335,0.0005623413251903491,0.08153869645085443,tie,,0.0,0.0,0.0,1.0,0,0,0,0,0,2,0.0,0.0,1.3322676295501878e-16,changed,routing,34.1495644537856,8.739655466592033,11.383188151261868,0.4166666666666667,5,2,-3,-2,1,1,0.6666666666666666,16.0,4.559111454158086
published,lhs085,lhs,144175.60458728555,0.026012588332236488,0.9674625566033428,0.6558393715566114,6,100,optimal,32.59582796145283,6,3,3.0,optimal,30.667377360986727,6,3,3.0,optimal,21.609264528694688,4,2,3.0,0.0036869450645195738,0.23713737056616555,identical,,0.0,0.0,0.0,1.0,0,0,0,0,0,0,0.0,0.0,0.0,changed,routing,0.19936044760211047,5.179206962034975,0.09968022380105523,0.42857142857142855,3,1,-2,-1,1,0,0.5,0.0,2.620279393480868
published,lhs086,lhs,3347.6301812415436,0.017791842313434045,0.9297724447699193,0.6049445674009423,1000000,100,optimal,25.75867161868071,26,7,4.714285714285714,optimal,19.83411477868238,15,5,4.0,optimal,9.488954177782361,4,2,3.0,0.05387208250415978,0.09682853110646922,changed,served_and_memory,1.916945749395314,0.7472829778453729,0.3833891498790628,0.5769230769230769,11,0,-11,-2,0,3,0.0,9.6,0.1886832943267265,changed,served_and_memory,74.97941547355384,10.46236097017519,37.48970773677692,0.15384615384615385,22,0,-22,-5,0,2,0.0,60.5,3.590927786428385
published,lhs086,lhs,3347.6301812415436,0.017791842313434045,0.9297724447699193,0.6049445674009423,40,100,optimal,25.75867161868071,26,7,4.714285714285714,optimal,19.83411477868238,15,5,4.0,optimal,9.488954177782361,4,2,3.0,0.050276352689897476,0.08153869645085443,changed,served_and_memory,1.916945749395314,0.7472829778453729,0.3833891498790628,0.5769230769230769,11,0,-11,-2,0,3,0.0,9.6,0.18868329432672665,changed,served_and_memory,77.01687447870734,10.46236097017519,38.50843723935367,0.15384615384615385,22,0,-22,-5,0,2,0.0,48.0,2.3287746506964258
published,lhs086,lhs,3347.6301812415436,0.017791842313434045,0.9297724447699193,0.6049445674009423,30,100,optimal,25.75867161868071,26,7,4.714285714285714,optimal,19.83411477868238,15,5,4.0,optimal,9.488954177782361,4,2,3.0,0.050276352689897476,0.12331143269440609,changed,served_and_memory,1.916945749395314,0.7472829778453729,0.3833891498790628,0.5769230769230769,11,0,-11,-2,0,3,0.0,14.6,0.3777937375222513,changed,served_and_memory,74.19093798157208,10.46236097017519,37.09546899078604,0.15384615384615385,22,0,-22,-5,0,2,0.0,60.5,3.6260241841550065
published,lhs086,lhs,3347.6301812415436,0.017791842313434045,0.9297724447699193,0.6049445674009423,20,100,optimal,25.593534199340883,20,6,4.333333333333333,optimal,19.83411477868238,15,5,4.0,optimal,9.488954177782361,4,2,3.0,0.050276352689897476,0.141180193984225,changed,served_and_memory,0.7089524183943183,0.5821455585055375,0.14179048367886365,0.75,5,0,-5,-1,0,3,0.0,14.6,0.3777937375222511,changed,served_and_memory,46.87300647078736,10.297223550835362,23.43650323539368,0.2,16,0,-16,-4,0,2,0.0,73.0,4.888177319886966
published,lhs086,lhs,3347.6301812415436,0.017791842313434045,0.9297724447699193,0.6049445674009423,15,100,optimal,25.011388640835346,15,5,4.0,optimal,19.83411477868238,15,5,4.0,optimal,9.488954177782361,4,2,3.0,0.050276352689897476,0.23713737056616555,identical,,0.0,0.0,0.0,1.0,0,0,0,0,0,0,0.0,0.0,0.0,changed,served_and_memory,30.681974691831105,9.715077992329824,15.340987345915552,0.26666666666666666,11,0,-11,-3,0,1,0.0,24.0,1.13520263013472
published,lhs086,lhs,3347.6301812415436,0.017791842313434045,0.9297724447699193,0.6049445674009423,10,100,optimal,20.788657586226797,7,3,3.3333333333333335,optimal,17.990198272309627,7,3,3.3333333333333335,optimal,9.488954177782361,4,2,3.0,0.23713737056616555,0.46415888336127825,identical,,0.0,0.0,0.0,1.0,0,0,0,0,0,0,0.0,0.0,0.0,changed,served_set_only,1.400683379722814,5.492346937721276,0.700341689861407,0.5714285714285714,3,0,-3,-1,0,0,0.0,0.0,0.0
published,lhs086,lhs,3347.6301812415436,0.017791842313434045,0.9297724447699193,0.6049445674009423,6,100,optimal,15.296310648505521,4,2,3.0,optimal,13.555061251327558,4,2,3.0,optimal,9.488954177782361,4,2,3.0,0.46415888336127825,0.5356805395261334,identical,,0.0,0.0,0.0,1.0,0,0,0,0,0,0,0.0,0.0,0.0,identical,,0.0,0.0,0.0,1.0,0,0,0,0,0,0,0.0,0.0,0.0
published,lhs087,lhs,15909.82555984928,0.05462332751286617,0.981294680995137,0.537434051531827,1000000,100,optimal,50.93492729141952,53,11,5.818181818181818,optimal,37.67242284624345,46,10,5.6,optimal,15.439325789903133,7,3,3.3333333333333335,0.030017743045081,0.08153869645085443,changed,served_and_memory,0.2750430257800147,1.1659070631469817,0.02750430257800147,0.8679245283018868,7,0,-7,-1,0,2,0.0,0.0,5.551115123125783e-17,changed,served_and_memory,172.08508926672354,22.79521471334914,57.36169642224118,0.1320754716981132,46,0,-46,-8,0,3,0.0,73.0,5.614979462184476
published,lhs087,lhs,15909.82555984928,0.05462332751286617,0.981294680995137,0.537434051531827,40,100,optimal,48.09158364747364,39,9,5.333333333333333,optimal,37.43634038233837,39,9,5.333333333333333,optimal,15.439325789903133,7,3,3.3333333333333335,0.05387208250415978,0.09682853110646922,tie,,-7.105427357601002e-15,0.0,-7.894919286223335e-16,1.0,0,0,0,0,0,2,0.0,0.0,2.4671622769447922e-17,changed,served_and_memory,108.24849061205529,19.95187106940326,36.08283020401843,0.1794871794871795,32,0,-32,-6,0,3,0.0,73.0,5.614979462184476
published,lhs087,lhs,15909.82555984928,0.05462332751286617,0.981294680995137,0.537434051531827,30,100,optimal,44.16715762890773,27,8,5.25,optimal,35.80213525224604,26,7,4.714285714285714,optimal,15.439325789903133,7,3,3.3333333333333335,0.0640270900528647,0.10662101515601152,changed,routing,0.7987121141861948,0.5235197872680359,0.11410173059802783,0.6060606060606061,7,6,-1,-1,1,3,-0.2857142857142857,10.428571428571429,0.48296884070833,changed,served_and_memory,87.85486843120574,16.02744505083735,29.284956143735247,0.25925925925925924,20,0,-20,-5,0,3,0.0,73.0,5.614979462184476
published,lhs087,lhs,15909.82555984928,0.05462332751286617,0.981294680995137,0.537434051531827,20,100,optimal,40.67714596632066,20,6,4.333333333333333,optimal,34.20877412726783,20,6,4.333333333333333,optimal,15.439325789903133,7,3,3.3333333333333335,0.050276352689897476,0.15933803350851,tie,,0.0,0.0,0.0,1.0,0,0,0,0,0,2,0.0,0.0,5.551115123125783e-17,changed,served_and_memory,42.50187337232446,12.537433388250278,14.167291124108154,0.35,13,0,-13,-3,0,2,0.0,32.0,1.5525164337976172
published,lhs087,lhs,15909.82555984928,0.05462332751286617,0.981294680995137,0.537434051531827,15,100,optimal,37.44907336700055,15,5,4.0,optimal,32.271799504847586,15,5,4.0,optimal,15.439325789903133,7,3,3.3333333333333335,0.050276352689897476,0.23713737056616555,tie,,0.0,0.0,0.0,1.0,0,0,0,0,0,2,0.0,0.0,6.661338147750939e-17,changed,served_and_memory,24.19466157778667,9.30936078893017,8.064887192595556,0.4666666666666667,8,0,-8,-2,0,1,0.0,16.0,0.7568017534231467
published,lhs087,lhs,15909.82555984928,0.05462332751286617,0.981294680995137,0.537434051531827,10,100,optimal,28.46448924827278,10,5,4.2,optimal,25.34125326415321,7,3,3.3333333333333335,optimal,15.439325789903133,7,3,3.3333333333333335,0.0005623413251903491,0.15703748946090484,changed,routing,1.6211382431041024,0.3247766702024002,0.5403794143680342,0.4166666666666667,5,2,-3,-2,1,1,0.6666666666666666,24.333333333333332,2.7817088542392283,changed,routing,38.10792580694279,0.3247766702024002,12.702641935647597,0.4166666666666667,5,2,-3,-2,1,1,0.6666666666666666,24.333333333333332,5.20904369129365
published,lhs087,lhs,15909.82555984928,0.05462332751286617,0.981294680995137,0.537434051531827,6,100,optimal,21.728445192712215,6,3,3.0,optimal,19.799994592246115,6,3,3.0,optimal,14.362999784571336,4,2,3.0,0.0036869450645195738,0.23713737056616555,identical,,0.0,0.0,0.0,1.0,0,0,0,0,0,0,0.0,0.0,0.0,changed,routing,3.8204784722193708,1.5580889374177218,1.9102392361096854,0.42857142857142855,3,1,-2,-1,1,0,0.5,0.0,2.4766520034665622
published,lhs088,lhs,1427.1586994996371,0.019052704426305838,0.9807721403808753,0.7204010101463783,1000000,100,optimal,34.964151137283544,53,11,5.818181818181818,optimal,22.532915316156945,39,9,5.333333333333333,optimal,9.086781808613829,4,2,3.0,0.03319923187926317,0.0640270900528647,changed,served_and_memory,1.1063116498294931,1.7759925559913299,0.12292351664772146,0.7358490566037735,14,0,-14,-2,0,5,0.0,1.4444444444444444,0.10528139778954046,changed,served_and_memory,182.737406418294,20.070012857946555,91.368703209147,0.07547169811320754,49,0,-49,-9,0,2,0.0,73.0,4.888177319886966
published,lhs088,lhs,1427.1586994996371,0.019052704426305838,0.9807721403808753,0.7204010101463783,40,100,optimal,33.21469381253469,40,10,5.9,optimal,22.532915316156945,39,9,5.333333333333333,optimal,9.086781808613829,4,2,3.0,0.06044547074134525,0.08918361377866182,changed,served_set_only,1.5376061513938204,0.026535231242476698,0.17084512793264672,0.975,1,0,-1,-1,0,0,0.0,0.0,0.0,changed,served_and_memory,156.44307090840104,18.3205555331977,78.22153545420052,0.1,36,0,-36,-8,0,2,0.0,73.0,4.888177319886966
published,lhs088,lhs,1427.1586994996371,0.019052704426305838,0.9807721403808753,0.7204010101463783,30,100,optimal,30.66538001784161,28,9,5.888888888888889,optimal,22.386818169464334,26,7,4.714285714285714,optimal,9.086781808613829,4,2,3.0,0.06044547074134525,0.08153869645085443,changed,routing,2.449314025106915,0.4370592589836342,0.34990200358670215,0.5882352941176471,8,6,-2,-2,1,5,-0.2857142857142857,6.857142857142857,0.2271149608356442,changed,served_and_memory,141.17636796984183,15.77124173850462,70.58818398492092,0.14285714285714285,24,0,-24,-7,0,2,0.0,60.5,3.5909277864283853
published,lhs088,lhs,1427.1586994996371,0.019052704426305838,0.9807721403808753,0.7204010101463783,20,100,optimal,28.496571981757583,18,7,5.428571428571429,optimal,21.747889483908562,20,6,4.333333333333333,optimal,9.086781808613829,4,2,3.0,0.0640270900528647,0.12532289850754513,changed,routing,1.0814201860110728,0.2803106587961963,0.18023669766851214,0.7272727272727273,2,4,2,-1,1,3,-0.5,4.166666666666667,0.2844423337763868,changed,served_and_memory,75.79561059795577,13.602433702420594,37.897805298977886,0.2222222222222222,14,0,-14,-5,0,2,0.0,73.0,4.888177319886966
published,lhs088,lhs,1427.1586994996371,0.019052704426305838,0.9807721403808753,0.7204010101463783,15,100,optimal,26.363448564112318,15,5,4.0,optimal,21.186174701959356,15,5,4.0,optimal,9.086781808613829,4,2,3.0,0.050276352689897476,0.16394459283656687,tie,,3.552713678800501e-15,0.0,7.105427357601002e-16,1.0,0,0,0,0,0,2,0.0,0.0,-1.554312234475219e-16,changed,served_and_memory,26.99157184012477,11.469310284775329,13.495785920062385,0.26666666666666666,11,0,-11,-3,0,1,0.0,36.5,2.397355765866679
published,lhs088,lhs,1427.1586994996371,0.019052704426305838,0.9807721403808753,0.7204010101463783,10,100,optimal,20.646391457371013,7,3,3.3333333333333335,optimal,17.847932143453843,7,3,3.3333333333333335,optimal,9.086781808613829,4,2,3.0,0.23713737056616555,0.46415888336127825,identical,,0.0,0.0,0.0,1.0,0,0,0,0,0,0,0.0,0.0,0.0,changed,served_set_only,1.1407771394100656,5.7522531780340245,0.5703885697050328,0.5714285714285714,3,0,-3,-1,0,0,0.0,0.0,0.0
published,lhs088,lhs,1427.1586994996371,0.019052704426305838,0.9807721403808753,0.7204010101463783,6,100,optimal,14.894138279336989,4,2,3.0,optimal,13.152888882159026,4,2,3.0,optimal,9.086781808613829,4,2,3.0,0.46415888336127825,0.5356805395261334,identical,,0.0,0.0,0.0,1.0,0,0,0,0,0,0,0.0,0.0,0.0,identical,,0.0,0.0,0.0,1.0,0,0,0,0,0,0,0.0,0.0,0.0
published,lhs089,lhs,131337.24307957457,0.00887616500655673,0.9238282853606657,0.7549318255851591,1000000,100,optimal,93.7470490464527,53,11,5.818181818181818,optimal,80.2095015754966,53,11,5.818181818181818,optimal,25.96596713052594,7,3,3.3333333333333335,0.03319923187926317,0.0640270900528647,identical,,0.0,0.0,0.0,1.0,0,0,0,0,0,0,0.0,0.0,0.0,changed,served_and_memory,140.833693831037,55.08069512775951,46.94456461034567,0.1320754716981132,46,0,-46,-8,0,3,0.0,73.0,5.6149794621844755
published,lhs089,lhs,131337.24307957457,0.00887616500655673,0.9238282853606657,0.7549318255851591,40,100,optimal,84.42977448785828,38,10,6.1,optimal,72.34457701136274,38,10,6.1,optimal,25.96596713052594,7,3,3.3333333333333335,0.04279211619645008,0.07278289325185956,tie,,0.0,0.0,0.0,1.0,0,0,0,0,0,2,0.0,0.0,3.3306690738754695e-17,changed,served_and_memory,124.18008035688686,45.76342056916509,41.393360118962285,0.18421052631578946,31,0,-31,-7,0,3,0.0,64.66666666666667,4.750146439878756
published,lhs089,lhs,131337.24307957457,0.00887616500655673,0.9238282853606657,0.7549318255851591,30,100,optimal,75.37361066259733,30,9,5.111111111111111,optimal,65.19554717563427,29,8,5.375,optimal,25.96596713052594,7,3,3.3333333333333335,0.00015183215780139426,0.09682853110646922,changed,routing,0.04458914131210179,0.9242830615351494,0.0055736426640127235,0.5945945945945946,8,7,-1,-1,2,2,0.125,0.0,-0.005895921184943073,changed,served_and_memory,105.36499762974694,36.70725674390414,35.12166587658231,0.23333333333333334,23,0,-23,-6,0,3,0.0,64.66666666666667,4.4104326949904875
published,lhs089,lhs,131337.24307957457,0.00887616500655673,0.9238282853606657,0.7549318255851591,20,100,optimal,66.03594391085787,18,7,5.428571428571429,optimal,58.20584122699778,18,7,5.428571428571429,optimal,25.96596713052594,7,3,3.3333333333333335,0.0640270900528647,0.12532289850754513,tie,,-7.105427357601002e-15,0.0,-1.0150610510858574e-15,1.0,0,0,0,0,0,2,0.0,0.0,-6.344131569286608e-17,changed,served_and_memory,55.1354239907676,27.369589992164677,18.3784746635892,0.3888888888888889,11,0,-11,-4,0,2,0.0,48.666666666666664,3.2587848799246437
published,lhs089,lhs,131337.24307957457,0.00887616500655673,0.9238282853606657,0.7549318255851591,15,100,optimal,55.74725050149585,15,5,4.0,optimal,50.56997663934288,15,5,4.0,optimal,25.96596713052594,7,3,3.3333333333333335,0.08153869645085443,0.16394459283656687,tie,,0.0,7.105427357601002e-15,0.0,1.0,0,0,0,0,0,2,0.0,0.0,-8.881784197001253e-17,changed,served_and_memory,14.385666778760692,17.08089658280266,4.795222259586898,0.4666666666666667,8,0,-8,-2,0,1,0.0,24.333333333333332,1.5982371772444528
published,lhs089,lhs,131337.24307957457,0.00887616500655673,0.9238282853606657,0.7549318255851591,10,100,optimal,46.426902285205436,10,5,4.2,optimal,41.68252805798176,10,5,4.2,optimal,25.96596713052594,7,3,3.3333333333333335,0.0005623413251903491,0.15703748946090484,tie,,7.105427357601002e-15,7.105427357601002e-15,1.4210854715202005e-15,1.0,0,0,0,0,0,2,0.0,0.0,-8.881784197001253e-17,changed,routing,33.192500994604565,7.760548366512246,11.064166998201522,0.4166666666666667,5,2,-3,-2,1,1,0.6666666666666666,24.333333333333332,5.535882780994226
published,lhs089,lhs,131337.24307957457,0.00887616500655673,0.9238282853606657,0.7549318255851591,6,100,optimal,31.9823795726185,6,3,3.0,optimal,30.0539289721524,6,3,3.0,optimal,21.215959126995678,4,2,3.0,0.0036869450645195738,0.23713737056616555,identical,,0.0,0.0,0.0,1.0,0,0,0,0,0,0,0.0,0.0,0.0,changed,routing,0.4195034347374289,4.95906397489966,0.20975171736871445,0.42857142857142855,3,1,-2,-1,1,0,0.5,0.0,2.721781320741994
published,lhs090,lhs,1290.0289714438284,0.025547971276557092,0.9266034581724761,0.5468117244294329,1000000,100,optimal,15.668611150884335,15,5,4.0,optimal,12.715242660277571,7,3,3.3333333333333335,optimal,6.080791015671613,4,2,3.0,0.08153869645085443,0.16394459283656687,changed,served_and_memory,2.2239053715461985,0.1549091766895927,0.7413017905153995,0.4666666666666667,8,0,-8,-2,0,1,0.0,24.333333333333332,0.6296562292037519,changed,served_and_memory,34.57913001451787,3.780463664489563,17.289565007258936,0.26666666666666666,11,0,-11,-3,0,1,0.0,36.5,2.397355765866679
published,lhs090,lhs,1290.0289714438284,0.025547971276557092,0.9266034581724761,0.5468117244294329,40,100,optimal,15.668611150884335,15,5,4.0,optimal,12.715242660277571,7,3,3.3333333333333335,optimal,6.080791015671613,4,2,3.0,0.08153869645085443,0.16394459283656687,changed,served_and_memory,2.2239053715461985,0.1549091766895927,0.7413017905153995,0.4666666666666667,8,0,-8,-2,0,1,0.0,24.333333333333332,0.6296562292037519,changed,served_and_memory,34.57913001451787,3.780463664489563,17.289565007258936,0.26666666666666666,11,0,-11,-3,0,1,0.0,36.5,2.397355765866679
published,lhs090,lhs,1290.0289714438284,0.025547971276557092,0.9266034581724761,0.5468117244294329,30,100,optimal,15.668611150884335,15,5,4.0,optimal,12.715242660277571,7,3,3.3333333333333335,optimal,6.080791015671613,4,2,3.0,0.08153869645085443,0.16394459283656687,changed,served_and_memory,2.2239053715461985,0.1549091766895927,0.7413017905153995,0.4666666666666667,8,0,-8,-2,0,1,0.0,24.333333333333332,0.6296562292037519,changed,served_and_memory,34.57913001451787,3.780463664489563,17.289565007258936,0.26666666666666666,11,0,-11,-3,0,1,0.0,36.5,2.397355765866679
published,lhs090,lhs,1290.0289714438284,0.025547971276557092,0.9266034581724761,0.5468117244294329,20,100,optimal,15.668611150884335,15,5,4.0,optimal,12.715242660277571,7,3,3.3333333333333335,optimal,6.080791015671613,4,2,3.0,0.08153869645085443,0.16394459283656687,changed,served_and_memory,2.2239053715461985,0.1549091766895927,0.7413017905153995,0.4666666666666667,8,0,-8,-2,0,1,0.0,24.333333333333332,0.6296562292037519,changed,served_and_memory,34.57913001451787,3.780463664489563,17.289565007258936,0.26666666666666666,11,0,-11,-3,0,1,0.0,36.5,2.397355765866679
published,lhs090,lhs,1290.0289714438284,0.025547971276557092,0.9266034581724761,0.5468117244294329,15,100,optimal,15.668611150884336,15,5,4.0,optimal,12.715242660277571,7,3,3.3333333333333335,optimal,6.080791015671613,4,2,3.0,0.050276352689897476,0.23713737056616555,changed,served_and_memory,2.2239053715461985,0.15490917668959447,0.7413017905153995,0.4666666666666667,8,0,-8,-2,0,1,0.0,16.0,0.31447215721121086,changed,served_and_memory,36.616589019671366,3.780463664489565,18.308294509835683,0.26666666666666666,11,0,-11,-3,0,1,0.0,24.0,1.13520263013472
published,lhs090,lhs,1290.0289714438284,0.025547971276557092,0.9266034581724761,0.5468117244294329,10,100,optimal,15.513701974194742,7,3,3.3333333333333335,optimal,12.715242660277571,7,3,3.3333333333333335,optimal,6.080791015671613,4,2,3.0,0.23713737056616555,0.46415888336127825,identical,,0.0,0.0,0.0,1.0,0,0,0,0,0,0,0.0,0.0,0.0,changed,served_set_only,3.26747582964412,3.6255544877999704,1.63373791482206,0.5714285714285714,3,0,-3,-1,0,0,0.0,0.0,0.0
published,lhs090,lhs,1290.0289714438284,0.025547971276557092,0.9266034581724761,0.5468117244294329,6,100,optimal,11.888147486394772,4,2,3.0,optimal,10.146898089216808,4,2,3.0,optimal,6.080791015671613,4,2,3.0,0.46415888336127825,0.5356805395261334,identical,,0.0,0.0,0.0,1.0,0,0,0,0,0,0,0.0,0.0,0.0,identical,,0.0,0.0,0.0,1.0,0,0,0,0,0,0,0.0,0.0,0.0
published,lhs091,lhs,164290.69901383785,0.0014717059177610054,0.9722627120186946,0.8167280135120618,1000000,100,optimal,0.0,0,0,,optimal,0.0,0,0,,optimal,0.0,0,0,,,,identical,,0.0,0.0,0.0,1.0,0,0,0,0,0,0,,,,identical,,0.0,0.0,0.0,1.0,0,0,0,0,0,0,,,
published,lhs091,lhs,164290.69901383785,0.0014717059177610054,0.9722627120186946,0.8167280135120618,40,100,optimal,0.0,0,0,,optimal,0.0,0,0,,optimal,0.0,0,0,,,,identical,,0.0,0.0,0.0,1.0,0,0,0,0,0,0,,,,identical,,0.0,0.0,0.0,1.0,0,0,0,0,0,0,,,
published,lhs091,lhs,164290.69901383785,0.0014717059177610054,0.9722627120186946,0.8167280135120618,30,100,optimal,0.0,0,0,,optimal,0.0,0,0,,optimal,0.0,0,0,,,,identical,,0.0,0.0,0.0,1.0,0,0,0,0,0,0,,,,identical,,0.0,0.0,0.0,1.0,0,0,0,0,0,0,,,
published,lhs091,lhs,164290.69901383785,0.0014717059177610054,0.9722627120186946,0.8167280135120618,20,100,optimal,0.0,0,0,,optimal,0.0,0,0,,optimal,0.0,0,0,,,,identical,,0.0,0.0,0.0,1.0,0,0,0,0,0,0,,,,identical,,0.0,0.0,0.0,1.0,0,0,0,0,0,0,,,
published,lhs091,lhs,164290.69901383785,0.0014717059177610054,0.9722627120186946,0.8167280135120618,15,100,optimal,0.0,0,0,,optimal,0.0,0,0,,optimal,0.0,0,0,,,,identical,,0.0,0.0,0.0,1.0,0,0,0,0,0,0,,,,identical,,0.0,0.0,0.0,1.0,0,0,0,0,0,0,,,
published,lhs091,lhs,164290.69901383785,0.0014717059177610054,0.9722627120186946,0.8167280135120618,10,100,optimal,0.0,0,0,,optimal,0.0,0,0,,optimal,0.0,0,0,,,,identical,,0.0,0.0,0.0,1.0,0,0,0,0,0,0,,,,identical,,0.0,0.0,0.0,1.0,0,0,0,0,0,0,,,
published,lhs091,lhs,164290.69901383785,0.0014717059177610054,0.9722627120186946,0.8167280135120618,6,100,optimal,0.0,0,0,,optimal,0.0,0,0,,optimal,0.0,0,0,,,,identical,,0.0,0.0,0.0,1.0,0,0,0,0,0,0,,,,identical,,0.0,0.0,0.0,1.0,0,0,0,0,0,0,,,
published,lhs092,lhs,9484.570402900174,0.010509068711336576,0.9687531068634154,0.6504928374529297,1000000,100,optimal,54.5880339175675,53,11,5.818181818181818,optimal,41.050486446611416,53,11,5.818181818181818,optimal,14.729794475971488,7,3,3.3333333333333335,0.03319923187926317,0.0640270900528647,identical,,0.0,0.0,0.0,1.0,0,0,0,0,0,0,0.0,0.0,0.0,changed,served_and_memory,167.80691682017846,27.157852653428762,55.935638940059484,0.1320754716981132,46,0,-46,-8,0,3,0.0,73.0,5.6149794621844755
published,lhs092,lhs,9484.570402900174,0.010509068711336576,0.9687531068634154,0.6504928374529297,40,100,optimal,50.86401098881097,40,10,5.9,optimal,39.43636393564752,39,9,5.333333333333333,optimal,14.729794475971488,7,3,3.3333333333333335,0.05387208250415978,0.07278289325185956,changed,served_and_memory,0.791737594608108,0.7724037880281927,0.08797084384534533,0.975,1,0,-1,-1,0,2,0.0,0.0,3.700743415417188e-17,changed,served_and_memory,148.21232238180696,23.43382972467223,49.40410746060232,0.175,33,0,-33,-7,0,3,0.0,64.66666666666667,4.750146439878756
published,lhs092,lhs,9484.570402900174,0.010509068711336576,0.9687531068634154,0.6504928374529297,30,100,optimal,46.555847218361166,28,9,5.888888888888889,optimal,36.61970893948509,27,8,5.25,optimal,14.729794475971488,7,3,3.3333333333333335,0.050276352689897476,0.11641349920555381,changed,served_and_memory,0.791737594608108,0.7724037880281927,0.0989671993260135,0.9642857142857143,1,0,-1,-1,0,2,0.0,0.0,-4.163336342344337e-17,changed,served_and_memory,122.88512845647044,19.125665954222427,40.96170948549015,0.25,21,0,-21,-6,0,3,0.0,73.0,5.6149794621844755
published,lhs092,lhs,9484.570402900174,0.010509068711336576,0.9687531068634154,0.6504928374529297,20,100,optimal,41.49810118365088,18,7,5.428571428571429,optimal,34.175245925204166,20,6,4.333333333333333,optimal,14.729794475971488,7,3,3.3333333333333335,0.0640270900528647,0.08153869645085443,changed,routing,0.5072474254133823,0.8544834193938939,0.08454123756889705,0.7272727272727273,2,4,2,-1,1,2,-0.5,0.0,0.20048381408599605,changed,served_and_memory,75.7918625649445,14.067919919512143,25.26395418831483,0.3888888888888889,11,0,-11,-4,0,2,0.0,32.0,1.5525164337976172
published,lhs092,lhs,9484.570402900174,0.010509068711336576,0.9687531068634154,0.6504928374529297,15,100,optimal,37.03793631755625,15,5,4.0,optimal,31.860662455403293,15,5,4.0,optimal,14.729794475971488,7,3,3.3333333333333335,0.08153869645085443,0.16394459283656687,tie,,0.0,0.0,0.0,1.0,0,0,0,0,0,2,0.0,0.0,-8.881784197001253e-17,changed,served_and_memory,21.858808308145832,9.607755053417513,7.28626943604861,0.4666666666666667,8,0,-8,-2,0,1,0.0,24.333333333333332,1.5982371772444528
published,lhs092,lhs,9484.570402900174,0.010509068711336576,0.9687531068634154,0.6504928374529297,10,100,optimal,28.263719918976452,10,5,4.2,optimal,24.631721950221568,7,3,3.3333333333333335,optimal,14.729794475971488,7,3,3.3333333333333335,0.0005623413251903491,0.15703748946090484,changed,routing,1.1123762584687924,0.8335386548377137,0.37079208615626413,0.4166666666666667,5,2,-3,-2,1,1,0.6666666666666666,24.333333333333332,2.9653391468751136,changed,routing,37.599163822307474,0.8335386548377137,12.533054607435824,0.4166666666666667,5,2,-3,-2,1,1,0.6666666666666666,24.333333333333332,5.392673983929536
published,lhs092,lhs,9484.570402900174,0.010509068711336576,0.9687531068634154,0.6504928374529297,6,100,optimal,20.784545983552928,6,3,3.0,optimal,18.85609538308683,6,3,3.0,optimal,13.734906382750147,4,2,3.0,0.0036869450645195738,0.23713737056616555,identical,,0.0,0.0,0.0,1.0,0,0,0,0,0,0,0.0,0.0,0.0,changed,routing,4.136284279557465,1.2422831300796204,2.0681421397787325,0.42857142857142855,3,1,-2,-1,1,0,0.5,0.0,2.6143747229434764
published,lhs093,lhs,127117.14517782687,0.03966101048056257,0.9544578383045129,0.7782787375941755,1000000,100,optimal,119.08660281246311,55,16,8.3125,optimal,100.25514265025559,55,14,7.214285714285714,optimal,27.29203427951365,7,3,3.3333333333333335,0.0221885046944556,0.05207421759702863,changed,served_and_memory,2.620048208674376,0.5140459979555203,0.1871463006195983,1.0,0,0,0,-2,0,7,0.0,2.7857142857142856,0.20304269573697104,changed,served_and_memory,422.2547826793988,79.09418174478222,140.75159422646627,0.12727272727272726,48,0,-48,-13,0,3,0.0,69.0,5.641945273979907
published,lhs093,lhs,127117.14517782687,0.03966101048056257,0.9544578383045129,0.7782787375941755,40,100,optimal,115.48405947304792,40,14,7.785714285714286,optimal,97.05525794858701,40,14,7.785714285714286,optimal,27.29203427951365,7,3,3.3333333333333335,0.030017743045081,0.0640270900528647,tie,,0.0,0.0,0.0,1.0,0,0,0,0,0,2,0.0,0.0,-2.3790493384824782e-17,changed,served_and_memory,289.55152273573117,75.49163840536701,96.51717424524372,0.175,33,0,-33,-11,0,3,0.0,77.33333333333333,6.848912076311538
published,lhs093,lhs,127117.14517782687,0.03966101048056257,0.9544578383045129,0.7782787375941755,30,100,optimal,98.13294644000817,29,13,7.769230769230769,optimal,82.26382914407898,30,11,7.181818181818182,optimal,27.29203427951365,7,3,3.3333333333333335,0.00013532055307936385,0.0640270900528647,changed,routing,0.5494446715447339,1.998800587624359,0.049949515594975805,0.7878787878787878,3,4,1,-2,1,3,-0.2727272727272727,1.1818181818181819,0.12492492261128808,changed,served_and_memory,301.1836955514196,58.14052537232727,100.39456518380653,0.2413793103448276,22,0,-22,-10,0,3,0.0,73.0,5.6149794621844755
published,lhs093,lhs,127117.14517782687,0.03966101048056257,0.9544578383045129,0.7782787375941755,20,100,optimal,80.77580412672336,20,10,8.2,optimal,67.98434863431419,20,9,7.444444444444445,optimal,27.29203427951365,7,3,3.3333333333333335,0.03319923187926317,0.0640270900528647,changed,served_and_memory,0.13905263856526062,1.4953215767650079,0.015450293173917847,1.0,0,0,0,-1,0,1,0.0,1.4444444444444444,0.10528139778954052,changed,served_and_memory,240.6991914883908,40.78338305904246,80.2330638294636,0.35,13,0,-13,-7,0,2,0.0,48.666666666666664,3.954431759504285
published,lhs093,lhs,127117.14517782687,0.03966101048056257,0.9544578383045129,0.7782787375941755,15,100,optimal,61.4231213207772,15,6,5.666666666666667,optimal,54.65022855365631,15,6,5.666666666666667,optimal,27.29203427951365,7,3,3.3333333333333335,0.0640270900528647,0.10242506457263026,tie,,7.105427357601002e-15,0.0,1.1842378929335002e-15,1.0,0,0,0,0,0,4,0.0,0.0,1.1102230246251565e-16,changed,served_and_memory,58.71011541678099,21.430700253096298,19.57003847226033,0.2222222222222222,11,3,-8,-3,0,2,0.0,60.5,3.626024184155007
published,lhs093,lhs,127117.14517782687,0.03966101048056257,0.9544578383045129,0.7782787375941755,10,100,optimal,50.01990812687377,10,5,4.2,optimal,45.2755338996501,10,5,4.2,optimal,27.29203427951365,7,3,3.3333333333333335,0.0005623413251903491,0.08153869645085443,tie,,0.0,0.0,0.0,1.0,0,0,0,0,0,2,0.0,0.0,6.661338147750939e-17,changed,routing,32.86173286118478,10.027487059192872,10.95391095372826,0.4166666666666667,5,2,-3,-2,1,1,0.6666666666666666,16.0,4.723741074752157
published,lhs093,lhs,127117.14517782687,0.03966101048056257,0.9544578383045129,0.7782787375941755,6,100,optimal,33.138612501821974,6,3,3.0,optimal,31.210161901355875,6,3,3.0,optimal,21.973500000708952,4,2,3.0,0.0036869450645195738,0.23713737056616555,identical,,0.0,0.0,0.0,1.0,0,0,0,0,0,0,0.0,0.0,0.0,changed,routing,0.020811379247227535,5.357756030389858,0.010405689623613767,0.42857142857142855,3,1,-2,-1,1,0,0.5,0.0,2.743751608926422
published,lhs094,lhs,1503.0182668829605,0.0025351175679894887,0.9257033175690949,0.659183737846833,1000000,100,optimal,13.386470575526044,4,2,3.0,optimal,11.645221178348079,4,2,3.0,optimal,7.579114104802883,4,2,3.0,0.46415888336127825,0.5356805395261334,identical,,0.0,0.0,0.0,1.0,0,0,0,0,0,0,0.0,0.0,0.0,identical,,0.0,0.0,0.0,1.0,0,0,0,0,0,0,0.0,0.0,0.0
published,lhs094,lhs,1503.0182668829605,0.0025351175679894887,0.9257033175690949,0.659183737846833,40,100,optimal,13.386470575526044,4,2,3.0,optimal,11.645221178348079,4,2,3.0,optimal,7.579114104802883,4,2,3.0,0.46415888336127825,0.5356805395261334,identical,,0.0,0.0,0.0,1.0,0,0,0,0,0,0,0.0,0.0,0.0,identical,,0.0,0.0,0.0,1.0,0,0,0,0,0,0,0.0,0.0,0.0
published,lhs094,lhs,1503.0182668829605,0.0025351175679894887,0.9257033175690949,0.659183737846833,30,100,optimal,13.386470575526044,4,2,3.0,optimal,11.645221178348079,4,2,3.0,optimal,7.579114104802883,4,2,3.0,0.46415888336127825,0.5356805395261334,identical,,0.0,0.0,0.0,1.0,0,0,0,0,0,0,0.0,0.0,0.0,identical,,0.0,0.0,0.0,1.0,0,0,0,0,0,0,0.0,0.0,0.0
published,lhs094,lhs,1503.0182668829605,0.0025351175679894887,0.9257033175690949,0.659183737846833,20,100,optimal,13.386470575526044,4,2,3.0,optimal,11.645221178348079,4,2,3.0,optimal,7.579114104802883,4,2,3.0,0.46415888336127825,0.5356805395261334,identical,,0.0,0.0,0.0,1.0,0,0,0,0,0,0,0.0,0.0,0.0,identical,,0.0,0.0,0.0,1.0,0,0,0,0,0,0,0.0,0.0,0.0
published,lhs094,lhs,1503.0182668829605,0.0025351175679894887,0.9257033175690949,0.659183737846833,15,100,optimal,13.386470575526044,4,2,3.0,optimal,11.645221178348079,4,2,3.0,optimal,7.579114104802883,4,2,3.0,0.46415888336127825,0.5356805395261334,identical,,0.0,0.0,0.0,1.0,0,0,0,0,0,0,0.0,0.0,0.0,identical,,0.0,0.0,0.0,1.0,0,0,0,0,0,0,0.0,0.0,0.0
published,lhs094,lhs,1503.0182668829605,0.0025351175679894887,0.9257033175690949,0.659183737846833,10,100,optimal,13.386470575526044,4,2,3.0,optimal,11.645221178348079,4,2,3.0,optimal,7.579114104802883,4,2,3.0,0.46415888336127825,0.5356805395261334,identical,,0.0,0.0,0.0,1.0,0,0,0,0,0,0,0.0,0.0,0.0,identical,,0.0,0.0,0.0,1.0,0,0,0,0,0,0,0.0,0.0,0.0
published,lhs094,lhs,1503.0182668829605,0.0025351175679894887,0.9257033175690949,0.659183737846833,6,100,optimal,13.386470575526044,4,2,3.0,optimal,11.645221178348079,4,2,3.0,optimal,7.579114104802883,4,2,3.0,0.46415888336127825,0.5356805395261334,identical,,0.0,0.0,0.0,1.0,0,0,0,0,0,0,0.0,0.0,0.0,identical,,0.0,0.0,0.0,1.0,0,0,0,0,0,0,0.0,0.0,0.0
published,lhs095,lhs,24777.512299039514,0.038212783722702266,0.9455503233611419,0.8409209688104053,1000000,100,optimal,89.48035349856518,55,14,7.214285714285714,optimal,71.16293933431317,55,14,7.214285714285714,optimal,20.678939416140416,7,3,3.3333333333333335,0.030017743045081,0.06223628039710497,tie,,-1.4210854715202004e-14,0.0,-1.0150610510858574e-15,1.0,0,0,0,0,0,2,0.0,0.0,3.9650822308041306e-17,changed,served_and_memory,292.754428358395,56.10102729425752,97.58480945279832,0.12727272727272726,48,0,-48,-11,0,3,0.0,77.33333333333333,6.848912076311538
published,lhs095,lhs,24777.512299039514,0.038212783722702266,0.9455503233611419,0.8409209688104053,40,100,optimal,86.5918351368471,40,14,7.785714285714286,optimal,68.16303361238617,40,14,7.785714285714286,optimal,20.678939416140416,7,3,3.3333333333333335,0.030017743045081,0.0640270900528647,identical,,0.0,0.0,0.0,1.0,0,0,0,0,0,0,0.0,0.0,0.0,changed,served_and_memory,317.24925015082226,53.212508932539436,105.74975005027409,0.175,33,0,-33,-11,0,3,0.0,69.0,5.984079054005818
published,lhs095,lhs,24777.512299039514,0.038212783722702266,0.9455503233611419,0.8409209688104053,30,100,optimal,73.06144027069304,30,11,7.181818181818182,optimal,59.21438641958049,28,9,5.888888888888889,optimal,20.678939416140416,7,3,3.3333333333333335,0.03319923187926317,0.0640270900528647,changed,served_and_memory,0.02326285719229304,3.119177977628354,0.0025847619102547822,0.5675675675675675,9,7,-2,-2,0,1,0.0,3.5714285714285716,0.1350788879968034,changed,served_and_memory,212.91808304279644,39.68211406638538,70.97269434759882,0.23333333333333334,23,0,-23,-8,0,3,0.0,64.66666666666667,4.750146439878756
published,lhs095,lhs,24777.512299039514,0.038212783722702266,0.9455503233611419,0.8409209688104053,20,100,optimal,60.29216497944365,20,9,7.444444444444445,optimal,51.253382349936714,18,7,5.428571428571429,optimal,20.678939416140416,7,3,3.3333333333333335,0.03319923187926317,0.0640270900528647,changed,served_and_memory,2.2573512861372365,1.2086799456468427,0.3224787551624623,0.46153846153846156,8,6,-2,-2,0,3,0.0,5.0,0.1891104431955247,changed,served_and_memory,180.2939152884503,26.912838775135988,60.09797176281677,0.35,13,0,-13,-6,0,2,0.0,48.666666666666664,3.954431759504285
published,lhs095,lhs,24777.512299039514,0.038212783722702266,0.9455503233611419,0.8409209688104053,15,100,optimal,49.026921556132166,15,6,5.666666666666667,optimal,42.68495170646397,15,5,4.0,optimal,20.678939416140416,7,3,3.3333333333333335,0.0640270900528647,0.10242506457263026,changed,routing,0.4309229174526905,1.1646959875152447,0.0861845834905381,0.36363636363636365,7,7,0,-1,1,1,-0.75,18.25,0.49514010678792075,changed,served_and_memory,64.49322031805278,15.647595351824506,21.49774010601759,0.2222222222222222,11,3,-8,-3,0,2,0.0,60.5,3.6260241841550065
published,lhs095,lhs,24777.512299039514,0.038212783722702266,0.9455503233611419,0.8409209688104053,10,100,optimal,39.242294288168246,10,5,4.2,optimal,34.497920060944566,10,5,4.2,optimal,20.678939416140416,7,3,3.3333333333333335,0.0005623413251903491,0.08153869645085443,tie,,-7.105427357601002e-15,-7.105427357601002e-15,-1.4210854715202005e-15,1.0,0,0,0,0,0,2,0.0,0.0,1.1102230246251565e-16,changed,routing,37.02625183651706,5.862968083860586,12.342083945505687,0.4166666666666667,5,2,-3,-2,1,1,0.6666666666666666,16.0,4.798196592325018
published,lhs095,lhs,24777.512299039514,0.038212783722702266,0.9455503233611419,0.8409209688104053,6,100,optimal,26.447713756526454,6,3,3.0,optimal,24.51926315606036,6,3,3.0,optimal,17.515406255919864,4,2,3.0,0.0036869450645195738,0.23713737056616555,identical,,0.0,0.0,0.0,1.0,0,0,0,0,0,0,0.0,0.0,0.0,changed,routing,2.2536163797536553,3.1249510298834338,1.1268081898768276,0.42857142857142855,3,1,-2,-1,1,0,0.5,0.0,2.799593247106068
published,lhs096,lhs,1317.131750378671,0.0021325935074799976,0.9307205379375051,0.6687591291254332,1000000,100,optimal,13.20537124218755,4,2,3.0,optimal,11.464121845009586,4,2,3.0,optimal,7.398014771464389,4,2,3.0,0.46415888336127825,0.5356805395261334,identical,,0.0,0.0,0.0,1.0,0,0,0,0,0,0,0.0,0.0,0.0,identical,,0.0,0.0,0.0,1.0,0,0,0,0,0,0,0.0,0.0,0.0
published,lhs096,lhs,1317.131750378671,0.0021325935074799976,0.9307205379375051,0.6687591291254332,40,100,optimal,13.20537124218755,4,2,3.0,optimal,11.464121845009586,4,2,3.0,optimal,7.398014771464389,4,2,3.0,0.46415888336127825,0.5356805395261334,identical,,0.0,0.0,0.0,1.0,0,0,0,0,0,0,0.0,0.0,0.0,identical,,0.0,0.0,0.0,1.0,0,0,0,0,0,0,0.0,0.0,0.0
published,lhs096,lhs,1317.131750378671,0.0021325935074799976,0.9307205379375051,0.6687591291254332,30,100,optimal,13.20537124218755,4,2,3.0,optimal,11.464121845009586,4,2,3.0,optimal,7.398014771464389,4,2,3.0,0.46415888336127825,0.5356805395261334,identical,,0.0,0.0,0.0,1.0,0,0,0,0,0,0,0.0,0.0,0.0,identical,,0.0,0.0,0.0,1.0,0,0,0,0,0,0,0.0,0.0,0.0
published,lhs096,lhs,1317.131750378671,0.0021325935074799976,0.9307205379375051,0.6687591291254332,20,100,optimal,13.20537124218755,4,2,3.0,optimal,11.464121845009586,4,2,3.0,optimal,7.398014771464389,4,2,3.0,0.46415888336127825,0.5356805395261334,identical,,0.0,0.0,0.0,1.0,0,0,0,0,0,0,0.0,0.0,0.0,identical,,0.0,0.0,0.0,1.0,0,0,0,0,0,0,0.0,0.0,0.0
published,lhs096,lhs,1317.131750378671,0.0021325935074799976,0.9307205379375051,0.6687591291254332,15,100,optimal,13.20537124218755,4,2,3.0,optimal,11.464121845009586,4,2,3.0,optimal,7.398014771464389,4,2,3.0,0.46415888336127825,0.5356805395261334,identical,,0.0,0.0,0.0,1.0,0,0,0,0,0,0,0.0,0.0,0.0,identical,,0.0,0.0,0.0,1.0,0,0,0,0,0,0,0.0,0.0,0.0
published,lhs096,lhs,1317.131750378671,0.0021325935074799976,0.9307205379375051,0.6687591291254332,10,100,optimal,13.20537124218755,4,2,3.0,optimal,11.464121845009586,4,2,3.0,optimal,7.398014771464389,4,2,3.0,0.46415888336127825,0.5356805395261334,identical,,0.0,0.0,0.0,1.0,0,0,0,0,0,0,0.0,0.0,0.0,identical,,0.0,0.0,0.0,1.0,0,0,0,0,0,0,0.0,0.0,0.0
published,lhs096,lhs,1317.131750378671,0.0021325935074799976,0.9307205379375051,0.6687591291254332,6,100,optimal,13.20537124218755,4,2,3.0,optimal,11.464121845009586,4,2,3.0,optimal,7.398014771464389,4,2,3.0,0.46415888336127825,0.5356805395261334,identical,,0.0,0.0,0.0,1.0,0,0,0,0,0,0,0.0,0.0,0.0,identical,,0.0,0.0,0.0,1.0,0,0,0,0,0,0,0.0,0.0,0.0
published,lhs097,lhs,1626.1856568899925,0.0012218140295720047,0.9721924879269769,0.7027091036710075,1000000,100,optimal,0.0,0,0,,optimal,0.0,0,0,,optimal,0.0,0,0,,,,identical,,0.0,0.0,0.0,1.0,0,0,0,0,0,0,,,,identical,,0.0,0.0,0.0,1.0,0,0,0,0,0,0,,,
published,lhs097,lhs,1626.1856568899925,0.0012218140295720047,0.9721924879269769,0.7027091036710075,40,100,optimal,0.0,0,0,,optimal,0.0,0,0,,optimal,0.0,0,0,,,,identical,,0.0,0.0,0.0,1.0,0,0,0,0,0,0,,,,identical,,0.0,0.0,0.0,1.0,0,0,0,0,0,0,,,
published,lhs097,lhs,1626.1856568899925,0.0012218140295720047,0.9721924879269769,0.7027091036710075,30,100,optimal,0.0,0,0,,optimal,0.0,0,0,,optimal,0.0,0,0,,,,identical,,0.0,0.0,0.0,1.0,0,0,0,0,0,0,,,,identical,,0.0,0.0,0.0,1.0,0,0,0,0,0,0,,,
published,lhs097,lhs,1626.1856568899925,0.0012218140295720047,0.9721924879269769,0.7027091036710075,20,100,optimal,0.0,0,0,,optimal,0.0,0,0,,optimal,0.0,0,0,,,,identical,,0.0,0.0,0.0,1.0,0,0,0,0,0,0,,,,identical,,0.0,0.0,0.0,1.0,0,0,0,0,0,0,,,
published,lhs097,lhs,1626.1856568899925,0.0012218140295720047,0.9721924879269769,0.7027091036710075,15,100,optimal,0.0,0,0,,optimal,0.0,0,0,,optimal,0.0,0,0,,,,identical,,0.0,0.0,0.0,1.0,0,0,0,0,0,0,,,,identical,,0.0,0.0,0.0,1.0,0,0,0,0,0,0,,,
published,lhs097,lhs,1626.1856568899925,0.0012218140295720047,0.9721924879269769,0.7027091036710075,10,100,optimal,0.0,0,0,,optimal,0.0,0,0,,optimal,0.0,0,0,,,,identical,,0.0,0.0,0.0,1.0,0,0,0,0,0,0,,,,identical,,0.0,0.0,0.0,1.0,0,0,0,0,0,0,,,
published,lhs097,lhs,1626.1856568899925,0.0012218140295720047,0.9721924879269769,0.7027091036710075,6,100,optimal,0.0,0,0,,optimal,0.0,0,0,,optimal,0.0,0,0,,,,identical,,0.0,0.0,0.0,1.0,0,0,0,0,0,0,,,,identical,,0.0,0.0,0.0,1.0,0,0,0,0,0,0,,,
published,lhs098,lhs,3581.155781023734,0.004615026409169627,0.969350717650356,0.7582958212381425,1000000,100,optimal,36.689698556124945,20,6,4.333333333333333,optimal,30.221326717072117,20,6,4.333333333333333,optimal,12.082408615771463,7,3,3.3333333333333335,0.050276352689897476,0.12431716560097561,tie,,-3.552713678800501e-15,7.105427357601002e-15,-5.921189464667501e-16,1.0,0,0,0,0,0,4,0.0,0.0,9.251858538542972e-17,changed,served_and_memory,40.30646711125324,11.906903152186231,13.435489037084414,0.35,13,0,-13,-3,0,2,0.0,40.333333333333336,2.4173494561033375
published,lhs098,lhs,3581.155781023734,0.004615026409169627,0.969350717650356,0.7582958212381425,40,100,optimal,36.689698556124945,20,6,4.333333333333333,optimal,30.221326717072117,20,6,4.333333333333333,optimal,12.082408615771463,7,3,3.3333333333333335,0.050276352689897476,0.12431716560097561,tie,,-3.552713678800501e-15,7.105427357601002e-15,-5.921189464667501e-16,1.0,0,0,0,0,0,4,0.0,0.0,9.251858538542972e-17,changed,served_and_memory,40.30646711125324,11.906903152186231,13.435489037084414,0.35,13,0,-13,-3,0,2,0.0,40.333333333333336,2.4173494561033375
published,lhs098,lhs,3581.155781023734,0.004615026409169627,0.969350717650356,0.7582958212381425,30,100,optimal,36.689698556124945,20,6,4.333333333333333,optimal,30.221326717072117,20,6,4.333333333333333,optimal,12.082408615771463,7,3,3.3333333333333335,0.050276352689897476,0.12431716560097561,tie,,-3.552713678800501e-15,7.105427357601002e-15,-5.921189464667501e-16,1.0,0,0,0,0,0,4,0.0,0.0,9.251858538542972e-17,changed,served_and_memory,40.30646711125324,11.906903152186231,13.435489037084414,0.35,13,0,-13,-3,0,2,0.0,40.333333333333336,2.4173494561033375
published,lhs098,lhs,3581.155781023734,0.004615026409169627,0.969350717650356,0.7582958212381425,20,100,optimal,36.689698556124945,20,6,4.333333333333333,optimal,30.221326717072117,20,6,4.333333333333333,optimal,12.082408615771463,7,3,3.3333333333333335,0.050276352689897476,0.12431716560097561,tie,,-3.552713678800501e-15,7.105427357601002e-15,-5.921189464667501e-16,1.0,0,0,0,0,0,4,0.0,0.0,9.251858538542972e-17,changed,served_and_memory,40.30646711125324,11.906903152186231,13.435489037084414,0.35,13,0,-13,-3,0,2,0.0,40.333333333333336,2.4173494561033375
published,lhs098,lhs,3581.155781023734,0.004615026409169627,0.969350717650356,0.7582958212381425,15,100,optimal,33.37043192037793,15,5,4.0,optimal,28.193158058224974,15,5,4.0,optimal,12.082408615771463,7,3,3.3333333333333335,0.050276352689897476,0.23713737056616555,identical,,0.0,0.0,0.0,1.0,0,0,0,0,0,0,0.0,0.0,0.0,changed,served_and_memory,24.916385850277614,8.587636516439218,8.305461950092537,0.4666666666666667,8,0,-8,-2,0,1,0.0,16.0,0.7568017534231467
published,lhs098,lhs,3581.155781023734,0.004615026409169627,0.969350717650356,0.7582958212381425,10,100,optimal,24.782795403938714,7,3,3.3333333333333335,optimal,21.984336090021543,7,3,3.3333333333333335,optimal,12.082408615771463,7,3,3.3333333333333335,0.23713737056616555,0.46415888336127825,identical,,0.0,0.0,0.0,1.0,0,0,0,0,0,0,0.0,0.0,0.0,identical,,0.0,0.0,0.0,1.0,0,0,0,0,0,0,0.0,0.0,0.0
published,lhs098,lhs,3581.155781023734,0.004615026409169627,0.969350717650356,0.7582958212381425,6,100,optimal,17.913909570307478,6,3,3.0,optimal,15.985458969841382,6,3,3.0,optimal,11.821073464191834,4,2,3.0,0.0036869450645195738,0.23713737056616555,identical,,0.0,0.0,0.0,1.0,0,0,0,0,0,0,0.0,0.0,0.0,changed,routing,5.093087774244601,0.285479635392484,2.5465438871223003,0.42857142857142855,3,1,-2,-1,1,0,0.5,0.0,2.724988523472664
published,lhs099,lhs,24924.190725968423,0.02917164500529805,0.9878509772098307,0.7445857896370514,1000000,100,optimal,95.98021427409525,55,17,8.823529411764707,optimal,75.14051229184379,55,14,7.214285714285714,optimal,20.87517871553963,7,3,3.3333333333333335,0.0221885046944556,0.050276352689897476,changed,served_and_memory,2.313735145900992,2.5222878179994694,0.16526679613578515,1.0,0,0,0,-3,0,2,0.0,1.8571428571428572,0.13536179715798066,changed,served_and_memory,522.719331498993,62.40464877038837,174.239777166331,0.12727272727272726,48,0,-48,-14,0,3,0.0,73.33333333333333,6.875877888106969
published,lhs099,lhs,24924.190725968423,0.02917164500529805,0.9878509772098307,0.7445857896370514,40,100,optimal,91.48007273443469,40,15,8.4,optimal,72.76617022650876,40,14,7.785714285714286,optimal,20.87517871553963,7,3,3.3333333333333335,0.030017743045081,0.0640270900528647,changed,served_and_memory,1.4168277738055934,0.2851009834650142,0.10120198384325667,1.0,0,0,0,-1,0,3,0.0,0.9285714285714286,0.06768089857899028,changed,served_and_memory,397.34838954001145,57.90450723072781,132.44946318000382,0.175,33,0,-33,-12,0,3,0.0,77.33333333333333,6.848912076311538
published,lhs099,lhs,24924.190725968423,0.02917164500529805,0.9878509772098307,0.7445857896370514,30,100,optimal,78.02969918158257,30,13,8.538461538461538,optimal,62.65510393621741,30,11,7.181818181818182,optimal,20.87517871553963,7,3,3.3333333333333335,0.03319923187926317,0.0640270900528647,changed,served_and_memory,1.832024435540525,1.5042785370603298,0.16654767595822956,1.0,0,0,0,-2,0,3,0.0,3.5454545454545454,0.2584179763925084,changed,served_and_memory,368.06738095252734,44.454133677875696,122.68912698417579,0.23333333333333334,23,0,-23,-10,0,3,0.0,64.66666666666667,4.750146439878756
published,lhs099,lhs,24924.190725968423,0.02917164500529805,0.9878509772098307,0.7445857896370514,20,100,optimal,65.08176811212289,20,11,9.0,optimal,52.28135565941838,20,9,7.444444444444445,optimal,20.87517871553963,7,3,3.3333333333333335,0.03319923187926317,0.0640270900528647,changed,served_and_memory,1.832024435540525,1.5042785370603298,0.2035582706156139,1.0,0,0,0,-2,0,3,0.0,4.333333333333333,0.3158441933686214,changed,served_and_memory,335.6218689763916,31.50620260841601,111.87395632546388,0.35,13,0,-13,-8,0,2,0.0,48.666666666666664,3.954431759504285
published,lhs099,lhs,24924.190725968423,0.02917164500529805,0.9878509772098307,0.7445857896370514,15,100,optimal,49.60409192506824,15,6,5.666666666666667,optimal,42.97007781657731,15,5,4.0,optimal,20.87517871553963,7,3,3.3333333333333335,0.0640270900528647,0.11928809295587964,changed,routing,0.13887865862995596,1.456740246337958,0.027775731725991192,0.36363636363636365,7,7,0,-1,1,3,-0.75,12.0,0.39040115567756206,changed,served_and_memory,62.48170830241874,16.028526421361363,20.827236100806246,0.2222222222222222,11,3,-8,-3,0,2,0.0,60.5,3.5909277864283853
published,lhs099,lhs,24924.190725968423,0.02917164500529805,0.9878509772098307,0.7445857896370514,10,100,optimal,39.65958397793954,10,5,4.2,optimal,34.91520975071586,10,5,4.2,optimal,20.87517871553963,7,3,3.3333333333333335,0.0005623413251903491,0.15703748946090484,tie,,0.0,0.0,0.0,1.0,0,0,0,0,0,2,0.0,0.0,-8.881784197001253e-17,changed,routing,32.34868400291253,6.084018474232664,10.782894667637509,0.4166666666666667,5,2,-3,-2,1,1,0.6666666666666666,24.333333333333332,5.522610591360505
published,lhs099,lhs,24924.190725968423,0.02917164500529805,0.9878509772098307,0.7445857896370514,6,100,optimal,26.673542445377926,6,3,3.0,optimal,24.745091844911833,6,3,3.0,optimal,17.659405855518948,4,2,3.0,0.0036869450645195738,0.23713737056616555,identical,,0.0,0.0,0.0,1.0,0,0,0,0,0,0,0.0,0.0,0.0,changed,routing,2.171787290501264,3.2067801191358214,1.085893645250632,0.42857142857142855,3,1,-2,-1,1,0,0.5,0.0,2.711827178516703
published,lhs100,lhs,10311.421582373438,0.003715396471773406,0.9796383390766918,0.911188670982527,1000000,100,optimal,38.469181954276664,11,4,3.75,optimal,34.48173382901849,11,4,3.75,optimal,18.842443870023825,7,3,3.3333333333333335,0.08153869645085443,0.27644125616273973,tie,,0.0,0.0,0.0,1.0,0,0,0,0,0,2,0.0,0.0,1.3877787807814457e-16,changed,served_and_memory,9.147746053657134,6.926351296085592,3.049248684552378,0.6363636363636364,4,0,-4,-1,0,1,0.0,16.0,0.7568017534231468
published,lhs100,lhs,10311.421582373438,0.003715396471773406,0.9796383390766918,0.911188670982527,40,100,optimal,38.469181954276664,11,4,3.75,optimal,34.48173382901849,11,4,3.75,optimal,18.842443870023825,7,3,3.3333333333333335,0.08153869645085443,0.27644125616273973,tie,,0.0,0.0,0.0,1.0,0,0,0,0,0,2,0.0,0.0,1.3877787807814457e-16,changed,served_and_memory,9.147746053657134,6.926351296085592,3.049248684552378,0.6363636363636364,4,0,-4,-1,0,1,0.0,16.0,0.7568017534231468
published,lhs100,lhs,10311.421582373438,0.003715396471773406,0.9796383390766918,0.911188670982527,30,100,optimal,38.469181954276664,11,4,3.75,optimal,34.48173382901849,11,4,3.75,optimal,18.842443870023825,7,3,3.3333333333333335,0.08153869645085443,0.27644125616273973,tie,,0.0,0.0,0.0,1.0,0,0,0,0,0,2,0.0,0.0,1.3877787807814457e-16,changed,served_and_memory,9.147746053657134,6.926351296085592,3.049248684552378,0.6363636363636364,4,0,-4,-1,0,1,0.0,16.0,0.7568017534231468
published,lhs100,lhs,10311.421582373438,0.003715396471773406,0.9796383390766918,0.911188670982527,20,100,optimal,38.469181954276664,11,4,3.75,optimal,34.48173382901849,11,4,3.75,optimal,18.842443870023825,7,3,3.3333333333333335,0.08153869645085443,0.27644125616273973,tie,,0.0,0.0,0.0,1.0,0,0,0,0,0,2,0.0,0.0,1.3877787807814457e-16,changed,served_and_memory,9.147746053657134,6.926351296085592,3.049248684552378,0.6363636363636364,4,0,-4,-1,0,1,0.0,16.0,0.7568017534231468
published,lhs100,lhs,10311.421582373438,0.003715396471773406,0.9796383390766918,0.911188670982527,15,100,optimal,38.469181954276664,11,4,3.75,optimal,34.48173382901849,11,4,3.75,optimal,18.842443870023825,7,3,3.3333333333333335,0.08153869645085443,0.27644125616273973,tie,,0.0,0.0,0.0,1.0,0,0,0,0,0,2,0.0,0.0,1.3877787807814457e-16,changed,served_and_memory,9.147746053657134,6.926351296085592,3.049248684552378,0.6363636363636364,4,0,-4,-1,0,1,0.0,16.0,0.7568017534231468
published,lhs100,lhs,10311.421582373438,0.003715396471773406,0.9796383390766918,0.911188670982527,10,100,optimal,31.542830658191072,7,3,3.3333333333333335,optimal,28.7443713442739,7,3,3.3333333333333335,optimal,18.842443870023825,7,3,3.3333333333333335,0.23713737056616555,0.46415888336127825,identical,,0.0,0.0,0.0,1.0,0,0,0,0,0,0,0.0,0.0,0.0,identical,,0.0,0.0,0.0,1.0,0,0,0,0,0,0,0.0,0.0,0.0
published,lhs100,lhs,10311.421582373438,0.003715396471773406,0.9796383390766918,0.911188670982527,6,100,optimal,24.37516734140079,6,3,3.0,optimal,22.446716740934697,6,3,3.0,optimal,16.127591530230735,4,2,3.0,0.0036869450645195738,0.23713737056616555,identical,,0.0,0.0,0.0,1.0,0,0,0,0,0,0,0.0,0.0,0.0,changed,routing,2.938348069190191,2.4402193404468946,1.4691740345950954,0.42857142857142855,3,1,-2,-1,1,0,0.5,0.0,2.857483042052783
published,lhs101,lhs,53943.97200140334,0.0021041785073630343,0.9405047218639383,0.6848811923635418,1000000,100,optimal,24.27402651079782,4,2,3.0,optimal,22.532777113619858,4,2,3.0,optimal,18.46667004007466,4,2,3.0,0.46415888336127825,0.5356805395261334,identical,,0.0,0.0,0.0,1.0,0,0,0,0,0,0,0.0,0.0,0.0,identical,,0.0,0.0,0.0,1.0,0,0,0,0,0,0,0.0,0.0,0.0
published,lhs101,lhs,53943.97200140334,0.0021041785073630343,0.9405047218639383,0.6848811923635418,40,100,optimal,24.27402651079782,4,2,3.0,optimal,22.532777113619858,4,2,3.0,optimal,18.46667004007466,4,2,3.0,0.46415888336127825,0.5356805395261334,identical,,0.0,0.0,0.0,1.0,0,0,0,0,0,0,0.0,0.0,0.0,identical,,0.0,0.0,0.0,1.0,0,0,0,0,0,0,0.0,0.0,0.0
published,lhs101,lhs,53943.97200140334,0.0021041785073630343,0.9405047218639383,0.6848811923635418,30,100,optimal,24.27402651079782,4,2,3.0,optimal,22.532777113619858,4,2,3.0,optimal,18.46667004007466,4,2,3.0,0.46415888336127825,0.5356805395261334,identical,,0.0,0.0,0.0,1.0,0,0,0,0,0,0,0.0,0.0,0.0,identical,,0.0,0.0,0.0,1.0,0,0,0,0,0,0,0.0,0.0,0.0
published,lhs101,lhs,53943.97200140334,0.0021041785073630343,0.9405047218639383,0.6848811923635418,20,100,optimal,24.27402651079782,4,2,3.0,optimal,22.532777113619858,4,2,3.0,optimal,18.46667004007466,4,2,3.0,0.46415888336127825,0.5356805395261334,identical,,0.0,0.0,0.0,1.0,0,0,0,0,0,0,0.0,0.0,0.0,identical,,0.0,0.0,0.0,1.0,0,0,0,0,0,0,0.0,0.0,0.0
published,lhs101,lhs,53943.97200140334,0.0021041785073630343,0.9405047218639383,0.6848811923635418,15,100,optimal,24.27402651079782,4,2,3.0,optimal,22.532777113619858,4,2,3.0,optimal,18.46667004007466,4,2,3.0,0.46415888336127825,0.5356805395261334,identical,,0.0,0.0,0.0,1.0,0,0,0,0,0,0,0.0,0.0,0.0,identical,,0.0,0.0,0.0,1.0,0,0,0,0,0,0,0.0,0.0,0.0
published,lhs101,lhs,53943.97200140334,0.0021041785073630343,0.9405047218639383,0.6848811923635418,10,100,optimal,24.27402651079782,4,2,3.0,optimal,22.532777113619858,4,2,3.0,optimal,18.46667004007466,4,2,3.0,0.46415888336127825,0.5356805395261334,identical,,0.0,0.0,0.0,1.0,0,0,0,0,0,0,0.0,0.0,0.0,identical,,0.0,0.0,0.0,1.0,0,0,0,0,0,0,0.0,0.0,0.0
published,lhs101,lhs,53943.97200140334,0.0021041785073630343,0.9405047218639383,0.6848811923635418,6,100,optimal,24.27402651079782,4,2,3.0,optimal,22.532777113619858,4,2,3.0,optimal,18.46667004007466,4,2,3.0,0.46415888336127825,0.5356805395261334,identical,,0.0,0.0,0.0,1.0,0,0,0,0,0,0,0.0,0.0,0.0,identical,,0.0,0.0,0.0,1.0,0,0,0,0,0,0,0.0,0.0,0.0
published,lhs102,lhs,12936.603363389093,0.027514894117231466,0.9202551571516989,0.900613273738419,1000000,100,optimal,68.68282094581468,53,11,5.818181818181818,optimal,55.1452734748586,53,11,5.818181818181818,optimal,17.567366318757298,7,3,3.3333333333333335,0.03319923187926317,0.0640270900528647,tie,,-7.105427357601002e-15,0.0,-6.459479416000911e-16,1.0,0,0,0,0,0,6,0.0,0.0,-1.0092936587501423e-17,changed,served_and_memory,156.54970163471708,38.41506783889014,52.18323387823903,0.1320754716981132,46,0,-46,-8,0,3,0.0,73.0,5.614979462184476
published,lhs102,lhs,12936.603363389093,0.027514894117231466,0.9202551571516989,0.900613273738419,40,100,optimal,61.81376014503623,38,10,6.1,optimal,50.789831116021425,39,9,5.333333333333333,optimal,17.567366318757298,7,3,3.3333333333333335,0.04279211619645008,0.09897609782820413,changed,routing,1.0612684474807281,0.3686857638795402,0.11791871638674757,0.6041666666666666,9,10,1,-1,2,2,-0.5555555555555556,0.0,-0.022560849280461388,changed,served_and_memory,132.97889594567675,31.546007038111682,44.32629864855892,0.18421052631578946,31,0,-31,-7,0,3,0.0,73.0,5.614979462184476
published,lhs102,lhs,12936.603363389093,0.027514894117231466,0.9202551571516989,0.900613273738419,30,100,optimal,55.54671506286394,29,8,5.375,optimal,46.29293463743605,29,8,5.375,optimal,17.567366318757298,7,3,3.3333333333333335,0.06044547074134525,0.09264616841461812,tie,,1.4210854715202004e-14,0.0,1.7763568394002505e-15,1.0,0,0,0,0,0,4,0.0,0.0,0.0,changed,served_and_memory,84.10640624903262,25.278961955939394,28.035468749677538,0.2413793103448276,22,0,-22,-5,0,3,0.0,56.333333333333336,3.568997271169182
published,lhs102,lhs,12936.603363389093,0.027514894117231466,0.9202551571516989,0.900613273738419,20,100,optimal,49.172776997465135,18,7,5.428571428571429,optimal,41.342674313605045,18,7,5.428571428571429,optimal,17.567366318757298,7,3,3.3333333333333335,0.0640270900528647,0.15703748946090484,tie,,7.105427357601002e-15,1.4210854715202004e-14,1.0150610510858574e-15,1.0,0,0,0,0,0,4,0.0,0.0,3.172065784643304e-17,changed,served_and_memory,66.4982411506836,18.90502389054059,22.166080383561198,0.3888888888888889,11,0,-11,-4,0,2,0.0,40.333333333333336,2.3939518576189234
published,lhs102,lhs,12936.603363389093,0.027514894117231466,0.9202551571516989,0.900613273738419,15,100,optimal,42.5162650717291,15,5,4.0,optimal,37.33899120957614,15,5,4.0,optimal,17.567366318757298,7,3,3.3333333333333335,0.050276352689897476,0.16394459283656687,tie,,0.0,7.105427357601002e-15,0.0,1.0,0,0,0,0,0,2,0.0,0.0,-1.554312234475219e-16,changed,served_and_memory,19.319339842651452,12.248511964804557,6.439779947550484,0.4666666666666667,8,0,-8,-2,0,1,0.0,24.333333333333332,1.5982371772444528
published,lhs102,lhs,12936.603363389093,0.027514894117231466,0.9202551571516989,0.900613273738419,10,100,optimal,33.26758035686558,10,5,4.2,optimal,28.523206129641906,10,5,4.2,optimal,17.567366318757298,7,3,3.3333333333333335,0.0005623413251903491,0.08153869645085443,tie,,0.0,0.0,0.0,1.0,0,0,0,0,0,2,0.0,0.0,1.3322676295501878e-16,changed,routing,39.88939267043661,2.999827249941035,13.29646422347887,0.4166666666666667,5,2,-3,-2,1,1,0.6666666666666666,16.0,4.864154939772166
published,lhs102,lhs,12936.603363389093,0.027514894117231466,0.9202551571516989,0.900613273738419,6,100,optimal,23.345864740729496,6,3,3.0,optimal,21.417414140263404,6,3,3.0,optimal,15.460956478662286,4,2,3.0,0.0036869450645195738,0.23713737056616555,identical,,0.0,0.0,0.0,1.0,0,0,0,0,0,0,0.0,0.0,0.0,changed,routing,3.301015618293036,2.0775517913440495,1.650507809146518,0.42857142857142855,3,1,-2,-1,1,0,0.5,0.0,2.849062007691429
published,lhs103,lhs,18467.71015301946,0.015251636922755019,0.926967118940617,0.7123432346983811,1000000,100,optimal,59.57383582883902,53,11,5.818181818181818,optimal,46.03628835788293,53,11,5.818181818181818,optimal,17.01735140719329,7,3,3.3333333333333335,0.03319923187926317,0.0640270900528647,tie,,0.0,0.0,0.0,1.0,0,0,0,0,0,6,0.0,0.0,-6.055761952500853e-17,changed,served_and_memory,166.058291325318,29.856097633478484,55.352763775106006,0.1320754716981132,46,0,-46,-8,0,3,0.0,73.0,5.6149794621844755
published,lhs103,lhs,18467.71015301946,0.015251636922755019,0.926967118940617,0.7123432346983811,40,100,optimal,54.95529427440441,39,9,5.333333333333333,optimal,44.30005100926914,39,9,5.333333333333333,optimal,17.01735140719329,7,3,3.3333333333333335,0.05387208250415978,0.09682853110646922,tie,,-7.105427357601002e-15,0.0,-7.894919286223335e-16,1.0,0,0,0,0,0,2,0.0,0.0,-1.2335811384723961e-17,changed,served_and_memory,102.96280560241468,25.23755607904387,34.32093520080489,0.1794871794871795,32,0,-32,-6,0,3,0.0,73.0,5.6149794621844755
published,lhs103,lhs,18467.71015301946,0.015251636922755019,0.926967118940617,0.7123432346983811,30,100,optimal,49.81330007884588,27,8,5.25,optimal,40.82897326478524,26,7,4.714285714285714,optimal,17.01735140719329,7,3,3.3333333333333335,0.050276352689897476,0.10242506457263026,changed,routing,0.17940767678725678,1.1428242246669882,0.025629668112465254,0.6060606060606061,7,6,-1,-1,1,5,-0.2857142857142857,6.857142857142857,0.2317514319343377,changed,served_and_memory,85.95802464242159,20.09556188348534,28.652674880807197,0.25925925925925924,20,0,-20,-5,0,3,0.0,56.333333333333336,3.568997271169182
published,lhs103,lhs,18467.71015301946,0.015251636922755019,0.926967118940617,0.7123432346983811,20,100,optimal,44.754710319712636,20,6,4.333333333333333,optimal,38.286338480659815,20,6,4.333333333333333,optimal,17.01735140719329,7,3,3.3333333333333335,0.050276352689897476,0.16049104114873586,tie,,-7.105427357601002e-15,-7.105427357601002e-15,-1.1842378929335002e-15,1.0,0,0,0,0,0,2,0.0,0.0,-1.1102230246251565e-16,changed,served_and_memory,38.066164076961805,15.036972124352097,12.688721358987268,0.35,13,0,-13,-3,0,2,0.0,40.333333333333336,2.3939518576189234
published,lhs103,lhs,18467.71015301946,0.015251636922755019,0.926967118940617,0.7123432346983811,15,100,optimal,40.6214366189142,15,5,4.0,optimal,35.44416275676124,15,5,4.0,optimal,17.01735140719329,7,3,3.3333333333333335,0.050276352689897476,0.16394459283656687,tie,,0.0,0.0,0.0,1.0,0,0,0,0,0,2,0.0,0.0,-2.2204460492503132e-17,changed,served_and_memory,20.66415338390234,10.903698423553664,6.888051127967447,0.4666666666666667,8,0,-8,-2,0,1,0.0,24.333333333333332,1.5982371772444528
published,lhs103,lhs,18467.71015301946,0.015251636922755019,0.926967118940617,0.7123432346983811,10,100,optimal,31.34330223184397,10,5,4.2,optimal,26.919278881443365,7,3,3.3333333333333335,optimal,17.01735140719329,7,3,3.3333333333333335,0.0005623413251903491,0.15703748946090484,changed,routing,0.3203508768230776,1.625564036483432,0.10678362560769254,0.4166666666666667,5,2,-3,-2,1,1,0.6666666666666666,24.333333333333332,3.0526987360526694,changed,routing,36.80713844066176,1.625564036483432,12.269046146887254,0.4166666666666667,5,2,-3,-2,1,1,0.6666666666666666,24.333333333333332,5.48003357310709
published,lhs103,lhs,18467.71015301946,0.015251636922755019,0.926967118940617,0.7123432346983811,6,100,optimal,23.103300276263532,6,3,3.0,optimal,21.174849675797436,6,3,3.0,optimal,15.294476947740607,4,2,3.0,0.0036869450645195738,0.23713737056616555,identical,,0.0,0.0,0.0,1.0,0,0,0,0,0,0,0.0,0.0,0.0,changed,routing,3.377100551837321,2.001466857799766,1.6885502759186606,0.42857142857142855,3,1,-2,-1,1,0,0.5,0.0,2.679894414826643
published,lhs104,lhs,110685.98741347606,0.0015594888121857038,0.9772263598508742,0.858985613317519,1000000,100,optimal,0.0,0,0,,optimal,0.0,0,0,,optimal,0.0,0,0,,,,identical,,0.0,0.0,0.0,1.0,0,0,0,0,0,0,,,,identical,,0.0,0.0,0.0,1.0,0,0,0,0,0,0,,,
published,lhs104,lhs,110685.98741347606,0.0015594888121857038,0.9772263598508742,0.858985613317519,40,100,optimal,0.0,0,0,,optimal,0.0,0,0,,optimal,0.0,0,0,,,,identical,,0.0,0.0,0.0,1.0,0,0,0,0,0,0,,,,identical,,0.0,0.0,0.0,1.0,0,0,0,0,0,0,,,
published,lhs104,lhs,110685.98741347606,0.0015594888121857038,0.9772263598508742,0.858985613317519,30,100,optimal,0.0,0,0,,optimal,0.0,0,0,,optimal,0.0,0,0,,,,identical,,0.0,0.0,0.0,1.0,0,0,0,0,0,0,,,,identical,,0.0,0.0,0.0,1.0,0,0,0,0,0,0,,,
published,lhs104,lhs,110685.98741347606,0.0015594888121857038,0.9772263598508742,0.858985613317519,20,100,optimal,0.0,0,0,,optimal,0.0,0,0,,optimal,0.0,0,0,,,,identical,,0.0,0.0,0.0,1.0,0,0,0,0,0,0,,,,identical,,0.0,0.0,0.0,1.0,0,0,0,0,0,0,,,
published,lhs104,lhs,110685.98741347606,0.0015594888121857038,0.9772263598508742,0.858985613317519,15,100,optimal,0.0,0,0,,optimal,0.0,0,0,,optimal,0.0,0,0,,,,identical,,0.0,0.0,0.0,1.0,0,0,0,0,0,0,,,,identical,,0.0,0.0,0.0,1.0,0,0,0,0,0,0,,,
published,lhs104,lhs,110685.98741347606,0.0015594888121857038,0.9772263598508742,0.858985613317519,10,100,optimal,0.0,0,0,,optimal,0.0,0,0,,optimal,0.0,0,0,,,,identical,,0.0,0.0,0.0,1.0,0,0,0,0,0,0,,,,identical,,0.0,0.0,0.0,1.0,0,0,0,0,0,0,,,
published,lhs104,lhs,110685.98741347606,0.0015594888121857038,0.9772263598508742,0.858985613317519,6,100,optimal,0.0,0,0,,optimal,0.0,0,0,,optimal,0.0,0,0,,,,identical,,0.0,0.0,0.0,1.0,0,0,0,0,0,0,,,,identical,,0.0,0.0,0.0,1.0,0,0,0,0,0,0,,,
published,lhs105,lhs,1458.5473237762958,0.0016462946886105323,0.955261661917445,0.8421666800097245,1000000,100,optimal,0.0,0,0,,optimal,0.0,0,0,,optimal,0.0,0,0,,,,identical,,0.0,0.0,0.0,1.0,0,0,0,0,0,0,,,,identical,,0.0,0.0,0.0,1.0,0,0,0,0,0,0,,,
published,lhs105,lhs,1458.5473237762958,0.0016462946886105323,0.955261661917445,0.8421666800097245,40,100,optimal,0.0,0,0,,optimal,0.0,0,0,,optimal,0.0,0,0,,,,identical,,0.0,0.0,0.0,1.0,0,0,0,0,0,0,,,,identical,,0.0,0.0,0.0,1.0,0,0,0,0,0,0,,,
published,lhs105,lhs,1458.5473237762958,0.0016462946886105323,0.955261661917445,0.8421666800097245,30,100,optimal,0.0,0,0,,optimal,0.0,0,0,,optimal,0.0,0,0,,,,identical,,0.0,0.0,0.0,1.0,0,0,0,0,0,0,,,,identical,,0.0,0.0,0.0,1.0,0,0,0,0,0,0,,,
published,lhs105,lhs,1458.5473237762958,0.0016462946886105323,0.955261661917445,0.8421666800097245,20,100,optimal,0.0,0,0,,optimal,0.0,0,0,,optimal,0.0,0,0,,,,identical,,0.0,0.0,0.0,1.0,0,0,0,0,0,0,,,,identical,,0.0,0.0,0.0,1.0,0,0,0,0,0,0,,,
published,lhs105,lhs,1458.5473237762958,0.0016462946886105323,0.955261661917445,0.8421666800097245,15,100,optimal,0.0,0,0,,optimal,0.0,0,0,,optimal,0.0,0,0,,,,identical,,0.0,0.0,0.0,1.0,0,0,0,0,0,0,,,,identical,,0.0,0.0,0.0,1.0,0,0,0,0,0,0,,,
published,lhs105,lhs,1458.5473237762958,0.0016462946886105323,0.955261661917445,0.8421666800097245,10,100,optimal,0.0,0,0,,optimal,0.0,0,0,,optimal,0.0,0,0,,,,identical,,0.0,0.0,0.0,1.0,0,0,0,0,0,0,,,,identical,,0.0,0.0,0.0,1.0,0,0,0,0,0,0,,,
published,lhs105,lhs,1458.5473237762958,0.0016462946886105323,0.955261661917445,0.8421666800097245,6,100,optimal,0.0,0,0,,optimal,0.0,0,0,,optimal,0.0,0,0,,,,identical,,0.0,0.0,0.0,1.0,0,0,0,0,0,0,,,,identical,,0.0,0.0,0.0,1.0,0,0,0,0,0,0,,,
published,lhs106,lhs,13834.40073288506,0.035536452173631175,0.9241064518835537,0.9167418933908098,1000000,100,optimal,73.0089931598267,53,11,5.818181818181818,optimal,59.47144568887059,53,11,5.818181818181818,optimal,18.197800273131236,7,3,3.3333333333333335,0.030017743045081,0.08153869645085443,tie,,-7.105427357601002e-15,0.0,-6.459479416000911e-16,1.0,0,0,0,0,0,2,0.0,0.0,0.0,changed,served_and_memory,152.76949788154445,42.110806098528215,50.923165960514815,0.1320754716981132,46,0,-46,-8,0,3,0.0,73.0,5.6149794621844755
published,lhs106,lhs,13834.40073288506,0.035536452173631175,0.9241064518835537,0.9167418933908098,40,100,optimal,66.39929465121283,38,10,6.1,optimal,54.314097174717276,38,10,6.1,optimal,18.197800273131236,7,3,3.3333333333333335,0.04279211619645008,0.07278289325185956,tie,,-7.105427357601002e-15,0.0,-7.105427357601002e-16,1.0,0,0,0,0,0,2,0.0,0.0,3.3306690738754695e-17,changed,served_and_memory,134.44239333613763,35.50110758991434,44.81413111204588,0.18421052631578946,31,0,-31,-7,0,3,0.0,64.66666666666667,4.750146439878756
published,lhs106,lhs,13834.40073288506,0.035536452173631175,0.9241064518835537,0.9167418933908098,30,100,optimal,58.358066248579114,29,8,5.375,optimal,49.104285823151216,29,8,5.375,optimal,18.197800273131236,7,3,3.3333333333333335,0.06044547074134525,0.11353253653639395,identical,,0.0,0.0,0.0,1.0,0,0,0,0,0,0,0.0,0.0,0.0,changed,served_and_memory,79.98931845843056,27.45987918728063,26.663106152810187,0.2413793103448276,22,0,-22,-5,0,3,0.0,64.66666666666667,4.4104326949904875
published,lhs106,lhs,13834.40073288506,0.035536452173631175,0.9241064518835537,0.9167418933908098,20,100,optimal,52.084723478013565,18,7,5.428571428571429,optimal,44.25462079415347,18,7,5.428571428571429,optimal,18.197800273131236,7,3,3.3333333333333335,0.0640270900528647,0.12331143269440609,tie,,0.0,0.0,0.0,1.0,0,0,0,0,0,4,0.0,0.0,9.516197353929913e-17,changed,served_and_memory,65.8473095706063,21.186536416715082,21.9491031902021,0.3888888888888889,11,0,-11,-4,0,2,0.0,40.333333333333336,2.4173494561033375
published,lhs106,lhs,13834.40073288506,0.035536452173631175,0.9241064518835537,0.9167418933908098,15,100,optimal,43.740359799791676,15,5,4.0,optimal,38.56308593763871,15,5,4.0,optimal,18.197800273131236,7,3,3.3333333333333335,0.050276352689897476,0.16394459283656687,tie,,-7.105427357601002e-15,7.105427357601002e-15,-1.4210854715202005e-15,1.0,0,0,0,0,0,2,0.0,0.0,-1.554312234475219e-16,changed,served_and_memory,18.72567906896282,12.842172738493193,6.241893022987607,0.4666666666666667,8,0,-8,-2,0,1,0.0,24.333333333333332,1.5982371772444528
published,lhs106,lhs,13834.40073288506,0.035536452173631175,0.9241064518835537,0.9167418933908098,10,100,optimal,34.712474317350214,10,5,4.2,optimal,29.968100090126534,10,5,4.2,optimal,18.197800273131236,7,3,3.3333333333333335,0.0005623413251903491,0.08153869645085443,tie,,0.0,7.105427357601002e-15,0.0,1.0,0,0,0,0,0,2,0.0,0.0,1.3322676295501878e-16,changed,routing,39.07493266432592,3.814287256051731,13.024977554775306,0.4166666666666667,5,2,-3,-2,1,1,0.6666666666666666,16.0,4.881226848027855
published,lhs106,lhs,13834.40073288506,0.035536452173631175,0.9241064518835537,0.9167418933908098,6,100,optimal,23.93276744616921,6,3,3.0,optimal,22.004316845703116,6,3,3.0,optimal,15.84935614656114,4,2,3.0,0.0036869450645195738,0.23713737056616555,identical,,0.0,0.0,0.0,1.0,0,0,0,0,0,0,0.0,0.0,0.0,changed,routing,3.102512580752178,2.2760548288849094,1.551256290376089,0.42857142857142855,3,1,-2,-1,1,0,0.5,0.0,2.861865938883195
published,lhs107,lhs,49668.0246871402,0.005393695002604404,0.9280166755047499,0.8248543227875096,1000000,100,optimal,63.561061408879844,26,7,4.714285714285714,optimal,55.719734748316,26,7,4.714285714285714,optimal,22.822638963911807,7,3,3.3333333333333335,0.0640270900528647,0.09682853110646922,tie,,7.105427357601002e-15,0.0,1.0150610510858574e-15,1.0,0,0,0,0,0,2,0.0,0.0,3.172065784643304e-17,changed,served_and_memory,49.33089713456781,28.03803565680078,16.44363237818927,0.2692307692307692,19,0,-19,-4,0,3,0.0,64.66666666666667,4.750146439878756
published,lhs107,lhs,49668.0246871402,0.005393695002604404,0.9280166755047499,0.8248543227875096,40,100,optimal,63.561061408879844,26,7,4.714285714285714,optimal,55.719734748316,26,7,4.714285714285714,optimal,22.822638963911807,7,3,3.3333333333333335,0.0640270900528647,0.09682853110646922,tie,,7.105427357601002e-15,0.0,1.0150610510858574e-15,1.0,0,0,0,0,0,2,0.0,0.0,3.172065784643304e-17,changed,served_and_memory,49.33089713456781,28.03803565680078,16.44363237818927,0.2692307692307692,19,0,-19,-4,0,3,0.0,64.66666666666667,4.750146439878756
published,lhs107,lhs,49668.0246871402,0.005393695002604404,0.9280166755047499,0.8248543227875096,30,100,optimal,63.561061408879844,26,7,4.714285714285714,optimal,55.719734748316,26,7,4.714285714285714,optimal,22.822638963911807,7,3,3.3333333333333335,0.0640270900528647,0.09682853110646922,tie,,7.105427357601002e-15,0.0,1.0150610510858574e-15,1.0,0,0,0,0,0,2,0.0,0.0,3.172065784643304e-17,changed,served_and_memory,49.33089713456781,28.03803565680078,16.44363237818927,0.2692307692307692,19,0,-19,-4,0,3,0.0,64.66666666666667,4.750146439878756
published,lhs107,lhs,49668.0246871402,0.005393695002604404,0.9280166755047499,0.8248543227875096,20,100,optimal,57.67713584632444,20,6,4.333333333333333,optimal,51.20876400727162,20,6,4.333333333333333,optimal,22.822638963911807,7,3,3.3333333333333335,0.050276352689897476,0.16049104114873586,tie,,-7.105427357601002e-15,7.105427357601002e-15,-1.1842378929335002e-15,1.0,0,0,0,0,0,4,0.0,0.0,1.850371707708594e-17,changed,served_and_memory,30.94902610706852,22.154110094245375,10.316342035689507,0.35,13,0,-13,-3,0,2,0.0,40.333333333333336,2.3939518576189234
published,lhs107,lhs,49668.0246871402,0.005393695002604404,0.9280166755047499,0.8248543227875096,15,100,optimal,51.0240180777475,15,5,4.0,optimal,45.846744215594555,15,5,4.0,optimal,22.822638963911807,7,3,3.3333333333333335,0.08153869645085443,0.16394459283656687,tie,,7.105427357601002e-15,-7.105427357601002e-15,1.4210854715202005e-15,1.0,0,0,0,0,0,2,0.0,0.0,0.0,changed,served_and_memory,15.965571035894897,15.500992325668435,5.3218570119649655,0.4666666666666667,8,0,-8,-2,0,1,0.0,24.333333333333332,1.5982371772444528
published,lhs107,lhs,49668.0246871402,0.005393695002604404,0.9280166755047499,0.8248543227875096,10,100,optimal,36.31992814900972,10,4,3.5,optimal,33.20248873720262,10,4,3.5,optimal,22.822638963911807,7,3,3.3333333333333335,0.0019172114335501782,0.15933803350851,tie,,0.0,0.0,0.0,1.0,0,0,0,0,0,2,0.0,0.0,0.0,changed,routing,13.183721170814517,0.7969023969306548,4.3945737236048386,0.5454545454545454,4,1,-3,-1,1,1,0.3333333333333333,16.0,2.4209166694700874
published,lhs107,lhs,49668.0246871402,0.005393695002604404,0.9280166755047499,0.8248543227875096,6,100,optimal,28.69233777202914,6,3,3.0,optimal,26.76388717156304,6,3,3.0,optimal,19.019849524830573,4,2,3.0,0.0036869450645195738,0.23713737056616555,identical,,0.0,0.0,0.0,1.0,0,0,0,0,0,0,0.0,0.0,0.0,changed,routing,1.5134356331616807,3.8651317764754083,0.7567178165808404,0.42857142857142855,3,1,-2,-1,1,0,0.5,0.0,2.7856778111656797
published,lhs108,lhs,11713.82119217868,0.005613733821633599,0.9509650587292592,0.5800476871499997,1000000,100,optimal,41.498699973495015,32,8,5.0,optimal,32.28424256259034,32,8,5.0,optimal,13.880709602732956,7,3,3.3333333333333335,0.050276352689897476,0.12331143269440609,tie,,0.0,0.0,0.0,1.0,0,0,0,0,0,6,0.0,0.0,-2.498001805406602e-16,changed,served_and_memory,88.0000550122335,14.917603582594808,29.333351670744502,0.21875,25,0,-25,-5,0,3,0.0,64.66666666666667,4.410432694990488
published,lhs108,lhs,11713.82119217868,0.005613733821633599,0.9509650587292592,0.5800476871499997,40,100,optimal,41.498699973495015,32,8,5.0,optimal,32.28424256259034,32,8,5.0,optimal,13.880709602732956,7,3,3.3333333333333335,0.050276352689897476,0.12331143269440609,tie,,0.0,0.0,0.0,1.0,0,0,0,0,0,6,0.0,0.0,-2.498001805406602e-16,changed,served_and_memory,88.0000550122335,14.917603582594808,29.333351670744502,0.21875,25,0,-25,-5,0,3,0.0,64.66666666666667,4.410432694990488
published,lhs108,lhs,11713.82119217868,0.005613733821633599,0.9509650587292592,0.5800476871499997,30,100,optimal,39.8918278832378,26,7,4.714285714285714,optimal,32.05032529384415,26,7,4.714285714285714,optimal,13.880709602732956,7,3,3.3333333333333335,0.050276352689897476,0.12532289850754513,identical,,0.0,0.0,0.0,1.0,0,0,0,0,0,0,0.0,0.0,0.0,changed,served_and_memory,62.513366582704755,13.310731492337595,20.837788860901586,0.2692307692307692,19,0,-19,-4,0,2,0.0,48.666666666666664,3.2587848799246437
published,lhs108,lhs,11713.82119217868,0.005613733821633599,0.9509650587292592,0.5800476871499997,20,100,optimal,37.50763572609132,20,6,4.333333333333333,optimal,31.0392638870385,20,6,4.333333333333333,optimal,13.880709602732956,7,3,3.3333333333333335,0.050276352689897476,0.141180193984225,tie,,0.0,0.0,0.0,1.0,0,0,0,0,0,2,0.0,0.0,-1.850371707708594e-17,changed,served_and_memory,39.35066036898752,10.926539335191116,13.116886789662507,0.35,13,0,-13,-3,0,2,0.0,48.666666666666664,3.2587848799246437
published,lhs108,lhs,11713.82119217868,0.005613733821633599,0.9509650587292592,0.5800476871499997,15,100,optimal,34.829736540876894,15,5,4.0,optimal,29.65246267872393,15,5,4.0,optimal,13.880709602732956,7,3,3.3333333333333335,0.08153869645085443,0.16394459283656687,identical,,0.0,0.0,0.0,1.0,0,0,0,0,0,0,0.0,0.0,0.0,changed,served_and_memory,23.217923211586662,8.248640149976687,7.739307737195554,0.4666666666666667,8,0,-8,-2,0,1,0.0,24.333333333333332,1.5982371772444528
published,lhs108,lhs,11713.82119217868,0.005613733821633599,0.9509650587292592,0.5800476871499997,10,100,optimal,26.581096390900207,7,3,3.3333333333333335,optimal,23.782637076983036,7,3,3.3333333333333335,optimal,13.880709602732956,7,3,3.3333333333333335,0.23713737056616555,0.46415888336127825,identical,,0.0,0.0,0.0,1.0,0,0,0,0,0,0,0.0,0.0,0.0,identical,,0.0,0.0,0.0,1.0,0,0,0,0,0,0,0.0,0.0,0.0
published,lhs108,lhs,11713.82119217868,0.005613733821633599,0.9509650587292592,0.5800476871499997,6,100,optimal,20.164454194791563,6,3,3.0,optimal,18.236003594325467,6,3,3.0,optimal,13.324944578216634,4,2,3.0,0.0036869450645195738,0.23713737056616555,identical,,0.0,0.0,0.0,1.0,0,0,0,0,0,0,0.0,0.0,0.0,changed,routing,4.3464142637853165,1.032153145851769,2.1732071318926582,0.42857142857142855,3,1,-2,-1,1,0,0.5,0.0,2.5316938934685256
published,lhs109,lhs,98769.88385529273,0.033977602528353246,0.9749503291892372,0.8829649960358404,1000000,100,optimal,155.50448528219488,55,17,8.823529411764707,optimal,132.35104815404242,55,17,8.823529411764707,optimal,28.15652242029673,7,3,3.3333333333333335,0.0221885046944556,0.050276352689897476,identical,,0.0,0.0,0.0,1.0,0,0,0,0,0,0,0.0,0.0,0.0,changed,served_and_memory,470.4764041956506,114.6475760737309,156.82546806521688,0.12727272727272726,48,0,-48,-14,0,3,0.0,73.33333333333333,6.875877888106969
published,lhs109,lhs,98769.88385529273,0.033977602528353246,0.9749503291892372,0.8829649960358404,40,100,optimal,152.11707823184435,40,17,9.647058823529411,optimal,128.4368346584787,40,17,9.647058823529411,optimal,28.15652242029673,7,3,3.3333333333333335,0.008576498012880285,0.05789136158694193,tie,,-2.842170943040401e-14,0.0,-1.6718652606120004e-15,1.0,0,0,0,0,0,4,0.0,0.0,-6.530723674265627e-18,changed,served_and_memory,550.8014309955465,111.26016902338037,183.60047699851552,0.175,33,0,-33,-14,0,3,0.0,77.33333333333333,6.848912076311538
published,lhs109,lhs,98769.88385529273,0.033977602528353246,0.9749503291892372,0.8829649960358404,30,100,optimal,127.75599845951653,29,15,9.266666666666667,optimal,107.5374184394103,29,15,9.266666666666667,optimal,28.15652242029673,7,3,3.3333333333333335,0.00029241748909898153,0.03319923187926317,identical,,0.0,0.0,0.0,1.0,0,0,0,0,0,0,0.0,0.0,0.0,changed,served_and_memory,476.9305595424432,86.89908925105256,158.9768531808144,0.2413793103448276,22,0,-22,-12,0,3,0.0,77.33333333333333,6.848912076311538
published,lhs109,lhs,98769.88385529273,0.033977602528353246,0.9749503291892372,0.8829649960358404,20,100,optimal,103.95921220558557,20,11,9.0,optimal,89.32677531734056,20,11,9.0,optimal,28.15652242029673,7,3,3.3333333333333335,0.03319923187926317,0.0640270900528647,identical,,0.0,0.0,0.0,1.0,0,0,0,0,0,0,0.0,0.0,0.0,changed,served_and_memory,310.40238528150405,63.1023029971216,103.46746176050135,0.35,13,0,-13,-8,0,2,0.0,48.666666666666664,3.954431759504285
published,lhs109,lhs,98769.88385529273,0.033977602528353246,0.9749503291892372,0.8829649960358404,15,100,optimal,66.9780187358622,15,6,5.666666666666667,optimal,60.20512596874131,15,6,5.666666666666667,optimal,28.15652242029673,7,3,3.3333333333333335,0.0640270900528647,0.11928809295587964,identical,,0.0,0.0,0.0,1.0,0,0,0,0,0,0,0.0,0.0,0.0,changed,served_and_memory,54.90947208035351,26.121109527398218,18.303157360117837,0.2222222222222222,11,3,-8,-3,0,2,0.0,60.5,3.5909277864283853
published,lhs109,lhs,98769.88385529273,0.033977602528353246,0.9749503291892372,0.8829649960358404,10,100,optimal,52.66134676148043,10,5,4.2,optimal,47.91697253425676,10,5,4.2,optimal,28.15652242029673,7,3,3.3333333333333335,0.0005623413251903491,0.15703748946090484,tie,,0.0,7.105427357601002e-15,0.0,1.0,0,0,0,0,0,2,0.0,0.0,6.661338147750939e-17,changed,routing,26.628264924128743,11.804437553016456,8.876088308042915,0.4166666666666667,5,2,-3,-2,1,1,0.6666666666666666,24.333333333333332,5.686556033072606
published,lhs109,lhs,98769.88385529273,0.033977602528353246,0.9749503291892372,0.8829649960358404,6,100,optimal,33.74979995427595,6,3,3.0,optimal,31.821349353809858,6,3,3.0,optimal,22.563876073915708,6,3,3.0,0.0036869450645195738,0.23713737056616555,identical,,0.0,0.0,0.0,1.0,0,0,0,0,0,0,0.0,0.0,0.0,identical,,0.0,0.0,0.0,1.0,0,0,0,0,0,0,0.0,0.0,0.0
published,lhs110,lhs,4039.885507191355,0.0064698887459676046,0.9570580282617264,0.6759637968992767,1000000,100,optimal,41.14236105994741,53,11,5.818181818181818,optimal,28.43691007447623,39,9,5.333333333333333,optimal,11.26189138041081,4,2,3.0,0.030017743045081,0.08153869645085443,changed,served_and_memory,0.832096485484918,2.0502077203359192,0.09245516505387978,0.7358490566037735,14,0,-14,-2,0,2,0.0,0.0,0.0,changed,served_and_memory,178.64984057389265,24.073113208813442,89.32492028694632,0.07547169811320754,49,0,-49,-9,0,2,0.0,73.0,4.888177319886966
published,lhs110,lhs,4039.885507191355,0.0064698887459676046,0.9570580282617264,0.6759637968992767,40,100,optimal,39.092153339611485,39,9,5.333333333333333,optimal,28.43691007447623,39,9,5.333333333333333,optimal,11.26189138041081,4,2,3.0,0.06044547074134525,0.09682853110646922,tie,,3.552713678800501e-15,-7.105427357601002e-15,3.9474596431116675e-16,1.0,0,0,0,0,0,2,0.0,0.0,3.700743415417188e-17,changed,served_and_memory,114.84734250907445,22.022905488477516,57.423671254537226,0.10256410256410256,35,0,-35,-7,0,2,0.0,73.0,4.888177319886966
published,lhs110,lhs,4039.885507191355,0.0064698887459676046,0.9570580282617264,0.6759637968992767,30,100,optimal,35.73137690953297,29,8,5.375,optimal,27.810896316125323,26,7,4.714285714285714,optimal,11.26189138041081,4,2,3.0,0.05387208250415978,0.10242506457263026,changed,routing,1.333299832020252,0.07897800401400445,0.1904714045743217,0.6666666666666666,7,4,-3,-1,1,5,-0.42857142857142855,6.857142857142857,0.2828687039526239,changed,served_and_memory,98.5658889492064,18.662129058399,49.2829444746032,0.13793103448275862,25,0,-25,-6,0,2,0.0,60.5,3.626024184155007
published,lhs110,lhs,4039.885507191355,0.0064698887459676046,0.9570580282617264,0.6759637968992767,20,100,optimal,33.29753044013637,20,6,4.333333333333333,optimal,26.82915860108355,20,6,4.333333333333333,optimal,11.26189138041081,4,2,3.0,0.050276352689897476,0.16049104114873586,tie,,0.0,0.0,0.0,1.0,0,0,0,0,0,2,0.0,0.0,-1.1102230246251565e-16,changed,served_and_memory,43.76788392975559,16.2282825890024,21.883941964877796,0.2,16,0,-16,-4,0,2,0.0,60.5,3.590927786428385
published,lhs110,lhs,4039.885507191355,0.0064698887459676046,0.9570580282617264,0.6759637968992767,15,100,optimal,30.90541887875375,15,5,4.0,optimal,25.728145016600784,15,5,4.0,optimal,11.26189138041081,4,2,3.0,0.08153869645085443,0.16394459283656687,tie,,0.0,0.0,0.0,1.0,0,0,0,0,0,2,0.0,0.0,4.4408920985006264e-17,changed,served_and_memory,24.523422651387655,13.83617102761978,12.261711325693827,0.26666666666666666,11,0,-11,-3,0,1,0.0,36.5,2.397355765866679
published,lhs110,lhs,4039.885507191355,0.0064698887459676046,0.9570580282617264,0.6759637968992767,10,100,optimal,23.732072690377645,7,3,3.3333333333333335,optimal,20.933613376460475,7,3,3.3333333333333335,optimal,11.26189138041081,4,2,3.0,0.23713737056616555,0.46415888336127825,identical,,0.0,0.0,0.0,1.0,0,0,0,0,0,0,0.0,0.0,0.0,changed,served_set_only,0.23020547820041415,6.662824839243676,0.11510273910020707,0.5714285714285714,3,0,-3,-1,0,0,0.0,0.0,0.0
published,lhs110,lhs,4039.885507191355,0.0064698887459676046,0.9570580282617264,0.6759637968992767,6,100,optimal,17.07207510668829,6,3,3.0,optimal,15.327998453956006,4,2,3.0,optimal,11.26189138041081,4,2,3.0,0.0036869450645195738,0.23713737056616555,changed,routing,0.184373947733814,0.0028272555543189526,0.092186973866907,0.42857142857142855,3,1,-2,-1,1,0,0.5,0.0,2.964308224868314,changed,routing,5.375740154082768,0.0028272555543189526,2.687870077041384,0.42857142857142855,3,1,-2,-1,1,0,0.5,0.0,2.64208112769035
published,lhs111,lhs,177876.3137857307,0.0011425388679705026,0.9737970653587206,0.8440462718127889,1000000,100,optimal,0.0,0,0,,optimal,0.0,0,0,,optimal,0.0,0,0,,,,identical,,0.0,0.0,0.0,1.0,0,0,0,0,0,0,,,,identical,,0.0,0.0,0.0,1.0,0,0,0,0,0,0,,,
published,lhs111,lhs,177876.3137857307,0.0011425388679705026,0.9737970653587206,0.8440462718127889,40,100,optimal,0.0,0,0,,optimal,0.0,0,0,,optimal,0.0,0,0,,,,identical,,0.0,0.0,0.0,1.0,0,0,0,0,0,0,,,,identical,,0.0,0.0,0.0,1.0,0,0,0,0,0,0,,,
published,lhs111,lhs,177876.3137857307,0.0011425388679705026,0.9737970653587206,0.8440462718127889,30,100,optimal,0.0,0,0,,optimal,0.0,0,0,,optimal,0.0,0,0,,,,identical,,0.0,0.0,0.0,1.0,0,0,0,0,0,0,,,,identical,,0.0,0.0,0.0,1.0,0,0,0,0,0,0,,,
published,lhs111,lhs,177876.3137857307,0.0011425388679705026,0.9737970653587206,0.8440462718127889,20,100,optimal,0.0,0,0,,optimal,0.0,0,0,,optimal,0.0,0,0,,,,identical,,0.0,0.0,0.0,1.0,0,0,0,0,0,0,,,,identical,,0.0,0.0,0.0,1.0,0,0,0,0,0,0,,,
published,lhs111,lhs,177876.3137857307,0.0011425388679705026,0.9737970653587206,0.8440462718127889,15,100,optimal,0.0,0,0,,optimal,0.0,0,0,,optimal,0.0,0,0,,,,identical,,0.0,0.0,0.0,1.0,0,0,0,0,0,0,,,,identical,,0.0,0.0,0.0,1.0,0,0,0,0,0,0,,,
published,lhs111,lhs,177876.3137857307,0.0011425388679705026,0.9737970653587206,0.8440462718127889,10,100,optimal,0.0,0,0,,optimal,0.0,0,0,,optimal,0.0,0,0,,,,identical,,0.0,0.0,0.0,1.0,0,0,0,0,0,0,,,,identical,,0.0,0.0,0.0,1.0,0,0,0,0,0,0,,,
published,lhs111,lhs,177876.3137857307,0.0011425388679705026,0.9737970653587206,0.8440462718127889,6,100,optimal,0.0,0,0,,optimal,0.0,0,0,,optimal,0.0,0,0,,,,identical,,0.0,0.0,0.0,1.0,0,0,0,0,0,0,,,,identical,,0.0,0.0,0.0,1.0,0,0,0,0,0,0,,,
published,lhs112,lhs,13477.499662433802,0.0035852197590061645,0.9757348437745197,0.9218034471066434,1000000,100,optimal,32.69598373211551,7,3,3.3333333333333335,optimal,29.897524418198337,7,3,3.3333333333333335,optimal,19.995596943948257,7,3,3.3333333333333335,0.23713737056616555,0.46415888336127825,identical,,0.0,0.0,0.0,1.0,0,0,0,0,0,0,0.0,0.0,0.0,identical,,0.0,0.0,0.0,1.0,0,0,0,0,0,0,0.0,0.0,0.0
published,lhs112,lhs,13477.499662433802,0.0035852197590061645,0.9757348437745197,0.9218034471066434,40,100,optimal,32.69598373211551,7,3,3.3333333333333335,optimal,29.897524418198337,7,3,3.3333333333333335,optimal,19.995596943948257,7,3,3.3333333333333335,0.23713737056616555,0.46415888336127825,identical,,0.0,0.0,0.0,1.0,0,0,0,0,0,0,0.0,0.0,0.0,identical,,0.0,0.0,0.0,1.0,0,0,0,0,0,0,0.0,0.0,0.0
published,lhs112,lhs,13477.499662433802,0.0035852197590061645,0.9757348437745197,0.9218034471066434,30,100,optimal,32.69598373211551,7,3,3.3333333333333335,optimal,29.897524418198337,7,3,3.3333333333333335,optimal,19.995596943948257,7,3,3.3333333333333335,0.23713737056616555,0.46415888336127825,identical,,0.0,0.0,0.0,1.0,0,0,0,0,0,0,0.0,0.0,0.0,identical,,0.0,0.0,0.0,1.0,0,0,0,0,0,0,0.0,0.0,0.0
published,lhs112,lhs,13477.499662433802,0.0035852197590061645,0.9757348437745197,0.9218034471066434,20,100,optimal,32.69598373211551,7,3,3.3333333333333335,optimal,29.897524418198337,7,3,3.3333333333333335,optimal,19.995596943948257,7,3,3.3333333333333335,0.23713737056616555,0.46415888336127825,identical,,0.0,0.0,0.0,1.0,0,0,0,0,0,0,0.0,0.0,0.0,identical,,0.0,0.0,0.0,1.0,0,0,0,0,0,0,0.0,0.0,0.0
published,lhs112,lhs,13477.499662433802,0.0035852197590061645,0.9757348437745197,0.9218034471066434,15,100,optimal,32.69598373211551,7,3,3.3333333333333335,optimal,29.897524418198337,7,3,3.3333333333333335,optimal,19.995596943948257,7,3,3.3333333333333335,0.23713737056616555,0.46415888336127825,identical,,0.0,0.0,0.0,1.0,0,0,0,0,0,0,0.0,0.0,0.0,identical,,0.0,0.0,0.0,1.0,0,0,0,0,0,0,0.0,0.0,0.0
published,lhs112,lhs,13477.499662433802,0.0035852197590061645,0.9757348437745197,0.9218034471066434,10,100,optimal,32.69598373211551,7,3,3.3333333333333335,optimal,29.897524418198337,7,3,3.3333333333333335,optimal,19.995596943948257,7,3,3.3333333333333335,0.23713737056616555,0.46415888336127825,identical,,0.0,0.0,0.0,1.0,0,0,0,0,0,0,0.0,0.0,0.0,identical,,0.0,0.0,0.0,1.0,0,0,0,0,0,0,0.0,0.0,0.0
published,lhs112,lhs,13477.499662433802,0.0035852197590061645,0.9757348437745197,0.9218034471066434,6,100,optimal,25.524207628959534,6,3,3.0,optimal,23.595757028493438,6,3,3.0,optimal,16.89392850031508,4,2,3.0,0.0036869450645195738,0.23713737056616555,identical,,0.0,0.0,0.0,1.0,0,0,0,0,0,0,0.0,0.0,0.0,changed,routing,2.5556447517157928,2.8229226579212927,1.2778223758578964,0.42857142857142855,3,1,-2,-1,1,0,0.5,0.0,2.8658377184920814
published,lhs113,lhs,6301.474638236701,0.008486801760906926,0.9695811757779558,0.792812759716922,1000000,100,optimal,63.41734142840014,53,11,5.818181818181818,optimal,49.87979395744406,53,11,5.818181818181818,optimal,14.985240409719927,7,3,3.3333333333333335,0.030017743045081,0.0640270900528647,tie,,0.0,0.0,0.0,1.0,0,0,0,0,0,2,0.0,0.0,0.0,changed,served_and_memory,162.92414573188424,35.731714230512964,54.30804857729475,0.1320754716981132,46,0,-46,-8,0,3,0.0,64.66666666666667,4.750146439878756
published,lhs113,lhs,6301.474638236701,0.008486801760906926,0.9695811757779558,0.792812759716922,40,100,optimal,61.286589701304635,39,11,6.545454545454546,optimal,47.63765487013962,39,11,6.545454545454546,optimal,14.985240409719927,7,3,3.3333333333333335,0.030017743045081,0.08153869645085443,tie,,0.0,0.0,0.0,1.0,0,0,0,0,0,2,0.0,0.0,0.0,changed,served_and_memory,177.6406499721502,33.600962503417456,59.21354999071673,0.1794871794871795,32,0,-32,-8,0,3,0.0,73.0,5.6149794621844755
published,lhs113,lhs,6301.474638236701,0.008486801760906926,0.9695811757779558,0.792812759716922,30,100,optimal,53.98642752881882,30,9,6.0,optimal,43.24019645205515,28,9,5.888888888888889,optimal,14.985240409719927,7,3,3.3333333333333335,0.05387208250415978,0.08153869645085443,changed,routing,0.07169073130052794,0.01835520327948359,0.007965636811169772,0.6571428571428571,7,5,-2,0,2,4,-0.1111111111111111,0.0,-0.0026073827922705986,changed,served_and_memory,121.92756580327641,26.300800330931644,40.64252193442547,0.23333333333333334,23,0,-23,-6,0,3,0.0,64.66666666666667,4.77354403836317
published,lhs113,lhs,6301.474638236701,0.008486801760906926,0.9695811757779558,0.792812759716922,20,100,optimal,46.330270349797765,18,7,5.428571428571429,optimal,38.500167665937674,18,7,5.428571428571429,optimal,14.985240409719927,7,3,3.3333333333333335,0.0640270900528647,0.12532289850754513,tie,,7.105427357601002e-15,0.0,1.0150610510858574e-15,1.0,0,0,0,0,0,2,0.0,0.0,-4.7580986769649563e-17,changed,served_and_memory,61.34002394705008,18.644643151910586,20.446674649016693,0.3888888888888889,11,0,-11,-4,0,2,0.0,48.666666666666664,3.2587848799246437
published,lhs113,lhs,6301.474638236701,0.008486801760906926,0.9695811757779558,0.792812759716922,15,100,optimal,38.425384355532735,15,5,4.0,optimal,33.24811049337978,15,5,4.0,optimal,14.985240409719927,7,3,3.3333333333333335,0.08153869645085443,0.16394459283656687,tie,,0.0,-7.105427357601002e-15,0.0,1.0,0,0,0,0,0,2,0.0,0.0,-8.881784197001253e-17,changed,served_and_memory,20.72680620391779,10.739757157645556,6.908935401305929,0.4666666666666667,8,0,-8,-2,0,1,0.0,24.333333333333332,1.5982371772444528
published,lhs113,lhs,6301.474638236701,0.008486801760906926,0.9695811757779558,0.792812759716922,10,100,optimal,29.941654640412928,10,5,4.2,optimal,25.47513456739871,9,4,4.75,optimal,14.985240409719927,7,3,3.3333333333333335,0.0005623413251903491,0.15703748946090484,changed,served_and_memory,0.27785415420945725,0.307133113077235,0.06946353855236431,0.9,1,0,-1,-1,0,2,0.0,0.0,8.326672684688674e-17,changed,routing,36.17667503461944,2.256027442525749,12.05889167820648,0.4166666666666667,5,2,-3,-2,1,1,0.6666666666666666,24.333333333333332,5.582971990734212
published,lhs113,lhs,6301.474638236701,0.008486801760906926,0.9695811757779558,0.792812759716922,6,100,optimal,20.751743678174925,6,3,3.0,optimal,18.82329307770883,6,3,3.0,optimal,13.712934405434977,4,2,3.0,0.0036869450645195738,0.23713737056616555,identical,,0.0,0.0,0.0,1.0,0,0,0,0,0,0,0.0,0.0,0.0,changed,routing,4.147114607620297,1.2314528020167899,2.0735573038101487,0.42857142857142855,3,1,-2,-1,1,0,0.5,0.0,2.7570982280469836
published,lhs114,lhs,7602.353500261635,0.04427691931491431,0.9598468990191182,0.7339245691003129,1000000,100,optimal,58.3814124046226,54,12,6.333333333333333,optimal,44.63580954905692,53,11,5.818181818181818,optimal,14.694330316152215,7,3,3.3333333333333335,0.030017743045081,0.0640270900528647,changed,served_and_memory,1.4240224883957282,0.20805538460960094,0.12945658985415712,0.9814814814814815,1,0,-1,-1,0,4,0.0,0.0,4.0371746350005693e-17,changed,served_and_memory,221.97530947364243,30.98669530030314,73.99176982454748,0.12962962962962962,47,0,-47,-9,0,3,0.0,64.66666666666667,4.750146439878756
published,lhs114,lhs,7602.353500261635,0.04427691931491431,0.9598468990191182,0.7339245691003129,40,100,optimal,54.923125810734724,40,12,7.0,optimal,41.95841811450262,40,10,5.9,optimal,14.694330316152215,7,3,3.3333333333333335,0.03319923187926317,0.0640270900528647,changed,routing,2.31630500793824,0.7453230484605484,0.23163050079382402,0.6,10,10,0,-2,2,2,-0.5,2.6,0.31683972512598463,changed,served_and_memory,228.69667314740752,27.528408706415263,76.23222438246917,0.175,33,0,-33,-9,0,3,0.0,73.33333333333333,6.875877888106969
published,lhs114,lhs,7602.353500261635,0.04427691931491431,0.9598468990191182,0.7339245691003129,30,100,optimal,49.50364758970622,28,9,5.888888888888889,optimal,38.775771716222025,28,9,5.888888888888889,optimal,14.694330316152215,7,3,3.3333333333333335,0.06044547074134525,0.09682853110646922,tie,,0.0,7.105427357601002e-15,0.0,1.0,0,0,0,0,0,6,0.0,0.0,0.0,changed,served_and_memory,118.77961325888822,22.108930485386757,39.59320441962941,0.25,21,0,-21,-6,0,3,0.0,73.0,5.6149794621844755
published,lhs114,lhs,7602.353500261635,0.04427691931491431,0.9598468990191182,0.7339245691003129,20,100,optimal,43.39296994043938,18,7,5.428571428571429,optimal,35.56286725657928,18,7,5.428571428571429,optimal,14.694330316152215,7,3,3.3333333333333335,0.0640270900528647,0.12331143269440609,tie,,0.0,1.4210854715202004e-14,0.0,1.0,0,0,0,0,0,4,0.0,0.0,7.930164461608261e-17,changed,served_and_memory,68.44293170607321,15.998252836119917,22.81431056869107,0.3888888888888889,11,0,-11,-4,0,2,0.0,40.333333333333336,2.417349456103338
published,lhs114,lhs,7602.353500261635,0.04427691931491431,0.9598468990191182,0.7339245691003129,15,100,optimal,37.443821766894764,15,5,4.0,optimal,32.2665479047418,15,5,4.0,optimal,14.694330316152215,7,3,3.3333333333333335,0.050276352689897476,0.23713737056616555,tie,,0.0,7.105427357601002e-15,0.0,1.0,0,0,0,0,0,2,0.0,0.0,1.3322676295501878e-16,changed,served_and_memory,23.454917704141536,10.049104662575303,7.818305901380512,0.4666666666666667,8,0,-8,-2,0,1,0.0,16.0,0.7568017534231467
published,lhs114,lhs,7602.353500261635,0.04427691931491431,0.9598468990191182,0.7339245691003129,10,100,optimal,28.78050216006335,10,5,4.2,optimal,24.59625779040229,7,3,3.3333333333333335,optimal,14.694330316152215,7,3,3.3333333333333335,0.0005623413251903491,0.15703748946090484,changed,routing,0.5601298575626181,1.385785055743888,0.18670995252087272,0.4166666666666667,5,2,-3,-2,1,1,0.6666666666666666,24.333333333333332,3.081404895262748,changed,routing,37.046917421401304,1.385785055743888,12.348972473800435,0.4166666666666667,5,2,-3,-2,1,1,0.6666666666666666,24.333333333333332,5.50873973231717
published,lhs114,lhs,7602.353500261635,0.04427691931491431,0.9598468990191182,0.7339245691003129,6,100,optimal,20.605981543911355,6,3,3.0,optimal,18.67753094344526,6,3,3.0,optimal,13.617267341107365,4,2,3.0,0.0036869450645195738,0.23713737056616555,identical,,0.0,0.0,0.0,1.0,0,0,0,0,0,0,0.0,0.0,0.0,changed,routing,4.197209677556254,1.18135773208083,2.098604838778127,0.42857142857142855,3,1,-2,-1,1,0,0.5,0.0,2.701424034234202
published,lhs115,lhs,20890.49815492009,0.002471722630764361,0.9299825022618848,0.6782167997658433,1000000,100,optimal,21.244195009756133,4,2,3.0,optimal,19.502945612578166,4,2,3.0,optimal,15.436838539032973,4,2,3.0,0.46415888336127825,0.5356805395261334,identical,,0.0,0.0,0.0,1.0,0,0,0,0,0,0,0.0,0.0,0.0,identical,,0.0,0.0,0.0,1.0,0,0,0,0,0,0,0.0,0.0,0.0
published,lhs115,lhs,20890.49815492009,0.002471722630764361,0.9299825022618848,0.6782167997658433,40,100,optimal,21.244195009756133,4,2,3.0,optimal,19.502945612578166,4,2,3.0,optimal,15.436838539032973,4,2,3.0,0.46415888336127825,0.5356805395261334,identical,,0.0,0.0,0.0,1.0,0,0,0,0,0,0,0.0,0.0,0.0,identical,,0.0,0.0,0.0,1.0,0,0,0,0,0,0,0.0,0.0,0.0
published,lhs115,lhs,20890.49815492009,0.002471722630764361,0.9299825022618848,0.6782167997658433,30,100,optimal,21.244195009756133,4,2,3.0,optimal,19.502945612578166,4,2,3.0,optimal,15.436838539032973,4,2,3.0,0.46415888336127825,0.5356805395261334,identical,,0.0,0.0,0.0,1.0,0,0,0,0,0,0,0.0,0.0,0.0,identical,,0.0,0.0,0.0,1.0,0,0,0,0,0,0,0.0,0.0,0.0
published,lhs115,lhs,20890.49815492009,0.002471722630764361,0.9299825022618848,0.6782167997658433,20,100,optimal,21.244195009756133,4,2,3.0,optimal,19.502945612578166,4,2,3.0,optimal,15.436838539032973,4,2,3.0,0.46415888336127825,0.5356805395261334,identical,,0.0,0.0,0.0,1.0,0,0,0,0,0,0,0.0,0.0,0.0,identical,,0.0,0.0,0.0,1.0,0,0,0,0,0,0,0.0,0.0,0.0
published,lhs115,lhs,20890.49815492009,0.002471722630764361,0.9299825022618848,0.6782167997658433,15,100,optimal,21.244195009756133,4,2,3.0,optimal,19.502945612578166,4,2,3.0,optimal,15.436838539032973,4,2,3.0,0.46415888336127825,0.5356805395261334,identical,,0.0,0.0,0.0,1.0,0,0,0,0,0,0,0.0,0.0,0.0,identical,,0.0,0.0,0.0,1.0,0,0,0,0,0,0,0.0,0.0,0.0
published,lhs115,lhs,20890.49815492009,0.002471722630764361,0.9299825022618848,0.6782167997658433,10,100,optimal,21.244195009756133,4,2,3.0,optimal,19.502945612578166,4,2,3.0,optimal,15.436838539032973,4,2,3.0,0.46415888336127825,0.5356805395261334,identical,,0.0,0.0,0.0,1.0,0,0,0,0,0,0,0.0,0.0,0.0,identical,,0.0,0.0,0.0,1.0,0,0,0,0,0,0,0.0,0.0,0.0
published,lhs115,lhs,20890.49815492009,0.002471722630764361,0.9299825022618848,0.6782167997658433,6,100,optimal,21.244195009756133,4,2,3.0,optimal,19.502945612578166,4,2,3.0,optimal,15.436838539032973,4,2,3.0,0.46415888336127825,0.5356805395261334,identical,,0.0,0.0,0.0,1.0,0,0,0,0,0,0,0.0,0.0,0.0,identical,,0.0,0.0,0.0,1.0,0,0,0,0,0,0,0.0,0.0,0.0
published,lhs116,lhs,3249.4178092545076,0.036647933762768224,0.99603385107214,0.8125250654661759,1000000,100,optimal,66.60143185219691,55,17,8.823529411764707,optimal,47.48734403381491,55,14,7.214285714285714,optimal,13.182367808933451,7,3,3.3333333333333335,0.0221885046944556,0.04279211619645008,changed,served_and_memory,4.039349309770458,0.7966736541300037,0.28852495069788986,1.0,0,0,0,-3,0,5,0.0,2.7857142857142856,0.2030426957369709,changed,served_and_memory,541.7834199890469,40.71867725509621,180.5944733296823,0.12727272727272726,48,0,-48,-14,0,3,0.0,69.0,5.984079054005817
published,lhs116,lhs,3249.4178092545076,0.036647933762768224,0.99603385107214,0.8125250654661759,40,100,optimal,64.75984052792153,40,14,7.785714285714286,optimal,46.33103900346061,40,14,7.785714285714286,optimal,13.182367808933451,7,3,3.3333333333333335,0.030017743045081,0.0640270900528647,tie,,0.0,0.0,0.0,1.0,0,0,0,0,0,2,0.0,0.0,0.0,changed,served_and_memory,331.58467315254086,38.877085930820826,110.52822438418029,0.175,33,0,-33,-11,0,3,0.0,69.0,5.984079054005817
published,lhs116,lhs,3249.4178092545076,0.036647933762768224,0.99603385107214,0.8125250654661759,30,100,optimal,55.18428989008776,30,12,7.833333333333333,optimal,40.87719538348532,30,11,7.181818181818182,optimal,13.182367808933451,7,3,3.3333333333333335,0.03319923187926317,0.0640270900528647,changed,served_and_memory,1.1975964170326847,0.4367777982976051,0.10887240154842588,1.0,0,0,0,-1,0,3,0.0,1.1818181818181819,0.08613932546416951,changed,served_and_memory,295.77552243818883,29.30153529298706,98.59184081272961,0.23333333333333334,23,0,-23,-9,0,3,0.0,73.0,5.6149794621844755
published,lhs116,lhs,3249.4178092545076,0.036647933762768224,0.99603385107214,0.8125250654661759,20,100,optimal,46.55779371305724,20,10,8.2,optimal,36.15371254265804,18,7,5.428571428571429,optimal,13.182367808933451,7,3,3.3333333333333335,0.03319923187926317,0.0640270900528647,changed,served_and_memory,2.526426960575229,2.5739784865391044,0.3609181372250327,0.46153846153846156,8,6,-2,-3,0,3,0.0,5.0,0.18911044319552464,changed,served_and_memory,259.0282344980613,20.675039115956537,86.3427448326871,0.35,13,0,-13,-7,0,2,0.0,48.666666666666664,3.954431759504285
published,lhs116,lhs,3249.4178092545076,0.036647933762768224,0.99603385107214,0.8125250654661759,15,100,optimal,36.33874593027998,15,6,5.666666666666667,optimal,30.652004940716573,15,5,4.0,optimal,13.182367808933451,7,3,3.3333333333333335,0.0640270900528647,0.12431716560097561,changed,routing,1.086151777557479,0.5094671274104385,0.21723035551149578,0.36363636363636365,7,7,0,-1,1,3,-0.75,18.25,0.5323085323160909,changed,served_and_memory,67.74865377743718,10.455991333179277,22.58288459247906,0.2222222222222222,11,3,-8,-3,0,2,0.0,73.0,4.888177319886966
published,lhs116,lhs,3249.4178092545076,0.036647933762768224,0.99603385107214,0.8125250654661759,10,100,optimal,27.94822962994042,9,4,4.75,optimal,23.78884267000344,9,4,4.75,optimal,13.182367808933451,7,3,3.3333333333333335,0.08153869645085443,0.16049104114873586,tie,,0.0,0.0,0.0,1.0,0,0,0,0,0,2,0.0,0.0,-8.326672684688674e-17,changed,served_and_memory,28.090504993244352,2.0654750328397213,9.363501664414784,0.3333333333333333,5,3,-2,-1,0,1,0.0,36.5,2.397355765866679
published,lhs116,lhs,3249.4178092545076,0.036647933762768224,0.99603385107214,0.8125250654661759,6,100,optimal,18.830214431769477,6,3,3.0,optimal,16.901763831303384,6,3,3.0,optimal,12.430328830139388,4,2,3.0,0.0036869450645195738,0.23713737056616555,identical,,0.0,0.0,0.0,1.0,0,0,0,0,0,0,0.0,0.0,0.0,changed,routing,4.786038278730157,0.5925291309069287,2.3930191393650784,0.42857142857142855,3,1,-2,-1,1,0,0.5,0.0,2.7748142967539544
published,lhs117,lhs,108308.65889413511,0.0017967995955725162,0.9221400654056774,0.5289800504768303,1000000,100,optimal,0.0,0,0,,optimal,0.0,0,0,,optimal,0.0,0,0,,,,identical,,0.0,0.0,0.0,1.0,0,0,0,0,0,0,,,,identical,,0.0,0.0,0.0,1.0,0,0,0,0,0,0,,,
published,lhs117,lhs,108308.65889413511,0.0017967995955725162,0.9221400654056774,0.5289800504768303,40,100,optimal,0.0,0,0,,optimal,0.0,0,0,,optimal,0.0,0,0,,,,identical,,0.0,0.0,0.0,1.0,0,0,0,0,0,0,,,,identical,,0.0,0.0,0.0,1.0,0,0,0,0,0,0,,,
published,lhs117,lhs,108308.65889413511,0.0017967995955725162,0.9221400654056774,0.5289800504768303,30,100,optimal,0.0,0,0,,optimal,0.0,0,0,,optimal,0.0,0,0,,,,identical,,0.0,0.0,0.0,1.0,0,0,0,0,0,0,,,,identical,,0.0,0.0,0.0,1.0,0,0,0,0,0,0,,,
published,lhs117,lhs,108308.65889413511,0.0017967995955725162,0.9221400654056774,0.5289800504768303,20,100,optimal,0.0,0,0,,optimal,0.0,0,0,,optimal,0.0,0,0,,,,identical,,0.0,0.0,0.0,1.0,0,0,0,0,0,0,,,,identical,,0.0,0.0,0.0,1.0,0,0,0,0,0,0,,,
published,lhs117,lhs,108308.65889413511,0.0017967995955725162,0.9221400654056774,0.5289800504768303,15,100,optimal,0.0,0,0,,optimal,0.0,0,0,,optimal,0.0,0,0,,,,identical,,0.0,0.0,0.0,1.0,0,0,0,0,0,0,,,,identical,,0.0,0.0,0.0,1.0,0,0,0,0,0,0,,,
published,lhs117,lhs,108308.65889413511,0.0017967995955725162,0.9221400654056774,0.5289800504768303,10,100,optimal,0.0,0,0,,optimal,0.0,0,0,,optimal,0.0,0,0,,,,identical,,0.0,0.0,0.0,1.0,0,0,0,0,0,0,,,,identical,,0.0,0.0,0.0,1.0,0,0,0,0,0,0,,,
published,lhs117,lhs,108308.65889413511,0.0017967995955725162,0.9221400654056774,0.5289800504768303,6,100,optimal,0.0,0,0,,optimal,0.0,0,0,,optimal,0.0,0,0,,,,identical,,0.0,0.0,0.0,1.0,0,0,0,0,0,0,,,,identical,,0.0,0.0,0.0,1.0,0,0,0,0,0,0,,,
published,lhs118,lhs,1018.0040657657612,0.02067448496184213,0.9558722182378928,0.6737973446871974,1000000,100,optimal,21.464882609805382,26,7,4.714285714285714,optimal,15.630863557210686,15,5,4.0,optimal,7.242055428836517,4,2,3.0,0.050276352689897476,0.12331143269440609,changed,served_and_memory,2.0074835367989525,0.6567451904417361,0.4014967073597905,0.5769230769230769,11,0,-11,-2,0,3,0.0,14.6,0.37779373752225137,changed,served_and_memory,76.23782824150157,8.415470710245705,38.11891412075079,0.15384615384615385,22,0,-22,-5,0,2,0.0,60.5,3.626024184155007
published,lhs118,lhs,1018.0040657657612,0.02067448496184213,0.9558722182378928,0.6737973446871974,40,100,optimal,21.464882609805382,26,7,4.714285714285714,optimal,15.630863557210684,15,5,4.0,optimal,7.242055428836517,4,2,3.0,0.050276352689897476,0.10375364037838179,changed,served_and_memory,2.0074835367989508,0.6567451904417361,0.40149670735979015,0.5769230769230769,11,0,-11,-2,0,3,0.0,14.6,0.3777937375222513,changed,served_and_memory,75.28820875631227,8.415470710245705,37.644104378156136,0.15384615384615385,22,0,-22,-5,0,2,0.0,60.5,3.626024184155007
published,lhs118,lhs,1018.0040657657612,0.02067448496184213,0.9558722182378928,0.6737973446871974,30,100,optimal,21.46488260980538,26,7,4.714285714285714,optimal,15.630863557210684,15,5,4.0,optimal,7.242055428836517,4,2,3.0,0.050276352689897476,0.12532289850754513,changed,served_and_memory,2.0074835367989508,0.6567451904417325,0.40149670735979015,0.5769230769230769,11,0,-11,-2,0,3,0.0,14.6,0.37779373752225115,changed,served_and_memory,73.35203819705146,8.415470710245701,36.67601909852573,0.15384615384615385,22,0,-22,-5,0,2,0.0,73.0,4.888177319886966
published,lhs118,lhs,1018.0040657657612,0.02067448496184213,0.9558722182378928,0.6737973446871974,20,100,optimal,21.160729587604877,20,6,4.333333333333333,optimal,15.630863557210684,15,5,4.0,optimal,7.242055428836517,4,2,3.0,0.050276352689897476,0.141180193984225,changed,served_and_memory,0.9385058086586344,0.3525921682412303,0.18770116173172688,0.75,5,0,-5,-1,0,3,0.0,14.6,0.37779373752225115,changed,served_and_memory,49.05891233357753,8.1113176880452,24.529456166788766,0.2,16,0,-16,-4,0,2,0.0,73.0,4.888177319886966
published,lhs118,lhs,1018.0040657657612,0.02067448496184213,0.9558722182378928,0.6737973446871974,15,100,optimal,20.808137419363646,15,5,4.0,optimal,15.630863557210684,15,5,4.0,optimal,7.242055428836517,4,2,3.0,0.050276352689897476,0.23713737056616555,identical,,0.0,0.0,0.0,1.0,0,0,0,0,0,0,0.0,0.0,0.0,changed,served_and_memory,32.63832716435696,7.758725519803969,16.31916358217848,0.26666666666666666,11,0,-11,-3,0,1,0.0,24.0,1.13520263013472
published,lhs118,lhs,1018.0040657657612,0.02067448496184213,0.9558722182378928,0.6737973446871974,10,100,optimal,17.69297254476517,7,3,3.3333333333333335,optimal,14.894513230848,7,3,3.3333333333333335,optimal,7.242055428836517,4,2,3.0,0.23713737056616555,0.46415888336127825,identical,,0.0,0.0,0.0,1.0,0,0,0,0,0,0,0.0,0.0,0.0,changed,served_set_only,2.2494696722385967,4.643560645205492,1.1247348361192984,0.5714285714285714,3,0,-3,-1,0,0,0.0,0.0,0.0
published,lhs118,lhs,1018.0040657657612,0.02067448496184213,0.9558722182378928,0.6737973446871974,6,100,optimal,13.049411899559678,4,2,3.0,optimal,11.308162502381712,4,2,3.0,optimal,7.242055428836517,4,2,3.0,0.46415888336127825,0.5356805395261334,identical,,0.0,0.0,0.0,1.0,0,0,0,0,0,0,0.0,0.0,0.0,identical,,0.0,0.0,0.0,1.0,0,0,0,0,0,0,0.0,0.0,0.0
published,lhs119,lhs,42920.03624581381,0.053268635132591585,0.9484384621163624,0.8222284492132768,1000000,100,optimal,99.90800285298428,55,14,7.214285714285714,optimal,81.59058868873227,55,14,7.214285714285714,optimal,22.93436494073432,7,3,3.3333333333333335,0.030017743045081,0.05916841616414359,tie,,-1.4210854715202004e-14,0.0,-1.0150610510858574e-15,1.0,0,0,0,0,0,2,0.0,0.0,-3.172065784643304e-17,changed,served_and_memory,285.5318240137591,64.27325112408272,95.17727467125303,0.12727272727272726,48,0,-48,-11,0,3,0.0,77.33333333333333,6.848912076311538
published,lhs119,lhs,42920.03624581381,0.053268635132591585,0.9484384621163624,0.8222284492132768,40,100,optimal,97.01941365468562,40,14,7.785714285714286,optimal,78.5906121302247,40,14,7.785714285714286,optimal,22.93436494073432,7,3,3.3333333333333335,0.030017743045081,0.0640270900528647,tie,,1.4210854715202004e-14,0.0,1.0150610510858574e-15,1.0,0,0,0,0,0,2,0.0,0.0,1.586032892321652e-17,changed,served_and_memory,306.2511606604424,61.38466192578405,102.08372022014747,0.175,33,0,-33,-11,0,3,0.0,77.33333333333333,6.848912076311538
published,lhs119,lhs,42920.03624581381,0.053268635132591585,0.9484384621163624,0.8222284492132768,30,100,optimal,81.34514430929532,30,11,7.181818181818182,optimal,67.47482760099048,30,11,7.181818181818182,optimal,22.93436494073432,7,3,3.3333333333333335,0.03319923187926317,0.0640270900528647,identical,,0.0,0.0,0.0,1.0,0,0,0,0,0,0,0.0,0.0,0.0,changed,served_and_memory,204.06386803165276,45.71039258039375,68.02128934388425,0.23333333333333334,23,0,-23,-8,0,3,0.0,73.0,5.6149794621844755
published,lhs119,lhs,42920.03624581381,0.053268635132591585,0.9484384621163624,0.8222284492132768,20,100,optimal,67.150845660534,20,9,7.444444444444445,optimal,56.303725978152094,18,7,5.428571428571429,optimal,22.93436494073432,7,3,3.3333333333333335,0.03319923187926317,0.0640270900528647,changed,served_and_memory,0.4490142332622469,3.017016998521811,0.06414489046603526,0.46153846153846156,8,6,-2,-2,0,3,0.0,5.0,0.1891104431955247,changed,served_and_memory,175.69066013195388,31.516093931632433,58.56355337731796,0.35,13,0,-13,-6,0,2,0.0,48.666666666666664,3.954431759504285
published,lhs119,lhs,42920.03624581381,0.053268635132591585,0.9484384621163624,0.8222284492132768,15,100,optimal,53.338703489113776,15,6,5.666666666666667,optimal,46.5658107219929,15,6,5.666666666666667,optimal,22.93436494073432,7,3,3.3333333333333335,0.0640270900528647,0.12431716560097561,tie,,7.105427357601002e-15,-7.105427357601002e-15,1.1842378929335002e-15,1.0,0,0,0,0,0,4,0.0,0.0,-1.850371707708594e-17,changed,served_and_memory,57.98034646643263,17.703951760212206,19.32678215547754,0.2222222222222222,11,3,-8,-3,0,2,0.0,73.0,4.888177319886966
published,lhs119,lhs,42920.03624581381,0.053268635132591585,0.9484384621163624,0.8222284492132768,10,100,optimal,42.94424508935332,10,5,4.2,optimal,38.19987086212964,10,5,4.2,optimal,22.93436494073432,7,3,3.3333333333333335,0.0005623413251903491,0.08153869645085443,identical,,0.0,0.0,0.0,1.0,0,0,0,0,0,0,0.0,0.0,0.0,changed,routing,35.57972655992588,7.309493360451754,11.859908853308626,0.4166666666666667,5,2,-3,-2,1,1,0.6666666666666666,16.0,4.776575972524229
published,lhs119,lhs,42920.03624581381,0.053268635132591585,0.9484384621163624,0.8222284492132768,6,100,optimal,28.72436793208948,6,3,3.0,optimal,26.795917331623382,6,3,3.0,optimal,19.032270085279997,4,2,3.0,0.0036869450645195738,0.23713737056616555,identical,,0.0,0.0,0.0,1.0,0,0,0,0,0,0,0.0,0.0,0.0,changed,routing,1.4938260335507678,3.8847413760863247,0.7469130167753839,0.42857142857142855,3,1,-2,-1,1,0,0.5,0.0,2.783377782255476
published,lhs120,lhs,2493.8679893788467,0.0030397402383655187,0.9445236668736863,0.8786247628060514,1000000,100,optimal,23.84698706889997,7,3,3.3333333333333335,optimal,21.0485277549828,7,3,3.3333333333333335,optimal,11.14660028073272,7,3,3.3333333333333335,0.23713737056616555,0.46415888336127825,identical,,0.0,0.0,0.0,1.0,0,0,0,0,0,0,0.0,0.0,0.0,identical,,0.0,0.0,0.0,1.0,0,0,0,0,0,0,0.0,0.0,0.0
published,lhs120,lhs,2493.8679893788467,0.0030397402383655187,0.9445236668736863,0.8786247628060514,40,100,optimal,23.84698706889997,7,3,3.3333333333333335,optimal,21.0485277549828,7,3,3.3333333333333335,optimal,11.14660028073272,7,3,3.3333333333333335,0.23713737056616555,0.46415888336127825,identical,,0.0,0.0,0.0,1.0,0,0,0,0,0,0,0.0,0.0,0.0,identical,,0.0,0.0,0.0,1.0,0,0,0,0,0,0,0.0,0.0,0.0
published,lhs120,lhs,2493.8679893788467,0.0030397402383655187,0.9445236668736863,0.8786247628060514,30,100,optimal,23.84698706889997,7,3,3.3333333333333335,optimal,21.0485277549828,7,3,3.3333333333333335,optimal,11.14660028073272,7,3,3.3333333333333335,0.23713737056616555,0.46415888336127825,identical,,0.0,0.0,0.0,1.0,0,0,0,0,0,0,0.0,0.0,0.0,identical,,0.0,0.0,0.0,1.0,0,0,0,0,0,0,0.0,0.0,0.0
published,lhs120,lhs,2493.8679893788467,0.0030397402383655187,0.9445236668736863,0.8786247628060514,20,100,optimal,23.84698706889997,7,3,3.3333333333333335,optimal,21.0485277549828,7,3,3.3333333333333335,optimal,11.14660028073272,7,3,3.3333333333333335,0.23713737056616555,0.46415888336127825,identical,,0.0,0.0,0.0,1.0,0,0,0,0,0,0,0.0,0.0,0.0,identical,,0.0,0.0,0.0,1.0,0,0,0,0,0,0,0.0,0.0,0.0
published,lhs120,lhs,2493.8679893788467,0.0030397402383655187,0.9445236668736863,0.8786247628060514,15,100,optimal,23.84698706889997,7,3,3.3333333333333335,optimal,21.0485277549828,7,3,3.3333333333333335,optimal,11.14660028073272,7,3,3.3333333333333335,0.23713737056616555,0.46415888336127825,identical,,0.0,0.0,0.0,1.0,0,0,0,0,0,0,0.0,0.0,0.0,identical,,0.0,0.0,0.0,1.0,0,0,0,0,0,0,0.0,0.0,0.0
published,lhs120,lhs,2493.8679893788467,0.0030397402383655187,0.9445236668736863,0.8786247628060514,10,100,optimal,23.84698706889997,7,3,3.3333333333333335,optimal,21.0485277549828,7,3,3.3333333333333335,optimal,11.14660028073272,7,3,3.3333333333333335,0.23713737056616555,0.46415888336127825,identical,,0.0,0.0,0.0,1.0,0,0,0,0,0,0,0.0,0.0,0.0,identical,,0.0,0.0,0.0,1.0,0,0,0,0,0,0,0.0,0.0,0.0
published,lhs120,lhs,2493.8679893788467,0.0030397402383655187,0.9445236668736863,0.8786247628060514,6,100,optimal,16.928720851900557,4,2,3.0,optimal,15.187471454722592,4,2,3.0,optimal,11.121364381177397,4,2,3.0,0.46415888336127825,0.5356805395261334,identical,,0.0,0.0,0.0,1.0,0,0,0,0,0,0,0.0,0.0,0.0,identical,,0.0,0.0,0.0,1.0,0,0,0,0,0,0,0.0,0.0,0.0
published,lhs121,lhs,34041.24878411327,0.06589499165377291,0.969860191345223,0.9320615773374266,1000000,100,optimal,136.60537296909993,51,17,9.0,optimal,113.41261282642425,51,17,9.0,optimal,23.928997963258528,7,3,3.3333333333333335,0.0221885046944556,0.06044547074134525,tie,,0.0,0.0,0.0,1.0,0,0,0,0,0,8,0.0,0.0,9.143013143971877e-17,changed,served_and_memory,486.85359342762456,99.97598821767416,162.2845311425415,0.13725490196078433,44,0,-44,-14,0,3,0.0,77.33333333333333,6.506778296285627
published,lhs121,lhs,34041.24878411327,0.06589499165377291,0.969860191345223,0.9320615773374266,40,100,optimal,133.66130478904836,40,17,9.647058823529411,optimal,109.98106121568273,40,17,9.647058823529411,optimal,23.928997963258528,7,3,3.3333333333333335,0.008576498012880285,0.05789136158694193,tie,,0.0,-2.842170943040401e-14,0.0,1.0,0,0,0,0,0,6,0.0,0.0,-6.530723674265627e-17,changed,served_and_memory,567.8556164784396,97.03192003762258,189.28520549281322,0.175,33,0,-33,-14,0,3,0.0,69.0,5.984079054005817
published,lhs121,lhs,34041.24878411327,0.06589499165377291,0.969860191345223,0.9320615773374266,30,100,optimal,111.27586989340563,27,14,9.714285714285714,optimal,91.93178344151956,27,14,9.714285714285714,optimal,23.928997963258528,7,3,3.3333333333333335,0.03134209593995679,0.03319923187926317,tie,,0.0,-1.4210854715202004e-14,0.0,1.0,0,0,0,0,0,2,0.0,0.0,3.9650822308041306e-17,changed,served_and_memory,462.61050305013896,74.64648514197985,154.20350101671298,0.25925925925925924,20,0,-20,-11,0,2,0.0,53.0,5.188364373631347
published,lhs121,lhs,34041.24878411327,0.06589499165377291,0.969860191345223,0.9320615773374266,20,100,optimal,91.77143684699314,20,11,9.0,optimal,77.13899995874812,20,11,9.0,optimal,23.928997963258528,7,3,3.3333333333333335,0.03319923187926317,0.0640270900528647,tie,,0.0,0.0,0.0,1.0,0,0,0,0,0,2,0.0,0.0,-2.0185873175002847e-17,changed,served_and_memory,311.9860194892403,55.142052095567365,103.99533982974675,0.35,13,0,-13,-8,0,2,0.0,48.666666666666664,3.954431759504285
published,lhs121,lhs,34041.24878411327,0.06589499165377291,0.969860191345223,0.9320615773374266,15,100,optimal,59.33658794849273,15,6,5.666666666666667,optimal,52.56369518137184,15,6,5.666666666666667,optimal,23.928997963258528,7,3,3.3333333333333335,0.0640270900528647,0.08153869645085443,tie,,0.0,7.105427357601002e-15,0.0,1.0,0,0,0,0,0,2,0.0,0.0,5.551115123125783e-17,changed,served_and_memory,60.2595489699456,22.707203197066953,20.086516323315198,0.2222222222222222,11,3,-8,-3,0,2,0.0,48.0,2.3287746506964258
published,lhs121,lhs,34041.24878411327,0.06589499165377291,0.969860191345223,0.9320615773374266,10,100,optimal,45.864606899204645,10,5,4.2,optimal,41.120232671980965,10,5,4.2,optimal,23.928997963258528,7,3,3.3333333333333335,0.0005623413251903491,0.15703748946090484,tie,,-7.105427357601002e-15,7.105427357601002e-15,-1.4210854715202005e-15,1.0,0,0,0,0,0,2,0.0,0.0,6.661338147750939e-17,changed,routing,29.197480329366325,9.23522214777887,9.732493443122108,0.4166666666666667,5,2,-3,-2,1,1,0.6666666666666666,24.333333333333332,5.738602050037531
published,lhs121,lhs,34041.24878411327,0.06589499165377291,0.969860191345223,0.9320615773374266,6,100,optimal,29.461115246750904,6,3,3.0,optimal,27.532664646284807,6,3,3.0,optimal,19.519148082447927,4,2,3.0,0.0036869450645195738,0.23713737056616555,identical,,0.0,0.0,0.0,1.0,0,0,0,0,0,0,0.0,0.0,0.0,changed,routing,1.2439567160572693,4.134610693579813,0.6219783580286347,0.42857142857142855,3,1,-2,-1,1,0,0.5,0.0,2.873820772524472
published,lhs122,lhs,1770.556532039404,0.051509104713243735,0.9262567865372576,0.6803153636046009,1000000,100,optimal,23.145173831937036,26,7,4.714285714285714,optimal,17.471887117825478,15,5,4.0,optimal,8.246897512632435,4,2,3.0,0.050276352689897476,0.15703748946090484,changed,served_and_memory,2.1682158752820833,0.4960128519586,0.43364317505641664,0.5769230769230769,11,0,-11,-2,0,3,0.0,9.6,0.1886832943267264,changed,served_and_memory,76.45214504104025,9.090919848581441,38.22607252052013,0.15384615384615385,22,0,-22,-5,0,2,0.0,60.5,3.5909277864283853
published,lhs122,lhs,1770.556532039404,0.051509104713243735,0.9262567865372576,0.6803153636046009,40,100,optimal,23.145173831937036,26,7,4.714285714285714,optimal,17.471887117825478,15,5,4.0,optimal,8.246897512632435,4,2,3.0,0.05387208250415978,0.09682853110646922,changed,served_and_memory,2.168215875282085,0.4960128519586,0.43364317505641703,0.5769230769230769,11,0,-11,-2,0,3,0.0,9.6,0.18868329432672645,changed,served_and_memory,76.35085659514759,9.090919848581441,38.175428297573795,0.15384615384615385,22,0,-22,-5,0,2,0.0,60.5,3.5909277864283853
published,lhs122,lhs,1770.556532039404,0.051509104713243735,0.9262567865372576,0.6803153636046009,30,100,optimal,23.145173831937036,26,7,4.714285714285714,optimal,17.471887117825478,15,5,4.0,optimal,8.246897512632435,4,2,3.0,0.050276352689897476,0.08153869645085443,changed,served_and_memory,2.168215875282087,0.4960128519586,0.43364317505641736,0.5769230769230769,11,0,-11,-2,0,3,0.0,9.6,0.1886832943267266,changed,served_and_memory,78.38831560030108,9.090919848581441,39.19415780015054,0.15384615384615385,22,0,-22,-5,0,2,0.0,48.0,2.3287746506964258
published,lhs122,lhs,1770.556532039404,0.051509104713243735,0.9262567865372576,0.6803153636046009,20,100,optimal,23.044050814260626,20,6,4.333333333333333,optimal,17.471887117825478,15,5,4.0,optimal,8.246897512632435,4,2,3.0,0.0640270900528647,0.13038656197151804,changed,served_and_memory,0.8962081426176702,0.39488983428218916,0.17924162852353404,0.75,5,0,-5,-1,0,3,0.0,9.6,0.18868329432672645,changed,served_and_memory,50.9050812419603,8.98979683090503,25.45254062098015,0.2,16,0,-16,-4,0,2,0.0,60.5,3.5909277864283853
published,lhs122,lhs,1770.556532039404,0.051509104713243735,0.9262567865372576,0.6803153636046009,15,100,optimal,22.649160979978436,15,5,4.0,optimal,17.471887117825478,15,5,4.0,optimal,8.246897512632435,4,2,3.0,0.08153869645085443,0.16394459283656687,tie,,0.0,0.0,0.0,1.0,0,0,0,0,0,2,0.0,0.0,6.661338147750939e-17,changed,served_and_memory,29.764686682384593,8.594906996622841,14.882343341192296,0.26666666666666666,11,0,-11,-3,0,1,0.0,36.5,2.397355765866679
published,lhs122,lhs,1770.556532039404,0.051509104713243735,0.9262567865372576,0.6803153636046009,10,100,optimal,19.076126383915415,7,3,3.3333333333333335,optimal,16.277667069998245,7,3,3.3333333333333335,optimal,8.246897512632435,4,2,3.0,0.23713737056616555,0.46415888336127825,identical,,0.0,0.0,0.0,1.0,0,0,0,0,0,0,0.0,0.0,0.0,changed,served_set_only,1.871157916884271,5.02187240055982,0.9355789584421355,0.5714285714285714,3,0,-3,-1,0,0,0.0,0.0,0.0
published,lhs122,lhs,1770.556532039404,0.051509104713243735,0.9262567865372576,0.6803153636046009,6,100,optimal,14.054253983355595,4,2,3.0,optimal,12.313004586177632,4,2,3.0,optimal,8.246897512632435,4,2,3.0,0.46415888336127825,0.5356805395261334,identical,,0.0,0.0,0.0,1.0,0,0,0,0,0,0,0.0,0.0,0.0,identical,,0.0,0.0,0.0,1.0,0,0,0,0,0,0,0.0,0.0,0.0
published,lhs123,lhs,24083.002467502614,0.0031715008377580425,0.9814937752537697,0.6842857185483278,1000000,100,optimal,32.379748292331286,7,3,3.3333333333333335,optimal,29.581288978414108,7,3,3.3333333333333335,optimal,19.679361504164028,7,3,3.3333333333333335,0.23713737056616555,0.46415888336127825,identical,,0.0,0.0,0.0,1.0,0,0,0,0,0,0,0.0,0.0,0.0,identical,,0.0,0.0,0.0,1.0,0,0,0,0,0,0,0.0,0.0,0.0
published,lhs123,lhs,24083.002467502614,0.0031715008377580425,0.9814937752537697,0.6842857185483278,40,100,optimal,32.379748292331286,7,3,3.3333333333333335,optimal,29.581288978414108,7,3,3.3333333333333335,optimal,19.679361504164028,7,3,3.3333333333333335,0.23713737056616555,0.46415888336127825,identical,,0.0,0.0,0.0,1.0,0,0,0,0,0,0,0.0,0.0,0.0,identical,,0.0,0.0,0.0,1.0,0,0,0,0,0,0,0.0,0.0,0.0
published,lhs123,lhs,24083.002467502614,0.0031715008377580425,0.9814937752537697,0.6842857185483278,30,100,optimal,32.379748292331286,7,3,3.3333333333333335,optimal,29.581288978414108,7,3,3.3333333333333335,optimal,19.679361504164028,7,3,3.3333333333333335,0.23713737056616555,0.46415888336127825,identical,,0.0,0.0,0.0,1.0,0,0,0,0,0,0,0.0,0.0,0.0,identical,,0.0,0.0,0.0,1.0,0,0,0,0,0,0,0.0,0.0,0.0
published,lhs123,lhs,24083.002467502614,0.0031715008377580425,0.9814937752537697,0.6842857185483278,20,100,optimal,32.379748292331286,7,3,3.3333333333333335,optimal,29.581288978414108,7,3,3.3333333333333335,optimal,19.679361504164028,7,3,3.3333333333333335,0.23713737056616555,0.46415888336127825,identical,,0.0,0.0,0.0,1.0,0,0,0,0,0,0,0.0,0.0,0.0,identical,,0.0,0.0,0.0,1.0,0,0,0,0,0,0,0.0,0.0,0.0
published,lhs123,lhs,24083.002467502614,0.0031715008377580425,0.9814937752537697,0.6842857185483278,15,100,optimal,32.379748292331286,7,3,3.3333333333333335,optimal,29.581288978414108,7,3,3.3333333333333335,optimal,19.679361504164028,7,3,3.3333333333333335,0.23713737056616555,0.46415888336127825,identical,,0.0,0.0,0.0,1.0,0,0,0,0,0,0,0.0,0.0,0.0,identical,,0.0,0.0,0.0,1.0,0,0,0,0,0,0,0.0,0.0,0.0
published,lhs123,lhs,24083.002467502614,0.0031715008377580425,0.9814937752537697,0.6842857185483278,10,100,optimal,32.379748292331286,7,3,3.3333333333333335,optimal,29.581288978414108,7,3,3.3333333333333335,optimal,19.679361504164028,7,3,3.3333333333333335,0.23713737056616555,0.46415888336127825,identical,,0.0,0.0,0.0,1.0,0,0,0,0,0,0,0.0,0.0,0.0,identical,,0.0,0.0,0.0,1.0,0,0,0,0,0,0,0.0,0.0,0.0
published,lhs123,lhs,24083.002467502614,0.0031715008377580425,0.9814937752537697,0.6842857185483278,6,100,optimal,25.61933989659611,6,3,3.0,optimal,23.69088929613001,6,3,3.0,optimal,16.956917135892052,4,2,3.0,0.0036869450645195738,0.23713737056616555,identical,,0.0,0.0,0.0,1.0,0,0,0,0,0,0,0.0,0.0,0.0,changed,routing,2.523501119656192,2.855066289980897,1.261750559828096,0.42857142857142855,3,1,-2,-1,1,0,0.5,0.0,2.6509075560420663
published,lhs124,lhs,34894.03804955218,0.07388641735615933,0.9657451781417318,0.5093124603664978,1000000,100,optimal,55.852610134333666,53,11,5.818181818181818,optimal,42.44757342991897,46,10,5.6,optimal,17.798005114977144,7,3,3.3333333333333335,0.030017743045081,0.08153869645085443,changed,served_set_only,0.13251076654138672,1.3084393223856239,0.01325107665413867,0.8679245283018868,7,0,-7,-1,0,0,0.0,0.0,0.0,changed,served_and_memory,170.47570523407268,25.35421823118927,56.82523507802423,0.1320754716981132,46,0,-46,-8,0,3,0.0,73.0,5.614979462184476
published,lhs124,lhs,34894.03804955218,0.07388641735615933,0.9657451781417318,0.5093124603664978,40,100,optimal,52.724201971910524,39,9,5.333333333333333,optimal,42.06895870677526,39,9,5.333333333333333,optimal,17.798005114977144,7,3,3.3333333333333335,0.05387208250415978,0.09682853110646922,tie,,0.0,0.0,0.0,1.0,0,0,0,0,0,4,0.0,0.0,-4.9343245538895844e-17,changed,served_and_memory,108.701027096531,22.22581006876613,36.23367569884367,0.1794871794871795,32,0,-32,-6,0,3,0.0,64.66666666666667,4.410432694990488
published,lhs124,lhs,34894.03804955218,0.07388641735615933,0.9657451781417318,0.5093124603664978,30,100,optimal,48.363356677295954,27,8,5.25,optimal,40.005090390968725,26,7,4.714285714285714,optimal,17.798005114977144,7,3,3.3333333333333335,0.050276352689897476,0.09366926137363539,changed,routing,0.8054682045206576,0.5167636969335874,0.11506688636009395,0.6060606060606061,7,6,-1,-1,1,5,-0.2857142857142857,6.857142857142857,0.3700433010888235,changed,served_and_memory,91.67104913475805,17.86496477415156,30.557016378252683,0.25925925925925924,20,0,-20,-5,0,3,0.0,56.333333333333336,3.5455996726847676
published,lhs124,lhs,34894.03804955218,0.07388641735615933,0.9657451781417318,0.5093124603664978,20,100,optimal,44.592970178567754,20,6,4.333333333333333,optimal,38.12459833951493,20,6,4.333333333333333,optimal,17.798005114977144,7,3,3.3333333333333335,0.050276352689897476,0.141180193984225,tie,,0.0,-7.105427357601002e-15,0.0,1.0,0,0,0,0,0,4,0.0,0.0,-1.1102230246251565e-16,changed,served_and_memory,36.182621428755276,14.094578275423359,12.060873809585091,0.35,13,0,-13,-3,0,2,0.0,48.666666666666664,3.2587848799246437
published,lhs124,lhs,34894.03804955218,0.07388641735615933,0.9657451781417318,0.5093124603664978,15,100,optimal,40.93721174453281,15,5,4.0,optimal,35.759937882379845,15,5,4.0,optimal,17.798005114977144,7,3,3.3333333333333335,0.050276352689897476,0.23713737056616555,tie,,0.0,7.105427357601002e-15,0.0,1.0,0,0,0,0,0,2,0.0,0.0,1.1102230246251565e-16,changed,served_and_memory,23.065202525328424,10.438819841388415,7.688400841776141,0.4666666666666667,8,0,-8,-2,0,1,0.0,16.0,0.7568017534231467
published,lhs124,lhs,34894.03804955218,0.07388641735615933,0.9657451781417318,0.5093124603664978,10,100,optimal,31.790614159915705,10,5,4.2,optimal,27.699932589227224,7,3,3.3333333333333335,optimal,17.798005114977144,7,3,3.3333333333333335,0.0005623413251903491,0.08153869645085443,changed,routing,0.6536926565351919,1.2922222567713106,0.21789755217839732,0.4166666666666667,5,2,-3,-2,1,1,0.6666666666666666,16.0,2.4148336360329945,changed,routing,41.59699766360633,1.2922222567713106,13.865665887868778,0.4166666666666667,5,2,-3,-2,1,1,0.6666666666666666,16.0,4.315917121258651
published,lhs124,lhs,34894.03804955218,0.07388641735615933,0.9657451781417318,0.5093124603664978,6,100,optimal,24.21602703087306,6,3,3.0,optimal,22.287576430406965,6,3,3.0,optimal,16.022973526630224,4,2,3.0,0.0036869450645195738,0.23713737056616555,identical,,0.0,0.0,0.0,1.0,0,0,0,0,0,0,0.0,0.0,0.0,changed,routing,2.992870376117409,2.3856970335196763,1.4964351880587046,0.42857142857142855,3,1,-2,-1,1,0,0.5,0.0,2.4378836438062925
published,lhs125,lhs,112627.96460273571,0.08689567592480954,0.9383865094199522,0.7917240611587407,1000000,100,optimal,104.27908236375303,54,13,6.769230769230769,optimal,87.82310416475768,54,12,6.333333333333333,optimal,26.357136106665138,7,3,3.3333333333333335,0.03319923187926317,0.06044547074134525,changed,served_and_memory,0.3017602054884634,1.2863528550339254,0.025146683790705282,1.0,0,0,0,-1,0,4,0.0,4.166666666666667,0.1575920359962706,changed,served_and_memory,226.90848813911322,65.22155946892065,75.63616271303773,0.12962962962962962,47,0,-47,-10,0,3,0.0,81.66666666666667,7.74071091041269
published,lhs125,lhs,112627.96460273571,0.08689567592480954,0.9383865094199522,0.7917240611587407,40,100,optimal,99.78635727322018,40,13,7.384615384615385,optimal,83.21899171401591,40,12,7.0,optimal,26.357136106665138,7,3,3.3333333333333335,0.030017743045081,0.0640270900528647,changed,served_and_memory,0.3017602054884776,1.2863528550339396,0.025146683790706465,1.0,0,0,0,-1,0,2,0.0,4.166666666666667,0.1575920359962706,changed,served_and_memory,261.38057260845926,60.72883437838779,87.12685753615308,0.175,33,0,-33,-10,0,3,0.0,73.0,5.6149794621844755
published,lhs125,lhs,112627.96460273571,0.08689567592480954,0.9383865094199522,0.7917240611587407,30,100,optimal,84.37339858061257,30,10,6.6,optimal,72.72536386593895,28,9,5.888888888888889,optimal,26.357136106665138,7,3,3.3333333333333335,0.0640270900528647,0.07278289325185956,changed,served_and_memory,0.6626062338630305,0.9201588411894477,0.07362291487367006,0.5675675675675675,9,7,-2,-1,0,2,0.0,5.428571428571429,0.2704406851547841,changed,served_and_memory,149.64002803717358,45.315875685780185,49.880009345724524,0.23333333333333334,23,0,-23,-7,0,3,0.0,77.33333333333333,6.506778296285627
published,lhs125,lhs,112627.96460273571,0.08689567592480954,0.9383865094199522,0.7917240611587407,20,100,optimal,70.3070262845367,18,7,5.428571428571429,optimal,62.4769236006766,18,7,5.428571428571429,optimal,26.357136106665138,7,3,3.3333333333333335,0.0640270900528647,0.12331143269440609,identical,,0.0,0.0,0.0,1.0,0,0,0,0,0,0,0.0,0.0,0.0,changed,served_and_memory,53.191681152488805,31.249503389704316,17.730560384162935,0.3888888888888889,11,0,-11,-4,0,2,0.0,40.333333333333336,2.4173494561033375
published,lhs125,lhs,112627.96460273571,0.08689567592480954,0.9383865094199522,0.7917240611587407,15,100,optimal,58.4375839334789,15,6,5.666666666666667,optimal,51.73828470575908,15,5,4.0,optimal,26.357136106665138,7,3,3.3333333333333335,0.0640270900528647,0.11928809295587964,changed,routing,0.07359353940106672,1.5220253655668614,0.014718707880213344,0.36363636363636365,7,7,0,-1,1,3,-0.75,12.0,0.32398144514955973,changed,served_and_memory,61.65052056910521,19.38006103864651,20.55017352303507,0.2222222222222222,11,3,-8,-3,0,2,0.0,60.5,3.590927786428385
published,lhs125,lhs,112627.96460273571,0.08689567592480954,0.9383865094199522,0.7917240611587407,10,100,optimal,48.091188395375006,10,5,4.2,optimal,43.34681416815133,10,5,4.2,optimal,26.357136106665138,7,3,3.3333333333333335,0.0005623413251903491,0.08153869645085443,identical,,0.0,0.0,0.0,1.0,0,0,0,0,0,0,0.0,0.0,0.0,changed,routing,33.855554419835016,9.033665500542618,11.285184806611673,0.4166666666666667,5,2,-3,-2,1,1,0.6666666666666666,16.0,4.740214910230756
published,lhs125,lhs,112627.96460273571,0.08689567592480954,0.9383865094199522,0.7917240611587407,6,100,optimal,32.241640204380424,6,3,3.0,optimal,30.313189603914324,6,3,3.0,optimal,21.380724073051425,4,2,3.0,0.0036869450645195738,0.23713737056616555,identical,,0.0,0.0,0.0,1.0,0,0,0,0,0,0,0.0,0.0,0.0,changed,routing,0.3250077490312506,5.053559660605838,0.1625038745156253,0.42857142857142855,3,1,-2,-1,1,0,0.5,0.0,2.756106985535371
published,lhs126,lhs,3291.6107781717724,0.004399937216183701,0.9534115565788412,0.894471780039042,1000000,100,optimal,35.22594195126724,15,5,4.0,optimal,30.048668089114276,15,5,4.0,optimal,12.847022225180366,7,3,3.3333333333333335,0.08153869645085443,0.16394459283656687,tie,,-3.552713678800501e-15,0.0,-7.105427357601002e-16,1.0,0,0,0,0,0,2,0.0,0.0,-2.2204460492503132e-17,changed,served_and_memory,21.788030423643722,9.67853293791962,7.262676807881241,0.4666666666666667,8,0,-8,-2,0,1,0.0,24.333333333333332,1.5982371772444528
published,lhs126,lhs,3291.6107781717724,0.004399937216183701,0.9534115565788412,0.894471780039042,40,100,optimal,35.22594195126724,15,5,4.0,optimal,30.048668089114276,15,5,4.0,optimal,12.847022225180366,7,3,3.3333333333333335,0.08153869645085443,0.16394459283656687,tie,,-3.552713678800501e-15,0.0,-7.105427357601002e-16,1.0,0,0,0,0,0,2,0.0,0.0,-2.2204460492503132e-17,changed,served_and_memory,21.788030423643722,9.67853293791962,7.262676807881241,0.4666666666666667,8,0,-8,-2,0,1,0.0,24.333333333333332,1.5982371772444528
published,lhs126,lhs,3291.6107781717724,0.004399937216183701,0.9534115565788412,0.894471780039042,30,100,optimal,35.22594195126724,15,5,4.0,optimal,30.048668089114276,15,5,4.0,optimal,12.847022225180366,7,3,3.3333333333333335,0.08153869645085443,0.16394459283656687,tie,,-3.552713678800501e-15,0.0,-7.105427357601002e-16,1.0,0,0,0,0,0,2,0.0,0.0,-2.2204460492503132e-17,changed,served_and_memory,21.788030423643722,9.67853293791962,7.262676807881241,0.4666666666666667,8,0,-8,-2,0,1,0.0,24.333333333333332,1.5982371772444528
published,lhs126,lhs,3291.6107781717724,0.004399937216183701,0.9534115565788412,0.894471780039042,20,100,optimal,35.22594195126724,15,5,4.0,optimal,30.048668089114276,15,5,4.0,optimal,12.847022225180366,7,3,3.3333333333333335,0.08153869645085443,0.16394459283656687,tie,,-3.552713678800501e-15,0.0,-7.105427357601002e-16,1.0,0,0,0,0,0,2,0.0,0.0,-2.2204460492503132e-17,changed,served_and_memory,21.788030423643722,9.67853293791962,7.262676807881241,0.4666666666666667,8,0,-8,-2,0,1,0.0,24.333333333333332,1.5982371772444528
published,lhs126,lhs,3291.6107781717724,0.004399937216183701,0.9534115565788412,0.894471780039042,15,100,optimal,35.22594195126724,15,5,4.0,optimal,30.048668089114276,15,5,4.0,optimal,12.847022225180366,7,3,3.3333333333333335,0.08153869645085443,0.16394459283656687,tie,,-3.552713678800501e-15,0.0,-7.105427357601002e-16,1.0,0,0,0,0,0,2,0.0,0.0,-2.2204460492503132e-17,changed,served_and_memory,21.788030423643722,9.67853293791962,7.262676807881241,0.4666666666666667,8,0,-8,-2,0,1,0.0,24.333333333333332,1.5982371772444528
published,lhs126,lhs,3291.6107781717724,0.004399937216183701,0.9534115565788412,0.894471780039042,10,100,optimal,25.547409013347618,7,3,3.3333333333333335,optimal,22.748949699430444,7,3,3.3333333333333335,optimal,12.847022225180366,7,3,3.3333333333333335,0.23713737056616555,0.46415888336127825,identical,,0.0,0.0,0.0,1.0,0,0,0,0,0,0,0.0,0.0,0.0,identical,,0.0,0.0,0.0,1.0,0,0,0,0,0,0,0.0,0.0,0.0
published,lhs126,lhs,3291.6107781717724,0.004399937216183701,0.9534115565788412,0.894471780039042,6,100,optimal,18.49673039933141,6,3,3.0,optimal,16.568279798865312,6,3,3.0,optimal,12.212497525646619,4,2,3.0,0.0036869450645195738,0.23713737056616555,identical,,0.0,0.0,0.0,1.0,0,0,0,0,0,0,0.0,0.0,0.0,changed,routing,4.901691006675455,0.47687640296162925,2.4508455033377277,0.42857142857142855,3,1,-2,-1,1,0,0.5,0.0,2.8441261206392765
published,lhs127,lhs,4330.144348527809,0.05594166957927806,0.9489909671637567,0.6486949181570593,1000000,100,optimal,36.918377231973494,53,11,5.818181818181818,optimal,25.93732500523841,26,7,4.714285714285714,optimal,11.05759078484012,4,2,3.0,0.03319923187926317,0.0640270900528647,changed,served_and_memory,2.5564952442210114,3.139549637341439,0.36521360631728733,0.49056603773584906,27,0,-27,-4,0,5,0.0,10.428571428571429,0.2698526696587507,changed,served_and_memory,182.75398929983038,20.053429976410214,91.37699464991519,0.07547169811320754,49,0,-49,-9,0,2,0.0,73.0,4.888177319886966
published,lhs127,lhs,4330.144348527809,0.05594166957927806,0.9489909671637567,0.6486949181570593,40,100,optimal,36.101669047524815,39,9,5.333333333333333,optimal,25.937325005238407,26,7,4.714285714285714,optimal,11.05759078484012,4,2,3.0,0.05387208250415978,0.08153869645085443,changed,served_and_memory,0.4908992228488529,2.32284145289276,0.07012846040697898,0.6666666666666666,13,0,-13,-2,0,3,0.0,10.428571428571429,0.2698526696587509,changed,served_and_memory,118.68260670407638,19.236721791961536,59.34130335203819,0.10256410256410256,35,0,-35,-7,0,2,0.0,60.5,3.5909277864283853
published,lhs127,lhs,4330.144348527809,0.05594166957927806,0.9489909671637567,0.6486949181570593,30,100,optimal,33.778827594632055,26,7,4.714285714285714,optimal,25.937325005238407,26,7,4.714285714285714,optimal,11.05759078484012,4,2,3.0,0.050276352689897476,0.12532289850754513,tie,,-3.552713678800501e-15,0.0,-5.075305255429287e-16,1.0,0,0,0,0,0,4,0.0,0.0,7.930164461608261e-17,changed,served_and_memory,64.85362856822837,16.913880339068776,32.42681428411419,0.15384615384615385,22,0,-22,-5,0,2,0.0,73.0,4.888177319886966
published,lhs127,lhs,4330.144348527809,0.05594166957927806,0.9489909671637567,0.6486949181570593,20,100,optimal,31.9241223425056,20,6,4.333333333333333,optimal,25.45575050345278,20,6,4.333333333333333,optimal,11.05759078484012,4,2,3.0,0.050276352689897476,0.16049104114873586,identical,,0.0,0.0,0.0,1.0,0,0,0,0,0,0,0.0,0.0,0.0,changed,served_and_memory,44.936991431815656,15.059175086942322,22.468495715907828,0.2,16,0,-16,-4,0,2,0.0,60.5,3.5909277864283853
published,lhs127,lhs,4330.144348527809,0.05594166957927806,0.9489909671637567,0.6486949181570593,15,100,optimal,29.924360949236217,15,5,4.0,optimal,24.747087087083255,15,5,4.0,optimal,11.05759078484012,4,2,3.0,0.050276352689897476,0.23713737056616555,tie,,0.0,0.0,0.0,1.0,0,0,0,0,0,2,0.0,0.0,1.3322676295501878e-16,changed,served_and_memory,27.33763899048799,13.059413693672937,13.668819495243994,0.26666666666666666,11,0,-11,-3,0,1,0.0,24.0,1.13520263013472
published,lhs127,lhs,4330.144348527809,0.05594166957927806,0.9489909671637567,0.6486949181570593,10,100,optimal,23.333096009907784,7,3,3.3333333333333335,optimal,20.534636695990613,7,3,3.3333333333333335,optimal,11.05759078484012,4,2,3.0,0.23713737056616555,0.46415888336127825,identical,,0.0,0.0,0.0,1.0,0,0,0,0,0,0,0.0,0.0,0.0,changed,served_set_only,0.4248815630995839,6.468148754344504,0.21244078154979196,0.5714285714285714,3,0,-3,-1,0,0,0.0,0.0,0.0
published,lhs127,lhs,4330.144348527809,0.05594166957927806,0.9489909671637567,0.6486949181570593,6,100,optimal,16.86494725556328,4,2,3.0,optimal,15.123697858385317,4,2,3.0,optimal,11.05759078484012,4,2,3.0,0.46415888336127825,0.5356805395261334,identical,,0.0,0.0,0.0,1.0,0,0,0,0,0,0,0.0,0.0,0.0,identical,,0.0,0.0,0.0,1.0,0,0,0,0,0,0,0.0,0.0,0.0
published,lhs128,lhs,23830.020518548023,0.0011812145105815648,0.947270426949913,0.6753929224159819,1000000,100,optimal,0.0,0,0,,optimal,0.0,0,0,,optimal,0.0,0,0,,,,identical,,0.0,0.0,0.0,1.0,0,0,0,0,0,0,,,,identical,,0.0,0.0,0.0,1.0,0,0,0,0,0,0,,,
published,lhs128,lhs,23830.020518548023,0.0011812145105815648,0.947270426949913,0.6753929224159819,40,100,optimal,0.0,0,0,,optimal,0.0,0,0,,optimal,0.0,0,0,,,,identical,,0.0,0.0,0.0,1.0,0,0,0,0,0,0,,,,identical,,0.0,0.0,0.0,1.0,0,0,0,0,0,0,,,
published,lhs128,lhs,23830.020518548023,0.0011812145105815648,0.947270426949913,0.6753929224159819,30,100,optimal,0.0,0,0,,optimal,0.0,0,0,,optimal,0.0,0,0,,,,identical,,0.0,0.0,0.0,1.0,0,0,0,0,0,0,,,,identical,,0.0,0.0,0.0,1.0,0,0,0,0,0,0,,,
published,lhs128,lhs,23830.020518548023,0.0011812145105815648,0.947270426949913,0.6753929224159819,20,100,optimal,0.0,0,0,,optimal,0.0,0,0,,optimal,0.0,0,0,,,,identical,,0.0,0.0,0.0,1.0,0,0,0,0,0,0,,,,identical,,0.0,0.0,0.0,1.0,0,0,0,0,0,0,,,
published,lhs128,lhs,23830.020518548023,0.0011812145105815648,0.947270426949913,0.6753929224159819,15,100,optimal,0.0,0,0,,optimal,0.0,0,0,,optimal,0.0,0,0,,,,identical,,0.0,0.0,0.0,1.0,0,0,0,0,0,0,,,,identical,,0.0,0.0,0.0,1.0,0,0,0,0,0,0,,,
published,lhs128,lhs,23830.020518548023,0.0011812145105815648,0.947270426949913,0.6753929224159819,10,100,optimal,0.0,0,0,,optimal,0.0,0,0,,optimal,0.0,0,0,,,,identical,,0.0,0.0,0.0,1.0,0,0,0,0,0,0,,,,identical,,0.0,0.0,0.0,1.0,0,0,0,0,0,0,,,
published,lhs128,lhs,23830.020518548023,0.0011812145105815648,0.947270426949913,0.6753929224159819,6,100,optimal,0.0,0,0,,optimal,0.0,0,0,,optimal,0.0,0,0,,,,identical,,0.0,0.0,0.0,1.0,0,0,0,0,0,0,,,,identical,,0.0,0.0,0.0,1.0,0,0,0,0,0,0,,,
published,lhs129,lhs,36264.739094375174,0.0017283090531494975,0.9699461479267786,0.8983165562248636,1000000,100,optimal,0.0,0,0,,optimal,0.0,0,0,,optimal,0.0,0,0,,,,identical,,0.0,0.0,0.0,1.0,0,0,0,0,0,0,,,,identical,,0.0,0.0,0.0,1.0,0,0,0,0,0,0,,,
published,lhs129,lhs,36264.739094375174,0.0017283090531494975,0.9699461479267786,0.8983165562248636,40,100,optimal,0.0,0,0,,optimal,0.0,0,0,,optimal,0.0,0,0,,,,identical,,0.0,0.0,0.0,1.0,0,0,0,0,0,0,,,,identical,,0.0,0.0,0.0,1.0,0,0,0,0,0,0,,,
published,lhs129,lhs,36264.739094375174,0.0017283090531494975,0.9699461479267786,0.8983165562248636,30,100,optimal,0.0,0,0,,optimal,0.0,0,0,,optimal,0.0,0,0,,,,identical,,0.0,0.0,0.0,1.0,0,0,0,0,0,0,,,,identical,,0.0,0.0,0.0,1.0,0,0,0,0,0,0,,,
published,lhs129,lhs,36264.739094375174,0.0017283090531494975,0.9699461479267786,0.8983165562248636,20,100,optimal,0.0,0,0,,optimal,0.0,0,0,,optimal,0.0,0,0,,,,identical,,0.0,0.0,0.0,1.0,0,0,0,0,0,0,,,,identical,,0.0,0.0,0.0,1.0,0,0,0,0,0,0,,,
published,lhs129,lhs,36264.739094375174,0.0017283090531494975,0.9699461479267786,0.8983165562248636,15,100,optimal,0.0,0,0,,optimal,0.0,0,0,,optimal,0.0,0,0,,,,identical,,0.0,0.0,0.0,1.0,0,0,0,0,0,0,,,,identical,,0.0,0.0,0.0,1.0,0,0,0,0,0,0,,,
published,lhs129,lhs,36264.739094375174,0.0017283090531494975,0.9699461479267786,0.8983165562248636,10,100,optimal,0.0,0,0,,optimal,0.0,0,0,,optimal,0.0,0,0,,,,identical,,0.0,0.0,0.0,1.0,0,0,0,0,0,0,,,,identical,,0.0,0.0,0.0,1.0,0,0,0,0,0,0,,,
published,lhs129,lhs,36264.739094375174,0.0017283090531494975,0.9699461479267786,0.8983165562248636,6,100,optimal,0.0,0,0,,optimal,0.0,0,0,,optimal,0.0,0,0,,,,identical,,0.0,0.0,0.0,1.0,0,0,0,0,0,0,,,,identical,,0.0,0.0,0.0,1.0,0,0,0,0,0,0,,,
published,lhs130,lhs,19098.726974461337,0.006588210963107842,0.9883431261702814,0.5624936163476024,1000000,100,optimal,58.74876720258035,53,11,5.818181818181818,optimal,45.21121973162427,53,11,5.818181818181818,optimal,16.90560348921225,7,3,3.3333333333333335,0.030017743045081,0.08153869645085443,tie,,7.105427357601002e-15,0.0,6.459479416000911e-16,1.0,0,0,0,0,0,6,0.0,0.0,3.027880976250427e-17,changed,served_and_memory,166.68714654006106,29.142776925200852,55.56238218002036,0.1320754716981132,46,0,-46,-8,0,3,0.0,73.0,5.6149794621844755
published,lhs130,lhs,19098.726974461337,0.006588210963107842,0.9883431261702814,0.5624936163476024,40,100,optimal,54.09314706722327,39,9,5.333333333333333,optimal,43.43790380208801,39,9,5.333333333333333,optimal,16.90560348921225,7,3,3.3333333333333335,0.0640270900528647,0.09682853110646922,tie,,0.0,0.0,0.0,1.0,0,0,0,0,0,2,0.0,0.0,3.700743415417188e-17,changed,served_and_memory,102.7635854064255,24.48715678984377,34.2545284688085,0.1794871794871795,32,0,-32,-6,0,3,0.0,73.0,5.6149794621844755
published,lhs130,lhs,19098.726974461337,0.006588210963107842,0.9883431261702814,0.5624936163476024,30,100,optimal,49.44454575024798,27,8,5.25,optimal,40.28081125940009,27,8,5.25,optimal,16.90560348921225,7,3,3.3333333333333335,0.050276352689897476,0.11986246594997996,tie,,-7.105427357601002e-15,7.105427357601002e-15,-8.881784197001252e-16,1.0,0,0,0,0,0,4,0.0,0.0,-4.163336342344337e-17,changed,served_and_memory,81.55238500993902,19.83855547286848,27.18412833664634,0.25925925925925924,20,0,-20,-5,0,3,0.0,73.0,5.6149794621844755
published,lhs130,lhs,19098.726974461337,0.006588210963107842,0.9883431261702814,0.5624936163476024,20,100,optimal,44.53971740426735,18,7,5.428571428571429,optimal,37.673159691239185,20,6,4.333333333333333,optimal,16.90560348921225,7,3,3.3333333333333335,0.0640270900528647,0.08153869645085443,changed,routing,0.9635449708319399,0.39818587397533634,0.16059082847199,0.7272727272727273,2,4,2,-1,1,2,-0.5,0.0,0.30533203812580534,changed,served_and_memory,74.9260553575688,14.933727126887849,24.975351785856265,0.3888888888888889,11,0,-11,-4,0,2,0.0,32.0,1.5525164337976172
published,lhs130,lhs,19098.726974461337,0.006588210963107842,0.9883431261702814,0.5624936163476024,15,100,optimal,40.187881556847174,15,5,4.0,optimal,35.01060769469421,15,5,4.0,optimal,16.90560348921225,7,3,3.3333333333333335,0.050276352689897476,0.23713737056616555,tie,,0.0,0.0,0.0,1.0,0,0,0,0,0,2,0.0,0.0,0.0,changed,served_and_memory,22.92213108724917,10.581891279467673,7.64071036241639,0.4666666666666667,8,0,-8,-2,0,1,0.0,16.0,0.7568017534231467
published,lhs130,lhs,19098.726974461337,0.006588210963107842,0.9883431261702814,0.5624936163476024,10,100,optimal,31.29733824237604,10,5,4.2,optimal,26.807530963462327,7,3,3.3333333333333335,optimal,16.90560348921225,7,3,3.3333333333333335,0.0005623413251903491,0.15703748946090484,changed,routing,0.2545669483099644,1.6913479649965382,0.0848556494366548,0.4166666666666667,5,2,-3,-2,1,1,0.6666666666666666,24.333333333333332,2.825541514822035,changed,routing,36.741354512148654,1.6913479649965382,12.247118170716218,0.4166666666666667,5,2,-3,-2,1,1,0.6666666666666666,24.333333333333332,5.2528763518764565
published,lhs130,lhs,19098.726974461337,0.006588210963107842,0.9883431261702814,0.5624936163476024,6,100,optimal,23.107064232245072,6,3,3.0,optimal,21.178613631778973,6,3,3.0,optimal,15.28173589317478,4,2,3.0,0.0036869450645195738,0.23713737056616555,identical,,0.0,0.0,0.0,1.0,0,0,0,0,0,0,0.0,0.0,0.0,changed,routing,3.360595541289957,2.017971868347132,1.6802977706449784,0.42857142857142855,3,1,-2,-1,1,0,0.5,0.0,2.509526498903667
published,lhs131,lhs,5720.234354025615,0.031206603759838948,0.9729217613628124,0.9423711278572942,1000000,100,optimal,97.05004981324724,51,17,9.0,optimal,73.85728967057155,51,17,9.0,optimal,16.41952899211043,7,3,3.3333333333333335,0.0221885046944556,0.04279211619645008,tie,,-1.4210854715202004e-14,1.4210854715202004e-14,-8.359326303060002e-16,1.0,0,0,0,0,0,8,0.0,0.0,-7.836868409118753e-17,changed,served_and_memory,519.8484918023719,67.93013403296956,173.28283060079062,0.13725490196078433,44,0,-44,-14,0,3,0.0,77.33333333333333,6.848912076311538
published,lhs131,lhs,5720.234354025615,0.031206603759838948,0.9729217613628124,0.9423711278572942,40,100,optimal,94.61212661215313,40,17,9.647058823529411,optimal,70.9318830387875,40,17,9.647058823529411,optimal,16.41952899211043,7,3,3.3333333333333335,0.009485494822646622,0.0640270900528647,tie,,0.0,0.0,0.0,1.0,0,0,0,0,0,6,0.0,0.0,7.18379604169219e-17,changed,served_and_memory,580.331756312384,65.49221083187545,193.44391877079465,0.175,33,0,-33,-14,0,3,0.0,76.66666666666667,9.262930918601644
published,lhs131,lhs,5720.234354025615,0.031206603759838948,0.9729217613628124,0.9423711278572942,30,100,optimal,79.11421495270419,27,14,9.714285714285714,optimal,60.61899914727664,26,13,8.76923076923077,optimal,16.41952899211043,7,3,3.3333333333333335,0.03134209593995679,0.03319923187926317,changed,served_and_memory,0.8488706464585292,1.24927310999864,0.06529774203527147,0.6060606060606061,7,6,-1,-1,0,2,0.0,-3.1818181818181817,0.0003741916792937864,changed,served_and_memory,493.7494221652651,49.99429917242651,164.58314072175503,0.25925925925925924,20,0,-20,-11,0,2,0.0,48.666666666666664,3.954431759504285
published,lhs131,lhs,5720.234354025615,0.031206603759838948,0.9729217613628124,0.9423711278572942,20,100,optimal,66.18903721449333,20,11,9.0,optimal,51.55660032624831,20,11,9.0,optimal,16.41952899211043,7,3,3.3333333333333335,0.03319923187926317,0.0640270900528647,tie,,-7.105427357601002e-15,0.0,-6.459479416000911e-16,1.0,0,0,0,0,0,2,0.0,0.0,1.0092936587501423e-17,changed,served_and_memory,336.4355668444101,37.069121434215646,112.1451889481367,0.35,13,0,-13,-8,0,2,0.0,48.666666666666664,3.954431759504285
published,lhs131,lhs,5720.234354025615,0.031206603759838948,0.9729217613628124,0.9423711278572942,15,100,optimal,44.710226984037654,15,6,5.666666666666667,optimal,37.937334216916774,15,6,5.666666666666667,optimal,16.41952899211043,7,3,3.3333333333333335,0.0640270900528647,0.10242506457263026,tie,,7.105427357601002e-15,0.0,1.1842378929335002e-15,1.0,0,0,0,0,0,2,0.0,0.0,9.251858538542972e-17,changed,served_and_memory,61.95784302098905,15.590311203759974,20.652614340329684,0.2222222222222222,11,3,-8,-3,0,2,0.0,60.5,3.6260241841550065
published,lhs131,lhs,5720.234354025615,0.031206603759838948,0.9729217613628124,0.9423711278572942,10,100,optimal,33.47205125758662,10,5,4.2,optimal,28.874935395888443,9,4,4.75,optimal,16.41952899211043,7,3,3.3333333333333335,0.0005623413251903491,0.15703748946090484,changed,served_set_only,0.1472583655255022,0.43772890176119716,0.03681459138137555,0.9,1,0,-1,-1,0,0,0.0,0.0,0.0,changed,routing,36.60091388380787,4.352135477308941,12.200304627935957,0.4166666666666667,5,2,-3,-2,1,1,0.6666666666666666,24.333333333333332,5.749182095473933
published,lhs131,lhs,5720.234354025615,0.031206603759838948,0.9729217613628124,0.9423711278572942,6,100,optimal,21.925548651696847,6,3,3.0,optimal,19.99709805123075,6,3,3.0,optimal,14.495093200540065,4,2,3.0,0.0036869450645195738,0.23713737056616555,identical,,0.0,0.0,0.0,1.0,0,0,0,0,0,0,0.0,0.0,0.0,changed,routing,3.7554684292034644,1.623098980433621,1.8777342146017322,0.42857142857142855,3,1,-2,-1,1,0,0.5,0.0,2.8817558066017743
published,lhs132,lhs,3404.6683213931583,0.025411001423183057,0.9311888439310592,0.9209100072088009,1000000,100,optimal,54.081316874141315,53,11,5.818181818181818,optimal,40.54376940318522,53,11,5.818181818181818,optimal,12.461373262545818,7,3,3.3333333333333335,0.030017743045081,0.08153869645085443,tie,,0.0,7.105427357601002e-15,0.0,1.0,0,0,0,0,0,6,0.0,0.0,-4.0371746350005693e-17,changed,served_and_memory,166.9103666418337,28.91955682342825,55.63678888061123,0.1320754716981132,46,0,-46,-8,0,3,0.0,73.0,5.614979462184476
published,lhs132,lhs,3404.6683213931583,0.025411001423183057,0.9311888439310592,0.9209100072088009,40,100,optimal,49.80140546881186,38,10,6.1,optimal,37.950855729310724,39,9,5.333333333333333,optimal,12.461373262545818,7,3,3.3333333333333335,0.04279211619645008,0.07278289325185956,changed,routing,0.234647736994404,1.1953064743658715,0.026071970777156,0.6041666666666666,9,10,1,-1,2,0,-0.5555555555555556,0.0,-0.040423315765379095,changed,served_and_memory,145.30385550795313,24.63964541809879,48.43461850265104,0.18421052631578946,31,0,-31,-7,0,3,0.0,64.66666666666667,4.750146439878756
published,lhs132,lhs,3404.6683213931583,0.025411001423183057,0.9311888439310592,0.9209100072088009,30,100,optimal,44.238433831695055,29,8,5.375,optimal,34.984653406267164,29,8,5.375,optimal,12.461373262545818,7,3,3.3333333333333335,0.06044547074134525,0.09264616841461812,tie,,0.0,-7.105427357601002e-15,0.0,1.0,0,0,0,0,0,4,0.0,0.0,6.938893903907228e-17,changed,served_and_memory,90.30869442399002,19.076673780981988,30.102898141330005,0.2413793103448276,22,0,-22,-5,0,3,0.0,56.333333333333336,3.568997271169182
published,lhs132,lhs,3404.6683213931583,0.025411001423183057,0.9311888439310592,0.9209100072088009,20,100,optimal,40.12201557767794,18,7,5.428571428571429,optimal,32.29191289381785,18,7,5.428571428571429,optimal,12.461373262545818,7,3,3.3333333333333335,0.0640270900528647,0.12532289850754513,tie,,0.0,-7.105427357601002e-15,0.0,1.0,0,0,0,0,0,4,0.0,0.0,-6.344131569286608e-17,changed,served_and_memory,67.61707301712404,14.960255526964875,22.539024339041347,0.3888888888888889,11,0,-11,-4,0,2,0.0,48.666666666666664,3.2587848799246437
published,lhs132,lhs,3404.6683213931583,0.025411001423183057,0.9311888439310592,0.9209100072088009,15,100,optimal,34.34888370443398,15,5,4.0,optimal,29.17160984228102,15,5,4.0,optimal,12.461373262545818,7,3,3.3333333333333335,0.050276352689897476,0.23713737056616555,tie,,3.552713678800501e-15,7.105427357601002e-15,7.105427357601002e-16,1.0,0,0,0,0,0,2,0.0,0.0,6.661338147750939e-17,changed,served_and_memory,24.316898712995926,9.187123653720914,8.105632904331975,0.4666666666666667,8,0,-8,-2,0,1,0.0,16.0,0.7568017534231467
published,lhs132,lhs,3404.6683213931583,0.025411001423183057,0.9311888439310592,0.9209100072088009,10,100,optimal,26.196797105091445,9,4,4.75,optimal,22.363300736795896,7,3,3.3333333333333335,optimal,12.461373262545818,7,3,3.3333333333333335,0.08153869645085443,0.16049104114873586,changed,served_and_memory,0.32589059164142853,1.0350370543783782,0.10863019721380951,0.3333333333333333,5,3,-2,-1,0,1,0.0,36.5,0.9444843438056277,changed,served_and_memory,29.120942971705688,1.0350370543783782,9.706980990568562,0.3333333333333333,5,3,-2,-1,0,1,0.0,36.5,2.397355765866679
published,lhs132,lhs,3404.6683213931583,0.025411001423183057,0.9311888439310592,0.9209100072088009,6,100,optimal,18.158223486570293,6,3,3.0,optimal,16.2297728861042,6,3,3.0,optimal,11.9952710281194,4,2,3.0,0.0036869450645195738,0.23713737056616555,identical,,0.0,0.0,0.0,1.0,0,0,0,0,0,0,0.0,0.0,0.0,changed,routing,5.022971421909351,0.3555959877277317,2.5114857109546755,0.42857142857142855,3,1,-2,-1,1,0,0.5,0.0,2.8651382275278547
published,lhs133,lhs,30128.273531405066,0.02358903399234456,0.9924414383259477,0.5257390816904699,1000000,100,optimal,61.617285129286685,53,11,5.818181818181818,optimal,48.079737658330586,53,11,5.818181818181818,optimal,18.318638029563914,7,3,3.3333333333333335,0.03319923187926317,0.0640270900528647,tie,,0.0,7.105427357601002e-15,0.0,1.0,0,0,0,0,0,6,0.0,0.0,0.0,changed,served_and_memory,164.3665091620517,30.59826031155552,54.788836387350564,0.1320754716981132,46,0,-46,-8,0,3,0.0,73.0,5.6149794621844755
published,lhs133,lhs,30128.273531405066,0.02358903399234456,0.9924414383259477,0.5257390816904699,40,100,optimal,57.11496390023953,40,10,5.9,optimal,46.15330076169397,39,9,5.333333333333333,optimal,18.318638029563914,7,3,3.3333333333333335,0.05387208250415978,0.07278289325185956,changed,served_and_memory,1.257721509226009,0.30641987341027743,0.13974683435844545,0.975,1,0,-1,-1,0,2,0.0,0.0,-7.401486830834377e-17,changed,served_and_memory,145.55021302397085,26.095939082508366,48.51673767465695,0.175,33,0,-33,-7,0,3,0.0,64.66666666666667,4.750146439878756
published,lhs133,lhs,30128.273531405066,0.02358903399234456,0.9924414383259477,0.5257390816904699,30,100,optimal,52.221700790782215,28,9,5.888888888888889,optimal,42.75154642652403,27,8,5.25,optimal,18.318638029563914,7,3,3.3333333333333335,0.050276352689897476,0.11641349920555381,changed,served_and_memory,1.257721509226016,0.30641987341028454,0.157215188653252,0.9642857142857143,1,0,-1,-1,0,6,0.0,0.0,5.551115123125783e-17,changed,served_and_memory,123.40077988277007,21.20267597305105,41.13359329425669,0.25,21,0,-21,-6,0,3,0.0,73.0,5.6149794621844755
published,lhs133,lhs,30128.273531405066,0.02358903399234456,0.9924414383259477,0.5257390816904699,20,100,optimal,46.59665288200629,18,7,5.428571428571429,optimal,39.990559536093954,20,6,4.333333333333333,optimal,18.318638029563914,7,3,3.3333333333333335,0.0640270900528647,0.12532289850754513,changed,routing,1.2240093379477628,0.13772150685950635,0.20400155632462713,0.7272727272727273,2,4,2,-1,1,3,-0.5,4.166666666666667,0.5116689438550804,changed,served_and_memory,66.92738591865717,15.577628064275125,22.309128639552387,0.3888888888888889,11,0,-11,-4,0,2,0.0,48.666666666666664,3.2587848799246437
published,lhs133,lhs,30128.273531405066,0.02358903399234456,0.9924414383259477,0.5257390816904699,15,100,optimal,42.26019981186819,15,5,4.0,optimal,37.082925949715225,15,5,4.0,optimal,18.318638029563914,7,3,3.3333333333333335,0.050276352689897476,0.16394459283656687,tie,,0.0,0.0,0.0,1.0,0,0,0,0,0,2,0.0,0.0,-2.2204460492503132e-17,changed,served_and_memory,20.326676813318983,11.241174994137026,6.775558937772995,0.4666666666666667,8,0,-8,-2,0,1,0.0,24.333333333333332,1.5982371772444528
published,lhs133,lhs,30128.273531405066,0.02358903399234456,0.9924414383259477,0.5257390816904699,10,100,optimal,33.28661049596553,10,5,4.2,optimal,28.542236268741853,10,5,4.2,optimal,18.318638029563914,7,3,3.3333333333333335,0.0005623413251903491,0.15703748946090484,tie,,0.0,0.0,0.0,1.0,0,0,0,0,0,2,0.0,0.0,-8.881784197001253e-17,changed,routing,36.16511679891083,2.2675856782343686,12.055038932970277,0.4166666666666667,5,2,-3,-2,1,1,0.6666666666666666,24.333333333333332,5.187883192232451
published,lhs133,lhs,30128.273531405066,0.02358903399234456,0.9924414383259477,0.5257390816904699,6,100,optimal,24.605203529516533,6,3,3.0,optimal,22.676752929050437,6,3,3.0,optimal,16.280379330364674,4,2,3.0,0.0036869450645195738,0.23713737056616555,identical,,0.0,0.0,0.0,1.0,0,0,0,0,0,0,0.0,0.0,0.0,changed,routing,2.861099681208387,2.517467728428702,1.4305498406041934,0.42857142857142855,3,1,-2,-1,1,0,0.5,0.0,2.460781629170662
published,lhs134,lhs,1142.6890926400915,0.013086316992327521,0.9311406165656086,0.8533857134038781,1000000,100,optimal,30.914203611357152,53,11,5.818181818181818,optimal,20.18889474906815,26,7,4.714285714285714,optimal,8.404555308246591,4,2,3.0,0.03319923187926317,0.0640270900528647,changed,served_and_memory,2.8122386086670907,2.8838062728953595,0.40174837266672725,0.49056603773584906,27,0,-27,-4,0,5,0.0,10.428571428571429,0.26985266965875093,changed,served_and_memory,185.1555079586639,16.702291832387402,92.57775397933194,0.07547169811320754,49,0,-49,-9,0,2,0.0,73.0,4.888177319886966
published,lhs134,lhs,1142.6890926400915,0.013086316992327521,0.9311406165656086,0.8533857134038781,40,100,optimal,30.13305702083557,39,9,5.333333333333333,optimal,20.188894749068155,26,7,4.714285714285714,optimal,8.404555308246591,4,2,3.0,0.0640270900528647,0.09682853110646922,changed,served_and_memory,0.711080993367851,2.1026596823737727,0.10158299905255015,0.6666666666666666,13,0,-13,-2,0,5,0.0,10.428571428571429,0.2698526696587509,changed,served_and_memory,118.22262727184751,15.921145241865817,59.11131363592376,0.10256410256410256,35,0,-35,-7,0,2,0.0,73.0,4.888177319886966
published,lhs134,lhs,1142.6890926400915,0.013086316992327521,0.9311406165656086,0.8533857134038781,30,100,optimal,28.030397338461793,26,7,4.714285714285714,optimal,20.18889474906815,26,7,4.714285714285714,optimal,8.404555308246591,4,2,3.0,0.0640270900528647,0.10375364037838179,tie,,-3.552713678800501e-15,-3.552713678800501e-15,-5.075305255429287e-16,1.0,0,0,0,0,0,4,0.0,0.0,1.586032892321652e-17,changed,served_and_memory,67.84773490191243,13.818485559492041,33.923867450956216,0.15384615384615385,22,0,-22,-5,0,2,0.0,73.0,4.888177319886966
published,lhs134,lhs,1142.6890926400915,0.013086316992327521,0.9311406165656086,0.8533857134038781,20,100,optimal,26.37809305989079,20,6,4.333333333333333,optimal,19.909721220837973,20,6,4.333333333333333,optimal,8.404555308246591,4,2,3.0,0.050276352689897476,0.16049104114873586,tie,,3.552713678800501e-15,0.0,5.921189464667501e-16,1.0,0,0,0,0,0,2,0.0,0.0,-1.850371707708594e-17,changed,served_and_memory,47.82998523783695,12.16618128092104,23.914992618918475,0.2,16,0,-16,-4,0,2,0.0,60.5,3.5909277864283853
published,lhs134,lhs,1142.6890926400915,0.013086316992327521,0.9311406165656086,0.8533857134038781,15,100,optimal,24.821420812845492,15,5,4.0,optimal,19.644146950692534,15,5,4.0,optimal,8.404555308246591,4,2,3.0,0.050276352689897476,0.16394459283656687,identical,,0.0,0.0,0.0,1.0,0,0,0,0,0,0,0.0,0.0,0.0,changed,served_and_memory,27.85137309102435,10.60950903387574,13.925686545512175,0.26666666666666666,11,0,-11,-3,0,1,0.0,36.5,2.397355765866679
published,lhs134,lhs,1142.6890926400915,0.013086316992327521,0.9311406165656086,0.8533857134038781,10,100,optimal,19.665575335541746,7,3,3.3333333333333335,optimal,16.867116021624575,7,3,3.3333333333333335,optimal,8.404555308246591,4,2,3.0,0.23713737056616555,0.46415888336127825,identical,,0.0,0.0,0.0,1.0,0,0,0,0,0,0,0.0,0.0,0.0,changed,served_set_only,1.4393667608720957,5.453663556571994,0.7196833804360478,0.5714285714285714,3,0,-3,-1,0,0,0.0,0.0,0.0
published,lhs134,lhs,1142.6890926400915,0.013086316992327521,0.9311406165656086,0.8533857134038781,6,100,optimal,14.211911778969752,4,2,3.0,optimal,12.470662381791787,4,2,3.0,optimal,8.404555308246591,4,2,3.0,0.46415888336127825,0.5356805395261334,identical,,0.0,0.0,0.0,1.0,0,0,0,0,0,0,0.0,0.0,0.0,identical,,0.0,0.0,0.0,1.0,0,0,0,0,0,0,0.0,0.0,0.0
published,lhs135,lhs,1177.8238254898174,0.006665616040434973,0.9620061980998522,0.7471579007865873,1000000,100,optimal,30.479894985262373,53,11,5.818181818181818,optimal,19.71924479795341,26,7,4.714285714285714,optimal,8.382946226841241,4,2,3.0,0.030017743045081,0.08153869645085443,changed,served_and_memory,2.776897283647134,2.9191475979153196,0.3966996119495906,0.49056603773584906,27,0,-27,-4,0,3,0.0,10.428571428571429,0.2698526696587509,changed,served_and_memory,185.4837420098188,16.28959228769797,92.7418710049094,0.07547169811320754,49,0,-49,-9,0,2,0.0,73.0,4.888177319886966
published,lhs135,lhs,1177.8238254898174,0.006665616040434973,0.9620061980998522,0.7471579007865873,40,100,optimal,29.628332225165433,39,9,5.333333333333333,optimal,19.71924479795341,26,7,4.714285714285714,optimal,8.382946226841241,4,2,3.0,0.0640270900528647,0.09682853110646922,changed,served_and_memory,0.7461558379232471,2.06758483781838,0.10659369113189245,0.6666666666666666,13,0,-13,-2,0,3,0.0,10.428571428571429,0.2698526696587509,changed,served_and_memory,118.70574298611233,15.438029527601032,59.35287149305616,0.10256410256410256,35,0,-35,-7,0,2,0.0,73.0,4.888177319886966
published,lhs135,lhs,1177.8238254898174,0.006665616040434973,0.9620061980998522,0.7471579007865873,30,100,optimal,27.560747387347057,26,7,4.714285714285714,optimal,19.719244797953408,26,7,4.714285714285714,optimal,8.382946226841241,4,2,3.0,0.0640270900528647,0.10375364037838179,tie,,0.0,0.0,0.0,1.0,0,0,0,0,0,4,0.0,0.0,-4.7580986769649563e-17,changed,served_and_memory,68.29577577162183,13.370444689782655,34.14788788581092,0.15384615384615385,22,0,-22,-5,0,2,0.0,73.0,4.888177319886966
published,lhs135,lhs,1177.8238254898174,0.006665616040434973,0.9620061980998522,0.7471579007865873,20,100,optimal,25.978726038119124,20,6,4.333333333333333,optimal,19.510354199066306,20,6,4.333333333333333,optimal,8.382946226841241,4,2,3.0,0.050276352689897476,0.15933803350851,tie,,3.552713678800501e-15,-3.552713678800501e-15,5.921189464667501e-16,1.0,0,0,0,0,0,2,0.0,0.0,9.251858538542972e-17,changed,served_and_memory,50.143913737464096,11.788423340554722,25.071956868732048,0.2,16,0,-16,-4,0,2,0.0,48.0,2.3287746506964258
published,lhs135,lhs,1177.8238254898174,0.006665616040434973,0.9620061980998522,0.7471579007865873,15,100,optimal,24.529619170711886,15,5,4.0,optimal,19.352345308558924,15,5,4.0,optimal,8.382946226841241,4,2,3.0,0.050276352689897476,0.23713737056616555,identical,,0.0,0.0,0.0,1.0,0,0,0,0,0,0,0.0,0.0,0.0,changed,served_and_memory,30.05773621101344,10.339316473147484,15.02886810550672,0.26666666666666666,11,0,-11,-3,0,1,0.0,24.0,1.13520263013472
published,lhs135,lhs,1177.8238254898174,0.006665616040434973,0.9620061980998522,0.7471579007865873,10,100,optimal,19.57727177424443,7,3,3.3333333333333335,optimal,16.778812460327256,7,3,3.3333333333333335,optimal,8.382946226841241,4,2,3.0,0.23713737056616555,0.46415888336127825,identical,,0.0,0.0,0.0,1.0,0,0,0,0,0,0,0.0,0.0,0.0,changed,served_set_only,1.506061240764062,5.386969076680028,0.753030620382031,0.5714285714285714,3,0,-3,-1,0,0,0.0,0.0,0.0
published,lhs135,lhs,1177.8238254898174,0.006665616040434973,0.9620061980998522,0.7471579007865873,6,100,optimal,14.190302697564402,4,2,3.0,optimal,12.449053300386437,4,2,3.0,optimal,8.382946226841241,4,2,3.0,0.46415888336127825,0.5356805395261334,identical,,0.0,0.0,0.0,1.0,0,0,0,0,0,0,0.0,0.0,0.0,identical,,0.0,0.0,0.0,1.0,0,0,0,0,0,0,0.0,0.0,0.0
published,lhs136,lhs,1071.2399911614461,0.010198158519020294,0.9919248435485821,0.7969739601842375,1000000,100,optimal,40.63572303771367,54,12,6.333333333333333,optimal,26.838280378471442,53,11,5.818181818181818,optimal,9.044408704206488,4,2,3.0,0.03319923187926317,0.0640270900528647,changed,served_and_memory,1.3721826847191814,0.2598951882861371,0.12474388042901649,0.9814814814814815,1,0,-1,-1,0,3,0.0,1.1818181818181819,0.08613932546416957,changed,served_and_memory,221.92246529817712,25.78395786278402,110.96123264908856,0.07407407407407407,50,0,-50,-10,0,2,0.0,67.0,4.928626037580113
published,lhs136,lhs,1071.2399911614461,0.010198158519020294,0.9919248435485821,0.7969739601842375,40,100,optimal,39.265275896517814,40,12,7.0,optimal,26.161975970581366,39,9,5.333333333333333,optimal,9.044408704206488,4,2,3.0,0.03319923187926317,0.0640270900528647,changed,routing,2.1777127782339,2.4480566608011856,0.24196808647043333,0.58,11,10,-1,-3,2,5,-0.5555555555555556,2.888888888888889,0.2859881428447853,changed,served_and_memory,238.7046014496787,24.413510721588167,119.35230072483935,0.1,36,0,-36,-10,0,2,0.0,67.0,4.928626037580113
published,lhs136,lhs,1071.2399911614461,0.010198158519020294,0.9919248435485821,0.7969739601842375,30,100,optimal,35.320154496966,30,9,6.0,optimal,24.58950945048777,29,8,5.375,optimal,9.044408704206488,4,2,3.0,0.05387208250415978,0.08153869645085443,changed,served_and_memory,0.08727676158596864,1.476864621050332,0.01090959519824608,0.9666666666666667,1,0,-1,-1,0,4,0.0,0.0,-6.938893903907228e-17,changed,served_and_memory,135.54277306749023,20.46838932203635,67.77138653374512,0.13333333333333333,26,0,-26,-7,0,2,0.0,60.5,3.5909277864283853
published,lhs136,lhs,1071.2399911614461,0.010198158519020294,0.9919248435485821,0.7969739601842375,20,100,optimal,31.446771879954305,18,7,5.428571428571429,optimal,23.61666919609421,18,7,5.428571428571429,optimal,9.044408704206488,4,2,3.0,0.0640270900528647,0.15703748946090484,tie,,-3.552713678800501e-15,0.0,-5.075305255429287e-16,1.0,0,0,0,0,0,2,0.0,0.0,-6.344131569286608e-17,changed,served_and_memory,75.70128865364362,16.59500670502466,37.85064432682181,0.2222222222222222,14,0,-14,-5,0,2,0.0,60.5,3.5909277864283853
published,lhs136,lhs,1071.2399911614461,0.010198158519020294,0.9919248435485821,0.7969739601842375,15,100,optimal,27.163341811951465,15,5,4.0,optimal,21.986067949798507,15,5,4.0,optimal,9.044408704206488,4,2,3.0,0.050276352689897476,0.23713737056616555,tie,,3.552713678800501e-15,-3.552713678800501e-15,7.105427357601002e-16,1.0,0,0,0,0,0,2,0.0,0.0,1.3322676295501878e-16,changed,served_and_memory,28.085476047139103,12.311576637021817,14.042738023569552,0.26666666666666666,11,0,-11,-3,0,1,0.0,24.0,1.1352026301347202
published,lhs136,lhs,1071.2399911614461,0.010198158519020294,0.9919248435485821,0.7969739601842375,10,100,optimal,20.893894345236355,9,4,4.75,optimal,17.965230450213312,7,3,3.3333333333333335,optimal,9.044408704206488,4,2,3.0,0.08153869645085443,0.1986419191050842,changed,served_and_memory,1.2307230649139385,0.13020458110587185,0.4102410216379795,0.3333333333333333,5,3,-2,-1,0,1,0.0,24.0,0.4717082358168163,changed,served_and_memory,32.94305173248228,6.042129170306707,16.47152586624114,0.4444444444444444,5,0,-5,-2,0,1,0.0,24.0,1.1352026301347202
published,lhs136,lhs,1071.2399911614461,0.010198158519020294,0.9919248435485821,0.7969739601842375,6,100,optimal,14.851765174929648,4,2,3.0,optimal,13.110515777751683,4,2,3.0,optimal,9.044408704206488,4,2,3.0,0.46415888336127825,0.5356805395261334,identical,,0.0,0.0,0.0,1.0,0,0,0,0,0,0,0.0,0.0,0.0,identical,,0.0,0.0,0.0,1.0,0,0,0,0,0,0,0.0,0.0,0.0
published,lhs137,lhs,113954.87652297503,0.0871663864849577,0.9966797395603677,0.8477193995736336,1000000,100,optimal,162.27300612072577,55,17,8.823529411764707,optimal,139.11956899257328,55,17,8.823529411764707,optimal,29.025887055848678,7,3,3.3333333333333335,0.0221885046944556,0.050276352689897476,tie,,2.842170943040401e-14,2.842170943040401e-14,1.6718652606120004e-15,1.0,0,0,0,0,0,6,0.0,0.0,1.959217102279688e-17,changed,served_and_memory,461.75131149553647,120.54673227670983,153.91710383184548,0.12727272727272726,48,0,-48,-14,0,3,0.0,81.66666666666667,7.74071091041269
published,lhs137,lhs,113954.87652297503,0.0871663864849577,0.9966797395603677,0.8477193995736336,40,100,optimal,159.36796334862566,40,17,9.647058823529411,optimal,135.68771977526006,40,17,9.647058823529411,optimal,29.025887055848678,7,3,3.3333333333333335,0.009485494822646622,0.0640270900528647,tie,,2.842170943040401e-14,2.842170943040401e-14,1.6718652606120004e-15,1.0,0,0,0,0,0,4,0.0,0.0,6.530723674265627e-17,changed,served_and_memory,522.7636796973862,117.64168950460973,174.25455989912874,0.175,33,0,-33,-14,0,3,0.0,85.0,10.127763940907364
published,lhs137,lhs,113954.87652297503,0.0871663864849577,0.9966797395603677,0.8477193995736336,30,100,optimal,134.00543919455978,29,15,9.266666666666667,optimal,113.78685917445355,29,15,9.266666666666667,optimal,29.025887055848678,7,3,3.3333333333333335,0.00029241748909898153,0.03319923187926317,identical,,0.0,0.0,0.0,1.0,0,0,0,0,0,0,0.0,0.0,0.0,changed,served_and_memory,478.03721658852476,92.27916535054385,159.34573886284159,0.2413793103448276,22,0,-22,-12,0,3,0.0,73.0,5.614979462184476
published,lhs137,lhs,113954.87652297503,0.0871663864849577,0.9966797395603677,0.8477193995736336,20,100,optimal,108.39932458329208,20,11,9.0,optimal,93.76688769504705,20,11,9.0,optimal,29.025887055848678,7,3,3.3333333333333335,0.03319923187926317,0.0640270900528647,identical,,0.0,0.0,0.0,1.0,0,0,0,0,0,0,0.0,0.0,0.0,changed,served_and_memory,303.1298408747998,66.67305073927616,101.04328029159994,0.35,13,0,-13,-8,0,2,0.0,48.666666666666664,3.954431759504285
published,lhs137,lhs,113954.87652297503,0.0871663864849577,0.9966797395603677,0.8477193995736336,15,100,optimal,69.25750202605629,15,7,7.142857142857143,optimal,62.136296462063136,15,6,5.666666666666667,optimal,29.025887055848678,7,3,3.3333333333333335,0.002154434690031887,0.0640270900528647,changed,routing,0.6145874929655193,0.34831279687226413,0.10243124882758654,0.36363636363636365,7,7,0,-1,1,2,0.25,-12.0,1.4245886804984338,changed,routing,115.2678025791501,27.53122818204036,38.4226008597167,0.15789473684210525,12,4,-8,-4,1,1,0.5,36.5,5.288403007758411
published,lhs137,lhs,113954.87652297503,0.0871663864849577,0.9966797395603677,0.8477193995736336,10,100,optimal,54.17473270620841,10,5,4.2,optimal,49.430358478984736,10,5,4.2,optimal,29.025887055848678,7,3,3.3333333333333335,0.0005623413251903491,0.15703748946090484,identical,,0.0,0.0,0.0,1.0,0,0,0,0,0,0,0.0,0.0,0.0,changed,routing,28.504590498924323,12.448458862192481,9.501530166308108,0.4166666666666667,5,2,-3,-2,1,1,0.6666666666666666,24.333333333333332,5.647376404687889
published,lhs137,lhs,113954.87652297503,0.0871663864849577,0.9966797395603677,0.8477193995736336,6,100,optimal,34.61066322982037,6,3,3.0,optimal,32.682212629354275,6,3,3.0,optimal,23.424739349460125,6,3,3.0,0.0036869450645195738,0.23713737056616555,identical,,0.0,0.0,0.0,1.0,0,0,0,0,0,0,0.0,0.0,0.0,identical,,0.0,0.0,0.0,1.0,0,0,0,0,0,0,0.0,0.0,0.0
published,lhs138,lhs,70550.69360824363,0.0013077034699449858,0.9947220281074824,0.937053652943331,1000000,100,optimal,0.0,0,0,,optimal,0.0,0,0,,optimal,0.0,0,0,,,,identical,,0.0,0.0,0.0,1.0,0,0,0,0,0,0,,,,identical,,0.0,0.0,0.0,1.0,0,0,0,0,0,0,,,
published,lhs138,lhs,70550.69360824363,0.0013077034699449858,0.9947220281074824,0.937053652943331,40,100,optimal,0.0,0,0,,optimal,0.0,0,0,,optimal,0.0,0,0,,,,identical,,0.0,0.0,0.0,1.0,0,0,0,0,0,0,,,,identical,,0.0,0.0,0.0,1.0,0,0,0,0,0,0,,,
published,lhs138,lhs,70550.69360824363,0.0013077034699449858,0.9947220281074824,0.937053652943331,30,100,optimal,0.0,0,0,,optimal,0.0,0,0,,optimal,0.0,0,0,,,,identical,,0.0,0.0,0.0,1.0,0,0,0,0,0,0,,,,identical,,0.0,0.0,0.0,1.0,0,0,0,0,0,0,,,
published,lhs138,lhs,70550.69360824363,0.0013077034699449858,0.9947220281074824,0.937053652943331,20,100,optimal,0.0,0,0,,optimal,0.0,0,0,,optimal,0.0,0,0,,,,identical,,0.0,0.0,0.0,1.0,0,0,0,0,0,0,,,,identical,,0.0,0.0,0.0,1.0,0,0,0,0,0,0,,,
published,lhs138,lhs,70550.69360824363,0.0013077034699449858,0.9947220281074824,0.937053652943331,15,100,optimal,0.0,0,0,,optimal,0.0,0,0,,optimal,0.0,0,0,,,,identical,,0.0,0.0,0.0,1.0,0,0,0,0,0,0,,,,identical,,0.0,0.0,0.0,1.0,0,0,0,0,0,0,,,
published,lhs138,lhs,70550.69360824363,0.0013077034699449858,0.9947220281074824,0.937053652943331,10,100,optimal,0.0,0,0,,optimal,0.0,0,0,,optimal,0.0,0,0,,,,identical,,0.0,0.0,0.0,1.0,0,0,0,0,0,0,,,,identical,,0.0,0.0,0.0,1.0,0,0,0,0,0,0,,,
published,lhs138,lhs,70550.69360824363,0.0013077034699449858,0.9947220281074824,0.937053652943331,6,100,optimal,0.0,0,0,,optimal,0.0,0,0,,optimal,0.0,0,0,,,,identical,,0.0,0.0,0.0,1.0,0,0,0,0,0,0,,,,identical,,0.0,0.0,0.0,1.0,0,0,0,0,0,0,,,
published,lhs139,lhs,33392.11891278059,0.014332228993763746,0.9408247528906382,0.5715935171581822,1000000,100,optimal,57.20771164317013,53,11,5.818181818181818,optimal,43.670164172214044,53,11,5.818181818181818,optimal,17.89694117431582,7,3,3.3333333333333335,0.03319923187926317,0.0640270900528647,tie,,0.0,7.105427357601002e-15,0.0,1.0,0,0,0,0,0,6,0.0,0.0,4.0371746350005693e-17,changed,served_and_memory,169.30400527810943,26.610383680687054,56.434668426036474,0.1320754716981132,46,0,-46,-8,0,3,0.0,73.0,5.614979462184476
published,lhs139,lhs,33392.11891278059,0.014332228993763746,0.9408247528906382,0.5715935171581822,40,100,optimal,53.75675079794328,39,9,5.333333333333333,optimal,43.10150753280802,39,9,5.333333333333333,optimal,17.89694117431582,7,3,3.3333333333333335,0.05387208250415978,0.08153869645085443,tie,,0.0,-7.105427357601002e-15,0.0,1.0,0,0,0,0,0,2,0.0,0.0,-3.700743415417188e-17,changed,served_and_memory,107.86687534313359,23.15942283546021,35.95562511437786,0.1794871794871795,32,0,-32,-6,0,3,0.0,64.66666666666667,4.750146439878756
published,lhs139,lhs,33392.11891278059,0.014332228993763746,0.9408247528906382,0.5715935171581822,30,100,optimal,49.15822860636908,27,8,5.25,optimal,40.69908907786396,26,7,4.714285714285714,optimal,17.89694117431582,7,3,3.3333333333333335,0.0640270900528647,0.10662101515601152,changed,routing,0.7045949623427674,0.6176369391114633,0.10065642319182391,0.6060606060606061,7,6,-1,-1,1,1,-0.2857142857142857,10.428571428571429,0.457568320340915,changed,served_and_memory,82.72875139302883,18.560900643886004,27.576250464342944,0.25925925925925924,20,0,-20,-5,0,3,0.0,73.0,5.614979462184476
published,lhs139,lhs,33392.11891278059,0.014332228993763746,0.9408247528906382,0.5715935171581822,20,100,optimal,45.10969506772733,20,6,4.333333333333333,optimal,38.641323228674494,20,6,4.333333333333333,optimal,17.89694117431582,7,3,3.3333333333333335,0.050276352689897476,0.12431716560097561,tie,,-7.105427357601002e-15,0.0,-1.1842378929335002e-15,1.0,0,0,0,0,0,2,0.0,0.0,9.251858538542972e-17,changed,served_and_memory,37.70100315819522,14.512367105244255,12.56700105273174,0.35,13,0,-13,-3,0,2,0.0,40.333333333333336,2.417349456103338
published,lhs139,lhs,33392.11891278059,0.014332228993763746,0.9408247528906382,0.5715935171581822,15,100,optimal,41.290842533640514,15,5,4.0,optimal,36.11356867148755,15,5,4.0,optimal,17.89694117431582,7,3,3.3333333333333335,0.050276352689897476,0.23713737056616555,tie,,-7.105427357601002e-15,0.0,-1.4210854715202005e-15,1.0,0,0,0,0,0,2,0.0,0.0,1.1102230246251565e-16,changed,served_and_memory,22.810507795559392,10.69351457115744,7.603502598519797,0.4666666666666667,8,0,-8,-2,0,1,0.0,16.0,0.7568017534231467
published,lhs139,lhs,33392.11891278059,0.014332228993763746,0.9408247528906382,0.5715935171581822,10,100,optimal,32.040773709932566,10,5,4.2,optimal,27.7988686485659,7,3,3.3333333333333335,optimal,17.89694117431582,7,3,3.3333333333333335,0.0005623413251903491,0.15703748946090484,changed,routing,0.5024691658570113,1.4434457474494913,0.1674897219523371,0.4166666666666667,5,2,-3,-2,1,1,0.6666666666666666,24.333333333333332,2.8409767350965303,changed,routing,36.9892567296957,1.4434457474494913,12.3297522432319,0.4166666666666667,5,2,-3,-2,1,1,0.6666666666666666,24.333333333333332,5.268311572150952
published,lhs139,lhs,33392.11891278059,0.014332228993763746,0.9408247528906382,0.5715935171581822,6,100,optimal,24.24150468748912,6,3,3.0,optimal,22.31305408702302,6,3,3.0,optimal,16.046303024265637,4,2,3.0,0.0036869450645195738,0.23713737056616555,identical,,0.0,0.0,0.0,1.0,0,0,0,0,0,0,0.0,0.0,0.0,changed,routing,2.990722217136767,2.387845192500322,1.4953611085683836,0.42857142857142855,3,1,-2,-1,1,0,0.5,0.0,2.5211029141095382
published,lhs140,lhs,121003.38970333047,0.008098454783236111,0.9636940388325685,0.9349615993210918,1000000,100,optimal,121.55275229719186,50,11,6.090909090909091,optimal,108.00735725483077,53,11,5.818181818181818,optimal,29.246281404843437,7,3,3.3333333333333335,0.03319923187926317,0.0640270900528647,changed,routing,0.03147544311821093,0.00784757140500858,0.0028614039198373575,0.9074074074074074,1,4,3,0,1,6,-0.2727272727272727,0.0,-0.033383539688720536,changed,served_and_memory,124.61539988782272,79.60608410418118,41.53846662927424,0.14,43,0,-43,-8,0,3,0.0,64.66666666666667,4.750146439878756
published,lhs140,lhs,121003.38970333047,0.008098454783236111,0.9636940388325685,0.9349615993210918,40,100,optimal,120.71532004697944,38,11,6.545454545454546,optimal,107.18312501852004,38,11,6.545454545454546,optimal,29.246281404843437,7,3,3.3333333333333335,0.03319923187926317,0.08153869645085443,tie,,0.0,-1.4210854715202004e-14,0.0,1.0,0,0,0,0,0,2,0.0,0.0,-3.027880976250427e-17,changed,served_and_memory,131.00710064391689,78.76865185396875,43.6690335479723,0.18421052631578946,31,0,-31,-8,0,3,0.0,73.0,5.6149794621844755
published,lhs140,lhs,121003.38970333047,0.008098454783236111,0.9636940388325685,0.9349615993210918,30,100,optimal,103.2461327335628,30,10,6.0,optimal,91.80017784913483,30,10,6.0,optimal,29.246281404843437,7,3,3.3333333333333335,0.00015183215780139426,0.07278289325185956,tie,,1.4210854715202004e-14,0.0,1.4210854715202005e-15,1.0,0,0,0,0,0,2,0.0,0.0,0.0,changed,served_and_memory,128.71104315829234,61.299464540552115,42.903681052764114,0.23333333333333334,23,0,-23,-7,0,3,0.0,64.66666666666667,4.750146439878756
published,lhs140,lhs,121003.38970333047,0.008098454783236111,0.9636940388325685,0.9349615993210918,20,100,optimal,82.72924272426636,18,7,5.428571428571429,optimal,74.89914004040627,18,7,5.428571428571429,optimal,29.246281404843437,7,3,3.3333333333333335,0.0640270900528647,0.12331143269440609,identical,,0.0,0.0,0.0,1.0,0,0,0,0,0,0,0.0,0.0,0.0,changed,served_and_memory,43.65861001093745,40.78257453125567,14.552870003645817,0.3888888888888889,11,0,-11,-4,0,2,0.0,40.333333333333336,2.4173494561033375
published,lhs140,lhs,121003.38970333047,0.008098454783236111,0.9636940388325685,0.9349615993210918,15,100,optimal,69.66591391802315,15,6,5.666666666666667,optimal,62.893021150902264,15,6,5.666666666666667,optimal,29.246281404843437,7,3,3.3333333333333335,0.0640270900528647,0.10242506457263026,tie,,0.0,0.0,0.0,1.0,0,0,0,0,0,2,0.0,0.0,5.551115123125783e-17,changed,served_and_memory,52.42156994486482,27.719245725012463,17.473856648288272,0.2222222222222222,11,3,-8,-3,0,2,0.0,60.5,3.6260241841550065
published,lhs140,lhs,121003.38970333047,0.008098454783236111,0.9636940388325685,0.9349615993210918,10,100,optimal,54.62788608804594,10,5,4.2,optimal,49.88351186082227,10,5,4.2,optimal,29.246281404843437,7,3,3.3333333333333335,0.0005623413251903491,0.08153869645085443,tie,,0.0,0.0,0.0,1.0,0,0,0,0,0,2,0.0,0.0,4.4408920985006264e-17,changed,routing,30.20800202534238,12.681217895035253,10.069334008447461,0.4166666666666667,5,2,-3,-2,1,1,0.6666666666666666,16.0,4.900154520350875
published,lhs140,lhs,121003.38970333047,0.008098454783236111,0.9636940388325685,0.9349615993210918,6,100,optimal,34.79506697757647,6,3,3.0,optimal,32.866616377110375,6,3,3.0,optimal,23.609143097216226,6,3,3.0,0.0036869450645195738,0.23713737056616555,identical,,0.0,0.0,0.0,1.0,0,0,0,0,0,0,0.0,0.0,0.0,identical,,0.0,0.0,0.0,1.0,0,0,0,0,0,0,0.0,0.0,0.0
published,lhs141,lhs,20295.360082315125,0.005869477372113324,0.9955453937619732,0.9291278958504384,1000000,100,optimal,76.00574263416672,29,8,5.375,optimal,66.75196220873882,29,8,5.375,optimal,22.451000477559507,7,3,3.3333333333333335,0.0640270900528647,0.1100835697919678,tie,,-1.4210854715202004e-14,0.0,-1.7763568394002505e-15,1.0,0,0,0,0,0,4,0.0,0.0,6.938893903907228e-17,changed,served_and_memory,61.34801990946097,40.85435536843997,20.449339969820326,0.2413793103448276,22,0,-22,-5,0,3,0.0,73.0,5.6149794621844755
published,lhs141,lhs,20295.360082315125,0.005869477372113324,0.9955453937619732,0.9291278958504384,40,100,optimal,76.00574263416672,29,8,5.375,optimal,66.75196220873882,29,8,5.375,optimal,22.451000477559507,7,3,3.3333333333333335,0.0640270900528647,0.1100835697919678,tie,,-1.4210854715202004e-14,0.0,-1.7763568394002505e-15,1.0,0,0,0,0,0,4,0.0,0.0,6.938893903907228e-17,changed,served_and_memory,61.34801990946097,40.85435536843997,20.449339969820326,0.2413793103448276,22,0,-22,-5,0,3,0.0,73.0,5.6149794621844755
published,lhs141,lhs,20295.360082315125,0.005869477372113324,0.9955453937619732,0.9291278958504384,30,100,optimal,76.00574263416672,29,8,5.375,optimal,66.75196220873883,29,8,5.375,optimal,22.451000477559507,7,3,3.3333333333333335,0.05387208250415978,0.09897609782820413,tie,,0.0,0.0,0.0,1.0,0,0,0,0,0,4,0.0,0.0,-1.3877787807814457e-17,changed,served_and_memory,66.75415683788272,40.85435536843997,22.251385612627573,0.2413793103448276,22,0,-22,-5,0,3,0.0,64.66666666666667,4.77354403836317
published,lhs141,lhs,20295.360082315125,0.005869477372113324,0.9955453937619732,0.9291278958504384,20,100,optimal,60.053332425226,20,7,4.714285714285714,optimal,53.541308455019134,17,6,4.833333333333333,optimal,22.451000477559507,7,3,3.3333333333333335,0.00015183215780139426,0.12532289850754513,changed,routing,0.9521972250302966,0.004329116630820806,0.15869953750504942,0.6086956521739131,6,3,-3,-1,1,3,0.5,4.166666666666667,1.4884760616608144,changed,served_and_memory,58.21257464876008,24.90194515949925,19.404191549586695,0.35,13,0,-13,-4,0,2,0.0,48.666666666666664,3.2587848799246437
published,lhs141,lhs,20295.360082315125,0.005869477372113324,0.9955453937619732,0.9291278958504384,15,100,optimal,52.25704334834615,12,5,4.6,optimal,47.040446471669966,12,5,4.6,optimal,22.451000477559507,7,3,3.3333333333333335,0.08153869645085443,0.16394459283656687,identical,,0.0,0.0,0.0,1.0,0,0,0,0,0,0,0.0,0.0,0.0,changed,served_and_memory,17.423007376937143,17.105656082619397,5.807669125645714,0.5833333333333334,5,0,-5,-2,0,1,0.0,24.333333333333332,1.5982371772444528
published,lhs141,lhs,20295.360082315125,0.005869477372113324,0.9955453937619732,0.9291278958504384,10,100,optimal,43.775101828051966,10,5,4.2,optimal,39.03072760082829,10,5,4.2,optimal,22.451000477559507,7,3,3.3333333333333335,0.0005623413251903491,0.08153869645085443,tie,,0.0,0.0,0.0,1.0,0,0,0,0,0,2,0.0,0.0,6.661338147750939e-17,changed,routing,34.26550535805242,8.623714562325212,11.421835119350808,0.4166666666666667,5,2,-3,-2,1,1,0.6666666666666666,16.0,4.89413457866528
published,lhs141,lhs,20295.360082315125,0.005869477372113324,0.9955453937619732,0.9291278958504384,6,100,optimal,27.906819949896178,6,3,3.0,optimal,25.978369349430086,6,3,3.0,optimal,18.48140477364533,4,2,3.0,0.0036869450645195738,0.23713737056616555,identical,,0.0,0.0,0.0,1.0,0,0,0,0,0,0,0.0,0.0,0.0,changed,routing,1.760508704109398,3.6180587055276874,0.880254352054699,0.42857142857142855,3,1,-2,-1,1,0,0.5,0.0,2.871546736861264
published,lhs142,lhs,52282.21303088224,0.005066165467797958,0.9631130139771865,0.65731508145927,1000000,100,optimal,55.21602402957909,20,6,4.333333333333333,optimal,48.747652190526274,20,6,4.333333333333333,optimal,22.036626578472358,7,3,3.3333333333333335,0.050276352689897476,0.16049104114873586,tie,,7.105427357601002e-15,-7.105427357601002e-15,1.1842378929335002e-15,1.0,0,0,0,0,0,4,0.0,0.0,-1.6653345369377348e-16,changed,served_and_memory,32.624125538374415,20.47901066293948,10.874708512791472,0.35,13,0,-13,-3,0,2,0.0,40.333333333333336,2.3939518576189234
published,lhs142,lhs,52282.21303088224,0.005066165467797958,0.9631130139771865,0.65731508145927,40,100,optimal,55.21602402957909,20,6,4.333333333333333,optimal,48.747652190526274,20,6,4.333333333333333,optimal,22.036626578472358,7,3,3.3333333333333335,0.050276352689897476,0.16049104114873586,tie,,7.105427357601002e-15,-7.105427357601002e-15,1.1842378929335002e-15,1.0,0,0,0,0,0,4,0.0,0.0,-1.6653345369377348e-16,changed,served_and_memory,32.624125538374415,20.47901066293948,10.874708512791472,0.35,13,0,-13,-3,0,2,0.0,40.333333333333336,2.3939518576189234
published,lhs142,lhs,52282.21303088224,0.005066165467797958,0.9631130139771865,0.65731508145927,30,100,optimal,55.21602402957909,20,6,4.333333333333333,optimal,48.747652190526274,20,6,4.333333333333333,optimal,22.036626578472358,7,3,3.3333333333333335,0.050276352689897476,0.16049104114873586,tie,,7.105427357601002e-15,-7.105427357601002e-15,1.1842378929335002e-15,1.0,0,0,0,0,0,4,0.0,0.0,-1.6653345369377348e-16,changed,served_and_memory,32.624125538374415,20.47901066293948,10.874708512791472,0.35,13,0,-13,-3,0,2,0.0,40.333333333333336,2.3939518576189234
published,lhs142,lhs,52282.21303088224,0.005066165467797958,0.9631130139771865,0.65731508145927,20,100,optimal,55.21602402957909,20,6,4.333333333333333,optimal,48.747652190526274,20,6,4.333333333333333,optimal,22.036626578472358,7,3,3.3333333333333335,0.050276352689897476,0.16049104114873586,tie,,7.105427357601002e-15,-7.105427357601002e-15,1.1842378929335002e-15,1.0,0,0,0,0,0,4,0.0,0.0,-1.6653345369377348e-16,changed,served_and_memory,32.624125538374415,20.47901066293948,10.874708512791472,0.35,13,0,-13,-3,0,2,0.0,40.333333333333336,2.3939518576189234
published,lhs142,lhs,52282.21303088224,0.005066165467797958,0.9631130139771865,0.65731508145927,15,100,optimal,49.19434181452584,15,5,4.0,optimal,44.017067952372884,15,5,4.0,optimal,22.036626578472358,7,3,3.3333333333333335,0.08153869645085443,0.16394459283656687,tie,,0.0,0.0,0.0,1.0,0,0,0,0,0,2,0.0,0.0,-6.661338147750939e-17,changed,served_and_memory,17.009234913677112,14.457328447886233,5.669744971225704,0.4666666666666667,8,0,-8,-2,0,1,0.0,24.333333333333332,1.5982371772444528
published,lhs142,lhs,52282.21303088224,0.005066165467797958,0.9631130139771865,0.65731508145927,10,100,optimal,35.201525134811185,10,4,3.5,optimal,32.08408572300409,10,4,3.5,optimal,22.036626578472358,7,3,3.3333333333333335,0.0019172114335501782,0.15933803350851,identical,,0.0,0.0,0.0,1.0,0,0,0,0,0,0,0.0,0.0,0.0,changed,routing,13.5161117995736,0.464511768171576,4.505370599857867,0.5454545454545454,4,1,-3,-1,1,1,0.3333333333333333,16.0,2.3117319156857623
published,lhs142,lhs,52282.21303088224,0.005066165467797958,0.9631130139771865,0.65731508145927,6,100,optimal,28.09576669672171,6,3,3.0,optimal,26.167316096255615,6,3,3.0,optimal,18.60987761262831,4,2,3.0,0.0036869450645195738,0.23713737056616555,identical,,0.0,0.0,0.0,1.0,0,0,0,0,0,0,0.0,0.0,0.0,changed,routing,1.700034796266845,3.678532613370244,0.8500173981334225,0.42857142857142855,3,1,-2,-1,1,0,0.5,0.0,2.6219006804891922
published,lhs143,lhs,15549.92627809681,0.012889314364508624,0.9681097646045635,0.8921852547433496,1000000,100,optimal,107.7079163548521,55,17,8.823529411764707,optimal,84.55447922669964,55,17,8.823529411764707,optimal,20.039184500368627,7,3,3.3333333333333335,0.0221885046944556,0.050276352689897476,tie,,-1.4210854715202004e-14,-1.4210854715202004e-14,-8.359326303060002e-16,1.0,0,0,0,0,0,6,0.0,0.0,-3.2653618371328135e-17,changed,served_and_memory,510.15563520306523,74.96834506631623,170.05187840102175,0.12727272727272726,48,0,-48,-14,0,3,0.0,73.33333333333333,6.875877888106969
published,lhs143,lhs,15549.92627809681,0.012889314364508624,0.9681097646045635,0.8921852547433496,40,100,optimal,101.80831913426712,39,16,9.0625,optimal,80.84495281927421,40,15,8.4,optimal,20.039184500368627,7,3,3.3333333333333335,0.0221885046944556,0.05161879346889767,changed,routing,0.6452494128376998,0.8326360332613945,0.04301662752251332,0.6808510638297872,7,8,1,-1,3,5,-0.2,0.8666666666666667,0.10522858724507671,changed,served_and_memory,491.04901980557855,69.06874784573125,163.68300660185952,0.1794871794871795,32,0,-32,-13,0,3,0.0,73.0,5.6149794621844755
published,lhs143,lhs,15549.92627809681,0.012889314364508624,0.9681097646045635,0.8921852547433496,30,100,optimal,86.38059018112168,30,13,8.538461538461538,optimal,69.17397050021599,30,13,8.538461538461538,optimal,20.039184500368627,7,3,3.3333333333333335,0.03319923187926317,0.0640270900528647,tie,,0.0,0.0,0.0,1.0,0,0,0,0,0,2,0.0,0.0,-8.540177112501205e-18,changed,served_and_memory,356.13671782482214,53.6410188925858,118.71223927494071,0.23333333333333334,23,0,-23,-10,0,3,0.0,73.0,5.6149794621844755
published,lhs143,lhs,15549.92627809681,0.012889314364508624,0.9681097646045635,0.8921852547433496,20,100,optimal,72.97845937897249,20,11,9.0,optimal,58.34602249072748,20,11,9.0,optimal,20.039184500368627,7,3,3.3333333333333335,0.03319923187926317,0.0640270900528647,tie,,0.0,0.0,0.0,1.0,0,0,0,0,0,2,0.0,0.0,1.0092936587501423e-17,changed,served_and_memory,333.265800188189,40.23888809043661,111.08860006272967,0.35,13,0,-13,-8,0,2,0.0,48.666666666666664,3.954431759504285
published,lhs143,lhs,15549.92627809681,0.012889314364508624,0.9681097646045635,0.8921852547433496,15,100,optimal,50.5729109611126,15,6,5.666666666666667,optimal,43.80001819399172,15,6,5.666666666666667,optimal,20.039184500368627,7,3,3.3333333333333335,0.0640270900528647,0.10242506457263026,tie,,7.105427357601002e-15,0.0,1.1842378929335002e-15,1.0,0,0,0,0,0,4,0.0,0.0,9.251858538542972e-17,changed,served_and_memory,59.71481455217231,17.83333967257672,19.904938184057436,0.2222222222222222,11,3,-8,-3,0,2,0.0,60.5,3.6260241841550065
published,lhs143,lhs,15549.92627809681,0.012889314364508624,0.9681097646045635,0.8921852547433496,10,100,optimal,39.07588628417461,10,5,4.2,optimal,34.331512056950935,10,5,4.2,optimal,20.039184500368627,7,3,3.3333333333333335,0.0005623413251903491,0.15703748946090484,identical,,0.0,0.0,0.0,1.0,0,0,0,0,0,0,0.0,0.0,0.0,changed,routing,34.616734365478074,6.33631499563873,11.538911455159358,0.4166666666666667,5,2,-3,-2,1,1,0.6666666666666666,24.333333333333332,5.6965474060143215
published,lhs143,lhs,15549.92627809681,0.012889314364508624,0.9681097646045635,0.8921852547433496,6,100,optimal,25.64031137199713,6,3,3.0,optimal,23.71186077153103,6,3,3.0,optimal,16.972166832422964,4,2,3.0,0.0036869450645195738,0.23713737056616555,identical,,0.0,0.0,0.0,1.0,0,0,0,0,0,0,0.0,0.0,0.0,changed,routing,2.517779340786083,2.8607880688510043,1.2588896703930414,0.42857142857142855,3,1,-2,-1,1,0,0.5,0.0,2.842279789507065
published,lhs144,lhs,62382.16275839081,0.01409687418247659,0.9677378940505521,0.6962982801457747,1000000,100,optimal,96.37190161046215,55,14,7.214285714285714,optimal,78.05448744621015,55,14,7.214285714285714,optimal,23.536207526446297,7,3,3.3333333333333335,0.030017743045081,0.05916841616414359,tie,,0.0,0.0,0.0,1.0,0,0,0,0,0,2,0.0,0.0,1.586032892321652e-17,changed,served_and_memory,289.6697678419931,60.1353072958486,96.55658928066437,0.12727272727272726,48,0,-48,-11,0,3,0.0,77.33333333333333,6.848912076311538
published,lhs144,lhs,62382.16275839081,0.01409687418247659,0.9677378940505521,0.6962982801457747,40,100,optimal,92.66907443517904,40,14,7.785714285714286,optimal,74.24027291071813,40,14,7.785714285714286,optimal,23.536207526446297,7,3,3.3333333333333335,0.030017743045081,0.0640270900528647,tie,,-1.4210854715202004e-14,-1.4210854715202004e-14,-1.0150610510858574e-15,1.0,0,0,0,0,0,2,0.0,0.0,1.586032892321652e-17,changed,served_and_memory,311.2033424656609,56.432480120565494,103.73444748855364,0.175,33,0,-33,-11,0,3,0.0,77.33333333333333,6.848912076311538
published,lhs144,lhs,62382.16275839081,0.01409687418247659,0.9677378940505521,0.6962982801457747,30,100,optimal,78.831535006958,30,11,7.181818181818182,optimal,64.96121829865318,30,11,7.181818181818182,optimal,23.536207526446297,7,3,3.3333333333333335,0.03319923187926317,0.0640270900528647,tie,,0.0,0.0,0.0,1.0,0,0,0,0,0,2,0.0,0.0,2.0185873175002847e-17,changed,served_and_memory,207.17931991970207,42.59494069234446,69.05977330656735,0.23333333333333334,23,0,-23,-8,0,3,0.0,73.0,5.6149794621844755
published,lhs144,lhs,62382.16275839081,0.01409687418247659,0.9677378940505521,0.6962982801457747,20,100,optimal,65.01357764039821,20,9,7.444444444444445,optimal,55.594545171434405,18,7,5.428571428571429,optimal,23.536207526446297,7,3,3.3333333333333335,0.03319923187926317,0.0640270900528647,changed,served_and_memory,1.8771014466803422,1.5889297851037156,0.26815734952576314,0.46153846153846156,8,6,-2,-2,0,3,0.0,10.0,0.37822088639104934,changed,served_and_memory,178.42977073780162,28.776983325784663,59.47659024593387,0.35,13,0,-13,-6,0,2,0.0,48.666666666666664,3.954431759504285
published,lhs144,lhs,62382.16275839081,0.01409687418247659,0.9677378940505521,0.6962982801457747,15,100,optimal,52.538244858269586,15,6,5.666666666666667,optimal,46.85262375636914,15,5,4.0,optimal,23.536207526446297,7,3,3.3333333333333335,0.0640270900528647,0.12431716560097561,changed,routing,1.0872716652204417,0.5083472397474793,0.21745433304408834,0.36363636363636365,7,7,0,-1,1,1,-0.75,18.25,0.699338676750229,changed,served_and_memory,56.78998623786054,16.301650543656038,18.92999541262018,0.2222222222222222,11,3,-8,-3,0,2,0.0,73.0,4.888177319886966
published,lhs144,lhs,62382.16275839081,0.01409687418247659,0.9677378940505521,0.6962982801457747,10,100,optimal,43.347502804748906,10,5,4.2,optimal,38.60312857752524,10,5,4.2,optimal,23.536207526446297,7,3,3.3333333333333335,0.0005623413251903491,0.15703748946090484,identical,,0.0,0.0,0.0,1.0,0,0,0,0,0,0,0.0,0.0,0.0,changed,routing,33.84214087098145,7.110908490135358,11.280713623660484,0.4166666666666667,5,2,-3,-2,1,1,0.6666666666666666,24.333333333333332,5.4581221761798275
published,lhs144,lhs,62382.16275839081,0.01409687418247659,0.9677378940505521,0.6962982801457747,6,100,optimal,29.496239209254234,6,3,3.0,optimal,27.567788608788135,6,3,3.0,optimal,19.542834846865475,4,2,3.0,0.0036869450645195738,0.23713737056616555,identical,,0.0,0.0,0.0,1.0,0,0,0,0,0,0,0.0,0.0,0.0,changed,routing,1.2325195179714896,4.146047891665599,0.6162597589857448,0.42857142857142855,3,1,-2,-1,1,0,0.5,0.0,2.6634608671311955
published,lhs145,lhs,21711.90803109951,0.04272763461191864,0.9836370184336548,0.5431204351465223,1000000,100,optimal,57.156868965678996,53,11,5.818181818181818,optimal,43.6193214947229,53,11,5.818181818181818,optimal,16.96355694982782,7,3,3.3333333333333335,0.03319923187926317,0.0640270900528647,tie,,0.0,1.4210854715202004e-14,0.0,1.0,0,0,0,0,0,2,0.0,0.0,3.027880976250427e-17,changed,served_and_memory,167.47184424592328,27.492925227683926,55.82394808197443,0.1320754716981132,46,0,-46,-8,0,3,0.0,73.0,5.614979462184476
published,lhs145,lhs,21711.90803109951,0.04272763461191864,0.9836370184336548,0.5431204351465223,40,100,optimal,53.08019879377069,39,9,5.333333333333333,optimal,42.424955528635415,39,9,5.333333333333333,optimal,16.96355694982782,7,3,3.3333333333333335,0.05387208250415978,0.08153869645085443,tie,,-1.4210854715202004e-14,0.0,-1.578983857244667e-15,1.0,0,0,0,0,0,4,0.0,0.0,-7.401486830834377e-17,changed,served_and_memory,110.33651860665681,23.416255055775622,36.77883953555227,0.1794871794871795,32,0,-32,-6,0,3,0.0,56.333333333333336,3.5455996726847676
published,lhs145,lhs,21711.90803109951,0.04272763461191864,0.9836370184336548,0.5431204351465223,30,100,optimal,48.586911557012925,27,8,5.25,optimal,39.58117391093779,26,7,4.714285714285714,optimal,16.96355694982782,7,3,3.3333333333333335,0.050276352689897476,0.11986246594997996,changed,routing,0.15799684477276088,1.1642350566814912,0.022570977824680125,0.6060606060606061,7,6,-1,-1,1,1,-0.2857142857142857,10.428571428571429,0.4786304367954761,changed,served_and_memory,82.46797266378964,18.922967819017856,27.489324221263214,0.25925925925925924,20,0,-20,-5,0,3,0.0,73.0,5.614979462184476
published,lhs145,lhs,21711.90803109951,0.04272763461191864,0.9836370184336548,0.5431204351465223,20,100,optimal,43.86327140138831,20,6,4.333333333333333,optimal,37.39489956233549,20,6,4.333333333333333,optimal,16.96355694982782,7,3,3.3333333333333335,0.0640270900528647,0.13038656197151804,tie,,0.0,0.0,0.0,1.0,0,0,0,0,0,4,0.0,0.0,-1.6653345369377348e-16,changed,served_and_memory,38.802520092028004,14.199327663393241,12.934173364009334,0.35,13,0,-13,-3,0,2,0.0,40.333333333333336,2.3939518576189234
published,lhs145,lhs,21711.90803109951,0.04272763461191864,0.9836370184336548,0.5431204351465223,15,100,optimal,40.065757383379776,15,5,4.0,optimal,34.88848352122681,15,5,4.0,optimal,16.96355694982782,7,3,3.3333333333333335,0.050276352689897476,0.16394459283656687,tie,,0.0,7.105427357601002e-15,0.0,1.0,0,0,0,0,0,2,0.0,0.0,-1.9984014443252818e-16,changed,served_and_memory,21.166038162071303,10.401813645384706,7.055346054023768,0.4666666666666667,8,0,-8,-2,0,1,0.0,24.333333333333332,1.5982371772444528
published,lhs145,lhs,21711.90803109951,0.04272763461191864,0.9836370184336548,0.5431204351465223,10,100,optimal,31.106298513221503,10,5,4.2,optimal,26.8654844240779,7,3,3.3333333333333335,optimal,16.96355694982782,7,3,3.3333333333333335,0.0005623413251903491,0.08153869645085443,changed,routing,0.5035601380800685,1.442354775226434,0.16785337936002284,0.4166666666666667,5,2,-3,-2,1,1,0.6666666666666666,16.0,2.4766477247100127,changed,routing,41.44686514515121,1.442354775226434,13.815621715050403,0.4166666666666667,5,2,-3,-2,1,1,0.6666666666666666,16.0,4.3777312099356696
published,lhs145,lhs,21711.90803109951,0.04272763461191864,0.9836370184336548,0.5431204351465223,6,100,optimal,23.23012248504137,6,3,3.0,optimal,21.301671884575278,6,3,3.0,optimal,15.363982078128517,4,2,3.0,0.0036869450645195738,0.23713737056616555,identical,,0.0,0.0,0.0,1.0,0,0,0,0,0,0,0.0,0.0,0.0,changed,routing,3.3197834734473926,2.0587839361896947,1.6598917367236963,0.42857142857142855,3,1,-2,-1,1,0,0.5,0.0,2.4842442103140563
published,lhs146,lhs,1383.6519079297075,0.07557820531025544,0.9522762645511104,0.6157521748340463,1000000,100,optimal,20.870230610959965,20,6,4.333333333333333,optimal,15.633643321838843,15,5,4.0,optimal,7.533626877715157,4,2,3.0,0.08153869645085443,0.12431716560097561,changed,served_and_memory,1.2317845499316995,0.05931342696816344,0.2463569099863399,0.75,5,0,-5,-1,0,3,0.0,14.6,0.3777937375222511,changed,served_and_memory,49.53969431320842,7.529247262521647,24.76984715660421,0.2,16,0,-16,-4,0,2,0.0,73.0,4.888177319886966
published,lhs146,lhs,1383.6519079297075,0.07557820531025544,0.9522762645511104,0.6157521748340463,40,100,optimal,20.870230610959965,20,6,4.333333333333333,optimal,15.633643321838843,15,5,4.0,optimal,7.533626877715157,4,2,3.0,0.050276352689897476,0.12431716560097561,changed,served_and_memory,1.2317845499316995,0.05931342696816344,0.2463569099863399,0.75,5,0,-5,-1,0,1,0.0,14.6,0.3777937375222512,changed,served_and_memory,51.577153318361916,7.529247262521647,25.788576659180958,0.2,16,0,-16,-4,0,2,0.0,60.5,3.626024184155007
published,lhs146,lhs,1383.6519079297075,0.07557820531025544,0.9522762645511104,0.6157521748340463,30,100,optimal,20.870230610959965,20,6,4.333333333333333,optimal,15.633643321838843,15,5,4.0,optimal,7.533626877715157,4,2,3.0,0.050276352689897476,0.12431716560097561,changed,served_and_memory,1.2317845499316995,0.05931342696816344,0.2463569099863399,0.75,5,0,-5,-1,0,1,0.0,14.6,0.3777937375222512,changed,served_and_memory,51.577153318361916,7.529247262521647,25.788576659180958,0.2,16,0,-16,-4,0,2,0.0,60.5,3.626024184155007
published,lhs146,lhs,1383.6519079297075,0.07557820531025544,0.9522762645511104,0.6157521748340463,20,100,optimal,20.870230610959965,20,6,4.333333333333333,optimal,15.633643321838843,15,5,4.0,optimal,7.533626877715157,4,2,3.0,0.050276352689897476,0.141180193984225,changed,served_and_memory,1.2317845499317013,0.05931342696816344,0.24635690998634024,0.75,5,0,-5,-1,0,3,0.0,14.6,0.3777937375222511,changed,served_and_memory,49.640982759101085,7.529247262521647,24.820491379550543,0.2,16,0,-16,-4,0,2,0.0,73.0,4.888177319886966
published,lhs146,lhs,1383.6519079297075,0.07557820531025544,0.9522762645511104,0.6157521748340463,15,100,optimal,20.810917183991798,15,5,4.0,optimal,15.633643321838843,15,5,4.0,optimal,7.533626877715157,4,2,3.0,0.050276352689897476,0.16394459283656687,tie,,1.7763568394002505e-15,0.0,3.552713678800501e-16,1.0,0,0,0,0,0,2,0.0,0.0,-2.2204460492503132e-17,changed,served_and_memory,30.990948289346612,7.46993383555348,15.495474144673306,0.26666666666666666,11,0,-11,-3,0,1,0.0,36.5,2.397355765866679
published,lhs146,lhs,1383.6519079297075,0.07557820531025544,0.9522762645511104,0.6157521748340463,10,100,optimal,17.98575026016512,7,3,3.3333333333333335,optimal,15.187290946247945,7,3,3.3333333333333335,optimal,7.533626877715157,4,2,3.0,0.23713737056616555,0.46415888336127825,identical,,0.0,0.0,0.0,1.0,0,0,0,0,0,0,0.0,0.0,0.0,changed,served_set_only,2.2482634057172897,4.644766911726801,1.1241317028586448,0.5714285714285714,3,0,-3,-1,0,0,0.0,0.0,0.0
published,lhs146,lhs,1383.6519079297075,0.07557820531025544,0.9522762645511104,0.6157521748340463,6,100,optimal,13.340983348438318,4,2,3.0,optimal,11.599733951260355,4,2,3.0,optimal,7.533626877715157,4,2,3.0,0.46415888336127825,0.5356805395261334,identical,,0.0,0.0,0.0,1.0,0,0,0,0,0,0,0.0,0.0,0.0,identical,,0.0,0.0,0.0,1.0,0,0,0,0,0,0,0.0,0.0,0.0
published,lhs147,lhs,38512.661296051454,0.014682093153321984,0.9861333268281103,0.6409815937039285,1000000,100,optimal,82.8858701979018,55,14,7.214285714285714,optimal,66.0019101095222,54,12,6.333333333333333,optimal,21.193418510111425,7,3,3.3333333333333335,0.030017743045081,0.05916841616414359,changed,served_and_memory,1.4334540758723904,1.7143347444181956,0.1194545063226992,0.9818181818181818,1,0,-1,-2,0,7,0.0,5.25,0.2365530843384259,changed,served_and_memory,303.6389467353539,48.99206489962312,101.21298224511797,0.12727272727272726,48,0,-48,-11,0,3,0.0,69.0,5.984079054005818
published,lhs147,lhs,38512.661296051454,0.014682093153321984,0.9861333268281103,0.6409815937039285,40,100,optimal,78.84617299721151,40,14,7.785714285714286,optimal,61.85082554862298,40,12,7.0,optimal,21.193418510111425,7,3,3.3333333333333335,0.030017743045081,0.0640270900528647,changed,served_and_memory,1.4334540758723904,1.7143347444182098,0.1194545063226992,1.0,0,0,0,-2,0,5,0.0,5.25,0.2365530843384259,changed,served_and_memory,325.50939138442885,44.95236769893283,108.50313046147629,0.175,33,0,-33,-11,0,3,0.0,69.0,5.984079054005818
published,lhs147,lhs,38512.661296051454,0.014682093153321984,0.9861333268281103,0.6409815937039285,30,100,optimal,68.29657726151723,30,11,7.181818181818182,optimal,56.228247179758625,28,9,5.888888888888889,optimal,21.193418510111425,7,3,3.3333333333333335,0.03319923187926317,0.0640270900528647,changed,served_and_memory,1.801986626546224,1.3404542082744229,0.20022073628291379,0.5675675675675675,9,7,-2,-2,0,3,0.0,3.5714285714285716,0.1350788879968033,changed,served_and_memory,218.1974251459432,34.40277196323855,72.73247504864774,0.23333333333333334,23,0,-23,-8,0,3,0.0,64.66666666666667,4.750146439878756
published,lhs147,lhs,38512.661296051454,0.014682093153321984,0.9861333268281103,0.6409815937039285,20,100,optimal,57.20284354683606,18,7,5.428571428571429,optimal,49.37274086297597,18,7,5.428571428571429,optimal,21.193418510111425,7,3,3.3333333333333335,0.0640270900528647,0.15703748946090484,identical,,0.0,0.0,0.0,1.0,0,0,0,0,0,0,0.0,0.0,0.0,changed,served_and_memory,62.0942267926668,23.30903824855738,20.6980755975556,0.3888888888888889,11,0,-11,-4,0,2,0.0,40.333333333333336,2.3939518576189234
published,lhs147,lhs,38512.661296051454,0.014682093153321984,0.9861333268281103,0.6409815937039285,15,100,optimal,47.93907055968303,15,5,4.0,optimal,42.76179669753007,15,5,4.0,optimal,21.193418510111425,7,3,3.3333333333333335,0.050276352689897476,0.16394459283656687,tie,,0.0,0.0,0.0,1.0,0,0,0,0,0,2,0.0,0.0,-6.661338147750939e-17,changed,served_and_memory,17.52258654605165,14.045265261404353,5.840862182017216,0.4666666666666667,8,0,-8,-2,0,1,0.0,24.333333333333332,1.5982371772444528
published,lhs147,lhs,38512.661296051454,0.014682093153321984,0.9861333268281103,0.6409815937039285,10,100,optimal,39.22861014797866,10,5,4.2,optimal,34.48423592075498,10,5,4.2,optimal,21.193418510111425,7,3,3.3333333333333335,0.0005623413251903491,0.15703748946090484,tie,,0.0,0.0,0.0,1.0,0,0,0,0,0,2,0.0,0.0,-1.554312234475219e-16,changed,routing,33.09789762744521,5.334804849699978,11.032632542481736,0.4166666666666667,5,2,-3,-2,1,1,0.6666666666666666,24.333333333333332,5.378507155744685
published,lhs147,lhs,38512.661296051454,0.014682093153321984,0.9861333268281103,0.6409815937039285,6,100,optimal,27.21321711761259,6,3,3.0,optimal,25.284766517146494,6,3,3.0,optimal,18.01925807208388,4,2,3.0,0.0036869450645195738,0.23713737056616555,identical,,0.0,0.0,0.0,1.0,0,0,0,0,0,0,0.0,0.0,0.0,changed,routing,1.9919648348315349,3.386602574805547,0.9959824174157674,0.42857142857142855,3,1,-2,-1,1,0,0.5,0.0,2.603749601804838
published,lhs148,lhs,2664.7366890127582,0.020543658077934422,0.9857473788404475,0.8991674362036228,1000000,100,optimal,76.40157902439992,51,17,9.0,optimal,53.208818881724234,51,17,9.0,optimal,13.040023219943837,7,3,3.3333333333333335,0.0221885046944556,0.05387208250415978,tie,,7.105427357601002e-15,1.4210854715202004e-14,4.179663151530001e-16,1.0,0,0,0,0,0,2,0.0,0.0,1.3061447348531253e-17,changed,served_and_memory,537.1180321141991,50.66116901628884,179.03934403806636,0.13725490196078433,44,0,-44,-14,0,3,0.0,77.33333333333333,6.506778296285627
published,lhs148,lhs,2664.7366890127582,0.020543658077934422,0.9857473788404475,0.8991674362036228,40,100,optimal,74.04695258307912,40,17,9.647058823529411,optimal,52.723868219052065,40,14,7.785714285714286,optimal,13.040023219943837,7,3,3.3333333333333335,0.008576498012880285,0.05789136158694193,changed,served_and_memory,2.3571592093385973,2.894282839566145,0.16836851495275695,1.0,0,0,0,-3,0,7,0.0,0.7857142857142857,0.19691913330655061,changed,served_and_memory,613.7550574439589,48.306542574968034,204.5850191479863,0.175,33,0,-33,-14,0,3,0.0,77.33333333333333,6.848912076311538
published,lhs148,lhs,2664.7366890127582,0.020543658077934422,0.9857473788404475,0.8991674362036228,30,100,optimal,62.12624036763202,27,14,9.714285714285714,optimal,45.27111942280487,26,12,8.083333333333334,optimal,13.040023219943837,7,3,3.3333333333333335,0.03134209593995679,0.03319923187926317,changed,served_and_memory,2.4889655070589214,1.3111070066688129,0.2074137922549101,0.6060606060606061,7,6,-1,-2,0,3,0.0,-4.7,0.0006096472600472635,changed,served_and_memory,507.35789097817064,36.38583035952094,169.11929699272355,0.25925925925925924,20,0,-20,-11,0,2,0.0,48.666666666666664,3.954431759504285
published,lhs148,lhs,2664.7366890127582,0.020543658077934422,0.9857473788404475,0.8991674362036228,20,100,optimal,52.858069553772616,20,11,9.0,optimal,38.64104318279073,20,10,8.2,optimal,13.040023219943837,7,3,3.3333333333333335,0.03319923187926317,0.0640270900528647,changed,served_and_memory,0.41541051726313327,1.286518240007453,0.041541051726313324,1.0,0,0,0,-1,0,3,0.0,1.3,0.0947532580105864,changed,served_and_memory,343.7122087036969,27.11765954566153,114.57073623456563,0.35,13,0,-13,-8,0,2,0.0,48.666666666666664,3.954431759504285
published,lhs148,lhs,2664.7366890127582,0.020543658077934422,0.9857473788404475,0.8991674362036228,15,100,optimal,37.647261053621,15,6,5.666666666666667,optimal,30.874368286500115,15,6,5.666666666666667,optimal,13.040023219943837,7,3,3.3333333333333335,0.0640270900528647,0.08153869645085443,tie,,0.0,0.0,0.0,1.0,0,0,0,0,0,2,0.0,0.0,1.6653345369377348e-16,changed,served_and_memory,71.05990112150263,11.906851045509917,23.686633707167545,0.2222222222222222,11,3,-8,-3,0,2,0.0,48.0,2.3287746506964258
published,lhs148,lhs,2664.7366890127582,0.020543658077934422,0.9857473788404475,0.8991674362036228,10,100,optimal,28.403679006422955,9,4,4.75,optimal,24.244292046485974,9,4,4.75,optimal,13.040023219943837,7,3,3.3333333333333335,0.08153869645085443,0.1986419191050842,identical,,0.0,0.0,0.0,1.0,0,0,0,0,0,0,0.0,0.0,0.0,changed,served_and_memory,29.42888158703303,2.663268998311871,9.809627195677676,0.3333333333333333,5,3,-2,-1,0,1,0.0,24.0,1.13520263013472
published,lhs148,lhs,2664.7366890127582,0.020543658077934422,0.9857473788404475,0.8991674362036228,6,100,optimal,18.572707649414426,6,3,3.0,optimal,16.644257048948326,6,3,3.0,optimal,12.258935466852243,4,2,3.0,0.0036869450645195738,0.23713737056616555,identical,,0.0,0.0,0.0,1.0,0,0,0,0,0,0,0.0,0.0,0.0,changed,routing,4.872151697798065,0.506415711839022,2.4360758488990326,0.42857142857142855,3,1,-2,-1,1,0,0.5,0.0,2.8479030314458362
published,lhs149,lhs,2587.3283967676402,0.013969410363603278,0.9842510066879745,0.7490144936203416,1000000,100,optimal,48.3457470861157,54,12,6.333333333333333,optimal,34.56337546390721,53,11,5.818181818181818,optimal,11.09220422012867,4,2,3.0,0.03319923187926317,0.07278289325185956,changed,served_and_memory,1.387253721752927,0.2448241512524021,0.12611397470481156,0.9814814814814815,1,0,-1,-1,0,3,0.0,1.1818181818181819,0.0861393254641696,changed,served_and_memory,213.43430026856205,31.446186395263872,106.71715013428103,0.07407407407407407,50,0,-50,-10,0,2,0.0,79.5,6.225875571038693
published,lhs149,lhs,2587.3283967676402,0.013969410363603278,0.9842510066879745,0.7490144936203416,40,100,optimal,46.05012332786623,40,12,7.0,optimal,32.99821721580936,40,10,5.9,optimal,11.09220422012867,4,2,3.0,0.030017743045081,0.0640270900528647,changed,routing,2.229106592113464,0.8325214642853069,0.2229106592113464,0.6,10,10,0,-2,2,0,-0.5,0.0,0.1126522884515769,changed,served_and_memory,246.11616146468097,29.150562637014403,123.05808073234049,0.1,36,0,-36,-10,0,2,0.0,60.5,3.5909277864283853
published,lhs149,lhs,2587.3283967676402,0.013969410363603278,0.9842510066879745,0.7490144936203416,30,100,optimal,41.463119003926145,28,9,5.888888888888889,optimal,30.735243130441958,28,9,5.888888888888889,optimal,11.09220422012867,4,2,3.0,0.050276352689897476,0.0640270900528647,tie,,0.0,-7.105427357601002e-15,0.0,1.0,0,0,0,0,0,2,0.0,0.0,0.0,changed,served_and_memory,131.695034916587,24.563558313074317,65.8475174582935,0.14285714285714285,24,0,-24,-7,0,2,0.0,48.0,2.3287746506964258
published,lhs149,lhs,2587.3283967676402,0.013969410363603278,0.9842510066879745,0.7490144936203416,20,100,optimal,36.67230506827659,18,7,5.428571428571429,optimal,28.8422023844165,18,7,5.428571428571429,optimal,11.09220422012867,4,2,3.0,0.0640270900528647,0.12532289850754513,tie,,0.0,0.0,0.0,1.0,0,0,0,0,0,2,0.0,0.0,-1.586032892321652e-17,changed,served_and_memory,67.10495303897999,19.772744377424765,33.55247651948999,0.2222222222222222,14,0,-14,-5,0,2,0.0,73.0,4.888177319886966
published,lhs149,lhs,2587.3283967676402,0.013969410363603278,0.9842510066879745,0.7490144936203416,15,100,optimal,31.714846504666532,15,5,4.0,optimal,26.537572642513574,15,5,4.0,optimal,11.09220422012867,4,2,3.0,0.050276352689897476,0.16394459283656687,tie,,-3.552713678800501e-15,0.0,-7.105427357601002e-16,1.0,0,0,0,0,0,2,0.0,0.0,-1.3322676295501878e-16,changed,served_and_memory,23.64559631108539,14.815285813814704,11.822798155542696,0.26666666666666666,11,0,-11,-3,0,1,0.0,36.5,2.397355765866679
published,lhs149,lhs,2587.3283967676402,0.013969410363603278,0.9842510066879745,0.7490144936203416,10,100,optimal,24.19042969820163,9,4,4.75,optimal,20.923503897306627,7,3,3.3333333333333335,optimal,11.09220422012867,4,2,3.0,0.08153869645085443,0.1986419191050842,changed,served_and_memory,0.8924611590419786,0.46846648697783166,0.29748705301399286,0.3333333333333333,5,3,-2,-1,0,1,0.0,24.0,0.4717082358168163,changed,served_and_memory,31.694311895439192,7.2908690073498015,15.847155947719596,0.4444444444444444,5,0,-5,-2,0,1,0.0,24.0,1.13520263013472
published,lhs149,lhs,2587.3283967676402,0.013969410363603278,0.9842510066879745,0.7490144936203416,6,100,optimal,16.89956069085183,4,2,3.0,optimal,15.158311293673865,4,2,3.0,optimal,11.09220422012867,4,2,3.0,0.46415888336127825,0.5356805395261334,identical,,0.0,0.0,0.0,1.0,0,0,0,0,0,0,0.0,0.0,0.0,identical,,0.0,0.0,0.0,1.0,0,0,0,0,0,0,0.0,0.0,0.0
published,lhs150,lhs,19620.476877115558,0.00622270745836374,0.9742823425599133,0.6609745017885781,1000000,100,optimal,64.71191346876876,46,10,5.6,optimal,52.61572011470648,46,10,5.6,optimal,18.215783692694057,7,3,3.3333333333333335,0.050276352689897476,0.07278289325185956,tie,,0.0,1.4210854715202004e-14,0.0,1.0,0,0,0,0,0,2,0.0,0.0,3.3306690738754695e-17,changed,served_and_memory,126.1652065189312,33.79574298790745,42.05506883964373,0.15217391304347827,39,0,-39,-7,0,3,0.0,73.0,5.6149794621844755
published,lhs150,lhs,19620.476877115558,0.00622270745836374,0.9742823425599133,0.6609745017885781,40,100,optimal,61.34518820054992,39,9,5.333333333333333,optimal,50.68994493541466,39,9,5.333333333333333,optimal,18.215783692694057,7,3,3.3333333333333335,0.05387208250415978,0.08153869645085443,identical,,0.0,0.0,0.0,1.0,0,0,0,0,0,0,0.0,0.0,0.0,changed,served_and_memory,103.3237559427438,30.429017719688616,34.4412519809146,0.1794871794871795,32,0,-32,-6,0,3,0.0,56.333333333333336,3.5455996726847676
published,lhs150,lhs,19620.476877115558,0.00622270745836374,0.9742823425599133,0.6609745017885781,30,100,optimal,55.53341092726974,29,8,5.375,optimal,46.279630501841844,29,8,5.375,optimal,18.215783692694057,7,3,3.3333333333333335,0.05387208250415978,0.08153869645085443,tie,,0.0,0.0,0.0,1.0,0,0,0,0,0,4,0.0,0.0,1.3877787807814457e-17,changed,served_and_memory,88.54368374088811,24.617240446408438,29.514561246962703,0.2413793103448276,22,0,-22,-5,0,3,0.0,48.0,2.7041642488634614
published,lhs150,lhs,19620.476877115558,0.00622270745836374,0.9742823425599133,0.6609745017885781,20,100,optimal,47.875704323023704,20,6,4.333333333333333,optimal,41.40733248397088,20,6,4.333333333333333,optimal,18.215783692694057,7,3,3.3333333333333335,0.0640270900528647,0.13038656197151804,tie,,7.105427357601002e-15,7.105427357601002e-15,1.1842378929335002e-15,1.0,0,0,0,0,0,2,0.0,0.0,-7.401486830834377e-17,changed,served_and_memory,36.04231391325885,16.9595338421624,12.01410463775295,0.35,13,0,-13,-3,0,2,0.0,40.333333333333336,2.3939518576189234
published,lhs150,lhs,19620.476877115558,0.00622270745836374,0.9742823425599133,0.6609745017885781,15,100,optimal,42.991518355640736,15,5,4.0,optimal,37.81424449348778,15,5,4.0,optimal,18.215783692694057,7,3,3.3333333333333335,0.050276352689897476,0.16394459283656687,tie,,0.0,0.0,0.0,1.0,0,0,0,0,0,2,0.0,0.0,-6.661338147750939e-17,changed,served_and_memory,19.492503932676577,12.075347874779432,6.497501310892193,0.4666666666666667,8,0,-8,-2,0,1,0.0,24.333333333333332,1.5982371772444528
published,lhs150,lhs,19620.476877115558,0.00622270745836374,0.9742823425599133,0.6609745017885781,10,100,optimal,34.27183416750698,10,5,4.2,optimal,29.527459940283304,10,5,4.2,optimal,18.215783692694057,7,3,3.3333333333333335,0.0005623413251903491,0.15703748946090484,identical,,0.0,0.0,0.0,1.0,0,0,0,0,0,0,0.0,0.0,0.0,changed,routing,35.077038790499515,3.355663686645677,11.692346263499838,0.4166666666666667,5,2,-3,-2,1,1,0.6666666666666666,24.333333333333332,5.40804828180926
published,lhs150,lhs,19620.476877115558,0.00622270745836374,0.9742823425599133,0.6609745017885781,6,100,optimal,24.22901465956634,6,3,3.0,optimal,22.300564059100246,6,3,3.0,optimal,16.030601098773182,4,2,3.0,0.0036869450645195738,0.23713737056616555,identical,,0.0,0.0,0.0,1.0,0,0,0,0,0,0,0.0,0.0,0.0,changed,routing,2.9875103195670896,2.391057090069996,1.4937551597835448,0.42857142857142855,3,1,-2,-1,1,0,0.5,0.0,2.62590544635327
published,lhs151,lhs,16720.871487518114,0.030331592170847237,0.9516507944592913,0.5275921273859612,1000000,100,optimal,43.30014568078747,53,11,5.818181818181818,optimal,32.177697479685236,26,7,4.714285714285714,optimal,14.488079721576526,7,3,3.3333333333333335,0.03319923187926317,0.0640270900528647,changed,served_and_memory,2.415099269853858,3.2809456117085887,0.345014181407694,0.49056603773584906,27,0,-27,-4,0,3,0.0,10.428571428571429,0.2698526696587508,changed,served_and_memory,182.62864628488805,16.111679171043697,60.876215428296014,0.1320754716981132,46,0,-46,-8,0,3,0.0,64.66666666666667,4.750146439878756
published,lhs151,lhs,16720.871487518114,0.030331592170847237,0.9516507944592913,0.5275921273859612,40,100,optimal,42.55156783943561,39,9,5.333333333333333,optimal,32.177697479685236,26,7,4.714285714285714,optimal,14.488079721576526,7,3,3.3333333333333335,0.06044547074134525,0.09682853110646922,changed,served_and_memory,0.28137290538488813,2.5323677703567284,0.04019612934069831,0.6666666666666666,13,0,-13,-2,0,3,0.0,6.857142857142857,0.13477378166194737,changed,served_and_memory,114.61411635041605,15.363101329691837,38.20470545013868,0.1794871794871795,32,0,-32,-6,0,3,0.0,64.66666666666667,4.4104326949904875
published,lhs151,lhs,16720.871487518114,0.030331592170847237,0.9516507944592913,0.5275921273859612,30,100,optimal,40.01920006907888,26,7,4.714285714285714,optimal,32.177697479685236,26,7,4.714285714285714,optimal,14.488079721576526,7,3,3.3333333333333335,0.050276352689897476,0.12532289850754513,tie,,0.0,-7.105427357601002e-15,0.0,1.0,0,0,0,0,0,2,0.0,0.0,-1.1102230246251565e-16,changed,served_and_memory,62.993364515707235,12.830733559335101,20.99778817190241,0.2692307692307692,19,0,-19,-4,0,2,0.0,48.666666666666664,3.2587848799246437
published,lhs151,lhs,16720.871487518114,0.030331592170847237,0.9516507944592913,0.5275921273859612,20,100,optimal,37.92090332794005,20,6,4.333333333333333,optimal,31.452531488887235,20,6,4.333333333333333,optimal,14.488079721576526,7,3,3.3333333333333335,0.050276352689897476,0.16049104114873586,tie,,0.0,-7.105427357601002e-15,0.0,1.0,0,0,0,0,0,4,0.0,0.0,-3.700743415417188e-17,changed,served_and_memory,42.370699383117625,10.732436818196277,14.123566461039209,0.35,13,0,-13,-3,0,2,0.0,40.333333333333336,2.3939518576189234
published,lhs151,lhs,16720.871487518114,0.030331592170847237,0.9516507944592913,0.5275921273859612,15,100,optimal,35.3964259003262,15,5,4.0,optimal,30.219152038173238,15,5,4.0,optimal,14.488079721576526,7,3,3.3333333333333335,0.050276352689897476,0.16394459283656687,tie,,0.0,0.0,0.0,1.0,0,0,0,0,0,2,0.0,0.0,-2.2204460492503132e-17,changed,served_and_memory,23.359892416873578,8.207959390582424,7.786630805624526,0.4666666666666667,8,0,-8,-2,0,1,0.0,24.333333333333332,1.5982371772444528
published,lhs151,lhs,16720.871487518114,0.030331592170847237,0.9516507944592913,0.5275921273859612,10,100,optimal,27.188466509743776,7,3,3.3333333333333335,optimal,24.390007195826602,7,3,3.3333333333333335,optimal,14.488079721576526,7,3,3.3333333333333335,0.23713737056616555,0.46415888336127825,identical,,0.0,0.0,0.0,1.0,0,0,0,0,0,0,0.0,0.0,0.0,identical,,0.0,0.0,0.0,1.0,0,0,0,0,0,0,0.0,0.0,0.0
published,lhs151,lhs,16720.871487518114,0.030331592170847237,0.9516507944592913,0.5275921273859612,6,100,optimal,20.905987379670524,6,3,3.0,optimal,18.977536779204424,6,3,3.0,optimal,13.819117114377299,4,2,3.0,0.0036869450645195738,0.23713737056616555,identical,,0.0,0.0,0.0,1.0,0,0,0,0,0,0,0.0,0.0,0.0,changed,routing,4.099053615067023,1.2795137945700645,2.0495268075335114,0.42857142857142855,3,1,-2,-1,1,0,0.5,0.0,2.4633196557384838
published,lhs152,lhs,19931.606350811893,0.01695312327942085,0.9714828189284022,0.838191564239815,1000000,100,optimal,104.10478101972743,55,17,8.823529411764707,optimal,80.95134389157495,55,17,8.823529411764707,optimal,20.59285769491907,7,3,3.3333333333333335,0.0221885046944556,0.050276352689897476,tie,,0.0,0.0,0.0,1.0,0,0,0,0,0,8,0.0,0.0,-6.530723674265627e-18,changed,served_and_memory,510.5368877504148,70.81153653664111,170.1789625834716,0.12727272727272726,48,0,-48,-14,0,3,0.0,81.66666666666667,7.74071091041269
published,lhs152,lhs,19931.606350811893,0.01695312327942085,0.9714828189284022,0.838191564239815,40,100,optimal,99.30310660067269,40,17,9.647058823529411,optimal,78.24112911264574,40,14,7.785714285714286,optimal,20.59285769491907,7,3,3.3333333333333335,0.009485494822646622,0.0640270900528647,changed,served_and_memory,2.6182660853386466,2.633175963566032,0.1870190060956176,1.0,0,0,0,-3,0,7,0.0,0.7857142857142857,0.19691913330655073,changed,served_and_memory,598.8814427486506,66.00986211758638,199.6271475828835,0.175,33,0,-33,-14,0,3,0.0,69.0,5.984079054005818
published,lhs152,lhs,19931.606350811893,0.01695312327942085,0.9714828189284022,0.838191564239815,30,100,optimal,83.8778502600411,30,13,8.538461538461538,optimal,66.88197749056505,30,12,7.833333333333333,optimal,20.59285769491907,7,3,3.3333333333333335,0.03319923187926317,0.0640270900528647,changed,served_and_memory,0.21074691142962365,1.4911818458409556,0.017562242619135304,1.0,0,0,0,-1,0,1,0.0,1.0833333333333333,0.07896104834215535,changed,served_and_memory,364.61172888271665,50.58460577695479,121.53724296090554,0.23333333333333334,23,0,-23,-10,0,3,0.0,64.66666666666667,4.750146439878756
published,lhs152,lhs,19931.606350811893,0.01695312327942085,0.9714828189284022,0.838191564239815,20,100,optimal,70.51521165733169,20,11,9.0,optimal,56.0935216805163,20,10,8.2,optimal,20.59285769491907,7,3,3.3333333333333335,0.03319923187926317,0.0640270900528647,changed,served_and_memory,0.21074691142962365,1.4911818458409556,0.021074691142962364,1.0,0,0,0,-1,0,3,0.0,1.3,0.09475325801058639,changed,served_and_memory,333.60790107511303,37.22196717424538,111.20263369170435,0.35,13,0,-13,-8,0,2,0.0,48.666666666666664,3.954431759504285
published,lhs152,lhs,19931.606350811893,0.01695312327942085,0.9714828189284022,0.838191564239815,15,100,optimal,50.611511302888495,15,6,5.666666666666667,optimal,43.838618535767615,15,6,5.666666666666667,optimal,20.59285769491907,7,3,3.3333333333333335,0.0640270900528647,0.10242506457263026,tie,,0.0,-1.4210854715202004e-14,0.0,1.0,0,0,0,0,0,2,0.0,0.0,0.0,changed,served_and_memory,62.8225488500751,17.318266819802183,20.9408496166917,0.2222222222222222,11,3,-8,-3,0,2,0.0,60.5,3.626024184155007
published,lhs152,lhs,19931.606350811893,0.01695312327942085,0.9714828189284022,0.838191564239815,10,100,optimal,39.669927418072675,10,5,4.2,optimal,34.925553190848994,10,5,4.2,optimal,20.59285769491907,7,3,3.3333333333333335,0.0005623413251903491,0.08153869645085443,identical,,0.0,0.0,0.0,1.0,0,0,0,0,0,0,0.0,0.0,0.0,changed,routing,36.51253698539128,6.376682934986363,12.170845661797093,0.4166666666666667,5,2,-3,-2,1,1,0.6666666666666666,16.0,4.795069780330217
published,lhs152,lhs,19931.606350811893,0.01695312327942085,0.9714828189284022,0.838191564239815,6,100,optimal,26.27267776245243,6,3,3.0,optimal,24.344227161986332,6,3,3.0,optimal,17.39333422248225,4,2,3.0,0.0036869450645195738,0.23713737056616555,identical,,0.0,0.0,0.0,1.0,0,0,0,0,0,0,0.0,0.0,0.0,changed,routing,2.306580340390065,3.0719870692470224,1.1532901701950324,0.42857142857142855,3,1,-2,-1,1,0,0.5,0.0,2.7972481381099668
published,lhs153,lhs,1948.9149477500716,0.029463807391684235,0.9566152035674517,0.6265603566927217,1000000,100,optimal,25.389317795918664,26,7,4.714285714285714,optimal,18.795886106053207,15,5,4.0,optimal,8.711623532716846,4,2,3.0,0.050276352689897476,0.12331143269440609,changed,served_and_memory,1.2480708995281873,1.416157827712503,0.24961417990563745,0.5769230769230769,11,0,-11,-2,0,3,0.0,14.6,0.3777937375222513,changed,served_and_memory,73.78296115926861,10.870337792478658,36.891480579634305,0.15384615384615385,22,0,-22,-5,0,2,0.0,60.5,3.6260241841550065
published,lhs153,lhs,1948.9149477500716,0.029463807391684235,0.9566152035674517,0.6265603566927217,40,100,optimal,25.389317795918664,26,7,4.714285714285714,optimal,18.795886106053203,15,5,4.0,optimal,8.711623532716846,4,2,3.0,0.05387208250415978,0.09682853110646922,changed,served_and_memory,1.2480708995281802,1.4161578277124995,0.24961417990563603,0.5769230769230769,11,0,-11,-2,0,3,0.0,9.6,0.1886832943267264,changed,served_and_memory,74.57143865125038,10.870337792478658,37.28571932562519,0.15384615384615385,22,0,-22,-5,0,2,0.0,60.5,3.5909277864283853
published,lhs153,lhs,1948.9149477500716,0.029463807391684235,0.9566152035674517,0.6265603566927217,30,100,optimal,25.389317795918664,26,7,4.714285714285714,optimal,18.795886106053203,15,5,4.0,optimal,8.711623532716846,4,2,3.0,0.050276352689897476,0.12532289850754513,changed,served_and_memory,1.2480708995281837,1.4161578277124995,0.24961417990563675,0.5769230769230769,11,0,-11,-2,0,3,0.0,14.6,0.37779373752225104,changed,served_and_memory,70.89717111481849,10.870337792478658,35.448585557409245,0.15384615384615385,22,0,-22,-5,0,2,0.0,73.0,4.888177319886966
published,lhs153,lhs,1948.9149477500716,0.029463807391684235,0.9566152035674517,0.6265603566927217,20,100,optimal,24.7558225195983,20,6,4.333333333333333,optimal,18.795886106053207,15,5,4.0,optimal,8.711623532716846,4,2,3.0,0.08153869645085443,0.12431716560097561,changed,served_and_memory,0.5084354255077237,0.7826625513921392,0.10168708510154474,0.75,5,0,-5,-1,0,3,0.0,14.6,0.3777937375222512,changed,served_and_memory,46.832099059571775,10.236842516158294,23.416049529785887,0.2,16,0,-16,-4,0,2,0.0,73.0,4.888177319886966
published,lhs153,lhs,1948.9149477500716,0.029463807391684235,0.9566152035674517,0.6265603566927217,15,100,optimal,23.973159968206165,15,5,4.0,optimal,18.795886106053203,15,5,4.0,optimal,8.711623532716846,4,2,3.0,0.08153869645085443,0.16394459283656687,tie,,-3.552713678800501e-15,0.0,-7.105427357601002e-16,1.0,0,0,0,0,0,2,0.0,0.0,-1.3322676295501878e-16,changed,served_and_memory,28.905413714241277,9.454179964766158,14.452706857120639,0.26666666666666666,11,0,-11,-3,0,1,0.0,36.5,2.397355765866679
published,lhs153,lhs,1948.9149477500716,0.029463807391684235,0.9566152035674517,0.6265603566927217,10,100,optimal,19.795423570902845,7,3,3.3333333333333335,optimal,16.996964256985677,7,3,3.3333333333333335,optimal,8.711623532716846,4,2,3.0,0.23713737056616555,0.46415888336127825,identical,,0.0,0.0,0.0,1.0,0,0,0,0,0,0,0.0,0.0,0.0,changed,served_set_only,1.6165867499812503,5.276443567462838,0.8082933749906251,0.5714285714285714,3,0,-3,-1,0,0,0.0,0.0,0.0
published,lhs153,lhs,1948.9149477500716,0.029463807391684235,0.9566152035674517,0.6265603566927217,6,100,optimal,14.518980003440006,4,2,3.0,optimal,12.777730606262043,4,2,3.0,optimal,8.711623532716846,4,2,3.0,0.46415888336127825,0.5356805395261334,identical,,0.0,0.0,0.0,1.0,0,0,0,0,0,0,0.0,0.0,0.0,identical,,0.0,0.0,0.0,1.0,0,0,0,0,0,0,0.0,0.0,0.0
published,lhs154,lhs,34297.14667797914,0.0022243092694112995,0.9358193716964619,0.5632830547012051,1000000,100,optimal,21.73563002049664,4,2,3.0,optimal,19.994380623318676,4,2,3.0,optimal,15.928273549773477,4,2,3.0,0.46415888336127825,0.5356805395261334,identical,,0.0,0.0,0.0,1.0,0,0,0,0,0,0,0.0,0.0,0.0,identical,,0.0,0.0,0.0,1.0,0,0,0,0,0,0,0.0,0.0,0.0
published,lhs154,lhs,34297.14667797914,0.0022243092694112995,0.9358193716964619,0.5632830547012051,40,100,optimal,21.73563002049664,4,2,3.0,optimal,19.994380623318676,4,2,3.0,optimal,15.928273549773477,4,2,3.0,0.46415888336127825,0.5356805395261334,identical,,0.0,0.0,0.0,1.0,0,0,0,0,0,0,0.0,0.0,0.0,identical,,0.0,0.0,0.0,1.0,0,0,0,0,0,0,0.0,0.0,0.0
published,lhs154,lhs,34297.14667797914,0.0022243092694112995,0.9358193716964619,0.5632830547012051,30,100,optimal,21.73563002049664,4,2,3.0,optimal,19.994380623318676,4,2,3.0,optimal,15.928273549773477,4,2,3.0,0.46415888336127825,0.5356805395261334,identical,,0.0,0.0,0.0,1.0,0,0,0,0,0,0,0.0,0.0,0.0,identical,,0.0,0.0,0.0,1.0,0,0,0,0,0,0,0.0,0.0,0.0
published,lhs154,lhs,34297.14667797914,0.0022243092694112995,0.9358193716964619,0.5632830547012051,20,100,optimal,21.73563002049664,4,2,3.0,optimal,19.994380623318676,4,2,3.0,optimal,15.928273549773477,4,2,3.0,0.46415888336127825,0.5356805395261334,identical,,0.0,0.0,0.0,1.0,0,0,0,0,0,0,0.0,0.0,0.0,identical,,0.0,0.0,0.0,1.0,0,0,0,0,0,0,0.0,0.0,0.0
published,lhs154,lhs,34297.14667797914,0.0022243092694112995,0.9358193716964619,0.5632830547012051,15,100,optimal,21.73563002049664,4,2,3.0,optimal,19.994380623318676,4,2,3.0,optimal,15.928273549773477,4,2,3.0,0.46415888336127825,0.5356805395261334,identical,,0.0,0.0,0.0,1.0,0,0,0,0,0,0,0.0,0.0,0.0,identical,,0.0,0.0,0.0,1.0,0,0,0,0,0,0,0.0,0.0,0.0
published,lhs154,lhs,34297.14667797914,0.0022243092694112995,0.9358193716964619,0.5632830547012051,10,100,optimal,21.73563002049664,4,2,3.0,optimal,19.994380623318676,4,2,3.0,optimal,15.928273549773477,4,2,3.0,0.46415888336127825,0.5356805395261334,identical,,0.0,0.0,0.0,1.0,0,0,0,0,0,0,0.0,0.0,0.0,identical,,0.0,0.0,0.0,1.0,0,0,0,0,0,0,0.0,0.0,0.0
published,lhs154,lhs,34297.14667797914,0.0022243092694112995,0.9358193716964619,0.5632830547012051,6,100,optimal,21.73563002049664,4,2,3.0,optimal,19.994380623318676,4,2,3.0,optimal,15.928273549773477,4,2,3.0,0.46415888336127825,0.5356805395261334,identical,,0.0,0.0,0.0,1.0,0,0,0,0,0,0,0.0,0.0,0.0,identical,,0.0,0.0,0.0,1.0,0,0,0,0,0,0,0.0,0.0,0.0
published,lhs155,lhs,3730.001353324657,0.010741640405252686,0.9399238340913337,0.724778766704492,1000000,100,optimal,40.288289950033615,53,11,5.818181818181818,optimal,27.79615005396168,39,9,5.333333333333333,optimal,11.072261585909928,4,2,3.0,0.030017743045081,0.0640270900528647,changed,served_and_memory,1.0454075748841518,1.8368966309366712,0.1161563972093502,0.7358490566037735,14,0,-14,-2,0,2,0.0,0.0,2.4671622769447922e-17,changed,served_and_memory,182.14021838644078,23.408671893400527,91.07010919322039,0.07547169811320754,49,0,-49,-9,0,2,0.0,60.5,3.5909277864283853
published,lhs155,lhs,3730.001353324657,0.010741640405252686,0.9399238340913337,0.724778766704492,40,100,optimal,38.45139331909694,39,9,5.333333333333333,optimal,27.79615005396168,39,9,5.333333333333333,optimal,11.072261585909928,4,2,3.0,0.0640270900528647,0.09682853110646922,identical,,0.0,0.0,0.0,1.0,0,0,0,0,0,0,0.0,0.0,0.0,changed,served_and_memory,112.57199725124951,21.57177526246385,56.28599862562476,0.10256410256410256,35,0,-35,-7,0,2,0.0,73.0,4.888177319886966
published,lhs155,lhs,3730.001353324657,0.010741640405252686,0.9399238340913337,0.724778766704492,30,100,optimal,35.32060167487049,27,8,5.25,optimal,27.340279134083577,26,7,4.714285714285714,optimal,11.072261585909928,4,2,3.0,0.0640270900528647,0.10662101515601152,changed,routing,1.1834119500609752,0.1388199513932662,0.16905885000871074,0.6060606060606061,7,6,-1,-1,1,3,-0.2857142857142857,10.428571428571429,0.35969656704252545,changed,served_and_memory,92.33436018124978,18.4409836182374,46.16718009062489,0.14814814814814814,23,0,-23,-6,0,2,0.0,73.0,4.888177319886966
published,lhs155,lhs,3730.001353324657,0.010741640405252686,0.9399238340913337,0.724778766704492,20,100,optimal,32.89040055186781,20,6,4.333333333333333,optimal,26.422028712814992,20,6,4.333333333333333,optimal,11.072261585909928,4,2,3.0,0.050276352689897476,0.15933803350851,tie,,3.552713678800501e-15,0.0,5.921189464667501e-16,1.0,0,0,0,0,0,2,0.0,0.0,5.551115123125783e-17,changed,served_and_memory,45.9215545827841,16.010782495234725,22.96077729139205,0.2,16,0,-16,-4,0,2,0.0,48.0,2.3287746506964258
published,lhs155,lhs,3730.001353324657,0.010741640405252686,0.9399238340913337,0.724778766704492,15,100,optimal,30.54604057720422,15,5,4.0,optimal,25.36876671505126,15,5,4.0,optimal,11.072261585909928,4,2,3.0,0.050276352689897476,0.23713737056616555,identical,,0.0,0.0,0.0,1.0,0,0,0,0,0,0,0.0,0.0,0.0,changed,served_and_memory,26.730630163589794,13.666422520571132,13.365315081794897,0.26666666666666666,11,0,-11,-3,0,1,0.0,24.0,1.13520263013472
published,lhs155,lhs,3730.001353324657,0.010741640405252686,0.9399238340913337,0.724778766704492,10,100,optimal,23.474622984736655,7,3,3.3333333333333335,optimal,20.676163670819484,7,3,3.3333333333333335,optimal,11.072261585909928,4,2,3.0,0.23713737056616555,0.46415888336127825,identical,,0.0,0.0,0.0,1.0,0,0,0,0,0,0,0.0,0.0,0.0,changed,served_set_only,0.29802538934052336,6.595004928103567,0.14901269467026168,0.5714285714285714,3,0,-3,-1,0,0,0.0,0.0,0.0
published,lhs155,lhs,3730.001353324657,0.010741640405252686,0.9399238340913337,0.724778766704492,6,100,optimal,16.87961805663309,4,2,3.0,optimal,15.138368659455123,4,2,3.0,optimal,11.072261585909928,4,2,3.0,0.46415888336127825,0.5356805395261334,identical,,0.0,0.0,0.0,1.0,0,0,0,0,0,0,0.0,0.0,0.0,identical,,0.0,0.0,0.0,1.0,0,0,0,0,0,0,0.0,0.0,0.0
published,lhs156,lhs,1751.2937317482451,0.05375918369505211,0.9615448395686371,0.5378687093056346,1000000,100,optimal,20.246679925521327,15,5,4.0,optimal,15.161043442385061,7,3,3.3333333333333335,optimal,7.621706894400148,4,2,3.0,0.050276352689897476,0.16394459283656687,changed,served_and_memory,0.09163737901668867,2.287177169219092,0.03054579300556289,0.4666666666666667,8,0,-8,-2,0,1,0.0,24.333333333333332,0.6296562292037519,changed,served_and_memory,31.64326556450207,6.817616560398019,15.821632782251035,0.26666666666666666,11,0,-11,-3,0,1,0.0,36.5,2.397355765866679
published,lhs156,lhs,1751.2937317482451,0.05375918369505211,0.9615448395686371,0.5378687093056346,40,100,optimal,20.24667992552133,15,5,4.0,optimal,15.161043442385061,7,3,3.3333333333333335,optimal,7.621706894400148,4,2,3.0,0.08153869645085443,0.16394459283656687,changed,served_and_memory,0.09163737901669045,2.2871771692190954,0.030545793005563482,0.4666666666666667,8,0,-8,-2,0,1,0.0,24.333333333333332,0.6296562292037519,changed,served_and_memory,31.54197711860941,6.817616560398022,15.770988559304705,0.26666666666666666,11,0,-11,-3,0,1,0.0,36.5,2.397355765866679
published,lhs156,lhs,1751.2937317482451,0.05375918369505211,0.9615448395686371,0.5378687093056346,30,100,optimal,20.24667992552133,15,5,4.0,optimal,15.161043442385061,7,3,3.3333333333333335,optimal,7.621706894400148,4,2,3.0,0.08153869645085443,0.16394459283656687,changed,served_and_memory,0.09163737901669045,2.2871771692190954,0.030545793005563482,0.4666666666666667,8,0,-8,-2,0,1,0.0,24.333333333333332,0.6296562292037519,changed,served_and_memory,31.54197711860941,6.817616560398022,15.770988559304705,0.26666666666666666,11,0,-11,-3,0,1,0.0,36.5,2.397355765866679
published,lhs156,lhs,1751.2937317482451,0.05375918369505211,0.9615448395686371,0.5378687093056346,20,100,optimal,20.24667992552133,15,5,4.0,optimal,15.161043442385061,7,3,3.3333333333333335,optimal,7.621706894400148,4,2,3.0,0.08153869645085443,0.16394459283656687,changed,served_and_memory,0.09163737901669045,2.2871771692190954,0.030545793005563482,0.4666666666666667,8,0,-8,-2,0,1,0.0,24.333333333333332,0.6296562292037519,changed,served_and_memory,31.54197711860941,6.817616560398022,15.770988559304705,0.26666666666666666,11,0,-11,-3,0,1,0.0,36.5,2.397355765866679
published,lhs156,lhs,1751.2937317482451,0.05375918369505211,0.9615448395686371,0.5378687093056346,15,100,optimal,20.24667992552133,15,5,4.0,optimal,15.161043442385061,7,3,3.3333333333333335,optimal,7.621706894400148,4,2,3.0,0.08153869645085443,0.16394459283656687,changed,served_and_memory,0.09163737901669045,2.2871771692190954,0.030545793005563482,0.4666666666666667,8,0,-8,-2,0,1,0.0,24.333333333333332,0.6296562292037519,changed,served_and_memory,31.54197711860941,6.817616560398022,15.770988559304705,0.26666666666666666,11,0,-11,-3,0,1,0.0,36.5,2.397355765866679
published,lhs156,lhs,1751.2937317482451,0.05375918369505211,0.9615448395686371,0.5378687093056346,10,100,optimal,17.959502756302236,7,3,3.3333333333333335,optimal,15.161043442385061,7,3,3.3333333333333335,optimal,7.621706894400148,4,2,3.0,0.23713737056616555,0.46415888336127825,identical,,0.0,0.0,0.0,1.0,0,0,0,0,0,0,0.0,0.0,0.0,changed,served_set_only,2.362590926265165,4.530439391178927,1.1812954631325825,0.5714285714285714,3,0,-3,-1,0,0,0.0,0.0,0.0
published,lhs156,lhs,1751.2937317482451,0.05375918369505211,0.9615448395686371,0.5378687093056346,6,100,optimal,13.429063365123309,4,2,3.0,optimal,11.687813967945344,4,2,3.0,optimal,7.621706894400148,4,2,3.0,0.46415888336127825,0.5356805395261334,identical,,0.0,0.0,0.0,1.0,0,0,0,0,0,0,0.0,0.0,0.0,identical,,0.0,0.0,0.0,1.0,0,0,0,0,0,0,0.0,0.0,0.0
published,lhs157,lhs,1801.496687025608,0.07092507851095167,0.9726457101485929,0.5141757532979089,1000000,100,optimal,20.22436820801385,15,5,4.0,optimal,15.193725215083726,7,3,3.3333333333333335,optimal,7.659933712894086,4,2,3.0,0.050276352689897476,0.16394459283656687,changed,served_and_memory,0.14663086922283775,2.2321836790129552,0.04887695640761258,0.4666666666666667,8,0,-8,-2,0,1,0.0,24.333333333333332,0.629656229203752,changed,served_and_memory,31.70380410050349,6.757078024396604,15.851902050251745,0.26666666666666666,11,0,-11,-3,0,1,0.0,36.5,2.397355765866679
published,lhs157,lhs,1801.496687025608,0.07092507851095167,0.9726457101485929,0.5141757532979089,40,100,optimal,20.224368208013846,15,5,4.0,optimal,15.193725215083726,7,3,3.3333333333333335,optimal,7.659933712894086,4,2,3.0,0.08153869645085443,0.16394459283656687,changed,served_and_memory,0.1466308692228413,2.2321836790129517,0.04887695640761377,0.4666666666666667,8,0,-8,-2,0,1,0.0,24.333333333333332,0.629656229203752,changed,served_and_memory,31.602515654610833,6.7570780243966,15.801257827305417,0.26666666666666666,11,0,-11,-3,0,1,0.0,36.5,2.397355765866679
published,lhs157,lhs,1801.496687025608,0.07092507851095167,0.9726457101485929,0.5141757532979089,30,100,optimal,20.224368208013846,15,5,4.0,optimal,15.193725215083726,7,3,3.3333333333333335,optimal,7.659933712894086,4,2,3.0,0.08153869645085443,0.16394459283656687,changed,served_and_memory,0.1466308692228413,2.2321836790129517,0.04887695640761377,0.4666666666666667,8,0,-8,-2,0,1,0.0,24.333333333333332,0.629656229203752,changed,served_and_memory,31.602515654610833,6.7570780243966,15.801257827305417,0.26666666666666666,11,0,-11,-3,0,1,0.0,36.5,2.397355765866679
published,lhs157,lhs,1801.496687025608,0.07092507851095167,0.9726457101485929,0.5141757532979089,20,100,optimal,20.224368208013846,15,5,4.0,optimal,15.193725215083726,7,3,3.3333333333333335,optimal,7.659933712894086,4,2,3.0,0.08153869645085443,0.16394459283656687,changed,served_and_memory,0.1466308692228413,2.2321836790129517,0.04887695640761377,0.4666666666666667,8,0,-8,-2,0,1,0.0,24.333333333333332,0.629656229203752,changed,served_and_memory,31.602515654610833,6.7570780243966,15.801257827305417,0.26666666666666666,11,0,-11,-3,0,1,0.0,36.5,2.397355765866679
published,lhs157,lhs,1801.496687025608,0.07092507851095167,0.9726457101485929,0.5141757532979089,15,100,optimal,20.224368208013846,15,5,4.0,optimal,15.193725215083726,7,3,3.3333333333333335,optimal,7.659933712894086,4,2,3.0,0.050276352689897476,0.23713737056616555,changed,served_and_memory,0.14663086922283952,2.2321836790129517,0.04887695640761317,0.4666666666666667,8,0,-8,-2,0,1,0.0,16.0,0.31447215721121086,changed,served_and_memory,33.63997465976432,6.7570780243966,16.81998732988216,0.26666666666666666,11,0,-11,-3,0,1,0.0,24.0,1.13520263013472
published,lhs157,lhs,1801.496687025608,0.07092507851095167,0.9726457101485929,0.5141757532979089,10,100,optimal,17.992184529000895,7,3,3.3333333333333335,optimal,15.193725215083726,7,3,3.3333333333333335,optimal,7.659933712894086,4,2,3.0,0.23713737056616555,0.46415888336127825,identical,,0.0,0.0,0.0,1.0,0,0,0,0,0,0,0.0,0.0,0.0,changed,served_set_only,2.368135972060438,4.5248943453836485,1.184067986030219,0.5714285714285714,3,0,-3,-1,0,0,0.0,0.0,0.0
published,lhs157,lhs,1801.496687025608,0.07092507851095167,0.9726457101485929,0.5141757532979089,6,100,optimal,13.467290183617246,4,2,3.0,optimal,11.726040786439283,4,2,3.0,optimal,7.659933712894086,4,2,3.0,0.46415888336127825,0.5356805395261334,identical,,0.0,0.0,0.0,1.0,0,0,0,0,0,0,0.0,0.0,0.0,identical,,0.0,0.0,0.0,1.0,0,0,0,0,0,0,0.0,0.0,0.0
published,lhs158,lhs,3982.5751441873463,0.0193875726681398,0.9706307475323478,0.6080201727095315,1000000,100,optimal,36.08201764906438,53,11,5.818181818181818,optimal,25.28789528527075,26,7,4.714285714285714,optimal,10.877752813355897,4,2,3.0,0.030017743045081,0.08153869645085443,changed,served_and_memory,2.743425107162466,2.9526197743999845,0.39191787245178084,0.49056603773584906,27,0,-27,-4,0,5,0.0,10.428571428571429,0.2698526696587509,changed,served_and_memory,183.3260454177207,19.396908364985325,91.66302270886035,0.07547169811320754,49,0,-49,-9,0,2,0.0,73.0,4.888177319886966
published,lhs158,lhs,3982.5751441873463,0.0193875726681398,0.9706307475323478,0.6080201727095315,40,100,optimal,35.34085909514916,39,9,5.333333333333333,optimal,25.28789528527075,26,7,4.714285714285714,optimal,10.877752813355897,4,2,3.0,0.0640270900528647,0.09682853110646922,changed,served_and_memory,0.6022794552568556,2.2114612204847646,0.0860399221795508,0.6666666666666666,13,0,-13,-2,0,1,0.0,10.428571428571429,0.2698526696587509,changed,served_and_memory,115.48802270264326,18.655749811070105,57.74401135132163,0.10256410256410256,35,0,-35,-7,0,2,0.0,73.0,4.888177319886966
published,lhs158,lhs,3982.5751441873463,0.0193875726681398,0.9706307475323478,0.6080201727095315,30,100,optimal,33.1293978746644,26,7,4.714285714285714,optimal,25.28789528527075,26,7,4.714285714285714,optimal,10.877752813355897,4,2,3.0,0.050276352689897476,0.12532289850754513,tie,,3.552713678800501e-15,0.0,5.075305255429287e-16,1.0,0,0,0,0,0,2,0.0,0.0,0.0,changed,served_and_memory,65.32322031671181,16.44428859058534,32.661610158355906,0.15384615384615385,22,0,-22,-5,0,2,0.0,73.0,4.888177319886966
published,lhs158,lhs,3982.5751441873463,0.0193875726681398,0.9706307475323478,0.6080201727095315,20,100,optimal,31.348298039679214,20,6,4.333333333333333,optimal,24.879926200626386,20,6,4.333333333333333,optimal,10.877752813355897,4,2,3.0,0.08153869645085443,0.12431716560097561,tie,,-3.552713678800501e-15,3.552713678800501e-15,-5.921189464667501e-16,1.0,0,0,0,0,0,4,0.0,0.0,0.0,changed,served_and_memory,42.40575282012992,14.663188755600157,21.20287641006496,0.2,16,0,-16,-4,0,2,0.0,73.0,4.888177319886966
published,lhs158,lhs,3982.5751441873463,0.0193875726681398,0.9706307475323478,0.6080201727095315,15,100,optimal,29.442157801316256,15,5,4.0,optimal,24.264883939163298,15,5,4.0,optimal,10.877752813355897,4,2,3.0,0.08153869645085443,0.16394459283656687,tie,,3.552713678800501e-15,0.0,7.105427357601002e-16,1.0,0,0,0,0,0,2,0.0,0.0,-8.881784197001253e-17,changed,served_and_memory,25.602545161770237,12.757048517237198,12.801272580885119,0.26666666666666666,11,0,-11,-3,0,1,0.0,36.5,2.397355765866679
published,lhs158,lhs,3982.5751441873463,0.0193875726681398,0.9706307475323478,0.6080201727095315,10,100,optimal,23.05371391993169,7,3,3.3333333333333335,optimal,20.255254606014518,7,3,3.3333333333333335,optimal,10.877752813355897,4,2,3.0,0.23713737056616555,0.46415888336127825,identical,,0.0,0.0,0.0,1.0,0,0,0,0,0,0,0.0,0.0,0.0,changed,served_set_only,0.5244256815914596,6.3686046358526305,0.2622128407957298,0.5714285714285714,3,0,-3,-1,0,0,0.0,0.0,0.0
published,lhs158,lhs,3982.5751441873463,0.0193875726681398,0.9706307475323478,0.6080201727095315,6,100,optimal,16.685109284079058,4,2,3.0,optimal,14.943859886901093,4,2,3.0,optimal,10.877752813355897,4,2,3.0,0.46415888336127825,0.5356805395261334,identical,,0.0,0.0,0.0,1.0,0,0,0,0,0,0,0.0,0.0,0.0,identical,,0.0,0.0,0.0,1.0,0,0,0,0,0,0,0.0,0.0,0.0
published,lhs159,lhs,22478.369054868905,0.018039897000071043,0.989509204390038,0.6241804273276587,1000000,100,optimal,70.20197918055871,54,12,6.333333333333333,optimal,55.98373967057344,53,11,5.818181818181818,optimal,18.696731551462896,7,3,3.3333333333333335,0.030017743045081,0.07278289325185956,changed,served_and_memory,0.9513858339761398,0.6806920390291822,0.08648962127055816,0.9814814814814815,1,0,-1,-1,0,6,0.0,0.0,7.065055611250996e-17,changed,served_and_memory,211.33120743588174,38.80486084092856,70.44373581196058,0.12962962962962962,47,0,-47,-9,0,3,0.0,73.0,5.6149794621844755
published,lhs159,lhs,22478.369054868905,0.018039897000071043,0.989509204390038,0.6241804273276587,40,100,optimal,65.94788205188812,40,12,7.0,optimal,52.274629145603775,40,10,5.9,optimal,18.696731551462896,7,3,3.3333333333333335,0.030017743045081,0.0640270900528647,changed,routing,1.6077597978859899,1.4538682585127845,0.16077597978859898,0.6,10,10,0,-2,2,0,-0.5,0.0,0.244167546782118,changed,served_and_memory,233.8229300719933,34.55076371225797,77.94097669066444,0.175,33,0,-33,-9,0,3,0.0,64.66666666666667,4.750146439878755
published,lhs159,lhs,22478.369054868905,0.018039897000071043,0.989509204390038,0.6241804273276587,30,100,optimal,58.83837024319955,28,9,5.888888888888889,optimal,48.11049436971537,28,9,5.888888888888889,optimal,18.696731551462896,7,3,3.3333333333333335,0.050276352689897476,0.0640270900528647,tie,,0.0,0.0,0.0,1.0,0,0,0,0,0,2,0.0,0.0,0.0,changed,served_and_memory,119.988140449387,27.441251903569402,39.99604681646233,0.25,21,0,-21,-6,0,3,0.0,64.66666666666667,4.750146439878755
published,lhs159,lhs,22478.369054868905,0.018039897000071043,0.989509204390038,0.6241804273276587,20,100,optimal,50.97564670631552,18,7,5.428571428571429,optimal,43.145544022455425,18,7,5.428571428571429,optimal,18.696731551462896,7,3,3.3333333333333335,0.0640270900528647,0.12331143269440609,tie,,0.0,0.0,0.0,1.0,0,0,0,0,0,4,0.0,0.0,0.0,changed,served_and_memory,64.86265617550774,19.578528366685376,21.620885391835913,0.3888888888888889,11,0,-11,-4,0,2,0.0,40.333333333333336,2.417349456103338
published,lhs159,lhs,22478.369054868905,0.018039897000071043,0.989509204390038,0.6241804273276587,15,100,optimal,43.685664171753615,15,5,4.0,optimal,38.50839030960065,15,5,4.0,optimal,18.696731551462896,7,3,3.3333333333333335,0.050276352689897476,0.23713737056616555,tie,,7.105427357601002e-15,0.0,1.4210854715202005e-15,1.0,0,0,0,0,0,2,0.0,0.0,1.3322676295501878e-16,changed,served_and_memory,21.21547653459337,12.288545832123468,7.071825511531124,0.4666666666666667,8,0,-8,-2,0,1,0.0,16.0,0.7568017534231467
published,lhs159,lhs,22478.369054868905,0.018039897000071043,0.989509204390038,0.6241804273276587,10,100,optimal,34.94949221099533,10,5,4.2,optimal,30.205117983771647,10,5,4.2,optimal,18.696731551462896,7,3,3.3333333333333335,0.0005623413251903491,0.15703748946090484,tie,,-3.552713678800501e-15,0.0,-7.105427357601002e-16,1.0,0,0,0,0,0,2,0.0,0.0,0.0,changed,routing,34.88032860578001,3.552373871365184,11.626776201926669,0.4166666666666667,5,2,-3,-2,1,1,0.6666666666666666,24.333333333333332,5.352960615414094
published,lhs159,lhs,22478.369054868905,0.018039897000071043,0.989509204390038,0.6241804273276587,6,100,optimal,24.744516347714452,6,3,3.0,optimal,22.816065747248352,6,3,3.0,optimal,16.373331824436676,4,2,3.0,0.0036869450645195738,0.23713737056616555,identical,,0.0,0.0,0.0,1.0,0,0,0,0,0,0,0.0,0.0,0.0,changed,routing,2.8147393570824715,2.5638280525546158,1.4073696785412357,0.42857142857142855,3,1,-2,-1,1,0,0.5,0.0,2.5845896965568955
published,lhs160,lhs,6835.747592113829,0.011283218950555458,0.963393151658647,0.6015721312057142,1000000,100,optimal,42.15161200770113,53,11,5.818181818181818,optimal,29.858228020438695,39,9,5.333333333333333,optimal,12.345624261982366,7,3,3.3333333333333335,0.030017743045081,0.08153869645085443,changed,served_and_memory,1.2441634836936473,1.6381407221271758,0.13824038707707192,0.7358490566037735,14,0,-14,-2,0,2,0.0,0.0,3.700743415417188e-17,changed,served_and_memory,178.72432250771044,17.105600957551516,59.57477416923681,0.1320754716981132,46,0,-46,-8,0,3,0.0,73.0,5.614979462184476
published,lhs160,lhs,6835.747592113829,0.011283218950555458,0.963393151658647,0.6015721312057142,40,100,optimal,40.513471285573964,39,9,5.333333333333333,optimal,29.858228020438695,39,9,5.333333333333333,optimal,12.345624261982366,7,3,3.3333333333333335,0.06044547074134525,0.09682853110646922,tie,,0.0,7.105427357601002e-15,0.0,1.0,0,0,0,0,0,2,0.0,0.0,3.700743415417188e-17,changed,served_and_memory,114.50975744468353,15.467460235424348,38.16991914822784,0.1794871794871795,32,0,-32,-6,0,3,0.0,64.66666666666667,4.410432694990488
published,lhs160,lhs,6835.747592113829,0.011283218950555458,0.963393151658647,0.6015721312057142,30,100,optimal,37.35414033247203,26,7,4.714285714285714,optimal,29.512637743078383,26,7,4.714285714285714,optimal,12.345624261982366,7,3,3.3333333333333335,0.050276352689897476,0.12331143269440609,tie,,3.552713678800501e-15,0.0,5.075305255429287e-16,1.0,0,0,0,0,0,2,0.0,0.0,9.516197353929913e-17,changed,served_and_memory,65.45213935198076,12.308129282322412,21.817379783993587,0.2692307692307692,19,0,-19,-4,0,2,0.0,40.333333333333336,2.417349456103338
published,lhs160,lhs,6835.747592113829,0.011283218950555458,0.963393151658647,0.6015721312057142,20,100,optimal,35.073661848975654,20,6,4.333333333333333,optimal,28.605290009922832,20,6,4.333333333333333,optimal,12.345624261982366,7,3,3.3333333333333335,0.050276352689897476,0.15933803350851,tie,,0.0,0.0,0.0,1.0,0,0,0,0,0,4,0.0,0.0,9.251858538542972e-17,changed,served_and_memory,45.01165596174869,10.027650798826038,15.003885320582896,0.35,13,0,-13,-3,0,2,0.0,32.0,1.5525164337976172
published,lhs160,lhs,6835.747592113829,0.011283218950555458,0.963393151658647,0.6015721312057142,15,100,optimal,32.62017744416885,15,5,4.0,optimal,27.44290358201589,15,5,4.0,optimal,12.345624261982366,7,3,3.3333333333333335,0.08153869645085443,0.16394459283656687,identical,,0.0,0.0,0.0,1.0,0,0,0,0,0,0,0.0,0.0,0.0,changed,served_and_memory,23.892396967544112,7.574166394019237,7.964132322514704,0.4666666666666667,8,0,-8,-2,0,1,0.0,24.333333333333332,1.5982371772444528
published,lhs160,lhs,6835.747592113829,0.011283218950555458,0.963393151658647,0.6015721312057142,10,100,optimal,25.046011050149616,7,3,3.3333333333333335,optimal,22.247551736232445,7,3,3.3333333333333335,optimal,12.345624261982366,7,3,3.3333333333333335,0.23713737056616555,0.46415888336127825,identical,,0.0,0.0,0.0,1.0,0,0,0,0,0,0,0.0,0.0,0.0,identical,,0.0,0.0,0.0,1.0,0,0,0,0,0,0,0.0,0.0,0.0
published,lhs160,lhs,6835.747592113829,0.011283218950555458,0.963393151658647,0.6015721312057142,6,100,optimal,18.53163089124403,6,3,3.0,optimal,16.603180290777935,6,3,3.0,optimal,12.23374102676954,4,2,3.0,0.0036869450645195738,0.23713737056616555,identical,,0.0,0.0,0.0,1.0,0,0,0,0,0,0,0.0,0.0,0.0,changed,routing,4.888034015885756,0.4905333937513312,2.444017007942878,0.42857142857142855,3,1,-2,-1,1,0,0.5,0.0,2.5579770038534013
published,lhs161,lhs,1126.0767917302549,0.006971091178597435,0.9520988606979441,0.5060843844215518,1000000,100,optimal,15.107161945889807,7,3,3.3333333333333335,optimal,12.308702631972636,7,3,3.3333333333333335,optimal,5.8037050513655615,4,2,3.0,0.23713737056616555,0.46415888336127825,identical,,0.0,0.0,0.0,1.0,0,0,0,0,0,0,0.0,0.0,0.0,changed,served_set_only,3.3969298936430037,3.496100423801087,1.6984649468215018,0.5714285714285714,3,0,-3,-1,0,0,0.0,0.0,0.0
published,lhs161,lhs,1126.0767917302549,0.006971091178597435,0.9520988606979441,0.5060843844215518,40,100,optimal,15.107161945889807,7,3,3.3333333333333335,optimal,12.308702631972636,7,3,3.3333333333333335,optimal,5.8037050513655615,4,2,3.0,0.23713737056616555,0.46415888336127825,identical,,0.0,0.0,0.0,1.0,0,0,0,0,0,0,0.0,0.0,0.0,changed,served_set_only,3.3969298936430037,3.496100423801087,1.6984649468215018,0.5714285714285714,3,0,-3,-1,0,0,0.0,0.0,0.0
published,lhs161,lhs,1126.0767917302549,0.006971091178597435,0.9520988606979441,0.5060843844215518,30,100,optimal,15.107161945889807,7,3,3.3333333333333335,optimal,12.308702631972636,7,3,3.3333333333333335,optimal,5.8037050513655615,4,2,3.0,0.23713737056616555,0.46415888336127825,identical,,0.0,0.0,0.0,1.0,0,0,0,0,0,0,0.0,0.0,0.0,changed,served_set_only,3.3969298936430037,3.496100423801087,1.6984649468215018,0.5714285714285714,3,0,-3,-1,0,0,0.0,0.0,0.0
published,lhs161,lhs,1126.0767917302549,0.006971091178597435,0.9520988606979441,0.5060843844215518,20,100,optimal,15.107161945889807,7,3,3.3333333333333335,optimal,12.308702631972636,7,3,3.3333333333333335,optimal,5.8037050513655615,4,2,3.0,0.23713737056616555,0.46415888336127825,identical,,0.0,0.0,0.0,1.0,0,0,0,0,0,0,0.0,0.0,0.0,changed,served_set_only,3.3969298936430037,3.496100423801087,1.6984649468215018,0.5714285714285714,3,0,-3,-1,0,0,0.0,0.0,0.0
published,lhs161,lhs,1126.0767917302549,0.006971091178597435,0.9520988606979441,0.5060843844215518,15,100,optimal,15.107161945889807,7,3,3.3333333333333335,optimal,12.308702631972636,7,3,3.3333333333333335,optimal,5.8037050513655615,4,2,3.0,0.23713737056616555,0.46415888336127825,identical,,0.0,0.0,0.0,1.0,0,0,0,0,0,0,0.0,0.0,0.0,changed,served_set_only,3.3969298936430037,3.496100423801087,1.6984649468215018,0.5714285714285714,3,0,-3,-1,0,0,0.0,0.0,0.0
published,lhs161,lhs,1126.0767917302549,0.006971091178597435,0.9520988606979441,0.5060843844215518,10,100,optimal,15.107161945889807,7,3,3.3333333333333335,optimal,12.308702631972636,7,3,3.3333333333333335,optimal,5.8037050513655615,4,2,3.0,0.23713737056616555,0.46415888336127825,identical,,0.0,0.0,0.0,1.0,0,0,0,0,0,0,0.0,0.0,0.0,changed,served_set_only,3.3969298936430037,3.496100423801087,1.6984649468215018,0.5714285714285714,3,0,-3,-1,0,0,0.0,0.0,0.0
published,lhs161,lhs,1126.0767917302549,0.006971091178597435,0.9520988606979441,0.5060843844215518,6,100,optimal,11.61106152208872,4,2,3.0,optimal,9.869812124910757,4,2,3.0,optimal,5.8037050513655615,4,2,3.0,0.46415888336127825,0.5356805395261334,identical,,0.0,0.0,0.0,1.0,0,0,0,0,0,0,0.0,0.0,0.0,identical,,0.0,0.0,0.0,1.0,0,0,0,0,0,0,0.0,0.0,0.0
published,lhs162,lhs,105484.26250252621,0.009335364855257529,0.9636363297975323,0.7360279142558356,1000000,100,optimal,108.5589262969154,54,13,6.769230769230769,optimal,91.8011878924316,54,13,6.769230769230769,optimal,26.234267929105165,7,3,3.3333333333333335,0.03319923187926317,0.06044547074134525,tie,,2.842170943040401e-14,1.4210854715202004e-14,2.1862853408003084e-15,1.0,0,0,0,0,0,6,0.0,0.0,3.416070845000482e-17,changed,served_and_memory,222.50577602839087,69.62427157964298,74.16859200946362,0.12962962962962962,47,0,-47,-10,0,3,0.0,81.66666666666667,7.74071091041269
published,lhs162,lhs,105484.26250252621,0.009335364855257529,0.9636363297975323,0.7360279142558356,40,100,optimal,105.31847187433317,40,13,7.384615384615385,optimal,88.44934610964046,40,13,7.384615384615385,optimal,26.234267929105165,7,3,3.3333333333333335,0.030017743045081,0.0640270900528647,tie,,0.0,0.0,0.0,1.0,0,0,0,0,0,4,0.0,0.0,8.540177112501205e-18,changed,served_and_memory,258.5515263269215,66.38381715706075,86.18384210897382,0.175,33,0,-33,-10,0,3,0.0,64.66666666666667,4.750146439878755
published,lhs162,lhs,105484.26250252621,0.009335364855257529,0.9636363297975323,0.7360279142558356,30,100,optimal,87.6018431380613,29,11,6.636363636363637,optimal,75.26567096623081,30,10,6.6,optimal,26.234267929105165,7,3,3.3333333333333335,0.00013532055307936385,0.0640270900528647,changed,routing,0.8883398205449708,0.025531223293825178,0.08883398205449708,0.7878787878787878,3,4,1,-1,1,4,-0.3,0.0,0.0668220952335515,changed,served_and_memory,181.96973318907456,48.667188420788875,60.65657772969152,0.2413793103448276,22,0,-22,-8,0,3,0.0,69.0,5.641945273979907
published,lhs162,lhs,105484.26250252621,0.009335364855257529,0.9636363297975323,0.7360279142558356,20,100,optimal,71.62532782623022,20,8,6.75,optimal,62.805195602003074,18,7,5.428571428571429,optimal,26.234267929105165,7,3,3.3333333333333335,0.03319923187926317,0.08153869645085443,changed,served_and_memory,0.9163259316488208,0.9900295403670611,0.13090370452126013,0.46153846153846156,8,6,-2,-1,0,3,0.0,0.0,-8.881784197001253e-17,changed,served_and_memory,125.37404586737034,32.690673108957796,41.79134862245678,0.35,13,0,-13,-5,0,2,0.0,40.333333333333336,2.7498849923102973
published,lhs162,lhs,105484.26250252621,0.009335364855257529,0.9636363297975323,0.7360279142558356,15,100,optimal,58.806215416153854,15,6,5.666666666666667,optimal,52.033322649032975,15,6,5.666666666666667,optimal,26.234267929105165,7,3,3.3333333333333335,0.0640270900528647,0.11928809295587964,identical,,0.0,0.0,0.0,1.0,0,0,0,0,0,0,0.0,0.0,0.0,changed,served_and_memory,58.638674024898656,19.87156069888143,19.54622467496622,0.2222222222222222,11,3,-8,-3,0,2,0.0,60.5,3.590927786428385
published,lhs162,lhs,105484.26250252621,0.009335364855257529,0.9636363297975323,0.7360279142558356,10,100,optimal,48.11106072789389,10,5,4.2,optimal,43.36668650067022,10,5,4.2,optimal,26.234267929105165,7,3,3.3333333333333335,0.0005623413251903491,0.08153869645085443,tie,,7.105427357601002e-15,0.0,1.4210854715202005e-15,1.0,0,0,0,0,0,2,0.0,0.0,6.661338147750939e-17,changed,routing,33.712813909756164,9.17640601062147,11.237604636585388,0.4166666666666667,5,2,-3,-2,1,1,0.6666666666666666,16.0,4.670056767259443
published,lhs162,lhs,105484.26250252621,0.009335364855257529,0.9636363297975323,0.7360279142558356,6,100,optimal,32.1284016940772,6,3,3.0,optimal,30.199951093611094,6,3,3.0,optimal,21.29821537683995,4,2,3.0,0.0036869450645195738,0.23713737056616555,identical,,0.0,0.0,0.0,1.0,0,0,0,0,0,0,0.0,0.0,0.0,changed,routing,0.35573756312300375,5.022829846514089,0.17786878156150188,0.42857142857142855,3,1,-2,-1,1,0,0.5,0.0,2.703488378306887
published,lhs163,lhs,3821.317940943279,0.022746459279586437,0.9913002792585176,0.5903180570422303,1000000,100,optimal,37.48618538866582,53,11,5.818181818181818,optimal,25.94000110094546,26,7,4.714285714285714,optimal,10.970699539090734,4,2,3.0,0.03319923187926317,0.0640270900528647,changed,served_and_memory,1.991363183235734,3.7046816983267092,0.28448045474796196,0.49056603773584906,27,0,-27,-4,0,1,0.0,10.428571428571429,0.2698526696587509,changed,served_and_memory,181.1496704121994,20.708129378851922,90.5748352060997,0.07547169811320754,49,0,-49,-9,0,2,0.0,73.0,4.888177319886966
published,lhs163,lhs,3821.317940943279,0.022746459279586437,0.9913002792585176,0.5903180570422303,40,100,optimal,36.35116158669445,39,9,5.333333333333333,optimal,25.94000110094546,26,7,4.714285714285714,optimal,10.970699539090734,4,2,3.0,0.05387208250415978,0.09682853110646922,changed,served_and_memory,0.2440827793862752,2.569657896355345,0.0348689684837536,0.6666666666666666,13,0,-13,-2,0,3,0.0,10.428571428571429,0.2698526696587508,changed,served_and_memory,115.52028642202208,19.573105576880558,57.76014321101104,0.10256410256410256,35,0,-35,-7,0,2,0.0,73.0,4.888177319886966
published,lhs163,lhs,3821.317940943279,0.022746459279586437,0.9913002792585176,0.5903180570422303,30,100,optimal,33.78150369033911,26,7,4.714285714285714,optimal,25.94000110094546,26,7,4.714285714285714,optimal,10.970699539090734,4,2,3.0,0.050276352689897476,0.12532289850754513,tie,,0.0,7.105427357601002e-15,0.0,1.0,0,0,0,0,0,4,0.0,0.0,6.344131569286608e-17,changed,served_and_memory,64.76406122677194,17.003447680525213,32.38203061338597,0.15384615384615385,22,0,-22,-5,0,2,0.0,73.0,4.888177319886966
published,lhs163,lhs,3821.317940943279,0.022746459279586437,0.9913002792585176,0.5903180570422303,20,100,optimal,31.83913980351141,20,6,4.333333333333333,optimal,25.370767964458594,20,6,4.333333333333333,optimal,10.970699539090734,4,2,3.0,0.08153869645085443,0.12431716560097561,tie,,0.0,0.0,0.0,1.0,0,0,0,0,0,2,0.0,0.0,0.0,changed,served_and_memory,42.00785778203255,15.061083793697517,21.003928891016276,0.2,16,0,-16,-4,0,2,0.0,73.0,4.888177319886966
published,lhs163,lhs,3821.317940943279,0.022746459279586437,0.9913002792585176,0.5903180570422303,15,100,optimal,29.80432772680473,15,5,4.0,optimal,24.62705386465177,15,5,4.0,optimal,10.970699539090734,4,2,3.0,0.050276352689897476,0.23713737056616555,tie,,0.0,3.552713678800501e-15,0.0,1.0,0,0,0,0,0,2,0.0,0.0,1.3322676295501878e-16,changed,served_and_memory,27.37078096717009,13.026271716990834,13.685390483585046,0.26666666666666666,11,0,-11,-3,0,1,0.0,24.0,1.1352026301347202
published,lhs163,lhs,3821.317940943279,0.022746459279586437,0.9913002792585176,0.5903180570422303,10,100,optimal,23.218187186697747,7,3,3.3333333333333335,optimal,20.419727872780577,7,3,3.3333333333333335,optimal,10.970699539090734,4,2,3.0,0.23713737056616555,0.46415888336127825,identical,,0.0,0.0,0.0,1.0,0,0,0,0,0,0,0.0,0.0,0.0,changed,served_set_only,0.4528991405602376,6.4401311768838525,0.2264495702801188,0.5714285714285714,3,0,-3,-1,0,0,0.0,0.0,0.0
published,lhs163,lhs,3821.317940943279,0.022746459279586437,0.9913002792585176,0.5903180570422303,6,100,optimal,16.778056009813895,4,2,3.0,optimal,15.036806612635932,4,2,3.0,optimal,10.970699539090734,4,2,3.0,0.46415888336127825,0.5356805395261334,identical,,0.0,0.0,0.0,1.0,0,0,0,0,0,0,0.0,0.0,0.0,identical,,0.0,0.0,0.0,1.0,0,0,0,0,0,0,0.0,0.0,0.0
published,lhs164,lhs,6066.356829562251,0.09796262164226056,0.9794564633896197,0.8973995976347044,1000000,100,optimal,92.8097526266045,51,17,9.0,optimal,69.6274375350965,55,17,8.823529411764707,optimal,16.386750771592737,7,3,3.3333333333333335,0.0221885046944556,0.04279211619645008,changed,routing,0.010445051167650377,0.028877963355554925,0.0006144147745676692,0.9272727272727272,0,4,4,0,1,8,-0.17647058823529413,0.0,-0.011161718365247805,changed,served_and_memory,524.0560107684969,63.72261506684452,174.6853369228323,0.13725490196078433,44,0,-44,-14,0,3,0.0,77.33333333333333,6.848912076311538
published,lhs164,lhs,6066.356829562251,0.09796262164226056,0.9794564633896197,0.8973995976347044,40,100,optimal,90.08891521936097,40,17,9.647058823529411,optimal,67.06504299360611,40,15,8.4,optimal,16.386750771592737,7,3,3.3333333333333335,0.009485494822646622,0.0640270900528647,changed,served_and_memory,0.6563713476107864,2.8931419440233412,0.04375808984071909,1.0,0,0,0,-2,0,7,0.0,-0.13333333333333333,0.12062235241238974,changed,served_and_memory,579.4035915423949,61.00177765960098,193.13453051413163,0.175,33,0,-33,-14,0,3,0.0,85.0,10.127763940907363
published,lhs164,lhs,6066.356829562251,0.09796262164226056,0.9794564633896197,0.8973995976347044,30,100,optimal,75.32054476400484,27,14,9.714285714285714,optimal,57.498799443538786,30,13,8.538461538461538,optimal,16.386750771592737,7,3,3.3333333333333335,0.03134209593995679,0.03319923187926317,changed,routing,1.5223411314200064,0.6151256395603468,0.1171031639553851,0.5405405405405406,7,10,3,-1,1,2,-0.2727272727272727,-5.454545454545454,-0.10283502906496392,changed,served_and_memory,497.5103141334468,46.23340720424485,165.8367713778156,0.25925925925925924,20,0,-20,-11,0,2,0.0,48.666666666666664,3.954431759504285
published,lhs164,lhs,6066.356829562251,0.09796262164226056,0.9794564633896197,0.8973995976347044,20,100,optimal,63.464217667612715,20,11,9.0,optimal,48.831780779367705,20,11,9.0,optimal,16.386750771592737,7,3,3.3333333333333335,0.03319923187926317,0.0640270900528647,tie,,1.4210854715202004e-14,0.0,1.2918958832001822e-15,1.0,0,0,0,0,0,2,0.0,0.0,-2.0185873175002847e-17,changed,served_and_memory,339.127608170773,34.37708010785273,113.04253605692433,0.35,13,0,-13,-8,0,2,0.0,48.666666666666664,3.954431759504285
published,lhs164,lhs,6066.356829562251,0.09796262164226056,0.9794564633896197,0.8973995976347044,15,100,optimal,43.99785422423269,15,6,5.666666666666667,optimal,37.2249614571118,15,6,5.666666666666667,optimal,16.386750771592737,7,3,3.3333333333333335,0.0640270900528647,0.08153869645085443,tie,,0.0,7.105427357601002e-15,0.0,1.0,0,0,0,0,0,4,0.0,0.0,1.4802973661668753e-16,changed,served_and_memory,68.05603550253986,14.910716664472702,22.685345167513287,0.2222222222222222,11,3,-8,-3,0,2,0.0,48.0,2.3287746506964258
published,lhs164,lhs,6066.356829562251,0.09796262164226056,0.9794564633896197,0.8973995976347044,10,100,optimal,33.220005873554534,10,5,4.2,optimal,28.568387844108365,9,4,4.75,optimal,16.386750771592737,7,3,3.3333333333333335,0.0005623413251903491,0.15703748946090484,changed,served_and_memory,0.09275619777750421,0.49223106950918805,0.023189049444376053,0.9,1,0,-1,-1,0,2,0.0,0.0,-8.326672684688674e-17,changed,routing,36.820181047322265,4.132868313794546,12.273393682440755,0.4166666666666667,5,2,-3,-2,1,1,0.6666666666666666,24.333333333333332,5.702152227646244
published,lhs164,lhs,6066.356829562251,0.09796262164226056,0.9794564633896197,0.8973995976347044,6,100,optimal,21.942054588888407,6,3,3.0,optimal,20.01360398842231,6,3,3.0,optimal,14.50552922061754,4,2,3.0,0.0036869450645195738,0.23713737056616555,identical,,0.0,0.0,0.0,1.0,0,0,0,0,0,0,0.0,0.0,0.0,changed,routing,3.7493985120893782,1.6291688975477072,1.8746992560446891,0.42857142857142855,3,1,-2,-1,1,0,0.5,0.0,2.8464834057310076
published,lhs165,lhs,8520.189691351185,0.016131123957588492,0.9244297474210418,0.866106506753002,1000000,100,optimal,61.121131250922176,53,11,5.818181818181818,optimal,47.58358377996609,53,11,5.818181818181818,optimal,15.539412014281336,7,3,3.3333333333333335,0.03319923187926317,0.0640270900528647,tie,,7.105427357601002e-15,7.105427357601002e-15,6.459479416000911e-16,1.0,0,0,0,0,0,4,0.0,0.0,-1.0092936587501423e-17,changed,served_and_memory,163.03305651032287,32.88133244847359,54.34435217010762,0.1320754716981132,46,0,-46,-8,0,3,0.0,73.0,5.6149794621844755
published,lhs165,lhs,8520.189691351185,0.016131123957588492,0.9244297474210418,0.866106506753002,40,100,optimal,55.39788512519347,38,10,6.1,optimal,44.50578985551134,39,9,5.333333333333333,optimal,15.539412014281336,7,3,3.3333333333333335,0.04279211619645008,0.09897609782820413,changed,routing,1.1931022068133927,0.2368520045468685,0.13256691186815475,0.6041666666666666,9,10,1,-1,2,2,-0.5555555555555556,0.0,0.00875209198712078,changed,served_and_memory,139.95947810617182,27.158086322744886,46.65315936872394,0.18421052631578946,31,0,-31,-7,0,3,0.0,73.0,5.6149794621844755
published,lhs165,lhs,8520.189691351185,0.016131123957588492,0.9244297474210418,0.866106506753002,30,100,optimal,49.98503239987648,29,8,5.375,optimal,40.731251974448575,29,8,5.375,optimal,15.539412014281336,7,3,3.3333333333333335,0.06044547074134525,0.11353253653639395,tie,,-7.105427357601002e-15,7.105427357601002e-15,-8.881784197001252e-16,1.0,0,0,0,0,0,6,0.0,0.0,-1.249000902703301e-16,changed,served_and_memory,85.70396404828328,21.745233597427898,28.56798801609443,0.2413793103448276,22,0,-22,-5,0,3,0.0,64.66666666666667,4.4104326949904875
published,lhs165,lhs,8520.189691351185,0.016131123957588492,0.9244297474210418,0.866106506753002,20,100,optimal,44.75382113026814,18,7,5.428571428571429,optimal,36.92371844640806,18,7,5.428571428571429,optimal,15.539412014281336,7,3,3.3333333333333335,0.0640270900528647,0.12532289850754513,tie,,7.105427357601002e-15,-7.105427357601002e-15,1.0150610510858574e-15,1.0,0,0,0,0,0,2,0.0,0.0,3.172065784643304e-17,changed,served_and_memory,63.47064477114111,16.51402232781956,21.15688159038037,0.3888888888888889,11,0,-11,-4,0,2,0.0,48.666666666666664,3.2587848799246437
published,lhs165,lhs,8520.189691351185,0.016131123957588492,0.9244297474210418,0.866106506753002,15,100,optimal,39.04359357220788,15,5,4.0,optimal,33.866319710054924,15,5,4.0,optimal,15.539412014281336,7,3,3.3333333333333335,0.050276352689897476,0.16394459283656687,tie,,0.0,0.0,0.0,1.0,0,0,0,0,0,2,0.0,0.0,-2.2204460492503132e-17,changed,served_and_memory,20.764057037696713,10.8037947697593,6.921352345898904,0.4666666666666667,8,0,-8,-2,0,1,0.0,24.333333333333332,1.5982371772444528
published,lhs165,lhs,8520.189691351185,0.016131123957588492,0.9244297474210418,0.866106506753002,10,100,optimal,29.947724501056463,10,5,4.2,optimal,25.441339488531412,7,3,3.3333333333333335,optimal,15.539412014281336,7,3,3.3333333333333335,0.0005623413251903491,0.15703748946090484,changed,routing,0.23798921469862933,1.7079256986078803,0.07932973823287644,0.4166666666666667,5,2,-3,-2,1,1,0.6666666666666666,24.333333333333332,3.2406799970179523,changed,routing,36.72477677853732,1.7079256986078803,12.241592259512439,0.4166666666666667,5,2,-3,-2,1,1,0.6666666666666666,24.333333333333332,5.668014834072373
published,lhs165,lhs,8520.189691351185,0.016131123957588492,0.9244297474210418,0.866106506753002,6,100,optimal,21.354870832872038,6,3,3.0,optimal,19.42642023240594,6,3,3.0,optimal,14.130534186853097,4,2,3.0,0.0036869450645195738,0.23713737056616555,identical,,0.0,0.0,0.0,1.0,0,0,0,0,0,0,0.0,0.0,0.0,changed,routing,3.9615872343413088,1.4169801752957802,1.9807936171706544,0.42857142857142855,3,1,-2,-1,1,0,0.5,0.0,2.8208803605506048
published,lhs166,lhs,11545.782336687682,0.01132856190495564,0.981627104986971,0.5195059704536135,1000000,100,optimal,43.321666051259115,53,11,5.818181818181818,optimal,31.415749528224335,39,9,5.333333333333333,optimal,13.719330593404752,7,3,3.3333333333333335,0.03319923187926317,0.0640270900528647,changed,served_and_memory,1.6316309479213125,1.2506732578995212,0.1812923275468125,0.7358490566037735,14,0,-14,-2,0,3,0.0,1.4444444444444444,0.10528139778954046,changed,served_and_memory,178.0628208039201,16.901948669687116,59.354273601306694,0.1320754716981132,46,0,-46,-8,0,3,0.0,73.0,5.6149794621844755
published,lhs166,lhs,11545.782336687682,0.01132856190495564,0.981627104986971,0.5195059704536135,40,100,optimal,42.0709927933596,39,9,5.333333333333333,optimal,31.41574952822434,39,9,5.333333333333333,optimal,13.719330593404752,7,3,3.3333333333333335,0.06044547074134525,0.09682853110646922,tie,,0.0,-7.105427357601002e-15,0.0,1.0,0,0,0,0,0,2,0.0,0.0,9.868649107779169e-17,changed,served_and_memory,114.32594226832028,15.651275411787601,38.10864742277342,0.1794871794871795,32,0,-32,-6,0,3,0.0,64.66666666666667,4.4104326949904875
published,lhs166,lhs,11545.782336687682,0.01132856190495564,0.981627104986971,0.5195059704536135,30,100,optimal,39.168005349253065,26,7,4.714285714285714,optimal,31.326502759859423,26,7,4.714285714285714,optimal,13.719330593404752,7,3,3.3333333333333335,0.050276352689897476,0.10375364037838179,tie,,3.552713678800501e-15,0.0,5.075305255429287e-16,1.0,0,0,0,0,0,4,0.0,0.0,2.061842760018148e-16,changed,served_and_memory,64.06236118143283,12.748287967681065,21.354120393810945,0.2692307692307692,19,0,-19,-4,0,2,0.0,40.333333333333336,2.417349456103338
published,lhs166,lhs,11545.782336687682,0.01132856190495564,0.981627104986971,0.5195059704536135,20,100,optimal,36.95013664263826,20,6,4.333333333333333,optimal,30.481764803585442,20,6,4.333333333333333,optimal,13.719330593404752,7,3,3.3333333333333335,0.0640270900528647,0.13038656197151804,tie,,0.0,0.0,0.0,1.0,0,0,0,0,0,2,0.0,0.0,-5.551115123125783e-17,changed,served_and_memory,42.47142849435498,10.530419261066264,14.15714283145166,0.35,13,0,-13,-3,0,2,0.0,40.333333333333336,2.3939518576189234
published,lhs166,lhs,11545.782336687682,0.01132856190495564,0.981627104986971,0.5195059704536135,15,100,optimal,34.422932000429306,15,5,4.0,optimal,29.245658138276347,15,5,4.0,optimal,13.719330593404752,7,3,3.3333333333333335,0.050276352689897476,0.16394459283656687,identical,,0.0,0.0,0.0,1.0,0,0,0,0,0,0,0.0,0.0,0.0,changed,served_and_memory,23.564637188598702,8.003214618857307,7.854879062866234,0.4666666666666667,8,0,-8,-2,0,1,0.0,24.333333333333332,1.5982371772444528
published,lhs166,lhs,11545.782336687682,0.01132856190495564,0.981627104986971,0.5195059704536135,10,100,optimal,26.419717381572,7,3,3.3333333333333335,optimal,23.62125806765483,7,3,3.3333333333333335,optimal,13.719330593404752,7,3,3.3333333333333335,0.23713737056616555,0.46415888336127825,identical,,0.0,0.0,0.0,1.0,0,0,0,0,0,0,0.0,0.0,0.0,identical,,0.0,0.0,0.0,1.0,0,0,0,0,0,0,0.0,0.0,0.0
published,lhs166,lhs,11545.782336687682,0.01132856190495564,0.981627104986971,0.5195059704536135,6,100,optimal,20.05634602632795,6,3,3.0,optimal,18.12789542586186,6,3,3.0,optimal,13.248246312553754,4,2,3.0,0.0036869450645195738,0.23713737056616555,identical,,0.0,0.0,0.0,1.0,0,0,0,0,0,0,0.0,0.0,0.0,changed,routing,4.3778241665860484,1.000743243051037,2.1889120832930242,0.42857142857142855,3,1,-2,-1,1,0,0.5,0.0,2.452178301895126
published,lhs167,lhs,7735.579484243691,0.028837742911444784,0.9274521314817652,0.8097757864733095,1000000,100,optimal,55.77181183591193,53,11,5.818181818181818,optimal,42.23426436495586,53,11,5.818181818181818,optimal,14.565349188391547,7,3,3.3333333333333335,0.030017743045081,0.0640270900528647,identical,,0.0,0.0,0.0,1.0,0,0,0,0,0,0,0.0,0.0,0.0,changed,served_and_memory,170.14978410304408,28.506075859353132,56.71659470101469,0.1320754716981132,46,0,-46,-8,0,3,0.0,64.66666666666667,4.750146439878755
published,lhs167,lhs,7735.579484243691,0.028837742911444784,0.9274521314817652,0.8097757864733095,40,100,optimal,51.007512229607215,39,9,5.333333333333333,optimal,40.35226896447195,39,9,5.333333333333333,optimal,14.565349188391547,7,3,3.3333333333333335,0.05387208250415978,0.08153869645085443,tie,,-7.105427357601002e-15,7.105427357601002e-15,-7.894919286223335e-16,1.0,0,0,0,0,0,2,0.0,0.0,0.0,changed,served_and_memory,107.28452192554539,23.741776253048414,35.76150730851513,0.1794871794871795,32,0,-32,-6,0,3,0.0,64.66666666666667,4.750146439878755
published,lhs167,lhs,7735.579484243691,0.028837742911444784,0.9274521314817652,0.8097757864733095,30,100,optimal,46.285564820301595,29,8,5.375,optimal,37.0326398043297,27,8,5.25,optimal,14.565349188391547,7,3,3.3333333333333335,0.0640270900528647,0.1100835697919678,tie,,0.0008554094560082603,0.08919052512401038,0.00010692618200103254,0.6470588235294118,7,5,-2,0,2,2,-0.125,0.0,-0.0067510960284309085,changed,served_and_memory,85.70289331812978,19.019828843742793,28.56763110604326,0.2413793103448276,22,0,-22,-5,0,3,0.0,73.0,5.6149794621844755
published,lhs167,lhs,7735.579484243691,0.028837742911444784,0.9274521314817652,0.8097757864733095,20,100,optimal,41.678272986945046,18,7,5.428571428571429,optimal,34.51175659006052,20,6,4.333333333333333,optimal,14.565349188391547,7,3,3.3333333333333335,0.0640270900528647,0.12532289850754513,changed,routing,0.6635862869755584,0.6981445578317107,0.11059771449592641,0.7272727272727273,2,4,2,-1,1,4,-0.5,0.0,0.042489147433982764,changed,served_and_memory,68.16479153370267,14.412537010386245,22.72159717790089,0.3888888888888889,11,0,-11,-4,0,2,0.0,48.666666666666664,3.2587848799246437
published,lhs167,lhs,7735.579484243691,0.028837742911444784,0.9274521314817652,0.8097757864733095,15,100,optimal,37.16142412338911,15,5,4.0,optimal,31.984150261236152,15,5,4.0,optimal,14.565349188391547,7,3,3.3333333333333335,0.050276352689897476,0.16394459283656687,tie,,3.552713678800501e-15,0.0,7.105427357601002e-16,1.0,0,0,0,0,0,2,0.0,0.0,-1.554312234475219e-16,changed,served_and_memory,21.672163660625692,9.89568814683031,7.224054553541897,0.4666666666666667,8,0,-8,-2,0,1,0.0,24.333333333333332,1.5982371772444528
published,lhs167,lhs,7735.579484243691,0.028837742911444784,0.9274521314817652,0.8097757864733095,10,100,optimal,28.085479569801482,10,5,4.2,optimal,24.467276662641627,7,3,3.3333333333333335,optimal,14.565349188391547,7,3,3.3333333333333335,0.0005623413251903491,0.15703748946090484,changed,routing,1.126171320063822,0.8197435932426806,0.375390440021274,0.4166666666666667,5,2,-3,-2,1,1,0.6666666666666666,24.333333333333332,3.175998702411132,changed,routing,37.61295888390251,0.8197435932426806,12.537652961300836,0.4166666666666667,5,2,-3,-2,1,1,0.6666666666666666,24.333333333333332,5.603333539465553
published,lhs167,lhs,7735.579484243691,0.028837742911444784,0.9274521314817652,0.8097757864733095,6,100,optimal,20.46417918437177,6,3,3.0,optimal,18.535728583905673,6,3,3.0,optimal,13.534758496723377,4,2,3.0,0.0036869450645195738,0.23713737056616555,identical,,0.0,0.0,0.0,1.0,0,0,0,0,0,0,0.0,0.0,0.0,changed,routing,4.256503192711854,1.1220642169252315,2.128251596355927,0.42857142857142855,3,1,-2,-1,1,0,0.5,0.0,2.7723693895954895
published,lhs168,lhs,147620.16932702955,0.03996435013354418,0.9765431036257656,0.7397490539211303,1000000,100,optimal,132.34382087707368,55,17,8.823529411764707,optimal,109.19038374892122,55,17,8.823529411764707,optimal,28.15900745034104,7,3,3.3333333333333335,0.0221885046944556,0.050276352689897476,tie,,0.0,-2.842170943040401e-14,0.0,1.0,0,0,0,0,0,8,0.0,0.0,-2.6122894697062506e-17,changed,served_and_memory,493.6395536308161,91.4844266385654,164.5465178769387,0.12727272727272726,48,0,-48,-14,0,3,0.0,73.33333333333333,6.8758778881069675
published,lhs168,lhs,147620.16932702955,0.03996435013354418,0.9765431036257656,0.7397490539211303,40,100,optimal,125.52251523039304,40,17,9.647058823529411,optimal,103.85432761032277,40,15,8.4,optimal,28.15900745034104,7,3,3.3333333333333335,0.009485494822646622,0.0640270900528647,changed,served_and_memory,2.012055953295331,1.5374573383387684,0.13413706355302205,1.0,0,0,0,-2,0,9,0.0,-0.13333333333333333,0.12062235241238971,changed,served_and_memory,555.7422482101113,84.66312099188474,185.24741607003708,0.175,33,0,-33,-14,0,3,0.0,85.0,10.127763940907364
published,lhs168,lhs,147620.16932702955,0.03996435013354418,0.9765431036257656,0.7397490539211303,30,100,optimal,106.93191451654378,29,14,8.428571428571429,optimal,88.83461475202914,30,13,8.538461538461538,optimal,28.15900745034104,7,3,3.3333333333333335,0.00013532055307936385,0.0640270900528647,changed,routing,0.02319096022984013,0.8906800836089417,0.00178392001768001,0.7878787878787878,3,4,1,-1,1,2,-0.23076923076923078,0.0,0.049722658482051554,changed,served_and_memory,382.5989943476365,66.07252027803548,127.53299811587884,0.2413793103448276,22,0,-22,-11,0,3,0.0,73.0,5.6149794621844755
published,lhs168,lhs,147620.16932702955,0.03996435013354418,0.9765431036257656,0.7397490539211303,20,100,optimal,88.49407432889637,20,11,9.0,optimal,73.86163744065136,20,11,9.0,optimal,28.15900745034104,7,3,3.3333333333333335,0.03319923187926317,0.0640270900528647,tie,,0.0,0.0,0.0,1.0,0,0,0,0,0,2,0.0,0.0,0.0,changed,served_and_memory,325.8700081882376,47.63468009038808,108.62333606274586,0.35,13,0,-13,-8,0,2,0.0,48.666666666666664,3.954431759504285
published,lhs168,lhs,147620.16932702955,0.03996435013354418,0.9765431036257656,0.7397490539211303,15,100,optimal,63.49199969827403,15,6,5.666666666666667,optimal,56.719106931153135,15,6,5.666666666666667,optimal,28.15900745034104,7,3,3.3333333333333335,0.0640270900528647,0.12431716560097561,tie,,-7.105427357601002e-15,7.105427357601002e-15,-1.1842378929335002e-15,1.0,0,0,0,0,0,2,0.0,0.0,3.700743415417188e-17,changed,served_and_memory,53.0516927668791,22.632605459765735,17.6838975889597,0.2222222222222222,11,3,-8,-3,0,2,0.0,73.0,4.888177319886966
published,lhs168,lhs,147620.16932702955,0.03996435013354418,0.9765431036257656,0.7397490539211303,10,100,optimal,51.58564039072039,10,5,4.2,optimal,46.84126616349672,10,5,4.2,optimal,28.15900745034104,7,3,3.3333333333333335,0.0005623413251903491,0.08153869645085443,tie,,7.105427357601002e-15,0.0,1.4210854715202005e-15,1.0,0,0,0,0,0,2,0.0,0.0,1.3322676295501878e-16,changed,routing,32.162973768165536,10.726246152212099,10.720991256055179,0.4166666666666667,5,2,-3,-2,1,1,0.6666666666666666,16.0,4.674907076608075
published,lhs168,lhs,147620.16932702955,0.03996435013354418,0.9765431036257656,0.7397490539211303,6,100,optimal,34.002411265611045,6,3,3.0,optimal,32.07396066514494,6,3,3.0,optimal,22.81648738525079,6,3,3.0,0.0036869450645195738,0.23713737056616555,identical,,0.0,0.0,0.0,1.0,0,0,0,0,0,0,0.0,0.0,0.0,identical,,0.0,0.0,0.0,1.0,0,0,0,0,0,0,0.0,0.0,0.0
published,lhs169,lhs,129783.8474646934,0.0014654241690703017,0.9227895592719387,0.6464723591109551,1000000,100,optimal,0.0,0,0,,optimal,0.0,0,0,,optimal,0.0,0,0,,,,identical,,0.0,0.0,0.0,1.0,0,0,0,0,0,0,,,,identical,,0.0,0.0,0.0,1.0,0,0,0,0,0,0,,,
published,lhs169,lhs,129783.8474646934,0.0014654241690703017,0.9227895592719387,0.6464723591109551,40,100,optimal,0.0,0,0,,optimal,0.0,0,0,,optimal,0.0,0,0,,,,identical,,0.0,0.0,0.0,1.0,0,0,0,0,0,0,,,,identical,,0.0,0.0,0.0,1.0,0,0,0,0,0,0,,,
published,lhs169,lhs,129783.8474646934,0.0014654241690703017,0.9227895592719387,0.6464723591109551,30,100,optimal,0.0,0,0,,optimal,0.0,0,0,,optimal,0.0,0,0,,,,identical,,0.0,0.0,0.0,1.0,0,0,0,0,0,0,,,,identical,,0.0,0.0,0.0,1.0,0,0,0,0,0,0,,,
published,lhs169,lhs,129783.8474646934,0.0014654241690703017,0.9227895592719387,0.6464723591109551,20,100,optimal,0.0,0,0,,optimal,0.0,0,0,,optimal,0.0,0,0,,,,identical,,0.0,0.0,0.0,1.0,0,0,0,0,0,0,,,,identical,,0.0,0.0,0.0,1.0,0,0,0,0,0,0,,,
published,lhs169,lhs,129783.8474646934,0.0014654241690703017,0.9227895592719387,0.6464723591109551,15,100,optimal,0.0,0,0,,optimal,0.0,0,0,,optimal,0.0,0,0,,,,identical,,0.0,0.0,0.0,1.0,0,0,0,0,0,0,,,,identical,,0.0,0.0,0.0,1.0,0,0,0,0,0,0,,,
published,lhs169,lhs,129783.8474646934,0.0014654241690703017,0.9227895592719387,0.6464723591109551,10,100,optimal,0.0,0,0,,optimal,0.0,0,0,,optimal,0.0,0,0,,,,identical,,0.0,0.0,0.0,1.0,0,0,0,0,0,0,,,,identical,,0.0,0.0,0.0,1.0,0,0,0,0,0,0,,,
published,lhs169,lhs,129783.8474646934,0.0014654241690703017,0.9227895592719387,0.6464723591109551,6,100,optimal,0.0,0,0,,optimal,0.0,0,0,,optimal,0.0,0,0,,,,identical,,0.0,0.0,0.0,1.0,0,0,0,0,0,0,,,,identical,,0.0,0.0,0.0,1.0,0,0,0,0,0,0,,,
published,lhs170,lhs,25439.035054482225,0.005689205488968654,0.9305947263883986,0.707518851061279,1000000,100,optimal,55.95294950616116,32,8,5.0,optimal,46.7384920952565,32,8,5.0,optimal,18.480197935775365,7,3,3.3333333333333335,0.050276352689897476,0.1100835697919678,tie,,0.0,-7.105427357601002e-15,0.0,1.0,0,0,0,0,0,4,0.0,0.0,5.551115123125783e-17,changed,served_and_memory,74.46919884358186,24.772364782218542,24.823066281193956,0.21875,25,0,-25,-5,0,3,0.0,73.0,5.6149794621844755
published,lhs170,lhs,25439.035054482225,0.005689205488968654,0.9305947263883986,0.707518851061279,40,100,optimal,55.95294950616116,32,8,5.0,optimal,46.7384920952565,32,8,5.0,optimal,18.480197935775365,7,3,3.3333333333333335,0.050276352689897476,0.1100835697919678,tie,,0.0,-7.105427357601002e-15,0.0,1.0,0,0,0,0,0,4,0.0,0.0,5.551115123125783e-17,changed,served_and_memory,74.46919884358186,24.772364782218542,24.823066281193956,0.21875,25,0,-25,-5,0,3,0.0,73.0,5.6149794621844755
published,lhs170,lhs,25439.035054482225,0.005689205488968654,0.9305947263883986,0.707518851061279,30,100,optimal,53.996546949369915,29,8,5.375,optimal,44.742766523942024,29,8,5.375,optimal,18.480197935775365,7,3,3.3333333333333335,0.0640270900528647,0.09264616841461812,tie,,0.0,0.0,0.0,1.0,0,0,0,0,0,4,0.0,0.0,1.1102230246251565e-16,changed,served_and_memory,83.84293049570609,22.815962225427295,27.947643498568695,0.2413793103448276,22,0,-22,-5,0,3,0.0,64.66666666666667,4.77354403836317
published,lhs170,lhs,25439.035054482225,0.005689205488968654,0.9305947263883986,0.707518851061279,20,100,optimal,47.764803170093884,20,6,4.333333333333333,optimal,41.29643133104106,20,6,4.333333333333333,optimal,18.480197935775365,7,3,3.3333333333333335,0.050276352689897476,0.12431716560097561,identical,,0.0,0.0,0.0,1.0,0,0,0,0,0,0,0.0,0.0,0.0,changed,served_and_memory,35.629151817288204,16.584218446151265,11.876383939096067,0.35,13,0,-13,-3,0,2,0.0,40.333333333333336,2.417349456103338
published,lhs170,lhs,25439.035054482225,0.005689205488968654,0.9305947263883986,0.707518851061279,15,100,optimal,43.100895420413735,15,5,4.0,optimal,37.923621558260784,15,5,4.0,optimal,18.480197935775365,7,3,3.3333333333333335,0.050276352689897476,0.23713737056616555,tie,,7.105427357601002e-15,-7.105427357601002e-15,1.4210854715202005e-15,1.0,0,0,0,0,0,2,0.0,0.0,6.661338147750939e-17,changed,served_and_memory,21.58371167024571,11.920310696471116,7.19457055674857,0.4666666666666667,8,0,-8,-2,0,1,0.0,16.0,0.7568017534231467
published,lhs170,lhs,25439.035054482225,0.005689205488968654,0.9305947263883986,0.707518851061279,10,100,optimal,33.93025123942665,10,5,4.2,optimal,29.185877012202972,10,5,4.2,optimal,18.480197935775365,7,3,3.3333333333333335,0.0005623413251903491,0.08153869645085443,tie,,-3.552713678800501e-15,0.0,-7.105427357601002e-16,1.0,0,0,0,0,0,2,0.0,0.0,1.1102230246251565e-16,changed,routing,40.139553404893604,2.7496665154840336,13.379851134964534,0.4166666666666667,5,2,-3,-2,1,1,0.6666666666666666,16.0,4.632062170706583
published,lhs170,lhs,25439.035054482225,0.005689205488968654,0.9305947263883986,0.707518851061279,6,100,optimal,24.55992282182975,6,3,3.0,optimal,22.63147222136365,6,3,3.0,optimal,16.263399400709655,4,2,3.0,0.0036869450645195738,0.23713737056616555,identical,,0.0,0.0,0.0,1.0,0,0,0,0,0,0,0.0,0.0,0.0,changed,routing,2.889400459240152,2.4891669503969354,1.444700229620076,0.42857142857142855,3,1,-2,-1,1,0,0.5,0.0,2.674992430892242
published,lhs171,lhs,88819.43267130406,0.04751607092142574,0.9566938329108168,0.9092850692632443,1000000,100,optimal,143.41672155123365,55,17,8.823529411764707,optimal,120.2632844230812,55,17,8.823529411764707,optimal,27.389102023511903,7,3,3.3333333333333335,0.0221885046944556,0.050276352689897476,tie,,-1.4210854715202004e-14,0.0,-8.359326303060002e-16,1.0,0,0,0,0,0,8,0.0,0.0,1.3061447348531253e-17,changed,served_and_memory,478.02119154750187,103.3272327395545,159.34039718250062,0.12727272727272726,48,0,-48,-14,0,3,0.0,81.66666666666667,7.74071091041269
published,lhs171,lhs,88819.43267130406,0.04751607092142574,0.9566938329108168,0.9092850692632443,40,100,optimal,135.43062579583713,39,16,9.0625,optimal,113.82201006800653,39,16,9.0625,optimal,27.389102023511903,7,3,3.3333333333333335,0.0221885046944556,0.05161879346889767,tie,,-1.4210854715202004e-14,0.0,-8.881784197001252e-16,1.0,0,0,0,0,0,2,0.0,0.0,-2.0816681711721685e-17,changed,served_and_memory,464.77663066715166,95.34113698415798,154.9255435557172,0.1794871794871795,32,0,-32,-13,0,3,0.0,73.0,5.6149794621844755
published,lhs171,lhs,88819.43267130406,0.04751607092142574,0.9566938329108168,0.9092850692632443,30,100,optimal,115.60872405190966,30,15,8.266666666666667,optimal,97.39747671882758,29,14,8.428571428571429,optimal,27.389102023511903,7,3,3.3333333333333335,0.00013532055307936385,0.03319923187926317,changed,served_and_memory,1.0388952448871578,0.09075660833755705,0.07420680320622555,0.9666666666666667,1,0,-1,-1,0,3,0.0,0.9285714285714286,0.06768089857899033,changed,served_and_memory,436.57096339034706,75.51923524023051,145.52365446344902,0.23333333333333334,23,0,-23,-12,0,3,0.0,69.0,5.984079054005818
published,lhs171,lhs,88819.43267130406,0.04751607092142574,0.9566938329108168,0.9092850692632443,20,100,optimal,95.939248168566,20,11,9.0,optimal,81.30681128032099,20,11,9.0,optimal,27.389102023511903,7,3,3.3333333333333335,0.03319923187926317,0.0640270900528647,tie,,0.0,0.0,0.0,1.0,0,0,0,0,0,2,0.0,0.0,3.027880976250427e-17,changed,served_and_memory,313.0576131613362,55.84975935688685,104.3525377204454,0.35,13,0,-13,-8,0,2,0.0,48.666666666666664,3.954431759504285
published,lhs171,lhs,88819.43267130406,0.04751607092142574,0.9566938329108168,0.9092850692632443,15,100,optimal,64.92215707389161,15,6,5.666666666666667,optimal,58.149264306770725,15,6,5.666666666666667,optimal,27.389102023511903,7,3,3.3333333333333335,0.0640270900528647,0.08153869645085443,identical,,0.0,0.0,0.0,1.0,0,0,0,0,0,0,0.0,0.0,0.0,changed,served_and_memory,58.13408390480008,24.832668262212465,19.378027968266693,0.2222222222222222,11,3,-8,-3,0,2,0.0,48.0,2.3287746506964258
published,lhs171,lhs,88819.43267130406,0.04751607092142574,0.9566938329108168,0.9092850692632443,10,100,optimal,51.20723138689974,10,5,4.2,optimal,46.46285715967607,10,5,4.2,optimal,27.389102023511903,7,3,3.3333333333333335,0.0005623413251903491,0.15703748946090484,tie,,7.105427357601002e-15,7.105427357601002e-15,1.4210854715202005e-15,1.0,0,0,0,0,0,2,0.0,0.0,6.661338147750939e-17,changed,routing,27.314959901924603,11.117742575220596,9.104986633974868,0.4166666666666667,5,2,-3,-2,1,1,0.6666666666666666,24.333333333333332,5.714806978573897
published,lhs171,lhs,88819.43267130406,0.04751607092142574,0.9566938329108168,0.9092850692632443,6,100,optimal,33.003030056696275,6,3,3.0,optimal,31.074579456230182,6,3,3.0,optimal,21.882606173191917,4,2,3.0,0.0036869450645195738,0.23713737056616555,identical,,0.0,0.0,0.0,1.0,0,0,0,0,0,0,0.0,0.0,0.0,changed,routing,0.06549999685588404,5.313067412781201,0.03274999842794202,0.42857142857142855,3,1,-2,-1,1,0,0.5,0.0,2.8559744689267474
published,lhs172,lhs,16920.155798671545,0.07935095296308538,0.9431810227438941,0.524587322883242,1000000,100,optimal,40.86601890249551,46,10,5.6,optimal,30.94739819669728,26,7,4.714285714285714,optimal,14.17558827716363,7,3,3.3333333333333335,0.04279211619645008,0.07278289325185956,changed,served_and_memory,2.1779766762308554,2.077118116404584,0.3111395251758365,0.5652173913043478,20,0,-20,-3,0,1,0.0,10.428571428571429,0.2698526696587508,changed,served_and_memory,149.09893817394808,13.990043837164635,49.6996460579827,0.15217391304347827,39,0,-39,-7,0,3,0.0,64.66666666666667,4.750146439878756
published,lhs172,lhs,16920.155798671545,0.07935095296308538,0.9431810227438941,0.524587322883242,40,100,optimal,40.624603614850244,39,9,5.333333333333333,optimal,30.947398196697282,26,7,4.714285714285714,optimal,14.17558827716363,7,3,3.3333333333333335,0.05387208250415978,0.09682853110646922,changed,served_and_memory,0.9780378469823034,1.8357028287593167,0.13971969242604335,0.6666666666666666,13,0,-13,-2,0,3,0.0,10.428571428571429,0.2698526696587508,changed,served_and_memory,114.45173313193919,13.748628549519367,38.150577710646395,0.1794871794871795,32,0,-32,-6,0,3,0.0,73.0,5.614979462184476
published,lhs172,lhs,16920.155798671545,0.07935095296308538,0.9431810227438941,0.524587322883242,30,100,optimal,38.78890078609093,26,7,4.714285714285714,optimal,30.94739819669728,26,7,4.714285714285714,optimal,14.17558827716363,7,3,3.3333333333333335,0.0640270900528647,0.10375364037838179,tie,,-3.552713678800501e-15,0.0,-5.075305255429287e-16,1.0,0,0,0,0,0,2,0.0,0.0,-1.1102230246251565e-16,changed,served_and_memory,62.86026442320035,11.91292572076005,20.953421474400116,0.2692307692307692,19,0,-19,-4,0,2,0.0,48.666666666666664,3.2587848799246437
published,lhs172,lhs,16920.155798671545,0.07935095296308538,0.9431810227438941,0.524587322883242,20,100,optimal,36.99863059469289,20,6,4.333333333333333,optimal,30.53025875564007,20,6,4.333333333333333,optimal,14.17558827716363,7,3,3.3333333333333335,0.08153869645085443,0.12431716560097561,identical,,0.0,0.0,0.0,1.0,0,0,0,0,0,0,0.0,0.0,0.0,changed,served_and_memory,40.05325572892397,10.122655529362014,13.351085242974657,0.35,13,0,-13,-3,0,2,0.0,48.666666666666664,3.2587848799246437
published,lhs172,lhs,16920.155798671545,0.07935095296308538,0.9431810227438941,0.524587322883242,15,100,optimal,34.71546076023688,15,5,4.0,optimal,29.538186898083914,15,5,4.0,optimal,14.17558827716363,7,3,3.3333333333333335,0.08153869645085443,0.16394459283656687,identical,,0.0,0.0,0.0,1.0,0,0,0,0,0,0,0.0,0.0,0.0,changed,served_and_memory,23.62707766665735,7.839485694906003,7.87569255555245,0.4666666666666667,8,0,-8,-2,0,1,0.0,24.333333333333332,1.5982371772444528
published,lhs172,lhs,16920.155798671545,0.07935095296308538,0.9431810227438941,0.524587322883242,10,100,optimal,26.875975065330877,7,3,3.3333333333333335,optimal,24.077515751413706,7,3,3.3333333333333335,optimal,14.17558827716363,7,3,3.3333333333333335,0.23713737056616555,0.46415888336127825,identical,,0.0,0.0,0.0,1.0,0,0,0,0,0,0,0.0,0.0,0.0,identical,,0.0,0.0,0.0,1.0,0,0,0,0,0,0,0.0,0.0,0.0
published,lhs172,lhs,16920.155798671545,0.07935095296308538,0.9431810227438941,0.524587322883242,6,100,optimal,20.634503836382578,6,3,3.0,optimal,18.706053235916478,6,3,3.0,optimal,13.640750595314884,4,2,3.0,0.0036869450645195738,0.23713737056616555,identical,,0.0,0.0,0.0,1.0,0,0,0,0,0,0,0.0,0.0,0.0,changed,routing,4.192170639292554,1.1863967703445333,2.096085319646277,0.42857142857142855,3,1,-2,-1,1,0,0.5,0.0,2.459199609164047
published,lhs173,lhs,6530.142764586472,0.0010381158821360374,0.9536643508814959,0.592680092159327,1000000,100,optimal,0.0,0,0,,optimal,0.0,0,0,,optimal,0.0,0,0,,,,identical,,0.0,0.0,0.0,1.0,0,0,0,0,0,0,,,,identical,,0.0,0.0,0.0,1.0,0,0,0,0,0,0,,,
published,lhs173,lhs,6530.142764586472,0.0010381158821360374,0.9536643508814959,0.592680092159327,40,100,optimal,0.0,0,0,,optimal,0.0,0,0,,optimal,0.0,0,0,,,,identical,,0.0,0.0,0.0,1.0,0,0,0,0,0,0,,,,identical,,0.0,0.0,0.0,1.0,0,0,0,0,0,0,,,
published,lhs173,lhs,6530.142764586472,0.0010381158821360374,0.9536643508814959,0.592680092159327,30,100,optimal,0.0,0,0,,optimal,0.0,0,0,,optimal,0.0,0,0,,,,identical,,0.0,0.0,0.0,1.0,0,0,0,0,0,0,,,,identical,,0.0,0.0,0.0,1.0,0,0,0,0,0,0,,,
published,lhs173,lhs,6530.142764586472,0.0010381158821360374,0.9536643508814959,0.592680092159327,20,100,optimal,0.0,0,0,,optimal,0.0,0,0,,optimal,0.0,0,0,,,,identical,,0.0,0.0,0.0,1.0,0,0,0,0,0,0,,,,identical,,0.0,0.0,0.0,1.0,0,0,0,0,0,0,,,
published,lhs173,lhs,6530.142764586472,0.0010381158821360374,0.9536643508814959,0.592680092159327,15,100,optimal,0.0,0,0,,optimal,0.0,0,0,,optimal,0.0,0,0,,,,identical,,0.0,0.0,0.0,1.0,0,0,0,0,0,0,,,,identical,,0.0,0.0,0.0,1.0,0,0,0,0,0,0,,,
published,lhs173,lhs,6530.142764586472,0.0010381158821360374,0.9536643508814959,0.592680092159327,10,100,optimal,0.0,0,0,,optimal,0.0,0,0,,optimal,0.0,0,0,,,,identical,,0.0,0.0,0.0,1.0,0,0,0,0,0,0,,,,identical,,0.0,0.0,0.0,1.0,0,0,0,0,0,0,,,
published,lhs173,lhs,6530.142764586472,0.0010381158821360374,0.9536643508814959,0.592680092159327,6,100,optimal,0.0,0,0,,optimal,0.0,0,0,,optimal,0.0,0,0,,,,identical,,0.0,0.0,0.0,1.0,0,0,0,0,0,0,,,,identical,,0.0,0.0,0.0,1.0,0,0,0,0,0,0,,,
published,lhs174,lhs,65605.22184493652,0.007266891107898663,0.9661861975830874,0.7273806464694157,1000000,100,optimal,93.2260190826692,53,11,5.818181818181818,optimal,79.68847161171308,53,11,5.818181818181818,optimal,24.144194342758006,7,3,3.3333333333333335,0.030017743045081,0.08153869645085443,tie,,0.0,1.4210854715202004e-14,0.0,1.0,0,0,0,0,0,6,0.0,0.0,7.065055611250996e-17,changed,served_and_memory,138.49886602832876,56.38143795174394,46.16628867610959,0.1320754716981132,46,0,-46,-8,0,3,0.0,73.0,5.614979462184476
published,lhs174,lhs,65605.22184493652,0.007266891107898663,0.9661861975830874,0.7273806464694157,40,100,optimal,85.4236681022152,38,10,6.1,optimal,73.33847062571967,38,10,6.1,optimal,24.144194342758006,7,3,3.3333333333333335,0.04279211619645008,0.07278289325185956,tie,,0.0,1.4210854715202004e-14,0.0,1.0,0,0,0,0,0,2,0.0,0.0,-3.3306690738754695e-17,changed,served_and_memory,121.36441395476203,48.57908697128995,40.454804651587345,0.18421052631578946,31,0,-31,-7,0,3,0.0,64.66666666666667,4.750146439878756
published,lhs174,lhs,65605.22184493652,0.007266891107898663,0.9661861975830874,0.7273806464694157,30,100,optimal,73.71689478515765,30,9,5.111111111111111,optimal,64.03488153967128,27,8,5.25,optimal,24.144194342758006,7,3,3.3333333333333335,0.00015183215780139426,0.09682853110646922,changed,served_set_only,0.5406393827887896,0.5182787546384731,0.0675799228485987,0.9,3,0,-3,-1,0,0,0.0,0.0,0.0,changed,served_and_memory,105.06612668070832,36.87231365423239,35.02204222690278,0.23333333333333334,23,0,-23,-6,0,3,0.0,73.0,5.614979462184476
published,lhs174,lhs,65605.22184493652,0.007266891107898663,0.9661861975830874,0.7273806464694157,20,100,optimal,65.67134082354924,18,7,5.428571428571429,optimal,57.84123813968915,18,7,5.428571428571429,optimal,24.144194342758006,7,3,3.3333333333333335,0.0640270900528647,0.12532289850754513,tie,,0.0,0.0,0.0,1.0,0,0,0,0,0,2,0.0,0.0,4.7580986769649563e-17,changed,served_and_memory,51.15790740633669,28.826759692623988,17.05263580211223,0.3888888888888889,11,0,-11,-4,0,2,0.0,48.666666666666664,3.2587848799246437
published,lhs174,lhs,65605.22184493652,0.007266891107898663,0.9661861975830874,0.7273806464694157,15,100,optimal,54.54403213222018,15,6,5.666666666666667,optimal,48.0563975451022,15,5,4.0,optimal,24.144194342758006,7,3,3.3333333333333335,0.0640270900528647,0.11928809295587964,changed,routing,0.2852581800028986,1.3103607249650153,0.05705163600057972,0.36363636363636365,7,7,0,-1,1,3,-0.75,12.0,0.41569681250439156,changed,served_and_memory,63.33113060645679,17.699451001294925,21.11037686881893,0.2222222222222222,11,3,-8,-3,0,2,0.0,60.5,3.590927786428385
published,lhs174,lhs,65605.22184493652,0.007266891107898663,0.9661861975830874,0.7273806464694157,10,100,optimal,44.604190223214424,10,5,4.2,optimal,39.85981599599074,10,5,4.2,optimal,24.144194342758006,7,3,3.3333333333333335,0.0005623413251903491,0.08153869645085443,tie,,0.0,0.0,0.0,1.0,0,0,0,0,0,2,0.0,0.0,1.3322676295501878e-16,changed,routing,35.129610828088474,7.759609092289168,11.709870276029491,0.4166666666666667,5,2,-3,-2,1,1,0.6666666666666666,16.0,4.658690139248683
published,lhs174,lhs,65605.22184493652,0.007266891107898663,0.9661861975830874,0.7273806464694157,6,100,optimal,30.04653704364157,6,3,3.0,optimal,28.118086443175475,6,3,3.0,optimal,19.909915968873037,4,2,3.0,0.0036869450645195738,0.23713737056616555,identical,,0.0,0.0,0.0,1.0,0,0,0,0,0,0,0.0,0.0,0.0,changed,routing,1.0493028055917115,4.329264604045374,0.5246514027958558,0.42857142857142855,3,1,-2,-1,1,0,0.5,0.0,2.6949634072988164
published,lhs175,lhs,4164.762453811798,0.0019072476614605959,0.9368865893846788,0.5028535899969849,1000000,100,optimal,7.704278076798119,2,1,3.0,optimal,6.8341716121962195,2,1,3.0,optimal,5.055428573034881,2,1,3.0,0.6072021956909884,0.6072021956909884,identical,,0.0,0.0,0.0,1.0,0,0,0,0,0,0,0.0,0.0,0.0,identical,,0.0,0.0,0.0,1.0,0,0,0,0,0,0,0.0,0.0,0.0
published,lhs175,lhs,4164.762453811798,0.0019072476614605959,0.9368865893846788,0.5028535899969849,40,100,optimal,7.704278076798119,2,1,3.0,optimal,6.8341716121962195,2,1,3.0,optimal,5.055428573034881,2,1,3.0,0.6072021956909884,0.6072021956909884,identical,,0.0,0.0,0.0,1.0,0,0,0,0,0,0,0.0,0.0,0.0,identical,,0.0,0.0,0.0,1.0,0,0,0,0,0,0,0.0,0.0,0.0
published,lhs175,lhs,4164.762453811798,0.0019072476614605959,0.9368865893846788,0.5028535899969849,30,100,optimal,7.704278076798119,2,1,3.0,optimal,6.8341716121962195,2,1,3.0,optimal,5.055428573034881,2,1,3.0,0.6072021956909884,0.6072021956909884,identical,,0.0,0.0,0.0,1.0,0,0,0,0,0,0,0.0,0.0,0.0,identical,,0.0,0.0,0.0,1.0,0,0,0,0,0,0,0.0,0.0,0.0
published,lhs175,lhs,4164.762453811798,0.0019072476614605959,0.9368865893846788,0.5028535899969849,20,100,optimal,7.704278076798119,2,1,3.0,optimal,6.8341716121962195,2,1,3.0,optimal,5.055428573034881,2,1,3.0,0.6072021956909884,0.6072021956909884,identical,,0.0,0.0,0.0,1.0,0,0,0,0,0,0,0.0,0.0,0.0,identical,,0.0,0.0,0.0,1.0,0,0,0,0,0,0,0.0,0.0,0.0
published,lhs175,lhs,4164.762453811798,0.0019072476614605959,0.9368865893846788,0.5028535899969849,15,100,optimal,7.704278076798119,2,1,3.0,optimal,6.8341716121962195,2,1,3.0,optimal,5.055428573034881,2,1,3.0,0.6072021956909884,0.6072021956909884,identical,,0.0,0.0,0.0,1.0,0,0,0,0,0,0,0.0,0.0,0.0,identical,,0.0,0.0,0.0,1.0,0,0,0,0,0,0,0.0,0.0,0.0
published,lhs175,lhs,4164.762453811798,0.0019072476614605959,0.9368865893846788,0.5028535899969849,10,100,optimal,7.704278076798119,2,1,3.0,optimal,6.8341716121962195,2,1,3.0,optimal,5.055428573034881,2,1,3.0,0.6072021956909884,0.6072021956909884,identical,,0.0,0.0,0.0,1.0,0,0,0,0,0,0,0.0,0.0,0.0,identical,,0.0,0.0,0.0,1.0,0,0,0,0,0,0,0.0,0.0,0.0
published,lhs175,lhs,4164.762453811798,0.0019072476614605959,0.9368865893846788,0.5028535899969849,6,100,optimal,7.704278076798119,2,1,3.0,optimal,6.8341716121962195,2,1,3.0,optimal,5.055428573034881,2,1,3.0,0.6072021956909884,0.6072021956909884,identical,,0.0,0.0,0.0,1.0,0,0,0,0,0,0,0.0,0.0,0.0,identical,,0.0,0.0,0.0,1.0,0,0,0,0,0,0,0.0,0.0,0.0
published,lhs176,lhs,3962.288983768044,0.0017889946200451577,0.9549116276223539,0.5011677305638217,1000000,100,optimal,0.0,0,0,,optimal,0.0,0,0,,optimal,0.0,0,0,,,,identical,,0.0,0.0,0.0,1.0,0,0,0,0,0,0,,,,identical,,0.0,0.0,0.0,1.0,0,0,0,0,0,0,,,
published,lhs176,lhs,3962.288983768044,0.0017889946200451577,0.9549116276223539,0.5011677305638217,40,100,optimal,0.0,0,0,,optimal,0.0,0,0,,optimal,0.0,0,0,,,,identical,,0.0,0.0,0.0,1.0,0,0,0,0,0,0,,,,identical,,0.0,0.0,0.0,1.0,0,0,0,0,0,0,,,
published,lhs176,lhs,3962.288983768044,0.0017889946200451577,0.9549116276223539,0.5011677305638217,30,100,optimal,0.0,0,0,,optimal,0.0,0,0,,optimal,0.0,0,0,,,,identical,,0.0,0.0,0.0,1.0,0,0,0,0,0,0,,,,identical,,0.0,0.0,0.0,1.0,0,0,0,0,0,0,,,
published,lhs176,lhs,3962.288983768044,0.0017889946200451577,0.9549116276223539,0.5011677305638217,20,100,optimal,0.0,0,0,,optimal,0.0,0,0,,optimal,0.0,0,0,,,,identical,,0.0,0.0,0.0,1.0,0,0,0,0,0,0,,,,identical,,0.0,0.0,0.0,1.0,0,0,0,0,0,0,,,
published,lhs176,lhs,3962.288983768044,0.0017889946200451577,0.9549116276223539,0.5011677305638217,15,100,optimal,0.0,0,0,,optimal,0.0,0,0,,optimal,0.0,0,0,,,,identical,,0.0,0.0,0.0,1.0,0,0,0,0,0,0,,,,identical,,0.0,0.0,0.0,1.0,0,0,0,0,0,0,,,
published,lhs176,lhs,3962.288983768044,0.0017889946200451577,0.9549116276223539,0.5011677305638217,10,100,optimal,0.0,0,0,,optimal,0.0,0,0,,optimal,0.0,0,0,,,,identical,,0.0,0.0,0.0,1.0,0,0,0,0,0,0,,,,identical,,0.0,0.0,0.0,1.0,0,0,0,0,0,0,,,
published,lhs176,lhs,3962.288983768044,0.0017889946200451577,0.9549116276223539,0.5011677305638217,6,100,optimal,0.0,0,0,,optimal,0.0,0,0,,optimal,0.0,0,0,,,,identical,,0.0,0.0,0.0,1.0,0,0,0,0,0,0,,,,identical,,0.0,0.0,0.0,1.0,0,0,0,0,0,0,,,
published,lhs177,lhs,10056.201333887873,0.0021914469029410944,0.973390964193186,0.8865054403123054,1000000,100,optimal,21.58660589131113,4,2,3.0,optimal,19.845356494133163,4,2,3.0,optimal,15.77924942058797,4,2,3.0,0.46415888336127825,0.5356805395261334,identical,,0.0,0.0,0.0,1.0,0,0,0,0,0,0,0.0,0.0,0.0,identical,,0.0,0.0,0.0,1.0,0,0,0,0,0,0,0.0,0.0,0.0
published,lhs177,lhs,10056.201333887873,0.0021914469029410944,0.973390964193186,0.8865054403123054,40,100,optimal,21.58660589131113,4,2,3.0,optimal,19.845356494133163,4,2,3.0,optimal,15.77924942058797,4,2,3.0,0.46415888336127825,0.5356805395261334,identical,,0.0,0.0,0.0,1.0,0,0,0,0,0,0,0.0,0.0,0.0,identical,,0.0,0.0,0.0,1.0,0,0,0,0,0,0,0.0,0.0,0.0
published,lhs177,lhs,10056.201333887873,0.0021914469029410944,0.973390964193186,0.8865054403123054,30,100,optimal,21.58660589131113,4,2,3.0,optimal,19.845356494133163,4,2,3.0,optimal,15.77924942058797,4,2,3.0,0.46415888336127825,0.5356805395261334,identical,,0.0,0.0,0.0,1.0,0,0,0,0,0,0,0.0,0.0,0.0,identical,,0.0,0.0,0.0,1.0,0,0,0,0,0,0,0.0,0.0,0.0
published,lhs177,lhs,10056.201333887873,0.0021914469029410944,0.973390964193186,0.8865054403123054,20,100,optimal,21.58660589131113,4,2,3.0,optimal,19.845356494133163,4,2,3.0,optimal,15.77924942058797,4,2,3.0,0.46415888336127825,0.5356805395261334,identical,,0.0,0.0,0.0,1.0,0,0,0,0,0,0,0.0,0.0,0.0,identical,,0.0,0.0,0.0,1.0,0,0,0,0,0,0,0.0,0.0,0.0
published,lhs177,lhs,10056.201333887873,0.0021914469029410944,0.973390964193186,0.8865054403123054,15,100,optimal,21.58660589131113,4,2,3.0,optimal,19.845356494133163,4,2,3.0,optimal,15.77924942058797,4,2,3.0,0.46415888336127825,0.5356805395261334,identical,,0.0,0.0,0.0,1.0,0,0,0,0,0,0,0.0,0.0,0.0,identical,,0.0,0.0,0.0,1.0,0,0,0,0,0,0,0.0,0.0,0.0
published,lhs177,lhs,10056.201333887873,0.0021914469029410944,0.973390964193186,0.8865054403123054,10,100,optimal,21.58660589131113,4,2,3.0,optimal,19.845356494133163,4,2,3.0,optimal,15.77924942058797,4,2,3.0,0.46415888336127825,0.5356805395261334,identical,,0.0,0.0,0.0,1.0,0,0,0,0,0,0,0.0,0.0,0.0,identical,,0.0,0.0,0.0,1.0,0,0,0,0,0,0,0.0,0.0,0.0
published,lhs177,lhs,10056.201333887873,0.0021914469029410944,0.973390964193186,0.8865054403123054,6,100,optimal,21.58660589131113,4,2,3.0,optimal,19.845356494133163,4,2,3.0,optimal,15.77924942058797,4,2,3.0,0.46415888336127825,0.5356805395261334,identical,,0.0,0.0,0.0,1.0,0,0,0,0,0,0,0.0,0.0,0.0,identical,,0.0,0.0,0.0,1.0,0,0,0,0,0,0,0.0,0.0,0.0
published,lhs178,lhs,39188.41268117202,0.0010935477869989023,0.9878868624973485,0.7486453018179557,1000000,100,optimal,0.0,0,0,,optimal,0.0,0,0,,optimal,0.0,0,0,,,,identical,,0.0,0.0,0.0,1.0,0,0,0,0,0,0,,,,identical,,0.0,0.0,0.0,1.0,0,0,0,0,0,0,,,
published,lhs178,lhs,39188.41268117202,0.0010935477869989023,0.9878868624973485,0.7486453018179557,40,100,optimal,0.0,0,0,,optimal,0.0,0,0,,optimal,0.0,0,0,,,,identical,,0.0,0.0,0.0,1.0,0,0,0,0,0,0,,,,identical,,0.0,0.0,0.0,1.0,0,0,0,0,0,0,,,
published,lhs178,lhs,39188.41268117202,0.0010935477869989023,0.9878868624973485,0.7486453018179557,30,100,optimal,0.0,0,0,,optimal,0.0,0,0,,optimal,0.0,0,0,,,,identical,,0.0,0.0,0.0,1.0,0,0,0,0,0,0,,,,identical,,0.0,0.0,0.0,1.0,0,0,0,0,0,0,,,
published,lhs178,lhs,39188.41268117202,0.0010935477869989023,0.9878868624973485,0.7486453018179557,20,100,optimal,0.0,0,0,,optimal,0.0,0,0,,optimal,0.0,0,0,,,,identical,,0.0,0.0,0.0,1.0,0,0,0,0,0,0,,,,identical,,0.0,0.0,0.0,1.0,0,0,0,0,0,0,,,
published,lhs178,lhs,39188.41268117202,0.0010935477869989023,0.9878868624973485,0.7486453018179557,15,100,optimal,0.0,0,0,,optimal,0.0,0,0,,optimal,0.0,0,0,,,,identical,,0.0,0.0,0.0,1.0,0,0,0,0,0,0,,,,identical,,0.0,0.0,0.0,1.0,0,0,0,0,0,0,,,
published,lhs178,lhs,39188.41268117202,0.0010935477869989023,0.9878868624973485,0.7486453018179557,10,100,optimal,0.0,0,0,,optimal,0.0,0,0,,optimal,0.0,0,0,,,,identical,,0.0,0.0,0.0,1.0,0,0,0,0,0,0,,,,identical,,0.0,0.0,0.0,1.0,0,0,0,0,0,0,,,
published,lhs178,lhs,39188.41268117202,0.0010935477869989023,0.9878868624973485,0.7486453018179557,6,100,optimal,0.0,0,0,,optimal,0.0,0,0,,optimal,0.0,0,0,,,,identical,,0.0,0.0,0.0,1.0,0,0,0,0,0,0,,,,identical,,0.0,0.0,0.0,1.0,0,0,0,0,0,0,,,
published,lhs179,lhs,2285.62590984167,0.09650222523752054,0.9578091768774653,0.517637006051094,1000000,100,optimal,21.075219050417324,15,5,4.0,optimal,15.897945188264364,15,5,4.0,optimal,8.093667494699051,4,2,3.0,0.08153869645085443,0.16394459283656687,identical,,0.0,0.0,0.0,1.0,0,0,0,0,0,0,0.0,0.0,0.0,changed,served_and_memory,31.185398594012323,7.174195084995112,15.592699297006162,0.26666666666666666,11,0,-11,-3,0,1,0.0,36.5,2.397355765866679
published,lhs179,lhs,2285.62590984167,0.09650222523752054,0.9578091768774653,0.517637006051094,40,100,optimal,21.075219050417324,15,5,4.0,optimal,15.897945188264364,15,5,4.0,optimal,8.093667494699051,4,2,3.0,0.08153869645085443,0.16394459283656687,identical,,0.0,0.0,0.0,1.0,0,0,0,0,0,0,0.0,0.0,0.0,changed,served_and_memory,31.185398594012323,7.174195084995112,15.592699297006162,0.26666666666666666,11,0,-11,-3,0,1,0.0,36.5,2.397355765866679
published,lhs179,lhs,2285.62590984167,0.09650222523752054,0.9578091768774653,0.517637006051094,30,100,optimal,21.075219050417324,15,5,4.0,optimal,15.897945188264364,15,5,4.0,optimal,8.093667494699051,4,2,3.0,0.08153869645085443,0.16394459283656687,identical,,0.0,0.0,0.0,1.0,0,0,0,0,0,0,0.0,0.0,0.0,changed,served_and_memory,31.185398594012323,7.174195084995112,15.592699297006162,0.26666666666666666,11,0,-11,-3,0,1,0.0,36.5,2.397355765866679
published,lhs179,lhs,2285.62590984167,0.09650222523752054,0.9578091768774653,0.517637006051094,20,100,optimal,21.075219050417324,15,5,4.0,optimal,15.897945188264364,15,5,4.0,optimal,8.093667494699051,4,2,3.0,0.050276352689897476,0.16394459283656687,tie,,0.0,0.0,0.0,1.0,0,0,0,0,0,2,0.0,0.0,-2.2204460492503132e-17,changed,served_and_memory,31.286687039904983,7.174195084995112,15.643343519952492,0.26666666666666666,11,0,-11,-3,0,1,0.0,36.5,2.397355765866679
published,lhs179,lhs,2285.62590984167,0.09650222523752054,0.9578091768774653,0.517637006051094,15,100,optimal,21.075219050417324,15,5,4.0,optimal,15.897945188264362,15,5,4.0,optimal,8.093667494699051,4,2,3.0,0.08153869645085443,0.16394459283656687,tie,,-1.7763568394002505e-15,0.0,-3.552713678800501e-16,1.0,0,0,0,0,0,2,0.0,0.0,-6.661338147750939e-17,changed,served_and_memory,31.185398594012323,7.174195084995112,15.592699297006162,0.26666666666666666,11,0,-11,-3,0,1,0.0,36.5,2.397355765866679
published,lhs179,lhs,2285.62590984167,0.09650222523752054,0.9578091768774653,0.517637006051094,10,100,optimal,18.597692495378965,7,3,3.3333333333333335,optimal,15.799233181461796,7,3,3.3333333333333335,optimal,8.093667494699051,4,2,3.0,0.23713737056616555,0.46415888336127825,identical,,0.0,0.0,0.0,1.0,0,0,0,0,0,0,0.0,0.0,0.0,changed,served_set_only,2.1963617874873345,4.696668529956753,1.0981808937436672,0.5714285714285714,3,0,-3,-1,0,0,0.0,0.0,0.0
published,lhs179,lhs,2285.62590984167,0.09650222523752054,0.9578091768774653,0.517637006051094,6,100,optimal,13.901023965422212,4,2,3.0,optimal,12.159774568244249,4,2,3.0,optimal,8.093667494699051,4,2,3.0,0.46415888336127825,0.5356805395261334,identical,,0.0,0.0,0.0,1.0,0,0,0,0,0,0,0.0,0.0,0.0,identical,,0.0,0.0,0.0,1.0,0,0,0,0,0,0,0.0,0.0,0.0
published,lhs180,lhs,94986.95255254144,0.03253703881917494,0.9942273893393252,0.611556051704795,1000000,100,optimal,97.76800247414415,55,14,7.214285714285714,optimal,79.45058830989218,55,14,7.214285714285714,optimal,24.868244587397925,7,3,3.3333333333333335,0.030017743045081,0.05916841616414359,identical,,0.0,0.0,0.0,1.0,0,0,0,0,0,0,0.0,0.0,0.0,changed,served_and_memory,292.43164053639805,60.19937109857898,97.47721351213268,0.12727272727272726,48,0,-48,-11,0,3,0.0,69.0,5.984079054005817
published,lhs180,lhs,94986.95255254144,0.03253703881917494,0.9942273893393252,0.611556051704795,40,100,optimal,93.39931280775211,40,14,7.785714285714286,optimal,74.97051128329122,40,14,7.785714285714286,optimal,24.868244587397925,7,3,3.3333333333333335,0.030017743045081,0.0640270900528647,tie,,0.0,-1.4210854715202004e-14,0.0,1.0,0,0,0,0,0,2,0.0,0.0,1.586032892321652e-17,changed,served_and_memory,311.80514115403946,55.830681432186935,103.93504705134649,0.175,33,0,-33,-11,0,3,0.0,77.33333333333333,6.848912076311538
published,lhs180,lhs,94986.95255254144,0.03253703881917494,0.9942273893393252,0.611556051704795,30,100,optimal,80.00940821678297,30,11,7.181818181818182,optimal,66.2862383844334,28,9,5.888888888888889,optimal,24.868244587397925,7,3,3.3333333333333335,0.03319923187926317,0.0640270900528647,changed,served_and_memory,0.1471468759552721,2.995293958865389,0.01634965288391912,0.5675675675675675,9,7,-2,-2,0,1,0.0,3.5714285714285716,0.13507888799680337,changed,served_and_memory,207.33348377082874,42.4407768412178,69.1111612569429,0.23333333333333334,23,0,-23,-8,0,3,0.0,73.0,5.6149794621844755
published,lhs180,lhs,94986.95255254144,0.03253703881917494,0.9942273893393252,0.611556051704795,20,100,optimal,65.80759137176938,20,9,7.444444444444445,optimal,57.32862502022533,18,7,5.428571428571429,optimal,24.868244587397925,7,3,3.3333333333333335,0.03319923187926317,0.0640270900528647,changed,served_and_memory,2.8171675641001244,0.6488636676839405,0.40245250915716063,0.46153846153846156,8,6,-2,-2,0,3,0.0,5.0,0.18911044319552478,changed,served_and_memory,178.96779406738207,28.2389599962042,59.655931355794024,0.35,13,0,-13,-6,0,2,0.0,48.666666666666664,3.954431759504285
published,lhs180,lhs,94986.95255254144,0.03253703881917494,0.9942273893393252,0.611556051704795,15,100,optimal,53.92133970349807,15,5,4.0,optimal,48.74406584134511,15,5,4.0,optimal,24.868244587397925,7,3,3.3333333333333335,0.050276352689897476,0.16394459283656687,identical,,0.0,0.0,0.0,1.0,0,0,0,0,0,0,0.0,0.0,0.0,changed,served_and_memory,15.215143479523107,16.352708327932895,5.071714493174369,0.4666666666666667,8,0,-8,-2,0,1,0.0,24.333333333333332,1.5982371772444528
published,lhs180,lhs,94986.95255254144,0.03253703881917494,0.9942273893393252,0.611556051704795,10,100,optimal,45.17178919775129,10,5,4.2,optimal,40.427414970527614,10,5,4.2,optimal,24.868244587397925,7,3,3.3333333333333335,0.0005623413251903491,0.08153869645085443,tie,,0.0,0.0,0.0,1.0,0,0,0,0,0,2,0.0,0.0,1.3322676295501878e-16,changed,routing,35.28606209819152,7.6031578221861125,11.762020699397175,0.4166666666666667,5,2,-3,-2,1,1,0.6666666666666666,16.0,4.491872935007184
published,lhs180,lhs,94986.95255254144,0.03253703881917494,0.9942273893393252,0.611556051704795,6,100,optimal,30.931352835516037,6,3,3.0,optimal,29.002902235049945,6,3,3.0,optimal,20.497778620856995,4,2,3.0,0.0036869450645195738,0.23713737056616555,identical,,0.0,0.0,0.0,1.0,0,0,0,0,0,0,0.0,0.0,0.0,changed,routing,0.7523496657011997,4.626217743935882,0.3761748328505998,0.42857142857142855,3,1,-2,-1,1,0,0.5,0.0,2.5698505041176927
published,lhs181,lhs,2197.02857409993,0.009238301486507996,0.9886181708460554,0.5788694808132444,1000000,100,optimal,27.66977880009889,39,9,5.333333333333333,optimal,20.049055345518884,15,5,4.0,optimal,9.21259317271967,4,2,3.0,0.05387208250415978,0.08153869645085443,changed,served_and_memory,3.0345198105552598,2.4434495924270436,0.6069039621110519,0.38461538461538464,24,0,-24,-4,0,2,0.0,19.2,0.377366588653453,changed,served_and_memory,127.99597482322044,12.64982915665606,63.99798741161022,0.10256410256410256,35,0,-35,-7,0,2,0.0,60.5,3.5909277864283853
published,lhs181,lhs,2197.02857409993,0.009238301486507996,0.9886181708460554,0.5788694808132444,40,100,optimal,27.669778800098893,39,9,5.333333333333333,optimal,20.049055345518884,15,5,4.0,optimal,9.21259317271967,4,2,3.0,0.0640270900528647,0.09682853110646922,changed,served_and_memory,3.034519810555256,2.443449592427047,0.6069039621110512,0.38461538461538464,24,0,-24,-4,0,2,0.0,29.2,0.7555874750445024,changed,served_and_memory,121.49394335705728,12.649829156656063,60.74697167852864,0.10256410256410256,35,0,-35,-7,0,2,0.0,73.0,4.888177319886966
published,lhs181,lhs,2197.02857409993,0.009238301486507996,0.9886181708460554,0.5788694808132444,30,100,optimal,27.188771728870663,26,7,4.714285714285714,optimal,20.049055345518884,15,5,4.0,optimal,9.21259317271967,4,2,3.0,0.05387208250415978,0.12331143269440609,changed,served_and_memory,0.7017862060418665,1.9624425211988168,0.14035724120837328,0.5769230769230769,11,0,-11,-2,0,1,0.0,14.6,0.3777937375222512,changed,served_and_memory,70.44701786116595,12.168822085427832,35.22350893058297,0.15384615384615385,22,0,-22,-5,0,2,0.0,73.0,4.888177319886966
published,lhs181,lhs,2197.02857409993,0.009238301486507996,0.9886181708460554,0.5788694808132444,20,100,optimal,26.272218401951676,20,6,4.333333333333333,optimal,20.049055345518887,15,5,4.0,optimal,9.21259317271967,4,2,3.0,0.050276352689897476,0.15933803350851,changed,served_and_memory,0.24520878262003976,1.0458891942798303,0.049041756524007954,0.75,5,0,-5,-1,0,3,0.0,9.6,0.18868329432672667,changed,served_and_memory,50.68006831950998,11.252268758508846,25.34003415975499,0.2,16,0,-16,-4,0,2,0.0,48.0,2.3287746506964258
published,lhs181,lhs,2197.02857409993,0.009238301486507996,0.9886181708460554,0.5788694808132444,15,100,optimal,25.226329207671846,15,5,4.0,optimal,20.049055345518887,15,5,4.0,optimal,9.21259317271967,4,2,3.0,0.050276352689897476,0.23713737056616555,tie,,7.105427357601002e-15,0.0,1.4210854715202005e-15,1.0,0,0,0,0,0,2,0.0,0.0,1.3322676295501878e-16,changed,served_and_memory,30.19067311993191,10.206379564229016,15.095336559965954,0.26666666666666666,11,0,-11,-3,0,1,0.0,24.0,1.13520263013472
published,lhs181,lhs,2197.02857409993,0.009238301486507996,0.9886181708460554,0.5788694808132444,10,100,optimal,20.54453105255564,7,3,3.3333333333333335,optimal,17.746071738638467,7,3,3.3333333333333335,optimal,9.21259317271967,4,2,3.0,0.23713737056616555,0.46415888336127825,identical,,0.0,0.0,0.0,1.0,0,0,0,0,0,0,0.0,0.0,0.0,changed,served_set_only,1.3684489083312812,5.524581409112811,0.6842244541656406,0.5714285714285714,3,0,-3,-1,0,0,0.0,0.0,0.0
published,lhs181,lhs,2197.02857409993,0.009238301486507996,0.9886181708460554,0.5788694808132444,6,100,optimal,15.01994964344283,4,2,3.0,optimal,13.278700246264865,4,2,3.0,optimal,9.21259317271967,4,2,3.0,0.46415888336127825,0.5356805395261334,identical,,0.0,0.0,0.0,1.0,0,0,0,0,0,0,0.0,0.0,0.0,identical,,0.0,0.0,0.0,1.0,0,0,0,0,0,0,0.0,0.0,0.0
published,lhs182,lhs,61348.66282881075,0.09972454405047039,0.9248346260567681,0.7895103001326669,1000000,100,optimal,85.55432334881104,53,11,5.818181818181818,optimal,72.01677587785494,53,11,5.818181818181818,optimal,23.16517151514234,7,3,3.3333333333333335,0.03319923187926317,0.0640270900528647,tie,,0.0,0.0,0.0,1.0,0,0,0,0,0,6,0.0,0.0,2.0185873175002847e-17,changed,served_and_memory,145.27600442810575,49.68876504550145,48.425334809368586,0.1320754716981132,46,0,-46,-8,0,3,0.0,73.0,5.6149794621844755
published,lhs182,lhs,61348.66282881075,0.09972454405047039,0.9248346260567681,0.7895103001326669,40,100,optimal,77.27759211084447,38,10,6.1,optimal,65.19239463434894,38,10,6.1,optimal,23.16517151514234,7,3,3.3333333333333335,0.04279211619645008,0.09897609782820413,identical,,0.0,0.0,0.0,1.0,0,0,0,0,0,0,0.0,0.0,0.0,changed,served_and_memory,123.11286917625355,41.412033807534876,41.03762305875119,0.18421052631578946,31,0,-31,-7,0,3,0.0,73.0,5.6149794621844755
published,lhs182,lhs,61348.66282881075,0.09972454405047039,0.9248346260567681,0.7895103001326669,30,100,optimal,68.22202647827528,30,9,5.111111111111111,optimal,58.95246933672674,29,8,5.375,optimal,23.16517151514234,7,3,3.3333333333333335,0.00015183215780139426,0.09682853110646922,changed,routing,0.9530954867266388,0.0157767161206408,0.11913693584082985,0.5945945945945946,8,7,-1,-1,2,4,0.125,0.0,0.0021805439101868357,changed,served_and_memory,112.30844764381365,32.35646817496569,37.43614921460455,0.23333333333333334,23,0,-23,-6,0,3,0.0,64.66666666666667,4.4104326949904875
published,lhs182,lhs,61348.66282881075,0.09972454405047039,0.9248346260567681,0.7895103001326669,20,100,optimal,60.67852737124475,18,7,5.428571428571429,optimal,52.84842468738466,18,7,5.428571428571429,optimal,23.16517151514234,7,3,3.3333333333333335,0.0640270900528647,0.12331143269440609,tie,,7.105427357601002e-15,0.0,1.0150610510858574e-15,1.0,0,0,0,0,0,4,0.0,0.0,3.172065784643304e-17,changed,served_and_memory,59.62821547425796,24.812969067935157,19.876071824752653,0.3888888888888889,11,0,-11,-4,0,2,0.0,40.333333333333336,2.4173494561033375
published,lhs182,lhs,61348.66282881075,0.09972454405047039,0.9248346260567681,0.7895103001326669,15,100,optimal,51.31676311484451,15,5,4.0,optimal,46.139489252691554,15,5,4.0,optimal,23.16517151514234,7,3,3.3333333333333335,0.050276352689897476,0.16394459283656687,identical,,0.0,0.0,0.0,1.0,0,0,0,0,0,0,0.0,0.0,0.0,changed,served_and_memory,16.116646995921087,15.451204811534922,5.372215665307029,0.4666666666666667,8,0,-8,-2,0,1,0.0,24.333333333333332,1.5982371772444528
published,lhs182,lhs,61348.66282881075,0.09972454405047039,0.9248346260567681,0.7895103001326669,10,100,optimal,42.104385525506984,10,5,4.2,optimal,37.36001129828331,10,5,4.2,optimal,23.16517151514234,7,3,3.3333333333333335,0.0005623413251903491,0.08153869645085443,tie,,0.0,0.0,0.0,1.0,0,0,0,0,0,2,0.0,0.0,1.3322676295501878e-16,changed,routing,36.65039269818025,6.2388272221973935,12.216797566060082,0.4166666666666667,5,2,-3,-2,1,1,0.6666666666666666,16.0,4.737521837680279
published,lhs182,lhs,61348.66282881075,0.09972454405047039,0.9248346260567681,0.7895103001326669,6,100,optimal,29.11236917080867,6,3,3.0,optimal,27.183918570342577,6,3,3.0,optimal,19.30192239293686,4,2,3.0,0.0036869450645195738,0.23713737056616555,identical,,0.0,0.0,0.0,1.0,0,0,0,0,0,0,0.0,0.0,0.0,changed,routing,1.3754771024884356,4.00309030714865,0.6877385512442178,0.42857142857142855,3,1,-2,-1,1,0,0.5,0.0,2.754087181122513
published,lhs183,lhs,17306.5530556987,0.007406597847621999,0.9939250376902505,0.5545578897646755,1000000,100,optimal,57.18512553115177,53,11,5.818181818181818,optimal,43.64757806019569,53,11,5.818181818181818,optimal,16.502069731022416,7,3,3.3333333333333335,0.030017743045081,0.08153869645085443,tie,,7.105427357601002e-15,0.0,6.459479416000911e-16,1.0,0,0,0,0,0,6,0.0,0.0,2.0185873175002847e-17,changed,served_and_memory,167.84725445329985,27.982669011962102,55.94908481776662,0.1320754716981132,46,0,-46,-8,0,3,0.0,73.0,5.6149794621844755
published,lhs183,lhs,17306.5530556987,0.007406597847621999,0.9939250376902505,0.5545578897646755,40,100,optimal,52.82626482104378,39,9,5.333333333333333,optimal,42.17102155590851,39,9,5.333333333333333,optimal,16.502069731022416,7,3,3.3333333333333335,0.05387208250415978,0.08153869645085443,tie,,-7.105427357601002e-15,-7.105427357601002e-15,-7.894919286223335e-16,1.0,0,0,0,0,0,2,0.0,0.0,-3.700743415417188e-17,changed,served_and_memory,107.40248987673971,23.623808301854112,35.80082995891323,0.1794871794871795,32,0,-32,-6,0,3,0.0,64.66666666666667,4.750146439878756
published,lhs183,lhs,17306.5530556987,0.007406597847621999,0.9939250376902505,0.5545578897646755,30,100,optimal,48.321272010443685,27,8,5.25,optimal,39.1575375195958,27,8,5.25,optimal,16.502069731022416,7,3,3.3333333333333335,0.050276352689897476,0.12331143269440609,tie,,7.105427357601002e-15,0.0,8.881784197001252e-16,1.0,0,0,0,0,0,4,0.0,0.0,-1.3877787807814457e-17,changed,served_and_memory,87.59126192052034,19.11881549125402,29.197087306840114,0.25925925925925924,20,0,-20,-5,0,3,0.0,64.66666666666667,4.4104326949904875
published,lhs183,lhs,17306.5530556987,0.007406597847621999,0.9939250376902505,0.5545578897646755,20,100,optimal,43.554002727625594,18,7,5.428571428571429,optimal,36.84638157433611,20,6,4.333333333333333,optimal,16.502069731022416,7,3,3.3333333333333335,0.0640270900528647,0.12331143269440609,changed,routing,1.122481530570603,0.23924931423666607,0.1870802550951005,0.7272727272727273,2,4,2,-1,1,3,-0.5,4.166666666666667,0.47317340097492694,changed,served_and_memory,70.0896383337572,14.351546208435927,23.363212777919063,0.3888888888888889,11,0,-11,-4,0,2,0.0,40.333333333333336,2.4173494561033375
published,lhs183,lhs,17306.5530556987,0.007406597847621999,0.9939250376902505,0.5545578897646755,15,100,optimal,39.50419466373502,15,5,4.0,optimal,34.32692080158207,15,5,4.0,optimal,16.502069731022416,7,3,3.3333333333333335,0.050276352689897476,0.23713737056616555,tie,,0.0,0.0,0.0,1.0,0,0,0,0,0,2,0.0,0.0,1.1102230246251565e-16,changed,served_and_memory,23.20228422217148,10.301738144545354,7.734094740723826,0.4666666666666667,8,0,-8,-2,0,1,0.0,16.0,0.7568017534231467
published,lhs183,lhs,17306.5530556987,0.007406597847621999,0.9939250376902505,0.5545578897646755,10,100,optimal,30.61251416299823,10,5,4.2,optimal,26.403997205272496,7,3,3.3333333333333335,optimal,16.502069731022416,7,3,3.3333333333333335,0.0005623413251903491,0.15703748946090484,changed,routing,0.5358572694979458,1.410057643808564,0.1786190898326486,0.4166666666666667,5,2,-3,-2,1,1,0.6666666666666666,24.333333333333332,2.8118757456849006,changed,routing,37.02264483333663,1.410057643808564,12.34088161111221,0.4166666666666667,5,2,-3,-2,1,1,0.6666666666666666,24.333333333333332,5.239210582739322
published,lhs183,lhs,17306.5530556987,0.007406597847621999,0.9939250376902505,0.5545578897646755,6,100,optimal,22.707221962501542,6,3,3.0,optimal,20.77877136203545,6,3,3.0,optimal,15.015029701349164,4,2,3.0,0.0036869450645195738,0.23713737056616555,identical,,0.0,0.0,0.0,1.0,0,0,0,0,0,0,0.0,0.0,0.0,changed,routing,3.4937316192078676,1.884835790429218,1.7468658096039338,0.42857142857142855,3,1,-2,-1,1,0,0.5,0.0,2.499277172050816
published,lhs184,lhs,168236.23680683822,0.0013428581748155199,0.9493756406136922,0.7754495610664984,1000000,100,optimal,0.0,0,0,,optimal,0.0,0,0,,optimal,0.0,0,0,,,,identical,,0.0,0.0,0.0,1.0,0,0,0,0,0,0,,,,identical,,0.0,0.0,0.0,1.0,0,0,0,0,0,0,,,
published,lhs184,lhs,168236.23680683822,0.0013428581748155199,0.9493756406136922,0.7754495610664984,40,100,optimal,0.0,0,0,,optimal,0.0,0,0,,optimal,0.0,0,0,,,,identical,,0.0,0.0,0.0,1.0,0,0,0,0,0,0,,,,identical,,0.0,0.0,0.0,1.0,0,0,0,0,0,0,,,
published,lhs184,lhs,168236.23680683822,0.0013428581748155199,0.9493756406136922,0.7754495610664984,30,100,optimal,0.0,0,0,,optimal,0.0,0,0,,optimal,0.0,0,0,,,,identical,,0.0,0.0,0.0,1.0,0,0,0,0,0,0,,,,identical,,0.0,0.0,0.0,1.0,0,0,0,0,0,0,,,
published,lhs184,lhs,168236.23680683822,0.0013428581748155199,0.9493756406136922,0.7754495610664984,20,100,optimal,0.0,0,0,,optimal,0.0,0,0,,optimal,0.0,0,0,,,,identical,,0.0,0.0,0.0,1.0,0,0,0,0,0,0,,,,identical,,0.0,0.0,0.0,1.0,0,0,0,0,0,0,,,
published,lhs184,lhs,168236.23680683822,0.0013428581748155199,0.9493756406136922,0.7754495610664984,15,100,optimal,0.0,0,0,,optimal,0.0,0,0,,optimal,0.0,0,0,,,,identical,,0.0,0.0,0.0,1.0,0,0,0,0,0,0,,,,identical,,0.0,0.0,0.0,1.0,0,0,0,0,0,0,,,
published,lhs184,lhs,168236.23680683822,0.0013428581748155199,0.9493756406136922,0.7754495610664984,10,100,optimal,0.0,0,0,,optimal,0.0,0,0,,optimal,0.0,0,0,,,,identical,,0.0,0.0,0.0,1.0,0,0,0,0,0,0,,,,identical,,0.0,0.0,0.0,1.0,0,0,0,0,0,0,,,
published,lhs184,lhs,168236.23680683822,0.0013428581748155199,0.9493756406136922,0.7754495610664984,6,100,optimal,0.0,0,0,,optimal,0.0,0,0,,optimal,0.0,0,0,,,,identical,,0.0,0.0,0.0,1.0,0,0,0,0,0,0,,,,identical,,0.0,0.0,0.0,1.0,0,0,0,0,0,0,,,
published,lhs185,lhs,75974.01718076084,0.008288329307496957,0.9752927767410641,0.6786177873902453,1000000,100,optimal,92.30568017730936,53,11,5.818181818181818,optimal,78.76813270635327,53,11,5.818181818181818,optimal,24.37341122237755,7,3,3.3333333333333335,0.030017743045081,0.08153869645085443,identical,,0.0,0.0,0.0,1.0,0,0,0,0,0,0,0.0,0.0,0.0,changed,served_and_memory,139.64842181330812,55.23188216676456,46.54947393776937,0.1320754716981132,46,0,-46,-8,0,3,0.0,73.0,5.614979462184476
published,lhs185,lhs,75974.01718076084,0.008288329307496957,0.9752927767410641,0.6786177873902453,40,100,optimal,88.23613777791404,38,11,6.545454545454546,optimal,74.70394274945463,38,11,6.545454545454546,optimal,24.37341122237755,7,3,3.3333333333333335,0.03319923187926317,0.0640270900528647,identical,,0.0,0.0,0.0,1.0,0,0,0,0,0,0,0.0,0.0,0.0,changed,served_and_memory,164.03201067277996,51.16233976736924,54.677336890926654,0.18421052631578946,31,0,-31,-8,0,3,0.0,64.66666666666667,4.750146439878756
published,lhs185,lhs,75974.01718076084,0.008288329307496957,0.9752927767410641,0.6786177873902453,30,100,optimal,76.07390239993491,29,9,6.0,optimal,65.39533932440357,29,9,6.0,optimal,24.37341122237755,7,3,3.3333333333333335,0.03319923187926317,0.12331143269440609,tie,,0.0,0.0,0.0,1.0,0,0,0,0,0,4,0.0,0.0,-7.401486830834377e-17,changed,served_and_memory,111.37624767752106,39.00010438939011,37.12541589250702,0.2413793103448276,22,0,-22,-6,0,3,0.0,64.66666666666667,4.4104326949904875
published,lhs185,lhs,75974.01718076084,0.008288329307496957,0.9752927767410641,0.6786177873902453,20,100,optimal,65.27169308366096,18,7,5.428571428571429,optimal,57.44159039980086,18,7,5.428571428571429,optimal,24.37341122237755,7,3,3.3333333333333335,0.0640270900528647,0.08153869645085443,tie,,-7.105427357601002e-15,1.4210854715202004e-14,-1.0150610510858574e-15,1.0,0,0,0,0,0,4,0.0,0.0,1.2688263138573217e-16,changed,served_and_memory,61.66188741134048,28.197895073116165,20.553962470446827,0.3888888888888889,11,0,-11,-4,0,2,0.0,32.0,1.5525164337976172
published,lhs185,lhs,75974.01718076084,0.008288329307496957,0.9752927767410641,0.6786177873902453,15,100,optimal,54.11329825320459,15,6,5.666666666666667,optimal,48.21547215782652,15,5,4.0,optimal,24.37341122237755,7,3,3.3333333333333335,0.0640270900528647,0.12431716560097561,changed,routing,0.8750666717428075,0.7205522332251135,0.1750133343485615,0.36363636363636365,7,7,0,-1,1,3,-0.75,18.25,0.7271683377271081,changed,served_and_memory,58.572483422828405,17.03950024265979,19.5241611409428,0.2222222222222222,11,3,-8,-3,0,2,0.0,73.0,4.888177319886966
published,lhs185,lhs,75974.01718076084,0.008288329307496957,0.9752927767410641,0.6786177873902453,10,100,optimal,44.71630543253357,10,5,4.2,optimal,39.971931205309886,10,5,4.2,optimal,24.37341122237755,7,3,3.3333333333333335,0.0005623413251903491,0.08153869645085443,identical,,0.0,0.0,0.0,1.0,0,0,0,0,0,0,0.0,0.0,0.0,changed,routing,35.246712498388874,7.642507421988768,11.748904166129625,0.4166666666666667,5,2,-3,-2,1,1,0.6666666666666666,16.0,4.591949275934629
published,lhs185,lhs,75974.01718076084,0.008288329307496957,0.9752927767410641,0.6786177873902453,6,100,optimal,30.345325224376268,6,3,3.0,optimal,28.41687462391017,6,3,3.0,optimal,20.108046709365276,4,2,3.0,0.0036869450645195738,0.23713737056616555,identical,,0.0,0.0,0.0,1.0,0,0,0,0,0,0,0.0,0.0,0.0,changed,routing,0.9486453653492539,4.4299220442878315,0.47432268267462696,0.42857142857142855,3,1,-2,-1,1,0,0.5,0.0,2.644907759813276
published,lhs186,lhs,20690.554801569197,0.0010768248552297092,0.95868756562719,0.6657472938818957,1000000,100,optimal,0.0,0,0,,optimal,0.0,0,0,,optimal,0.0,0,0,,,,identical,,0.0,0.0,0.0,1.0,0,0,0,0,0,0,,,,identical,,0.0,0.0,0.0,1.0,0,0,0,0,0,0,,,
published,lhs186,lhs,20690.554801569197,0.0010768248552297092,0.95868756562719,0.6657472938818957,40,100,optimal,0.0,0,0,,optimal,0.0,0,0,,optimal,0.0,0,0,,,,identical,,0.0,0.0,0.0,1.0,0,0,0,0,0,0,,,,identical,,0.0,0.0,0.0,1.0,0,0,0,0,0,0,,,
published,lhs186,lhs,20690.554801569197,0.0010768248552297092,0.95868756562719,0.6657472938818957,30,100,optimal,0.0,0,0,,optimal,0.0,0,0,,optimal,0.0,0,0,,,,identical,,0.0,0.0,0.0,1.0,0,0,0,0,0,0,,,,identical,,0.0,0.0,0.0,1.0,0,0,0,0,0,0,,,
published,lhs186,lhs,20690.554801569197,0.0010768248552297092,0.95868756562719,0.6657472938818957,20,100,optimal,0.0,0,0,,optimal,0.0,0,0,,optimal,0.0,0,0,,,,identical,,0.0,0.0,0.0,1.0,0,0,0,0,0,0,,,,identical,,0.0,0.0,0.0,1.0,0,0,0,0,0,0,,,
published,lhs186,lhs,20690.554801569197,0.0010768248552297092,0.95868756562719,0.6657472938818957,15,100,optimal,0.0,0,0,,optimal,0.0,0,0,,optimal,0.0,0,0,,,,identical,,0.0,0.0,0.0,1.0,0,0,0,0,0,0,,,,identical,,0.0,0.0,0.0,1.0,0,0,0,0,0,0,,,
published,lhs186,lhs,20690.554801569197,0.0010768248552297092,0.95868756562719,0.6657472938818957,10,100,optimal,0.0,0,0,,optimal,0.0,0,0,,optimal,0.0,0,0,,,,identical,,0.0,0.0,0.0,1.0,0,0,0,0,0,0,,,,identical,,0.0,0.0,0.0,1.0,0,0,0,0,0,0,,,
published,lhs186,lhs,20690.554801569197,0.0010768248552297092,0.95868756562719,0.6657472938818957,6,100,optimal,0.0,0,0,,optimal,0.0,0,0,,optimal,0.0,0,0,,,,identical,,0.0,0.0,0.0,1.0,0,0,0,0,0,0,,,,identical,,0.0,0.0,0.0,1.0,0,0,0,0,0,0,,,
published,lhs187,lhs,2607.221096407887,0.09059588389697465,0.9285277451443501,0.8040070472615657,1000000,100,optimal,38.412236962419286,53,11,5.818181818181818,optimal,26.13006215058259,39,9,5.333333333333333,optimal,10.380532694362909,4,2,3.0,0.03319923187926317,0.0640270900528647,changed,served_and_memory,1.2553726591193985,1.6269315467014351,0.1394858510132665,0.7358490566037735,14,0,-14,-2,0,5,0.0,1.4444444444444444,0.10528139778954043,changed,served_and_memory,180.58307147890736,22.224347797333216,90.29153573945368,0.07547169811320754,49,0,-49,-9,0,2,0.0,73.0,4.888177319886966
published,lhs187,lhs,2607.221096407887,0.09059588389697465,0.9285277451443501,0.8040070472615657,40,100,optimal,36.78530541571785,39,9,5.333333333333333,optimal,26.13006215058259,39,9,5.333333333333333,optimal,10.380532694362909,4,2,3.0,0.05387208250415978,0.08153869645085443,tie,,3.552713678800501e-15,0.0,3.9474596431116675e-16,1.0,0,0,0,0,0,2,0.0,0.0,0.0,changed,served_and_memory,120.04838772924474,20.59741625063178,60.02419386462237,0.10256410256410256,35,0,-35,-7,0,2,0.0,60.5,3.5909277864283853
published,lhs187,lhs,2607.221096407887,0.09059588389697465,0.9285277451443501,0.8040070472615657,30,100,optimal,33.70080974557857,26,7,4.714285714285714,optimal,25.859307156184922,26,7,4.714285714285714,optimal,10.380532694362909,4,2,3.0,0.050276352689897476,0.12331143269440609,tie,,0.0,7.105427357601002e-15,0.0,1.0,0,0,0,0,0,4,0.0,0.0,7.930164461608261e-17,changed,served_and_memory,67.14037837125477,17.512920580492498,33.570189185627385,0.15384615384615385,22,0,-22,-5,0,2,0.0,60.5,3.626024184155007
published,lhs187,lhs,2607.221096407887,0.09059588389697465,0.9285277451443501,0.8040070472615657,20,100,optimal,31.489561957331965,20,6,4.333333333333333,optimal,25.02119011827915,20,6,4.333333333333333,optimal,10.380532694362909,4,2,3.0,0.08153869645085443,0.12431716560097561,tie,,0.0,-7.105427357601002e-15,0.0,1.0,0,0,0,0,0,2,0.0,0.0,-1.850371707708594e-17,changed,served_and_memory,41.76726878348417,15.301672792245895,20.883634391742085,0.2,16,0,-16,-4,0,2,0.0,73.0,4.888177319886966
published,lhs187,lhs,2607.221096407887,0.09059588389697465,0.9285277451443501,0.8040070472615657,15,100,optimal,29.25613924160691,15,5,4.0,optimal,24.078865379453948,15,5,4.0,optimal,10.380532694362909,4,2,3.0,0.08153869645085443,0.16394459283656687,tie,,0.0,0.0,0.0,1.0,0,0,0,0,0,2,0.0,0.0,-1.554312234475219e-16,changed,served_and_memory,25.291343602486595,13.06825007652084,12.645671801243298,0.26666666666666666,11,0,-11,-3,0,1,0.0,36.5,2.397355765866679
published,lhs187,lhs,2607.221096407887,0.09059588389697465,0.9285277451443501,0.8040070472615657,10,100,optimal,22.529850082654818,7,3,3.3333333333333335,optimal,19.73139076873765,7,3,3.3333333333333335,optimal,10.380532694362909,4,2,3.0,0.23713737056616555,0.46415888336127825,identical,,0.0,0.0,0.0,1.0,0,0,0,0,0,0,0.0,0.0,0.0,changed,served_set_only,0.5510693998753382,6.341960917568748,0.2755346999376691,0.5714285714285714,3,0,-3,-1,0,0,0.0,0.0,0.0
published,lhs187,lhs,2607.221096407887,0.09059588389697465,0.9285277451443501,0.8040070472615657,6,100,optimal,16.18788916508607,4,2,3.0,optimal,14.446639767908106,4,2,3.0,optimal,10.380532694362909,4,2,3.0,0.46415888336127825,0.5356805395261334,identical,,0.0,0.0,0.0,1.0,0,0,0,0,0,0,0.0,0.0,0.0,identical,,0.0,0.0,0.0,1.0,0,0,0,0,0,0,0.0,0.0,0.0
published,lhs188,lhs,69791.26015912819,0.006142800425523564,0.9649824897180506,0.5523395178862981,1000000,100,optimal,69.26089424236311,46,10,5.6,optimal,57.16470088830083,46,10,5.6,optimal,21.59194669001686,7,3,3.3333333333333335,0.050276352689897476,0.0640270900528647,tie,,0.0,0.0,0.0,1.0,0,0,0,0,0,2,0.0,0.0,0.0,changed,served_and_memory,128.7679447249842,34.968560764178996,42.9226482416614,0.15217391304347827,39,0,-39,-7,0,3,0.0,64.66666666666667,4.750146439878756
published,lhs188,lhs,69791.26015912819,0.006142800425523564,0.9649824897180506,0.5523395178862981,40,100,optimal,66.15534543858477,39,9,5.333333333333333,optimal,55.500102173449505,39,9,5.333333333333333,optimal,21.59194669001686,7,3,3.3333333333333335,0.05387208250415978,0.09682853110646922,tie,,0.0,0.0,0.0,1.0,0,0,0,0,0,4,0.0,0.0,-6.167905692361981e-17,changed,served_and_memory,99.06382520489649,31.863011960400662,33.02127506829883,0.1794871794871795,32,0,-32,-6,0,3,0.0,64.66666666666667,4.4104326949904875
published,lhs188,lhs,69791.26015912819,0.006142800425523564,0.9649824897180506,0.5523395178862981,30,100,optimal,59.70706004279946,29,8,5.375,optimal,50.45327961737155,29,8,5.375,optimal,21.59194669001686,7,3,3.3333333333333335,0.05387208250415978,0.09897609782820413,tie,,-1.4210854715202004e-14,7.105427357601002e-15,-1.7763568394002505e-15,1.0,0,0,0,0,0,4,0.0,0.0,0.0,changed,served_and_memory,82.19378564170734,25.41472656461535,27.39792854723578,0.2413793103448276,22,0,-22,-5,0,3,0.0,64.66666666666667,4.77354403836317
published,lhs188,lhs,69791.26015912819,0.006142800425523564,0.9649824897180506,0.5523395178862981,20,100,optimal,52.8649843587298,20,6,4.333333333333333,optimal,46.39661251967698,20,6,4.333333333333333,optimal,21.59194669001686,7,3,3.3333333333333335,0.0640270900528647,0.13038656197151804,identical,,0.0,0.0,0.0,1.0,0,0,0,0,0,0,0.0,0.0,0.0,changed,served_and_memory,34.42919687487556,18.572650880545687,11.476398958291853,0.35,13,0,-13,-3,0,2,0.0,40.333333333333336,2.3939518576189234
published,lhs188,lhs,69791.26015912819,0.006142800425523564,0.9649824897180506,0.5523395178862981,15,100,optimal,47.64069759797381,15,5,4.0,optimal,42.46342373582084,15,5,4.0,optimal,21.59194669001686,7,3,3.3333333333333335,0.050276352689897476,0.23713737056616555,tie,,-7.105427357601002e-15,7.105427357601002e-15,-1.4210854715202005e-15,1.0,0,0,0,0,0,2,0.0,0.0,1.3322676295501878e-16,changed,served_and_memory,20.15565824692714,13.3483641197897,6.718552748975713,0.4666666666666667,8,0,-8,-2,0,1,0.0,16.0,0.7568017534231467
published,lhs188,lhs,69791.26015912819,0.006142800425523564,0.9649824897180506,0.5523395178862981,10,100,optimal,38.60589429705298,10,5,4.2,optimal,33.8615200698293,10,5,4.2,optimal,21.59194669001686,7,3,3.3333333333333335,0.0005623413251903491,0.08153869645085443,tie,,-7.105427357601002e-15,0.0,-1.4210854715202005e-15,1.0,0,0,0,0,0,2,0.0,0.0,6.661338147750939e-17,changed,routing,38.57565910150877,4.313560818868865,12.858553033836257,0.4166666666666667,5,2,-3,-2,1,1,0.6666666666666666,16.0,4.3939200128486755
published,lhs188,lhs,69791.26015912819,0.006142800425523564,0.9649824897180506,0.5523395178862981,6,100,optimal,27.895601638134387,6,3,3.0,optimal,25.967151037668295,6,3,3.0,optimal,18.476137425597265,4,2,3.0,0.0036869450645195738,0.23713737056616555,identical,,0.0,0.0,0.0,1.0,0,0,0,0,0,0,0.0,0.0,0.0,changed,routing,1.7664596678231206,3.6121077418139613,0.8832298339115603,0.42857142857142855,3,1,-2,-1,1,0,0.5,0.0,2.4963858124988105
published,lhs189,lhs,17694.29854830442,0.010892238393105028,0.945946894338397,0.598872677752417,1000000,100,optimal,52.26605770747098,53,11,5.818181818181818,optimal,38.91780223503428,46,10,5.6,optimal,15.808105422214528,7,3,3.3333333333333335,0.03319923187926317,0.0640270900528647,changed,served_and_memory,0.18929199851939416,1.2516580904076093,0.018929199851939416,0.8679245283018868,7,0,-7,-1,0,3,0.0,1.3,0.0947532580105864,changed,served_and_memory,174.98275995884256,23.7575654970892,58.327586652947524,0.1320754716981132,46,0,-46,-8,0,3,0.0,64.66666666666667,4.750146439878756
published,lhs189,lhs,17694.29854830442,0.010892238393105028,0.945946894338397,0.598872677752417,40,100,optimal,49.25121200900386,39,9,5.333333333333333,optimal,38.59596874386858,39,9,5.333333333333333,optimal,15.808105422214528,7,3,3.3333333333333335,0.05387208250415978,0.09682853110646922,tie,,-7.105427357601002e-15,0.0,-7.894919286223335e-16,1.0,0,0,0,0,0,4,0.0,0.0,-3.700743415417188e-17,changed,served_and_memory,110.18411736667508,20.74271979862208,36.72803912222503,0.1794871794871795,32,0,-32,-6,0,3,0.0,64.66666666666667,4.410432694990488
published,lhs189,lhs,17694.29854830442,0.010892238393105028,0.945946894338397,0.598872677752417,30,100,optimal,45.12487301324089,27,8,5.25,optimal,36.747625714043195,26,7,4.714285714285714,optimal,15.808105422214528,7,3,3.3333333333333335,0.0640270900528647,0.08918361377866182,changed,routing,0.7864871916501954,0.5357447098040495,0.11235531309288506,0.6060606060606061,7,6,-1,-1,1,3,-0.2857142857142857,10.428571428571429,0.4383512460211332,changed,served_and_memory,90.09186917631924,16.61638080285911,30.030623058773077,0.25925925925925924,20,0,-20,-5,0,3,0.0,64.66666666666667,4.750146439878756
published,lhs189,lhs,17694.29854830442,0.010892238393105028,0.945946894338397,0.598872677752417,20,100,optimal,41.49424955564537,20,6,4.333333333333333,optimal,35.02587771659254,20,6,4.333333333333333,optimal,15.808105422214528,7,3,3.3333333333333335,0.08153869645085443,0.12431716560097561,identical,,0.0,0.0,0.0,1.0,0,0,0,0,0,0,0.0,0.0,0.0,changed,served_and_memory,37.19015391302239,12.98575734526359,12.396717971007464,0.35,13,0,-13,-3,0,2,0.0,48.666666666666664,3.2587848799246437
published,lhs189,lhs,17694.29854830442,0.010892238393105028,0.945946894338397,0.598872677752417,15,100,optimal,38.11810454818182,15,5,4.0,optimal,32.940830686028846,15,5,4.0,optimal,15.808105422214528,7,3,3.3333333333333335,0.050276352689897476,0.23713737056616555,tie,,0.0,7.105427357601002e-15,0.0,1.0,0,0,0,0,0,2,0.0,0.0,1.3322676295501878e-16,changed,served_and_memory,23.894410028916802,9.60961233780004,7.964803342972267,0.4666666666666667,8,0,-8,-2,0,1,0.0,16.0,0.7568017534231467
published,lhs189,lhs,17694.29854830442,0.010892238393105028,0.945946894338397,0.598872677752417,10,100,optimal,29.01394127614586,10,5,4.2,optimal,25.710032896464604,7,3,3.3333333333333335,optimal,15.808105422214528,7,3,3.3333333333333335,0.0005623413251903491,0.15703748946090484,changed,routing,1.44046584754242,0.5054490657640827,0.48015528251413997,0.4166666666666667,5,2,-3,-2,1,1,0.6666666666666666,24.333333333333332,2.885816575176021,changed,routing,40.44760029535273,0.5054490657640827,13.482533431784242,0.4166666666666667,5,2,-3,-2,1,1,0.6666666666666666,24.333333333333332,5.313151412230443
published,lhs189,lhs,17694.29854830442,0.010892238393105028,0.945946894338397,0.598872677752417,6,100,optimal,22.065049634135136,6,3,3.0,optimal,20.136599033669036,6,3,3.0,optimal,14.593500062615337,4,2,3.0,0.0036869450645195738,0.23713737056616555,identical,,0.0,0.0,0.0,1.0,0,0,0,0,0,0,0.0,0.0,0.0,changed,routing,3.7143743088404477,1.6641931007966377,1.8571871544202239,0.42857142857142855,3,1,-2,-1,1,0,0.5,0.0,2.5547327941691567
published,lhs190,lhs,74729.14059233257,0.07791880187617166,0.9761420053176694,0.8287396838816297,1000000,100,optimal,137.20947614661642,55,17,8.823529411764707,optimal,114.05603901846393,55,17,8.823529411764707,optimal,26.347065633656438,7,3,3.3333333333333335,0.0221885046944556,0.04279211619645008,tie,,0.0,2.842170943040401e-14,0.0,1.0,0,0,0,0,0,4,0.0,0.0,-5.877651306839064e-17,changed,served_and_memory,480.5645175370258,98.16202372479273,160.18817251234194,0.12727272727272726,48,0,-48,-14,0,3,0.0,77.33333333333333,6.848912076311538
published,lhs190,lhs,74729.14059233257,0.07791880187617166,0.9761420053176694,0.8287396838816297,40,100,optimal,132.64836948133438,40,17,9.647058823529411,optimal,108.96812590796875,40,17,9.647058823529411,optimal,26.347065633656438,7,3,3.3333333333333335,0.009485494822646622,0.0640270900528647,tie,,0.0,0.0,0.0,1.0,0,0,0,0,0,4,0.0,0.0,5.877651306839064e-17,changed,served_and_memory,552.2230500847489,93.60091705951069,184.07435002824965,0.175,33,0,-33,-14,0,3,0.0,76.66666666666667,9.262930918601642
published,lhs190,lhs,74729.14059233257,0.07791880187617166,0.9761420053176694,0.8287396838816297,30,100,optimal,111.06219242607466,29,15,9.266666666666667,optimal,91.95520910879951,30,13,8.538461538461538,optimal,26.347065633656438,7,3,3.3333333333333335,0.00029241748909898153,0.03319923187926317,changed,routing,1.1115967028311076,1.9003636363694483,0.08550743867931597,0.5945945945945946,7,8,1,-2,2,4,0.0,2.1666666666666665,0.7950200096006869,changed,served_and_memory,491.8149087892449,72.01474000425097,163.9383029297483,0.2413793103448276,22,0,-22,-12,0,3,0.0,77.33333333333333,6.848912076311538
published,lhs190,lhs,74729.14059233257,0.07791880187617166,0.9761420053176694,0.8287396838816297,20,100,optimal,91.95641425479083,20,11,9.0,optimal,77.32397736654579,20,11,9.0,optimal,26.347065633656438,7,3,3.3333333333333335,0.03319923187926317,0.0640270900528647,tie,,0.0,0.0,0.0,1.0,0,0,0,0,0,2,0.0,0.0,1.0092936587501423e-17,changed,served_and_memory,316.89392978110885,52.908961832967144,105.63130992703628,0.35,13,0,-13,-8,0,2,0.0,48.666666666666664,3.954431759504285
published,lhs190,lhs,74729.14059233257,0.07791880187617166,0.9761420053176694,0.8287396838816297,15,100,optimal,62.14161706760227,15,6,5.666666666666667,optimal,55.368724300481375,15,6,5.666666666666667,optimal,26.347065633656438,7,3,3.3333333333333335,0.0640270900528647,0.10242506457263026,tie,,0.0,-7.105427357601002e-15,0.0,1.0,0,0,0,0,0,4,0.0,0.0,3.700743415417188e-17,changed,served_and_memory,54.45398957897045,23.094164645778584,18.151329859656816,0.2222222222222222,11,3,-8,-3,0,2,0.0,60.5,3.626024184155007
published,lhs190,lhs,74729.14059233257,0.07791880187617166,0.9761420053176694,0.8287396838816297,10,100,optimal,49.26927098342855,10,5,4.2,optimal,44.52489675620487,10,5,4.2,optimal,26.347065633656438,7,3,3.3333333333333335,0.0005623413251903491,0.15703748946090484,tie,,-7.105427357601002e-15,0.0,-1.4210854715202005e-15,1.0,0,0,0,0,0,2,0.0,0.0,4.4408920985006264e-17,changed,routing,28.210883915540332,10.221818561604863,9.403627971846777,0.4166666666666667,5,2,-3,-2,1,1,0.6666666666666666,24.333333333333332,5.6255978740268375
published,lhs190,lhs,74729.14059233257,0.07791880187617166,0.9761420053176694,0.8287396838816297,6,100,optimal,32.02789012124311,6,3,3.0,optimal,30.099439520777015,6,3,3.0,optimal,21.229681032203047,4,2,3.0,0.0036869450645195738,0.23713737056616555,identical,,0.0,0.0,0.0,1.0,0,0,0,0,0,0,0.0,0.0,0.0,changed,routing,0.3877147913201817,4.990852618316904,0.19385739566009086,0.42857142857142855,3,1,-2,-1,1,0,0.5,0.0,2.7890676405164525
published,lhs191,lhs,150622.3470650855,0.0014974441681204424,0.9781541250330629,0.8257016284597684,1000000,100,optimal,0.0,0,0,,optimal,0.0,0,0,,optimal,0.0,0,0,,,,identical,,0.0,0.0,0.0,1.0,0,0,0,0,0,0,,,,identical,,0.0,0.0,0.0,1.0,0,0,0,0,0,0,,,
published,lhs191,lhs,150622.3470650855,0.0014974441681204424,0.9781541250330629,0.8257016284597684,40,100,optimal,0.0,0,0,,optimal,0.0,0,0,,optimal,0.0,0,0,,,,identical,,0.0,0.0,0.0,1.0,0,0,0,0,0,0,,,,identical,,0.0,0.0,0.0,1.0,0,0,0,0,0,0,,,
published,lhs191,lhs,150622.3470650855,0.0014974441681204424,0.9781541250330629,0.8257016284597684,30,100,optimal,0.0,0,0,,optimal,0.0,0,0,,optimal,0.0,0,0,,,,identical,,0.0,0.0,0.0,1.0,0,0,0,0,0,0,,,,identical,,0.0,0.0,0.0,1.0,0,0,0,0,0,0,,,
published,lhs191,lhs,150622.3470650855,0.0014974441681204424,0.9781541250330629,0.8257016284597684,20,100,optimal,0.0,0,0,,optimal,0.0,0,0,,optimal,0.0,0,0,,,,identical,,0.0,0.0,0.0,1.0,0,0,0,0,0,0,,,,identical,,0.0,0.0,0.0,1.0,0,0,0,0,0,0,,,
published,lhs191,lhs,150622.3470650855,0.0014974441681204424,0.9781541250330629,0.8257016284597684,15,100,optimal,0.0,0,0,,optimal,0.0,0,0,,optimal,0.0,0,0,,,,identical,,0.0,0.0,0.0,1.0,0,0,0,0,0,0,,,,identical,,0.0,0.0,0.0,1.0,0,0,0,0,0,0,,,
published,lhs191,lhs,150622.3470650855,0.0014974441681204424,0.9781541250330629,0.8257016284597684,10,100,optimal,0.0,0,0,,optimal,0.0,0,0,,optimal,0.0,0,0,,,,identical,,0.0,0.0,0.0,1.0,0,0,0,0,0,0,,,,identical,,0.0,0.0,0.0,1.0,0,0,0,0,0,0,,,
published,lhs191,lhs,150622.3470650855,0.0014974441681204424,0.9781541250330629,0.8257016284597684,6,100,optimal,0.0,0,0,,optimal,0.0,0,0,,optimal,0.0,0,0,,,,identical,,0.0,0.0,0.0,1.0,0,0,0,0,0,0,,,,identical,,0.0,0.0,0.0,1.0,0,0,0,0,0,0,,,
published,lhs192,lhs,26671.620973665176,0.002711714068767143,0.9640240947050637,0.873474317597799,1000000,100,optimal,24.133956278285094,4,2,3.0,optimal,22.39270688110713,4,2,3.0,optimal,18.326599807561934,4,2,3.0,0.46415888336127825,0.5356805395261334,identical,,0.0,0.0,0.0,1.0,0,0,0,0,0,0,0.0,0.0,0.0,identical,,0.0,0.0,0.0,1.0,0,0,0,0,0,0,0.0,0.0,0.0
published,lhs192,lhs,26671.620973665176,0.002711714068767143,0.9640240947050637,0.873474317597799,40,100,optimal,24.133956278285094,4,2,3.0,optimal,22.39270688110713,4,2,3.0,optimal,18.326599807561934,4,2,3.0,0.46415888336127825,0.5356805395261334,identical,,0.0,0.0,0.0,1.0,0,0,0,0,0,0,0.0,0.0,0.0,identical,,0.0,0.0,0.0,1.0,0,0,0,0,0,0,0.0,0.0,0.0
published,lhs192,lhs,26671.620973665176,0.002711714068767143,0.9640240947050637,0.873474317597799,30,100,optimal,24.133956278285094,4,2,3.0,optimal,22.39270688110713,4,2,3.0,optimal,18.326599807561934,4,2,3.0,0.46415888336127825,0.5356805395261334,identical,,0.0,0.0,0.0,1.0,0,0,0,0,0,0,0.0,0.0,0.0,identical,,0.0,0.0,0.0,1.0,0,0,0,0,0,0,0.0,0.0,0.0
published,lhs192,lhs,26671.620973665176,0.002711714068767143,0.9640240947050637,0.873474317597799,20,100,optimal,24.133956278285094,4,2,3.0,optimal,22.39270688110713,4,2,3.0,optimal,18.326599807561934,4,2,3.0,0.46415888336127825,0.5356805395261334,identical,,0.0,0.0,0.0,1.0,0,0,0,0,0,0,0.0,0.0,0.0,identical,,0.0,0.0,0.0,1.0,0,0,0,0,0,0,0.0,0.0,0.0
published,lhs192,lhs,26671.620973665176,0.002711714068767143,0.9640240947050637,0.873474317597799,15,100,optimal,24.133956278285094,4,2,3.0,optimal,22.39270688110713,4,2,3.0,optimal,18.326599807561934,4,2,3.0,0.46415888336127825,0.5356805395261334,identical,,0.0,0.0,0.0,1.0,0,0,0,0,0,0,0.0,0.0,0.0,identical,,0.0,0.0,0.0,1.0,0,0,0,0,0,0,0.0,0.0,0.0
published,lhs192,lhs,26671.620973665176,0.002711714068767143,0.9640240947050637,0.873474317597799,10,100,optimal,24.133956278285094,4,2,3.0,optimal,22.39270688110713,4,2,3.0,optimal,18.326599807561934,4,2,3.0,0.46415888336127825,0.5356805395261334,identical,,0.0,0.0,0.0,1.0,0,0,0,0,0,0,0.0,0.0,0.0,identical,,0.0,0.0,0.0,1.0,0,0,0,0,0,0,0.0,0.0,0.0
published,lhs192,lhs,26671.620973665176,0.002711714068767143,0.9640240947050637,0.873474317597799,6,100,optimal,24.133956278285094,4,2,3.0,optimal,22.39270688110713,4,2,3.0,optimal,18.326599807561934,4,2,3.0,0.46415888336127825,0.5356805395261334,identical,,0.0,0.0,0.0,1.0,0,0,0,0,0,0,0.0,0.0,0.0,identical,,0.0,0.0,0.0,1.0,0,0,0,0,0,0,0.0,0.0,0.0
published,lhs193,lhs,10687.598458330964,0.007191921846745642,0.9259715042779038,0.533088067931983,1000000,100,optimal,32.10445512668302,26,7,4.714285714285714,optimal,25.137306364648992,15,5,4.0,optimal,12.020202618737956,4,2,3.0,0.05387208250415978,0.09682853110646922,changed,served_and_memory,0.8743538273596201,1.7898748998810632,0.174870765471924,0.5769230769230769,11,0,-11,-2,0,3,0.0,9.6,0.18868329432672643,changed,served_and_memory,71.16488040650714,14.276896037221903,35.58244020325357,0.15384615384615385,22,0,-22,-5,0,2,0.0,60.5,3.590927786428385
published,lhs193,lhs,10687.598458330964,0.007191921846745642,0.9259715042779038,0.533088067931983,40,100,optimal,32.10445512668302,26,7,4.714285714285714,optimal,25.137306364648992,15,5,4.0,optimal,12.020202618737956,4,2,3.0,0.05387208250415978,0.09682853110646922,changed,served_and_memory,0.8743538273596201,1.7898748998810632,0.174870765471924,0.5769230769230769,11,0,-11,-2,0,3,0.0,9.6,0.18868329432672643,changed,served_and_memory,71.16488040650714,14.276896037221903,35.58244020325357,0.15384615384615385,22,0,-22,-5,0,2,0.0,60.5,3.590927786428385
published,lhs193,lhs,10687.598458330964,0.007191921846745642,0.9259715042779038,0.533088067931983,30,100,optimal,32.10445512668302,26,7,4.714285714285714,optimal,25.137306364648992,15,5,4.0,optimal,12.020202618737956,4,2,3.0,0.050276352689897476,0.08153869645085443,changed,served_and_memory,0.8743538273596201,1.7898748998810667,0.174870765471924,0.5769230769230769,11,0,-11,-2,0,3,0.0,9.6,0.18868329432672667,changed,served_and_memory,73.20233941166063,14.276896037221903,36.601169705830316,0.15384615384615385,22,0,-22,-5,0,2,0.0,48.0,2.3287746506964258
published,lhs193,lhs,10687.598458330964,0.007191921846745642,0.9259715042779038,0.533088067931983,20,100,optimal,31.534345795980336,20,6,4.333333333333333,optimal,25.137306364648992,15,5,4.0,optimal,12.020202618737956,4,2,3.0,0.050276352689897476,0.15933803350851,changed,served_and_memory,0.07133240772147786,1.2197655691783815,0.014266481544295573,0.75,5,0,-5,-1,0,3,0.0,9.6,0.18868329432672667,changed,served_and_memory,48.2255503714996,13.706786706519217,24.1127751857498,0.2,16,0,-16,-4,0,2,0.0,48.0,2.3287746506964258
published,lhs193,lhs,10687.598458330964,0.007191921846745642,0.9259715042779038,0.533088067931983,15,100,optimal,30.314580226801954,15,5,4.0,optimal,25.137306364648992,15,5,4.0,optimal,12.020202618737956,4,2,3.0,0.08153869645085443,0.16394459283656687,tie,,0.0,0.0,0.0,1.0,0,0,0,0,0,2,0.0,0.0,6.661338147750939e-17,changed,served_and_memory,25.8725725416666,12.487021137340836,12.9362862708333,0.26666666666666666,11,0,-11,-3,0,1,0.0,36.5,2.397355765866679
published,lhs193,lhs,10687.598458330964,0.007191921846745642,0.9259715042779038,0.533088067931983,10,100,optimal,24.38268882468762,7,3,3.3333333333333335,optimal,21.584229510770445,7,3,3.3333333333333335,optimal,12.020202618737956,4,2,3.0,0.23713737056616555,0.46415888336127825,identical,,0.0,0.0,0.0,1.0,0,0,0,0,0,0,0.0,0.0,0.0,changed,served_set_only,0.3379005822175909,6.555129735226501,0.16895029110879545,0.5714285714285714,3,0,-3,-1,0,0,0.0,0.0,0.0
published,lhs193,lhs,10687.598458330964,0.007191921846745642,0.9259715042779038,0.533088067931983,6,100,optimal,18.190927588743815,6,3,3.0,optimal,16.26247698827772,6,3,3.0,optimal,12.020202618737956,4,2,3.0,0.0036869450645195738,0.23713737056616555,identical,,0.0,0.0,0.0,1.0,0,0,0,0,0,0,0.0,0.0,0.0,changed,routing,5.015198910354388,0.36336849928269643,2.507599455177194,0.42857142857142855,3,1,-2,-1,1,0,0.5,0.0,2.4707950825131073
published,lhs194,lhs,29654.548227133495,0.05675853189949122,0.9584318823441316,0.918945496327712,1000000,100,optimal,120.73789340136088,55,17,8.823529411764707,optimal,97.58445627320842,55,17,8.823529411764707,optimal,22.807697054230264,7,3,3.3333333333333335,0.0221885046944556,0.04279211619645008,tie,,-2.842170943040401e-14,0.0,-1.6718652606120004e-15,1.0,0,0,0,0,0,8,0.0,0.0,-5.877651306839064e-17,changed,served_and_memory,494.44635118804445,85.22980955896335,164.81545039601482,0.12727272727272726,48,0,-48,-14,0,3,0.0,77.33333333333333,6.848912076311538
published,lhs194,lhs,29654.548227133495,0.05675853189949122,0.9584318823441316,0.918945496327712,40,100,optimal,114.13521879205734,39,16,9.0625,optimal,93.17882262244689,40,15,8.4,optimal,22.807697054230264,7,3,3.3333333333333335,0.0221885046944556,0.05161879346889767,changed,routing,0.6522195582201107,0.8256658878789409,0.043481303881340715,0.6808510638297872,7,8,1,-1,3,5,-0.2,0.8666666666666667,0.09670138894360059,changed,served_and_memory,486.9092306439135,78.62713494965982,162.3030768813045,0.1794871794871795,32,0,-32,-13,0,3,0.0,64.66666666666667,4.750146439878755
published,lhs194,lhs,29654.548227133495,0.05675853189949122,0.9584318823441316,0.918945496327712,30,100,optimal,96.58499254551425,30,13,8.538461538461538,optimal,79.37837286460854,30,13,8.538461538461538,optimal,22.807697054230264,7,3,3.3333333333333335,0.03319923187926317,0.0640270900528647,tie,,-1.4210854715202004e-14,0.0,-1.0931426704001542e-15,1.0,0,0,0,0,0,4,0.0,0.0,2.5620531337503614e-17,changed,served_and_memory,354.9952861239692,61.076908703116736,118.33176204132307,0.23333333333333334,23,0,-23,-10,0,3,0.0,73.0,5.6149794621844755
published,lhs194,lhs,29654.548227133495,0.05675853189949122,0.9584318823441316,0.918945496327712,20,100,optimal,81.3373383461075,20,11,9.0,optimal,66.70490145786249,20,11,9.0,optimal,22.807697054230264,7,3,3.3333333333333335,0.03319923187926317,0.0640270900528647,tie,,0.0,0.0,0.0,1.0,0,0,0,0,0,2,0.0,0.0,4.0371746350005693e-17,changed,served_and_memory,319.3763213499623,45.82925450370998,106.45877378332078,0.35,13,0,-13,-8,0,2,0.0,48.666666666666664,3.954431759504285
published,lhs194,lhs,29654.548227133495,0.05675853189949122,0.9584318823441316,0.918945496327712,15,100,optimal,56.09438650164669,15,6,5.666666666666667,optimal,49.3214937345258,15,6,5.666666666666667,optimal,22.807697054230264,7,3,3.3333333333333335,0.0640270900528647,0.12431716560097561,tie,,0.0,-7.105427357601002e-15,0.0,1.0,0,0,0,0,0,2,0.0,0.0,-1.850371707708594e-17,changed,served_and_memory,55.025681006239026,20.58630265924917,18.34189366874634,0.2222222222222222,11,3,-8,-3,0,2,0.0,73.0,4.888177319886966
published,lhs194,lhs,29654.548227133495,0.05675853189949122,0.9584318823441316,0.918945496327712,10,100,optimal,43.67712329002564,10,5,4.2,optimal,38.93274906280196,10,5,4.2,optimal,22.807697054230264,7,3,3.3333333333333335,0.0005623413251903491,0.15703748946090484,tie,,-7.105427357601002e-15,0.0,-1.4210854715202005e-15,1.0,0,0,0,0,0,2,0.0,0.0,-8.881784197001253e-17,changed,routing,30.263663029517062,8.169039447628123,10.087887676505687,0.4166666666666667,5,2,-3,-2,1,1,0.6666666666666666,24.333333333333332,5.724971400352575
published,lhs194,lhs,29654.548227133495,0.05675853189949122,0.9584318823441316,0.918945496327712,6,100,optimal,28.4000795228948,6,3,3.0,optimal,26.471628922428703,6,3,3.0,optimal,18.81360962654118,4,2,3.0,0.0036869450645195738,0.23713737056616555,identical,,0.0,0.0,0.0,1.0,0,0,0,0,0,0,0.0,0.0,0.0,changed,routing,1.599453984006626,3.7791134256304595,0.799726992003313,0.42857142857142855,3,1,-2,-1,1,0,0.5,0.0,2.8635977852607555
published,lhs195,lhs,41835.20834032749,0.002272130285352996,0.9610412171215292,0.8460755001056955,1000000,100,optimal,25.189582017423202,4,2,3.0,optimal,23.44833262024524,4,2,3.0,optimal,19.38222554670004,4,2,3.0,0.46415888336127825,0.5356805395261334,identical,,0.0,0.0,0.0,1.0,0,0,0,0,0,0,0.0,0.0,0.0,identical,,0.0,0.0,0.0,1.0,0,0,0,0,0,0,0.0,0.0,0.0
published,lhs195,lhs,41835.20834032749,0.002272130285352996,0.9610412171215292,0.8460755001056955,40,100,optimal,25.189582017423202,4,2,3.0,optimal,23.44833262024524,4,2,3.0,optimal,19.38222554670004,4,2,3.0,0.46415888336127825,0.5356805395261334,identical,,0.0,0.0,0.0,1.0,0,0,0,0,0,0,0.0,0.0,0.0,identical,,0.0,0.0,0.0,1.0,0,0,0,0,0,0,0.0,0.0,0.0
published,lhs195,lhs,41835.20834032749,0.002272130285352996,0.9610412171215292,0.8460755001056955,30,100,optimal,25.189582017423202,4,2,3.0,optimal,23.44833262024524,4,2,3.0,optimal,19.38222554670004,4,2,3.0,0.46415888336127825,0.5356805395261334,identical,,0.0,0.0,0.0,1.0,0,0,0,0,0,0,0.0,0.0,0.0,identical,,0.0,0.0,0.0,1.0,0,0,0,0,0,0,0.0,0.0,0.0
published,lhs195,lhs,41835.20834032749,0.002272130285352996,0.9610412171215292,0.8460755001056955,20,100,optimal,25.189582017423202,4,2,3.0,optimal,23.44833262024524,4,2,3.0,optimal,19.38222554670004,4,2,3.0,0.46415888336127825,0.5356805395261334,identical,,0.0,0.0,0.0,1.0,0,0,0,0,0,0,0.0,0.0,0.0,identical,,0.0,0.0,0.0,1.0,0,0,0,0,0,0,0.0,0.0,0.0
published,lhs195,lhs,41835.20834032749,0.002272130285352996,0.9610412171215292,0.8460755001056955,15,100,optimal,25.189582017423202,4,2,3.0,optimal,23.44833262024524,4,2,3.0,optimal,19.38222554670004,4,2,3.0,0.46415888336127825,0.5356805395261334,identical,,0.0,0.0,0.0,1.0,0,0,0,0,0,0,0.0,0.0,0.0,identical,,0.0,0.0,0.0,1.0,0,0,0,0,0,0,0.0,0.0,0.0
published,lhs195,lhs,41835.20834032749,0.002272130285352996,0.9610412171215292,0.8460755001056955,10,100,optimal,25.189582017423202,4,2,3.0,optimal,23.44833262024524,4,2,3.0,optimal,19.38222554670004,4,2,3.0,0.46415888336127825,0.5356805395261334,identical,,0.0,0.0,0.0,1.0,0,0,0,0,0,0,0.0,0.0,0.0,identical,,0.0,0.0,0.0,1.0,0,0,0,0,0,0,0.0,0.0,0.0
published,lhs195,lhs,41835.20834032749,0.002272130285352996,0.9610412171215292,0.8460755001056955,6,100,optimal,25.189582017423202,4,2,3.0,optimal,23.44833262024524,4,2,3.0,optimal,19.38222554670004,4,2,3.0,0.46415888336127825,0.5356805395261334,identical,,0.0,0.0,0.0,1.0,0,0,0,0,0,0,0.0,0.0,0.0,identical,,0.0,0.0,0.0,1.0,0,0,0,0,0,0,0.0,0.0,0.0
published,lhs196,lhs,140825.46389018814,0.001942646927052081,0.9748521463452324,0.6480520073705905,1000000,100,optimal,13.904663943983913,2,1,3.0,optimal,13.034557479382013,2,1,3.0,optimal,11.255814440220673,2,1,3.0,0.6072021956909884,0.6072021956909884,identical,,0.0,0.0,0.0,1.0,0,0,0,0,0,0,0.0,0.0,0.0,identical,,0.0,0.0,0.0,1.0,0,0,0,0,0,0,0.0,0.0,0.0
published,lhs196,lhs,140825.46389018814,0.001942646927052081,0.9748521463452324,0.6480520073705905,40,100,optimal,13.904663943983913,2,1,3.0,optimal,13.034557479382013,2,1,3.0,optimal,11.255814440220673,2,1,3.0,0.6072021956909884,0.6072021956909884,identical,,0.0,0.0,0.0,1.0,0,0,0,0,0,0,0.0,0.0,0.0,identical,,0.0,0.0,0.0,1.0,0,0,0,0,0,0,0.0,0.0,0.0
published,lhs196,lhs,140825.46389018814,0.001942646927052081,0.9748521463452324,0.6480520073705905,30,100,optimal,13.904663943983913,2,1,3.0,optimal,13.034557479382013,2,1,3.0,optimal,11.255814440220673,2,1,3.0,0.6072021956909884,0.6072021956909884,identical,,0.0,0.0,0.0,1.0,0,0,0,0,0,0,0.0,0.0,0.0,identical,,0.0,0.0,0.0,1.0,0,0,0,0,0,0,0.0,0.0,0.0
published,lhs196,lhs,140825.46389018814,0.001942646927052081,0.9748521463452324,0.6480520073705905,20,100,optimal,13.904663943983913,2,1,3.0,optimal,13.034557479382013,2,1,3.0,optimal,11.255814440220673,2,1,3.0,0.6072021956909884,0.6072021956909884,identical,,0.0,0.0,0.0,1.0,0,0,0,0,0,0,0.0,0.0,0.0,identical,,0.0,0.0,0.0,1.0,0,0,0,0,0,0,0.0,0.0,0.0
published,lhs196,lhs,140825.46389018814,0.001942646927052081,0.9748521463452324,0.6480520073705905,15,100,optimal,13.904663943983913,2,1,3.0,optimal,13.034557479382013,2,1,3.0,optimal,11.255814440220673,2,1,3.0,0.6072021956909884,0.6072021956909884,identical,,0.0,0.0,0.0,1.0,0,0,0,0,0,0,0.0,0.0,0.0,identical,,0.0,0.0,0.0,1.0,0,0,0,0,0,0,0.0,0.0,0.0
published,lhs196,lhs,140825.46389018814,0.001942646927052081,0.9748521463452324,0.6480520073705905,10,100,optimal,13.904663943983913,2,1,3.0,optimal,13.034557479382013,2,1,3.0,optimal,11.255814440220673,2,1,3.0,0.6072021956909884,0.6072021956909884,identical,,0.0,0.0,0.0,1.0,0,0,0,0,0,0,0.0,0.0,0.0,identical,,0.0,0.0,0.0,1.0,0,0,0,0,0,0,0.0,0.0,0.0
published,lhs196,lhs,140825.46389018814,0.001942646927052081,0.9748521463452324,0.6480520073705905,6,100,optimal,13.904663943983913,2,1,3.0,optimal,13.034557479382013,2,1,3.0,optimal,11.255814440220673,2,1,3.0,0.6072021956909884,0.6072021956909884,identical,,0.0,0.0,0.0,1.0,0,0,0,0,0,0,0.0,0.0,0.0,identical,,0.0,0.0,0.0,1.0,0,0,0,0,0,0,0.0,0.0,0.0
published,lhs197,lhs,2715.727258314626,0.007667148304036454,0.967262803417374,0.6875138532050588,1000000,100,optimal,38.62926564062786,53,11,5.818181818181818,optimal,26.05892272593412,39,9,5.333333333333333,optimal,10.416866768683523,4,2,3.0,0.03319923187926317,0.0640270900528647,changed,served_and_memory,0.9672045562623524,1.9150996495584707,0.10746717291803914,0.7358490566037735,14,0,-14,-2,0,5,0.0,1.4444444444444444,0.10528139778954043,changed,served_and_memory,180.40237687501943,22.405042401221174,90.20118843750971,0.07547169811320754,49,0,-49,-9,0,2,0.0,73.0,4.888177319886966
published,lhs197,lhs,2715.727258314626,0.007667148304036454,0.967262803417374,0.6875138532050588,40,100,optimal,36.714165991069386,39,9,5.333333333333333,optimal,26.058922725934117,39,9,5.333333333333333,optimal,10.416866768683523,4,2,3.0,0.05387208250415978,0.08153869645085443,tie,,-3.552713678800501e-15,0.0,-3.9474596431116675e-16,1.0,0,0,0,0,0,4,0.0,0.0,-4.9343245538895844e-17,changed,served_and_memory,117.4293857443752,20.489942751662703,58.7146928721876,0.10256410256410256,35,0,-35,-7,0,2,0.0,60.5,3.5909277864283853
published,lhs197,lhs,2715.727258314626,0.007667148304036454,0.967262803417374,0.6875138532050588,30,100,optimal,33.84143878647506,27,8,5.25,optimal,25.648715265053216,26,7,4.714285714285714,optimal,10.416866768683523,4,2,3.0,0.06044547074134525,0.11006998190043765,changed,routing,0.9710109694260503,0.35122093202819826,0.13871585277515003,0.6060606060606061,7,6,-1,-1,1,3,-0.2857142857142857,6.857142857142857,0.2463753666893318,changed,served_and_memory,95.88460373625742,17.617215547068376,47.94230186812871,0.14814814814814814,23,0,-23,-6,0,2,0.0,73.0,4.888177319886966
published,lhs197,lhs,2715.727258314626,0.007667148304036454,0.967262803417374,0.6875138532050588,20,100,optimal,31.283601651145556,20,6,4.333333333333333,optimal,24.815229812092728,20,6,4.333333333333333,optimal,10.416866768683523,4,2,3.0,0.050276352689897476,0.12431716560097561,identical,,0.0,0.0,0.0,1.0,0,0,0,0,0,0,0.0,0.0,0.0,changed,served_and_memory,44.0470221691447,15.059378411738873,22.02351108457235,0.2,16,0,-16,-4,0,2,0.0,60.5,3.6260241841550065
published,lhs197,lhs,2715.727258314626,0.007667148304036454,0.967262803417374,0.6875138532050588,15,100,optimal,29.114573023144537,15,5,4.0,optimal,23.93729916099158,15,5,4.0,optimal,10.416866768683523,4,2,3.0,0.050276352689897476,0.23713737056616555,identical,,0.0,0.0,0.0,1.0,0,0,0,0,0,0,0.0,0.0,0.0,changed,served_and_memory,27.506702900423072,12.890349783737854,13.753351450211536,0.26666666666666666,11,0,-11,-3,0,1,0.0,24.0,1.13520263013472
published,lhs197,lhs,2715.727258314626,0.007667148304036454,0.967262803417374,0.6875138532050588,10,100,optimal,22.527606246098436,7,3,3.3333333333333335,optimal,19.729146932181266,7,3,3.3333333333333335,optimal,10.416866768683523,4,2,3.0,0.23713737056616555,0.46415888336127825,identical,,0.0,0.0,0.0,1.0,0,0,0,0,0,0,0.0,0.0,0.0,changed,served_set_only,0.589647310752337,6.303383006691753,0.2948236553761685,0.5714285714285714,3,0,-3,-1,0,0,0.0,0.0,0.0
published,lhs197,lhs,2715.727258314626,0.007667148304036454,0.967262803417374,0.6875138532050588,6,100,optimal,16.224223239406683,4,2,3.0,optimal,14.48297384222872,4,2,3.0,optimal,10.416866768683523,4,2,3.0,0.46415888336127825,0.5356805395261334,identical,,0.0,0.0,0.0,1.0,0,0,0,0,0,0,0.0,0.0,0.0,identical,,0.0,0.0,0.0,1.0,0,0,0,0,0,0,0.0,0.0,0.0
published,lhs198,lhs,87875.41414299751,0.0018402294807221898,0.9573494056751861,0.5932883237640975,1000000,100,optimal,0.0,0,0,,optimal,0.0,0,0,,optimal,0.0,0,0,,,,identical,,0.0,0.0,0.0,1.0,0,0,0,0,0,0,,,,identical,,0.0,0.0,0.0,1.0,0,0,0,0,0,0,,,
published,lhs198,lhs,87875.41414299751,0.0018402294807221898,0.9573494056751861,0.5932883237640975,40,100,optimal,0.0,0,0,,optimal,0.0,0,0,,optimal,0.0,0,0,,,,identical,,0.0,0.0,0.0,1.0,0,0,0,0,0,0,,,,identical,,0.0,0.0,0.0,1.0,0,0,0,0,0,0,,,
published,lhs198,lhs,87875.41414299751,0.0018402294807221898,0.9573494056751861,0.5932883237640975,30,100,optimal,0.0,0,0,,optimal,0.0,0,0,,optimal,0.0,0,0,,,,identical,,0.0,0.0,0.0,1.0,0,0,0,0,0,0,,,,identical,,0.0,0.0,0.0,1.0,0,0,0,0,0,0,,,
published,lhs198,lhs,87875.41414299751,0.0018402294807221898,0.9573494056751861,0.5932883237640975,20,100,optimal,0.0,0,0,,optimal,0.0,0,0,,optimal,0.0,0,0,,,,identical,,0.0,0.0,0.0,1.0,0,0,0,0,0,0,,,,identical,,0.0,0.0,0.0,1.0,0,0,0,0,0,0,,,
published,lhs198,lhs,87875.41414299751,0.0018402294807221898,0.9573494056751861,0.5932883237640975,15,100,optimal,0.0,0,0,,optimal,0.0,0,0,,optimal,0.0,0,0,,,,identical,,0.0,0.0,0.0,1.0,0,0,0,0,0,0,,,,identical,,0.0,0.0,0.0,1.0,0,0,0,0,0,0,,,
published,lhs198,lhs,87875.41414299751,0.0018402294807221898,0.9573494056751861,0.5932883237640975,10,100,optimal,0.0,0,0,,optimal,0.0,0,0,,optimal,0.0,0,0,,,,identical,,0.0,0.0,0.0,1.0,0,0,0,0,0,0,,,,identical,,0.0,0.0,0.0,1.0,0,0,0,0,0,0,,,
published,lhs198,lhs,87875.41414299751,0.0018402294807221898,0.9573494056751861,0.5932883237640975,6,100,optimal,0.0,0,0,,optimal,0.0,0,0,,optimal,0.0,0,0,,,,identical,,0.0,0.0,0.0,1.0,0,0,0,0,0,0,,,,identical,,0.0,0.0,0.0,1.0,0,0,0,0,0,0,,,
published,lhs199,lhs,4515.196158654111,0.03205978616521361,0.9622413583684318,0.643368348976699,1000000,100,optimal,40.426919473172234,53,11,5.818181818181818,optimal,28.04815253775522,39,9,5.333333333333333,optimal,11.401884635777737,4,2,3.0,0.030017743045081,0.0640270900528647,changed,served_and_memory,1.15878053553908,1.7235236702817431,0.12875339283767553,0.7358490566037735,14,0,-14,-2,0,2,0.0,0.0,0.0,changed,served_and_memory,182.33121191317,23.21767836667134,91.165605956585,0.07547169811320754,49,0,-49,-9,0,2,0.0,60.5,3.5909277864283853
published,lhs199,lhs,4515.196158654111,0.03205978616521361,0.9622413583684318,0.643368348976699,40,100,optimal,38.70339580289048,39,9,5.333333333333333,optimal,28.04815253775522,39,9,5.333333333333333,optimal,11.401884635777737,4,2,3.0,0.05387208250415978,0.09682853110646922,identical,,0.0,0.0,0.0,1.0,0,0,0,0,0,0,0.0,0.0,0.0,changed,served_and_memory,113.59923730251306,21.49415469638959,56.79961865125653,0.10256410256410256,35,0,-35,-7,0,2,0.0,73.0,4.888177319886966
published,lhs199,lhs,4515.196158654111,0.03205978616521361,0.9622413583684318,0.643368348976699,30,100,optimal,35.680251401814935,27,8,5.25,optimal,27.707870171395683,26,7,4.714285714285714,optimal,11.401884635777737,4,2,3.0,0.0640270900528647,0.10662101515601152,changed,routing,1.191353260428638,0.13087864102561042,0.17019332291837688,0.6060606060606061,7,6,-1,-1,1,3,-0.2857142857142857,10.428571428571429,0.4088096319750295,changed,served_and_memory,92.30433350417313,18.47101029531404,46.152166752086565,0.14814814814814814,23,0,-23,-6,0,2,0.0,73.0,4.888177319886966
published,lhs199,lhs,4515.196158654111,0.03205978616521361,0.9622413583684318,0.643368348976699,20,100,optimal,33.31689366237101,20,6,4.333333333333333,optimal,26.84852182331819,20,6,4.333333333333333,optimal,11.401884635777737,4,2,3.0,0.050276352689897476,0.16049104114873586,tie,,0.0,-7.105427357601002e-15,0.0,1.0,0,0,0,0,0,4,0.0,0.0,0.0,changed,served_and_memory,43.88851396288787,16.107652555870114,21.944256981443935,0.2,16,0,-16,-4,0,2,0.0,60.5,3.5909277864283853
published,lhs199,lhs,4515.196158654111,0.03205978616521361,0.9622413583684318,0.643368348976699,15,100,optimal,31.002718992260224,15,5,4.0,optimal,25.825445130107262,15,5,4.0,optimal,11.401884635777737,4,2,3.0,0.050276352689897476,0.23713737056616555,tie,,3.552713678800501e-15,3.552713678800501e-15,7.105427357601002e-16,1.0,0,0,0,0,0,2,0.0,0.0,1.3322676295501878e-16,changed,served_and_memory,26.603574798401603,13.79347788575933,13.301787399200801,0.26666666666666666,11,0,-11,-3,0,1,0.0,24.0,1.13520263013472
published,lhs199,lhs,4515.196158654111,0.03205978616521361,0.9622413583684318,0.643368348976699,10,100,optimal,23.89080099820486,7,3,3.3333333333333335,optimal,21.09234168428769,7,3,3.3333333333333335,optimal,11.401884635777737,4,2,3.0,0.23713737056616555,0.46415888336127825,identical,,0.0,0.0,0.0,1.0,0,0,0,0,0,0,0.0,0.0,0.0,changed,served_set_only,0.2114704257401243,6.681559891703966,0.10573521287006216,0.5714285714285714,3,0,-3,-1,0,0,0.0,0.0,0.0
published,lhs199,lhs,4515.196158654111,0.03205978616521361,0.9622413583684318,0.643368348976699,6,100,optimal,17.28355685152956,6,3,3.0,optimal,15.46799170932293,4,2,3.0,optimal,11.401884635777737,4,2,3.0,0.0036869450645195738,0.23713737056616555,changed,routing,0.11288545825946272,0.07431574502866667,0.05644272912973136,0.42857142857142855,3,1,-2,-1,1,0,0.5,0.0,2.9286577159278018,changed,routing,5.304251664608419,0.07431574502866667,2.6521258323042094,0.42857142857142855,3,1,-2,-1,1,0,0.5,0.0,2.6064306187498376
published,lhs200,lhs,5792.917622009051,0.0012486315174518373,0.9504798366124695,0.9149324849943807,1000000,100,optimal,0.0,0,0,,optimal,0.0,0,0,,optimal,0.0,0,0,,,,identical,,0.0,0.0,0.0,1.0,0,0,0,0,0,0,,,,identical,,0.0,0.0,0.0,1.0,0,0,0,0,0,0,,,
published,lhs200,lhs,5792.917622009051,0.0012486315174518373,0.9504798366124695,0.9149324849943807,40,100,optimal,0.0,0,0,,optimal,0.0,0,0,,optimal,0.0,0,0,,,,identical,,0.0,0.0,0.0,1.0,0,0,0,0,0,0,,,,identical,,0.0,0.0,0.0,1.0,0,0,0,0,0,0,,,
published,lhs200,lhs,5792.917622009051,0.0012486315174518373,0.9504798366124695,0.9149324849943807,30,100,optimal,0.0,0,0,,optimal,0.0,0,0,,optimal,0.0,0,0,,,,identical,,0.0,0.0,0.0,1.0,0,0,0,0,0,0,,,,identical,,0.0,0.0,0.0,1.0,0,0,0,0,0,0,,,
published,lhs200,lhs,5792.917622009051,0.0012486315174518373,0.9504798366124695,0.9149324849943807,20,100,optimal,0.0,0,0,,optimal,0.0,0,0,,optimal,0.0,0,0,,,,identical,,0.0,0.0,0.0,1.0,0,0,0,0,0,0,,,,identical,,0.0,0.0,0.0,1.0,0,0,0,0,0,0,,,
published,lhs200,lhs,5792.917622009051,0.0012486315174518373,0.9504798366124695,0.9149324849943807,15,100,optimal,0.0,0,0,,optimal,0.0,0,0,,optimal,0.0,0,0,,,,identical,,0.0,0.0,0.0,1.0,0,0,0,0,0,0,,,,identical,,0.0,0.0,0.0,1.0,0,0,0,0,0,0,,,
published,lhs200,lhs,5792.917622009051,0.0012486315174518373,0.9504798366124695,0.9149324849943807,10,100,optimal,0.0,0,0,,optimal,0.0,0,0,,optimal,0.0,0,0,,,,identical,,0.0,0.0,0.0,1.0,0,0,0,0,0,0,,,,identical,,0.0,0.0,0.0,1.0,0,0,0,0,0,0,,,
published,lhs200,lhs,5792.917622009051,0.0012486315174518373,0.9504798366124695,0.9149324849943807,6,100,optimal,0.0,0,0,,optimal,0.0,0,0,,optimal,0.0,0,0,,,,identical,,0.0,0.0,0.0,1.0,0,0,0,0,0,0,,,,identical,,0.0,0.0,0.0,1.0,0,0,0,0,0,0,,,
published,lhs201,lhs,1330.8341777721016,0.004686088189960251,0.968894141561413,0.7295431205053022,1000000,100,optimal,26.965709611837568,20,6,4.333333333333333,optimal,20.497337772784746,20,6,4.333333333333333,optimal,8.732976667923133,4,2,3.0,0.050276352689897476,0.15933803350851,identical,,0.0,0.0,0.0,1.0,0,0,0,0,0,0,0.0,0.0,0.0,changed,served_and_memory,49.50696060482755,12.425376473191275,24.753480302413774,0.2,16,0,-16,-4,0,2,0.0,48.0,2.3287746506964258
published,lhs201,lhs,1330.8341777721016,0.004686088189960251,0.968894141561413,0.7295431205053022,40,100,optimal,26.965709611837568,20,6,4.333333333333333,optimal,20.497337772784746,20,6,4.333333333333333,optimal,8.732976667923133,4,2,3.0,0.050276352689897476,0.15933803350851,identical,,0.0,0.0,0.0,1.0,0,0,0,0,0,0,0.0,0.0,0.0,changed,served_and_memory,49.50696060482755,12.425376473191275,24.753480302413774,0.2,16,0,-16,-4,0,2,0.0,48.0,2.3287746506964258
published,lhs201,lhs,1330.8341777721016,0.004686088189960251,0.968894141561413,0.7295431205053022,30,100,optimal,26.965709611837568,20,6,4.333333333333333,optimal,20.497337772784746,20,6,4.333333333333333,optimal,8.732976667923133,4,2,3.0,0.050276352689897476,0.15933803350851,identical,,0.0,0.0,0.0,1.0,0,0,0,0,0,0,0.0,0.0,0.0,changed,served_and_memory,49.50696060482755,12.425376473191275,24.753480302413774,0.2,16,0,-16,-4,0,2,0.0,48.0,2.3287746506964258
published,lhs201,lhs,1330.8341777721016,0.004686088189960251,0.968894141561413,0.7295431205053022,20,100,optimal,26.965709611837568,20,6,4.333333333333333,optimal,20.497337772784746,20,6,4.333333333333333,optimal,8.732976667923133,4,2,3.0,0.050276352689897476,0.15933803350851,identical,,0.0,0.0,0.0,1.0,0,0,0,0,0,0,0.0,0.0,0.0,changed,served_and_memory,49.50696060482755,12.425376473191275,24.753480302413774,0.2,16,0,-16,-4,0,2,0.0,48.0,2.3287746506964258
published,lhs201,lhs,1330.8341777721016,0.004686088189960251,0.968894141561413,0.7295431205053022,15,100,optimal,25.362999561792876,15,5,4.0,optimal,20.185725699639914,15,5,4.0,optimal,8.732976667923133,4,2,3.0,0.050276352689897476,0.23713737056616555,tie,,0.0,0.0,0.0,1.0,0,0,0,0,0,2,0.0,0.0,1.3322676295501878e-16,changed,served_and_memory,29.574386261014343,10.822666423146583,14.787193130507172,0.26666666666666666,11,0,-11,-3,0,1,0.0,24.0,1.13520263013472
published,lhs201,lhs,1330.8341777721016,0.004686088189960251,0.968894141561413,0.7295431205053022,10,100,optimal,20.093251761021172,7,3,3.3333333333333335,optimal,17.294792447104,7,3,3.3333333333333335,optimal,8.732976667923133,4,2,3.0,0.23713737056616555,0.46415888336127825,identical,,0.0,0.0,0.0,1.0,0,0,0,0,0,0,0.0,0.0,0.0,changed,served_set_only,1.3401116950692114,5.552918622374879,0.6700558475346057,0.5714285714285714,3,0,-3,-1,0,0,0.0,0.0,0.0
published,lhs201,lhs,1330.8341777721016,0.004686088189960251,0.968894141561413,0.7295431205053022,6,100,optimal,14.540333138646293,4,2,3.0,optimal,12.79908374146833,4,2,3.0,optimal,8.732976667923133,4,2,3.0,0.46415888336127825,0.5356805395261334,identical,,0.0,0.0,0.0,1.0,0,0,0,0,0,0,0.0,0.0,0.0,identical,,0.0,0.0,0.0,1.0,0,0,0,0,0,0,0.0,0.0,0.0
published,lhs202,lhs,2050.0669757606343,0.005427766718993195,0.9444335967940258,0.8488638821002779,1000000,100,optimal,37.877628538390006,32,8,5.0,optimal,28.66317112748534,32,8,5.0,optimal,10.355145464932589,4,2,3.0,0.050276352689897476,0.12331143269440609,tie,,3.552713678800501e-15,0.0,4.440892098500626e-16,1.0,0,0,0,0,0,2,0.0,0.0,-1.3877787807814457e-17,changed,served_and_memory,88.09556230953814,21.71512660273426,44.04778115476907,0.125,28,0,-28,-6,0,2,0.0,73.0,4.888177319886966
published,lhs202,lhs,2050.0669757606343,0.005427766718993195,0.9444335967940258,0.8488638821002779,40,100,optimal,37.877628538390006,32,8,5.0,optimal,28.66317112748534,32,8,5.0,optimal,10.355145464932589,4,2,3.0,0.050276352689897476,0.12331143269440609,tie,,3.552713678800501e-15,0.0,4.440892098500626e-16,1.0,0,0,0,0,0,2,0.0,0.0,-1.3877787807814457e-17,changed,served_and_memory,88.09556230953814,21.71512660273426,44.04778115476907,0.125,28,0,-28,-6,0,2,0.0,73.0,4.888177319886966
published,lhs202,lhs,2050.0669757606343,0.005427766718993195,0.9444335967940258,0.8488638821002779,30,100,optimal,35.70068020593796,26,7,4.714285714285714,optimal,27.85917761654431,26,7,4.714285714285714,optimal,10.355145464932589,4,2,3.0,0.0640270900528647,0.10375364037838179,tie,,-3.552713678800501e-15,0.0,-5.075305255429287e-16,1.0,0,0,0,0,0,2,0.0,0.0,-1.1102230246251565e-16,changed,served_and_memory,62.12804219112228,19.53817827028221,31.06402109556114,0.15384615384615385,22,0,-22,-5,0,2,0.0,73.0,4.888177319886966
published,lhs202,lhs,2050.0669757606343,0.005427766718993195,0.9444335967940258,0.8488638821002779,20,100,optimal,32.74641180659665,20,6,4.333333333333333,optimal,26.278039967543826,20,6,4.333333333333333,optimal,10.355145464932589,4,2,3.0,0.050276352689897476,0.16049104114873586,tie,,3.552713678800501e-15,7.105427357601002e-15,5.921189464667501e-16,1.0,0,0,0,0,0,2,0.0,0.0,-1.850371707708594e-17,changed,served_and_memory,43.412256647817095,16.5839098709409,21.706128323908548,0.2,16,0,-16,-4,0,2,0.0,60.5,3.5909277864283853
published,lhs202,lhs,2050.0669757606343,0.005427766718993195,0.9444335967940258,0.8488638821002779,15,100,optimal,30.003106180569503,15,5,4.0,optimal,24.82583231841654,15,5,4.0,optimal,10.355145464932589,4,2,3.0,0.050276352689897476,0.23713737056616555,identical,,0.0,0.0,0.0,1.0,0,0,0,0,0,0,0.0,0.0,0.0,changed,served_and_memory,26.55644843924717,13.840604244913756,13.278224219623585,0.26666666666666666,11,0,-11,-3,0,1,0.0,24.0,1.13520263013472
published,lhs202,lhs,2050.0669757606343,0.005427766718993195,0.9444335967940258,0.8488638821002779,10,100,optimal,22.647543031305744,7,3,3.3333333333333335,optimal,19.849083717388574,7,3,3.3333333333333335,optimal,10.355145464932589,4,2,3.0,0.23713737056616555,0.46415888336127825,identical,,0.0,0.0,0.0,1.0,0,0,0,0,0,0,0.0,0.0,0.0,changed,served_set_only,0.4079892217940948,6.485041095649997,0.2039946108970474,0.5714285714285714,3,0,-3,-1,0,0,0.0,0.0,0.0
published,lhs202,lhs,2050.0669757606343,0.005427766718993195,0.9444335967940258,0.8488638821002779,6,100,optimal,16.162501935655747,4,2,3.0,optimal,14.421252538477784,4,2,3.0,optimal,10.355145464932589,4,2,3.0,0.46415888336127825,0.5356805395261334,identical,,0.0,0.0,0.0,1.0,0,0,0,0,0,0,0.0,0.0,0.0,identical,,0.0,0.0,0.0,1.0,0,0,0,0,0,0,0.0,0.0,0.0
published,lhs203,lhs,7344.1706153964005,0.005977650489723456,0.9336933549145627,0.6393238651531474,1000000,100,optimal,37.5536629963833,32,8,5.0,optimal,28.54629480694485,26,7,4.714285714285714,optimal,12.201239500718492,7,3,3.3333333333333335,0.050276352689897476,0.09022029462920925,changed,served_and_memory,0.20708922146621234,1.1658656000448104,0.029584174495173192,0.8125,6,0,-6,-1,0,5,0.0,10.428571428571429,0.26985266965875077,changed,served_and_memory,90.3650829006274,12.652036707497562,30.121694300209132,0.21875,25,0,-25,-5,0,3,0.0,64.66666666666667,4.750146439878756
published,lhs203,lhs,7344.1706153964005,0.005977650489723456,0.9336933549145627,0.6393238651531474,40,100,optimal,37.5536629963833,32,8,5.0,optimal,28.54629480694485,26,7,4.714285714285714,optimal,12.201239500718492,7,3,3.3333333333333335,0.050276352689897476,0.09022029462920925,changed,served_and_memory,0.20708922146621234,1.1658656000448104,0.029584174495173192,0.8125,6,0,-6,-1,0,5,0.0,10.428571428571429,0.26985266965875077,changed,served_and_memory,90.3650829006274,12.652036707497562,30.121694300209132,0.21875,25,0,-25,-5,0,3,0.0,64.66666666666667,4.750146439878756
published,lhs203,lhs,7344.1706153964005,0.005977650489723456,0.9336933549145627,0.6393238651531474,30,100,optimal,36.38779739633849,26,7,4.714285714285714,optimal,28.54629480694485,26,7,4.714285714285714,optimal,12.201239500718492,7,3,3.3333333333333335,0.0640270900528647,0.10375364037838179,tie,,0.0,-7.105427357601002e-15,0.0,1.0,0,0,0,0,0,4,0.0,0.0,0.0,changed,served_and_memory,63.287019036507644,11.486171107452751,21.095673012169215,0.2692307692307692,19,0,-19,-4,0,2,0.0,48.666666666666664,3.2587848799246437
published,lhs203,lhs,7344.1706153964005,0.005977650489723456,0.9336933549145627,0.6393238651531474,20,100,optimal,34.44461172940442,20,6,4.333333333333333,optimal,27.9762398903516,20,6,4.333333333333333,optimal,12.201239500718492,7,3,3.3333333333333335,0.050276352689897476,0.141180193984225,tie,,0.0,0.0,0.0,1.0,0,0,0,0,0,4,0.0,0.0,-1.1102230246251565e-16,changed,served_and_memory,40.73421426365996,9.542985440518681,13.578071421219986,0.35,13,0,-13,-3,0,2,0.0,48.666666666666664,3.2587848799246437
published,lhs203,lhs,7344.1706153964005,0.005977650489723456,0.9336933549145627,0.6393238651531474,15,100,optimal,32.208535211907275,15,5,4.0,optimal,27.031261349754317,15,5,4.0,optimal,12.201239500718492,7,3,3.3333333333333335,0.08153869645085443,0.16394459283656687,tie,,0.0,0.0,0.0,1.0,0,0,0,0,0,2,0.0,0.0,-6.661338147750939e-17,changed,served_and_memory,24.159654438541807,7.306908923021535,8.053218146180603,0.4666666666666667,8,0,-8,-2,0,1,0.0,24.333333333333332,1.5982371772444528
published,lhs203,lhs,7344.1706153964005,0.005977650489723456,0.9336933549145627,0.6393238651531474,10,100,optimal,24.90162628888574,7,3,3.3333333333333335,optimal,22.10316697496857,7,3,3.3333333333333335,optimal,12.201239500718492,7,3,3.3333333333333335,0.23713737056616555,0.46415888336127825,identical,,0.0,0.0,0.0,1.0,0,0,0,0,0,0,0.0,0.0,0.0,identical,,0.0,0.0,0.0,1.0,0,0,0,0,0,0,0.0,0.0,0.0
published,lhs203,lhs,7344.1706153964005,0.005977650489723456,0.9336933549145627,0.6393238651531474,6,100,optimal,18.413839345441858,6,3,3.0,optimal,16.48538874497576,6,3,3.0,optimal,12.164366928162277,4,2,3.0,0.0036869450645195738,0.23713737056616555,identical,,0.0,0.0,0.0,1.0,0,0,0,0,0,0,0.0,0.0,0.0,changed,routing,4.936451463080665,0.44211594655642017,2.4682257315403326,0.42857142857142855,3,1,-2,-1,1,0,0.5,0.0,2.6018816115691483
published,lhs204,lhs,8134.8280033256415,0.002006591629913996,0.928283812956039,0.7252564530435601,1000000,100,optimal,18.870556198953018,4,2,3.0,optimal,17.12930680177505,4,2,3.0,optimal,13.063199728229858,4,2,3.0,0.46415888336127825,0.5356805395261334,identical,,0.0,0.0,0.0,1.0,0,0,0,0,0,0,0.0,0.0,0.0,identical,,0.0,0.0,0.0,1.0,0,0,0,0,0,0,0.0,0.0,0.0
published,lhs204,lhs,8134.8280033256415,0.002006591629913996,0.928283812956039,0.7252564530435601,40,100,optimal,18.870556198953018,4,2,3.0,optimal,17.12930680177505,4,2,3.0,optimal,13.063199728229858,4,2,3.0,0.46415888336127825,0.5356805395261334,identical,,0.0,0.0,0.0,1.0,0,0,0,0,0,0,0.0,0.0,0.0,identical,,0.0,0.0,0.0,1.0,0,0,0,0,0,0,0.0,0.0,0.0
published,lhs204,lhs,8134.8280033256415,0.002006591629913996,0.928283812956039,0.7252564530435601,30,100,optimal,18.870556198953018,4,2,3.0,optimal,17.12930680177505,4,2,3.0,optimal,13.063199728229858,4,2,3.0,0.46415888336127825,0.5356805395261334,identical,,0.0,0.0,0.0,1.0,0,0,0,0,0,0,0.0,0.0,0.0,identical,,0.0,0.0,0.0,1.0,0,0,0,0,0,0,0.0,0.0,0.0
published,lhs204,lhs,8134.8280033256415,0.002006591629913996,0.928283812956039,0.7252564530435601,20,100,optimal,18.870556198953018,4,2,3.0,optimal,17.12930680177505,4,2,3.0,optimal,13.063199728229858,4,2,3.0,0.46415888336127825,0.5356805395261334,identical,,0.0,0.0,0.0,1.0,0,0,0,0,0,0,0.0,0.0,0.0,identical,,0.0,0.0,0.0,1.0,0,0,0,0,0,0,0.0,0.0,0.0
published,lhs204,lhs,8134.8280033256415,0.002006591629913996,0.928283812956039,0.7252564530435601,15,100,optimal,18.870556198953018,4,2,3.0,optimal,17.12930680177505,4,2,3.0,optimal,13.063199728229858,4,2,3.0,0.46415888336127825,0.5356805395261334,identical,,0.0,0.0,0.0,1.0,0,0,0,0,0,0,0.0,0.0,0.0,identical,,0.0,0.0,0.0,1.0,0,0,0,0,0,0,0.0,0.0,0.0
published,lhs204,lhs,8134.8280033256415,0.002006591629913996,0.928283812956039,0.7252564530435601,10,100,optimal,18.870556198953018,4,2,3.0,optimal,17.12930680177505,4,2,3.0,optimal,13.063199728229858,4,2,3.0,0.46415888336127825,0.5356805395261334,identical,,0.0,0.0,0.0,1.0,0,0,0,0,0,0,0.0,0.0,0.0,identical,,0.0,0.0,0.0,1.0,0,0,0,0,0,0,0.0,0.0,0.0
published,lhs204,lhs,8134.8280033256415,0.002006591629913996,0.928283812956039,0.7252564530435601,6,100,optimal,18.870556198953018,4,2,3.0,optimal,17.12930680177505,4,2,3.0,optimal,13.063199728229858,4,2,3.0,0.46415888336127825,0.5356805395261334,identical,,0.0,0.0,0.0,1.0,0,0,0,0,0,0,0.0,0.0,0.0,identical,,0.0,0.0,0.0,1.0,0,0,0,0,0,0,0.0,0.0,0.0
published,lhs205,lhs,80073.48865786994,0.0209678288428245,0.9381909004952088,0.5743075736545105,1000000,100,optimal,70.59019861257526,53,11,5.818181818181818,optimal,57.052651141619165,53,11,5.818181818181818,optimal,21.63099223306388,7,3,3.3333333333333335,0.030017743045081,0.08153869645085443,tie,,-7.105427357601002e-15,0.0,-6.459479416000911e-16,1.0,0,0,0,0,0,2,0.0,0.0,-3.027880976250427e-17,changed,served_and_memory,159.57110387391782,36.258819591344135,53.190367957972605,0.1320754716981132,46,0,-46,-8,0,3,0.0,73.0,5.6149794621844755
published,lhs205,lhs,80073.48865786994,0.0209678288428245,0.9381909004952088,0.5743075736545105,40,100,optimal,64.77428740875615,39,9,5.333333333333333,optimal,54.11904414362088,39,9,5.333333333333333,optimal,21.63099223306388,7,3,3.3333333333333335,0.05387208250415978,0.08153869645085443,identical,,0.0,0.0,0.0,1.0,0,0,0,0,0,0,0.0,0.0,0.0,changed,served_and_memory,100.58338979106878,30.442908387525023,33.52779659702293,0.1794871794871795,32,0,-32,-6,0,3,0.0,64.66666666666667,4.750146439878756
published,lhs205,lhs,80073.48865786994,0.0209678288428245,0.9381909004952088,0.5743075736545105,30,100,optimal,58.932079055371744,27,8,5.25,optimal,49.76834456452385,27,8,5.25,optimal,21.63099223306388,7,3,3.3333333333333335,0.050276352689897476,0.11986246594997996,tie,,7.105427357601002e-15,0.0,8.881784197001252e-16,1.0,0,0,0,0,0,2,0.0,0.0,-4.163336342344337e-17,changed,served_and_memory,76.79024044866688,24.600700034140615,25.596746816222293,0.25925925925925924,20,0,-20,-5,0,3,0.0,73.0,5.6149794621844755
published,lhs205,lhs,80073.48865786994,0.0209678288428245,0.9381909004952088,0.5743075736545105,20,100,optimal,52.532290950063796,20,6,4.333333333333333,optimal,46.063919111010975,20,6,4.333333333333333,optimal,21.63099223306388,7,3,3.3333333333333335,0.0640270900528647,0.13038656197151804,tie,,0.0,0.0,0.0,1.0,0,0,0,0,0,4,0.0,0.0,9.251858538542972e-17,changed,served_and_memory,34.80093582658857,18.200911928832667,11.60031194219619,0.35,13,0,-13,-3,0,2,0.0,40.333333333333336,2.3939518576189234
published,lhs205,lhs,80073.48865786994,0.0209678288428245,0.9381909004952088,0.5743075736545105,15,100,optimal,47.49128172585563,15,5,4.0,optimal,42.31400786370267,15,5,4.0,optimal,21.63099223306388,7,3,3.3333333333333335,0.050276352689897476,0.23713737056616555,tie,,0.0,0.0,0.0,1.0,0,0,0,0,0,2,0.0,0.0,1.3322676295501878e-16,changed,served_and_memory,20.344119662092332,13.1599027046245,6.781373220697444,0.4666666666666667,8,0,-8,-2,0,1,0.0,16.0,0.7568017534231467
published,lhs205,lhs,80073.48865786994,0.0209678288428245,0.9381909004952088,0.5743075736545105,10,100,optimal,38.19995634199281,10,5,4.2,optimal,33.455582114769136,10,5,4.2,optimal,21.63099223306388,7,3,3.3333333333333335,0.0005623413251903491,0.15703748946090484,tie,,0.0,-7.105427357601002e-15,0.0,1.0,0,0,0,0,0,2,0.0,0.0,6.661338147750939e-17,changed,routing,34.564125156383504,3.8685773207616805,11.521375052127835,0.4166666666666667,5,2,-3,-2,1,1,0.6666666666666666,24.333333333333332,5.272867594424458
published,lhs205,lhs,80073.48865786994,0.0209678288428245,0.9381909004952088,0.5743075736545105,6,100,optimal,27.979476040895864,6,3,3.0,optimal,26.05102544042977,6,3,3.0,optimal,18.53936508518023,4,2,3.0,0.0036869450645195738,0.23713737056616555,identical,,0.0,0.0,0.0,1.0,0,0,0,0,0,0,0.0,0.0,0.0,changed,routing,1.7458129246446106,3.6327544849924784,0.8729064623223053,0.42857142857142855,3,1,-2,-1,1,0,0.5,0.0,2.5245199308146677
published,lhs206,lhs,2773.5888980508385,0.033583326745617474,0.92916223001563,0.6029111434444624,1000000,100,optimal,23.795589649335703,20,6,4.333333333333333,optimal,18.351420374077147,15,5,4.0,optimal,8.912661028581525,4,2,3.0,0.08153869645085443,0.12431716560097561,changed,served_and_memory,1.0242025637942653,0.2668954131055976,0.20484051275885307,0.75,5,0,-5,-1,0,3,0.0,14.6,0.37779373752225115,changed,served_and_memory,47.99336942569905,9.07557215003102,23.996684712849525,0.2,16,0,-16,-4,0,2,0.0,73.0,4.888177319886966
published,lhs206,lhs,2773.5888980508385,0.033583326745617474,0.92916223001563,0.6029111434444624,40,100,optimal,23.795589649335703,20,6,4.333333333333333,optimal,18.351420374077147,15,5,4.0,optimal,8.912661028581525,4,2,3.0,0.050276352689897476,0.141180193984225,changed,served_and_memory,1.0242025637942653,0.2668954131055976,0.20484051275885307,0.75,5,0,-5,-1,0,3,0.0,14.6,0.3777937375222511,changed,served_and_memory,48.09465787159171,9.07557215003102,24.047328935795854,0.2,16,0,-16,-4,0,2,0.0,73.0,4.888177319886966
published,lhs206,lhs,2773.5888980508385,0.033583326745617474,0.92916223001563,0.6029111434444624,30,100,optimal,23.795589649335703,20,6,4.333333333333333,optimal,18.351420374077147,15,5,4.0,optimal,8.912661028581525,4,2,3.0,0.050276352689897476,0.141180193984225,changed,served_and_memory,1.0242025637942653,0.2668954131055976,0.20484051275885307,0.75,5,0,-5,-1,0,3,0.0,14.6,0.3777937375222511,changed,served_and_memory,48.09465787159171,9.07557215003102,24.047328935795854,0.2,16,0,-16,-4,0,2,0.0,73.0,4.888177319886966
published,lhs206,lhs,2773.5888980508385,0.033583326745617474,0.92916223001563,0.6029111434444624,20,100,optimal,23.795589649335703,20,6,4.333333333333333,optimal,18.351420374077147,15,5,4.0,optimal,8.912661028581525,4,2,3.0,0.050276352689897476,0.12431716560097561,changed,served_and_memory,1.0242025637942653,0.2668954131055976,0.20484051275885307,0.75,5,0,-5,-1,0,1,0.0,14.6,0.3777937375222512,changed,served_and_memory,50.03082843085254,9.07557215003102,25.01541421542627,0.2,16,0,-16,-4,0,2,0.0,60.5,3.626024184155007
published,lhs206,lhs,2773.5888980508385,0.033583326745617474,0.92916223001563,0.6029111434444624,15,100,optimal,23.528694236230105,15,5,4.0,optimal,18.351420374077147,15,5,4.0,optimal,8.912661028581525,4,2,3.0,0.08153869645085443,0.16394459283656687,tie,,0.0,0.0,0.0,1.0,0,0,0,0,0,2,0.0,0.0,-6.661338147750939e-17,changed,served_and_memory,29.55091694208201,8.808676736925422,14.775458471041006,0.26666666666666666,11,0,-11,-3,0,1,0.0,36.5,2.397355765866679
published,lhs206,lhs,2773.5888980508385,0.033583326745617474,0.92916223001563,0.6029111434444624,10,100,optimal,19.916146563884585,7,3,3.3333333333333335,optimal,17.117687249967414,7,3,3.3333333333333335,optimal,8.912661028581525,4,2,3.0,0.23713737056616555,0.46415888336127825,identical,,0.0,0.0,0.0,1.0,0,0,0,0,0,0,0.0,0.0,0.0,changed,served_set_only,1.6969012528641896,5.196129064579901,0.8484506264320948,0.5714285714285714,3,0,-3,-1,0,0,0.0,0.0,0.0
published,lhs206,lhs,2773.5888980508385,0.033583326745617474,0.92916223001563,0.6029111434444624,6,100,optimal,14.720017499304683,4,2,3.0,optimal,12.978768102126718,4,2,3.0,optimal,8.912661028581525,4,2,3.0,0.46415888336127825,0.5356805395261334,identical,,0.0,0.0,0.0,1.0,0,0,0,0,0,0,0.0,0.0,0.0,identical,,0.0,0.0,0.0,1.0,0,0,0,0,0,0,0.0,0.0,0.0
published,lhs207,lhs,63922.7901765913,0.009950868671765976,0.9277387347566936,0.7984662181703395,1000000,100,optimal,88.33069333729262,53,11,5.818181818181818,optimal,74.79314586633652,53,11,5.818181818181818,optimal,23.575124762486475,7,3,3.3333333333333335,0.030017743045081,0.08153869645085443,identical,,0.0,0.0,0.0,1.0,0,0,0,0,0,0,0.0,0.0,0.0,changed,served_and_memory,143.77474167862306,52.0551817866389,47.92491389287435,0.1320754716981132,46,0,-46,-8,0,3,0.0,73.0,5.614979462184476
published,lhs207,lhs,63922.7901765913,0.009950868671765976,0.9277387347566936,0.7984662181703395,40,100,optimal,80.1159713594002,38,10,6.1,optimal,68.03077388290467,38,10,6.1,optimal,23.575124762486475,7,3,3.3333333333333335,0.04279211619645008,0.07278289325185956,tie,,0.0,0.0,0.0,1.0,0,0,0,0,0,2,0.0,0.0,-1.1102230246251566e-17,changed,served_and_memory,126.10304111730548,43.84045980874649,42.034347039101824,0.18421052631578946,31,0,-31,-7,0,3,0.0,64.66666666666667,4.750146439878756
published,lhs207,lhs,63922.7901765913,0.009950868671765976,0.9277387347566936,0.7984662181703395,30,100,optimal,70.26633783919652,30,9,5.111111111111111,optimal,60.797251763542356,27,8,5.25,optimal,23.575124762486475,7,3,3.3333333333333335,0.00015183215780139426,0.08153869645085443,changed,served_and_memory,0.7535665526210025,0.30535158480628866,0.09419581907762531,0.9,3,0,-3,-1,0,4,0.0,0.0,4.163336342344337e-17,changed,served_and_memory,110.77355054353319,33.990826288542806,36.924516847844394,0.23333333333333334,23,0,-23,-6,0,3,0.0,64.66666666666667,4.750146439878756
published,lhs207,lhs,63922.7901765913,0.009950868671765976,0.9277387347566936,0.7984662181703395,20,100,optimal,62.456488548750954,18,7,5.428571428571429,optimal,54.62638586489086,18,7,5.428571428571429,optimal,23.575124762486475,7,3,3.3333333333333335,0.0640270900528647,0.12331143269440609,tie,,0.0,0.0,0.0,1.0,0,0,0,0,0,4,0.0,0.0,4.7580986769649563e-17,changed,served_and_memory,60.85286898922415,26.180976998097236,20.284289663074716,0.3888888888888889,11,0,-11,-4,0,2,0.0,40.333333333333336,2.417349456103338
published,lhs207,lhs,63922.7901765913,0.009950868671765976,0.9277387347566936,0.7984662181703395,15,100,optimal,52.11604395205584,15,5,4.0,optimal,46.93877008990288,15,5,4.0,optimal,23.575124762486475,7,3,3.3333333333333335,0.050276352689897476,0.16394459283656687,tie,,0.0,0.0,0.0,1.0,0,0,0,0,0,2,0.0,0.0,-6.661338147750939e-17,changed,served_and_memory,15.727319406053885,15.840532401402122,5.2424398020179614,0.4666666666666667,8,0,-8,-2,0,1,0.0,24.333333333333332,1.5982371772444528
published,lhs207,lhs,63922.7901765913,0.009950868671765976,0.9277387347566936,0.7984662181703395,10,100,optimal,43.029749631306245,10,5,4.2,optimal,38.285375404082565,10,5,4.2,optimal,23.575124762486475,7,3,3.3333333333333335,0.0005623413251903491,0.15703748946090484,identical,,0.0,0.0,0.0,1.0,0,0,0,0,0,0,0.0,0.0,0.0,changed,routing,34.198811280464284,6.754238080652527,11.399603760154761,0.4166666666666667,5,2,-3,-2,1,1,0.6666666666666666,24.333333333333332,5.589806116746256
published,lhs207,lhs,63922.7901765913,0.009950868671765976,0.9277387347566936,0.7984662181703395,6,100,optimal,29.49296805930141,6,3,3.0,optimal,27.564517458835315,6,3,3.0,optimal,19.5537735584337,4,2,3.0,0.0036869450645195738,0.23713737056616555,identical,,0.0,0.0,0.0,1.0,0,0,0,0,0,0,0.0,0.0,0.0,changed,routing,1.2467293794925354,4.13183803014455,0.6233646897462677,0.42857142857142855,3,1,-2,-1,1,0,0.5,0.0,2.7622238225560163
published,lhs208,lhs,1361.1733748362071,0.00675341839404377,0.9951549899568498,0.5963876031332244,1000000,100,optimal,24.120122436162497,26,7,4.714285714285714,optimal,17.631257306058814,15,5,4.0,optimal,8.119577046878543,4,2,3.0,0.050276352689897476,0.12532289850754513,changed,served_and_memory,1.3526374592899586,1.3115912679507247,0.27052749185799174,0.5769230769230769,11,0,-11,-2,0,1,0.0,14.6,0.3777937375222512,changed,served_and_memory,71.57431998873635,10.193188918560793,35.787159994368174,0.15384615384615385,22,0,-22,-5,0,2,0.0,73.0,4.888177319886966
published,lhs208,lhs,1361.1733748362071,0.00675341839404377,0.9951549899568498,0.5963876031332244,40,100,optimal,24.120122436162493,26,7,4.714285714285714,optimal,17.631257306058814,15,5,4.0,optimal,8.119577046878543,4,2,3.0,0.0640270900528647,0.10375364037838179,changed,served_and_memory,1.3526374592899622,1.3115912679507211,0.2705274918579924,0.5769230769230769,11,0,-11,-2,0,3,0.0,14.6,0.3777937375222512,changed,served_and_memory,71.4730315428437,10.19318891856079,35.73651577142185,0.15384615384615385,22,0,-22,-5,0,2,0.0,73.0,4.888177319886966
published,lhs208,lhs,1361.1733748362071,0.00675341839404377,0.9951549899568498,0.5963876031332244,30,100,optimal,24.120122436162497,26,7,4.714285714285714,optimal,17.631257306058814,15,5,4.0,optimal,8.119577046878543,4,2,3.0,0.050276352689897476,0.12532289850754513,changed,served_and_memory,1.3526374592899586,1.3115912679507247,0.27052749185799174,0.5769230769230769,11,0,-11,-2,0,1,0.0,14.6,0.3777937375222512,changed,served_and_memory,71.57431998873635,10.193188918560793,35.787159994368174,0.15384615384615385,22,0,-22,-5,0,2,0.0,73.0,4.888177319886966
published,lhs208,lhs,1361.1733748362071,0.00675341839404377,0.9951549899568498,0.5963876031332244,20,100,optimal,23.497196522084487,20,6,4.333333333333333,optimal,17.631257306058814,15,5,4.0,optimal,8.119577046878543,4,2,3.0,0.0640270900528647,0.13038656197151804,changed,served_and_memory,0.6024326230271484,0.6886653538727145,0.12048652460542968,0.75,5,0,-5,-1,0,3,0.0,9.6,0.18868329432672648,changed,served_and_memory,50.32461506838254,9.570263004482783,25.16230753419127,0.2,16,0,-16,-4,0,2,0.0,60.5,3.5909277864283853
published,lhs208,lhs,1361.1733748362071,0.00675341839404377,0.9951549899568498,0.5963876031332244,15,100,optimal,22.808531168211772,15,5,4.0,optimal,17.631257306058814,15,5,4.0,optimal,8.119577046878543,4,2,3.0,0.050276352689897476,0.16394459283656687,identical,,0.0,0.0,0.0,1.0,0,0,0,0,0,0,0.0,0.0,0.0,changed,served_and_memory,29.579284474290024,8.881597650610068,14.789642237145012,0.26666666666666666,11,0,-11,-3,0,1,0.0,36.5,2.397355765866679
published,lhs208,lhs,1361.1733748362071,0.00675341839404377,0.9951549899568498,0.5963876031332244,10,100,optimal,18.96785974419586,7,3,3.3333333333333335,optimal,16.169400430278692,7,3,3.3333333333333335,optimal,8.119577046878543,4,2,3.0,0.23713737056616555,0.46415888336127825,identical,,0.0,0.0,0.0,1.0,0,0,0,0,0,0,0.0,0.0,0.0,changed,served_set_only,1.8521040908499318,5.040926226594156,0.9260520454249659,0.5714285714285714,3,0,-3,-1,0,0,0.0,0.0,0.0
published,lhs208,lhs,1361.1733748362071,0.00675341839404377,0.9951549899568498,0.5963876031332244,6,100,optimal,13.926933517601704,4,2,3.0,optimal,12.18568412042374,4,2,3.0,optimal,8.119577046878543,4,2,3.0,0.46415888336127825,0.5356805395261334,identical,,0.0,0.0,0.0,1.0,0,0,0,0,0,0,0.0,0.0,0.0,identical,,0.0,0.0,0.0,1.0,0,0,0,0,0,0,0.0,0.0,0.0
published,lhs209,lhs,5151.636762620112,0.0031240257618256875,0.9931068137081487,0.6143693439510622,1000000,100,optimal,24.968009436844454,7,3,3.3333333333333335,optimal,22.169550122927284,7,3,3.3333333333333335,optimal,12.267622648677207,7,3,3.3333333333333335,0.23713737056616555,0.46415888336127825,identical,,0.0,0.0,0.0,1.0,0,0,0,0,0,0,0.0,0.0,0.0,identical,,0.0,0.0,0.0,1.0,0,0,0,0,0,0,0.0,0.0,0.0
published,lhs209,lhs,5151.636762620112,0.0031240257618256875,0.9931068137081487,0.6143693439510622,40,100,optimal,24.968009436844454,7,3,3.3333333333333335,optimal,22.169550122927284,7,3,3.3333333333333335,optimal,12.267622648677207,7,3,3.3333333333333335,0.23713737056616555,0.46415888336127825,identical,,0.0,0.0,0.0,1.0,0,0,0,0,0,0,0.0,0.0,0.0,identical,,0.0,0.0,0.0,1.0,0,0,0,0,0,0,0.0,0.0,0.0
published,lhs209,lhs,5151.636762620112,0.0031240257618256875,0.9931068137081487,0.6143693439510622,30,100,optimal,24.968009436844454,7,3,3.3333333333333335,optimal,22.169550122927284,7,3,3.3333333333333335,optimal,12.267622648677207,7,3,3.3333333333333335,0.23713737056616555,0.46415888336127825,identical,,0.0,0.0,0.0,1.0,0,0,0,0,0,0,0.0,0.0,0.0,identical,,0.0,0.0,0.0,1.0,0,0,0,0,0,0,0.0,0.0,0.0
published,lhs209,lhs,5151.636762620112,0.0031240257618256875,0.9931068137081487,0.6143693439510622,20,100,optimal,24.968009436844454,7,3,3.3333333333333335,optimal,22.169550122927284,7,3,3.3333333333333335,optimal,12.267622648677207,7,3,3.3333333333333335,0.23713737056616555,0.46415888336127825,identical,,0.0,0.0,0.0,1.0,0,0,0,0,0,0,0.0,0.0,0.0,identical,,0.0,0.0,0.0,1.0,0,0,0,0,0,0,0.0,0.0,0.0
published,lhs209,lhs,5151.636762620112,0.0031240257618256875,0.9931068137081487,0.6143693439510622,15,100,optimal,24.968009436844454,7,3,3.3333333333333335,optimal,22.169550122927284,7,3,3.3333333333333335,optimal,12.267622648677207,7,3,3.3333333333333335,0.23713737056616555,0.46415888336127825,identical,,0.0,0.0,0.0,1.0,0,0,0,0,0,0,0.0,0.0,0.0,identical,,0.0,0.0,0.0,1.0,0,0,0,0,0,0,0.0,0.0,0.0
published,lhs209,lhs,5151.636762620112,0.0031240257618256875,0.9931068137081487,0.6143693439510622,10,100,optimal,24.968009436844454,7,3,3.3333333333333335,optimal,22.169550122927284,7,3,3.3333333333333335,optimal,12.267622648677207,7,3,3.3333333333333335,0.23713737056616555,0.46415888336127825,identical,,0.0,0.0,0.0,1.0,0,0,0,0,0,0,0.0,0.0,0.0,identical,,0.0,0.0,0.0,1.0,0,0,0,0,0,0,0.0,0.0,0.0
published,lhs209,lhs,5151.636762620112,0.0031240257618256875,0.9931068137081487,0.6143693439510622,6,100,optimal,18.32744165789198,6,3,3.0,optimal,16.39899105742589,6,3,3.0,optimal,12.09519108448617,4,2,3.0,0.0036869450645195738,0.23713737056616555,identical,,0.0,0.0,0.0,1.0,0,0,0,0,0,0,0.0,0.0,0.0,changed,routing,4.953673306954434,0.42489410268265004,2.476836653477217,0.42857142857142855,3,1,-2,-1,1,0,0.5,0.0,2.573161251991436
published,lhs210,lhs,46974.312613850016,0.003460255933303703,0.9575683607957357,0.8803955007229264,1000000,100,optimal,37.03653059563507,7,3,3.3333333333333335,optimal,34.23807128171789,7,3,3.3333333333333335,optimal,24.336143807467817,7,3,3.3333333333333335,0.23713737056616555,0.46415888336127825,identical,,0.0,0.0,0.0,1.0,0,0,0,0,0,0,0.0,0.0,0.0,identical,,0.0,0.0,0.0,1.0,0,0,0,0,0,0,0.0,0.0,0.0
published,lhs210,lhs,46974.312613850016,0.003460255933303703,0.9575683607957357,0.8803955007229264,40,100,optimal,37.03653059563507,7,3,3.3333333333333335,optimal,34.23807128171789,7,3,3.3333333333333335,optimal,24.336143807467817,7,3,3.3333333333333335,0.23713737056616555,0.46415888336127825,identical,,0.0,0.0,0.0,1.0,0,0,0,0,0,0,0.0,0.0,0.0,identical,,0.0,0.0,0.0,1.0,0,0,0,0,0,0,0.0,0.0,0.0
published,lhs210,lhs,46974.312613850016,0.003460255933303703,0.9575683607957357,0.8803955007229264,30,100,optimal,37.03653059563507,7,3,3.3333333333333335,optimal,34.23807128171789,7,3,3.3333333333333335,optimal,24.336143807467817,7,3,3.3333333333333335,0.23713737056616555,0.46415888336127825,identical,,0.0,0.0,0.0,1.0,0,0,0,0,0,0,0.0,0.0,0.0,identical,,0.0,0.0,0.0,1.0,0,0,0,0,0,0,0.0,0.0,0.0
published,lhs210,lhs,46974.312613850016,0.003460255933303703,0.9575683607957357,0.8803955007229264,20,100,optimal,37.03653059563507,7,3,3.3333333333333335,optimal,34.23807128171789,7,3,3.3333333333333335,optimal,24.336143807467817,7,3,3.3333333333333335,0.23713737056616555,0.46415888336127825,identical,,0.0,0.0,0.0,1.0,0,0,0,0,0,0,0.0,0.0,0.0,identical,,0.0,0.0,0.0,1.0,0,0,0,0,0,0,0.0,0.0,0.0
published,lhs210,lhs,46974.312613850016,0.003460255933303703,0.9575683607957357,0.8803955007229264,15,100,optimal,37.03653059563507,7,3,3.3333333333333335,optimal,34.23807128171789,7,3,3.3333333333333335,optimal,24.336143807467817,7,3,3.3333333333333335,0.23713737056616555,0.46415888336127825,identical,,0.0,0.0,0.0,1.0,0,0,0,0,0,0,0.0,0.0,0.0,identical,,0.0,0.0,0.0,1.0,0,0,0,0,0,0,0.0,0.0,0.0
published,lhs210,lhs,46974.312613850016,0.003460255933303703,0.9575683607957357,0.8803955007229264,10,100,optimal,37.03653059563507,7,3,3.3333333333333335,optimal,34.23807128171789,7,3,3.3333333333333335,optimal,24.336143807467817,7,3,3.3333333333333335,0.23713737056616555,0.46415888336127825,identical,,0.0,0.0,0.0,1.0,0,0,0,0,0,0,0.0,0.0,0.0,identical,,0.0,0.0,0.0,1.0,0,0,0,0,0,0,0.0,0.0,0.0
published,lhs210,lhs,46974.312613850016,0.003460255933303703,0.9575683607957357,0.8803955007229264,6,100,optimal,29.993474863493415,6,3,3.0,optimal,28.06502426302732,6,3,3.0,optimal,19.87605027477303,4,2,3.0,0.0036869450645195738,0.23713737056616555,identical,,0.0,0.0,0.0,1.0,0,0,0,0,0,0,0.0,0.0,0.0,changed,routing,1.0684992916398635,4.310068117997222,0.5342496458199317,0.42857142857142855,3,1,-2,-1,1,0,0.5,0.0,2.8326840233176287
published,lhs211,lhs,84566.7429419899,0.0019889795109698924,0.9829824785217647,0.9068232637359752,1000000,100,optimal,14.214146363907963,2,1,3.0,optimal,13.344039899306063,2,1,3.0,optimal,11.565296860144723,2,1,3.0,0.6072021956909884,0.6072021956909884,identical,,0.0,0.0,0.0,1.0,0,0,0,0,0,0,0.0,0.0,0.0,identical,,0.0,0.0,0.0,1.0,0,0,0,0,0,0,0.0,0.0,0.0
published,lhs211,lhs,84566.7429419899,0.0019889795109698924,0.9829824785217647,0.9068232637359752,40,100,optimal,14.214146363907963,2,1,3.0,optimal,13.344039899306063,2,1,3.0,optimal,11.565296860144723,2,1,3.0,0.6072021956909884,0.6072021956909884,identical,,0.0,0.0,0.0,1.0,0,0,0,0,0,0,0.0,0.0,0.0,identical,,0.0,0.0,0.0,1.0,0,0,0,0,0,0,0.0,0.0,0.0
published,lhs211,lhs,84566.7429419899,0.0019889795109698924,0.9829824785217647,0.9068232637359752,30,100,optimal,14.214146363907963,2,1,3.0,optimal,13.344039899306063,2,1,3.0,optimal,11.565296860144723,2,1,3.0,0.6072021956909884,0.6072021956909884,identical,,0.0,0.0,0.0,1.0,0,0,0,0,0,0,0.0,0.0,0.0,identical,,0.0,0.0,0.0,1.0,0,0,0,0,0,0,0.0,0.0,0.0
published,lhs211,lhs,84566.7429419899,0.0019889795109698924,0.9829824785217647,0.9068232637359752,20,100,optimal,14.214146363907963,2,1,3.0,optimal,13.344039899306063,2,1,3.0,optimal,11.565296860144723,2,1,3.0,0.6072021956909884,0.6072021956909884,identical,,0.0,0.0,0.0,1.0,0,0,0,0,0,0,0.0,0.0,0.0,identical,,0.0,0.0,0.0,1.0,0,0,0,0,0,0,0.0,0.0,0.0
published,lhs211,lhs,84566.7429419899,0.0019889795109698924,0.9829824785217647,0.9068232637359752,15,100,optimal,14.214146363907963,2,1,3.0,optimal,13.344039899306063,2,1,3.0,optimal,11.565296860144723,2,1,3.0,0.6072021956909884,0.6072021956909884,identical,,0.0,0.0,0.0,1.0,0,0,0,0,0,0,0.0,0.0,0.0,identical,,0.0,0.0,0.0,1.0,0,0,0,0,0,0,0.0,0.0,0.0
published,lhs211,lhs,84566.7429419899,0.0019889795109698924,0.9829824785217647,0.9068232637359752,10,100,optimal,14.214146363907963,2,1,3.0,optimal,13.344039899306063,2,1,3.0,optimal,11.565296860144723,2,1,3.0,0.6072021956909884,0.6072021956909884,identical,,0.0,0.0,0.0,1.0,0,0,0,0,0,0,0.0,0.0,0.0,identical,,0.0,0.0,0.0,1.0,0,0,0,0,0,0,0.0,0.0,0.0
published,lhs211,lhs,84566.7429419899,0.0019889795109698924,0.9829824785217647,0.9068232637359752,6,100,optimal,14.214146363907963,2,1,3.0,optimal,13.344039899306063,2,1,3.0,optimal,11.565296860144723,2,1,3.0,0.6072021956909884,0.6072021956909884,identical,,0.0,0.0,0.0,1.0,0,0,0,0,0,0,0.0,0.0,0.0,identical,,0.0,0.0,0.0,1.0,0,0,0,0,0,0,0.0,0.0,0.0
published,lhs212,lhs,2404.8890084229047,0.022997621705749975,0.9645369133959264,0.8564268016279479,1000000,100,optimal,55.25757777842866,55,14,7.214285714285714,optimal,39.31839297342874,53,11,5.818181818181818,optimal,11.429543528618476,7,3,3.3333333333333335,0.030017743045081,0.05916841616414359,changed,served_and_memory,2.3782293592520887,2.4016373340438193,0.21620266902291715,0.9636363636363636,2,0,-2,-3,0,6,0.0,6.909090909090909,0.34419723565154325,changed,served_and_memory,318.6774276761988,31.127647461642937,106.2258092253996,0.12727272727272726,48,0,-48,-11,0,3,0.0,77.33333333333333,6.848912076311538
published,lhs212,lhs,2404.8890084229047,0.022997621705749975,0.9645369133959264,0.8564268016279479,40,100,optimal,53.80655318757661,40,14,7.785714285714286,optimal,37.75598102236776,39,11,6.545454545454546,optimal,11.429543528618476,7,3,3.3333333333333335,0.030017743045081,0.0640270900528647,changed,served_and_memory,2.3782293592520745,2.4016373340438193,0.21620266902291585,0.975,1,0,-1,-3,0,6,0.0,6.909090909090909,0.34419723565154325,changed,served_and_memory,340.7851362125709,29.676622870790887,113.59504540419029,0.175,33,0,-33,-11,0,3,0.0,69.0,5.984079054005817
published,lhs212,lhs,2404.8890084229047,0.022997621705749975,0.9645369133959264,0.8564268016279479,30,100,optimal,46.40940019756821,30,11,7.181818181818182,optimal,34.64735981809602,30,9,6.0,optimal,11.429543528618476,7,3,3.3333333333333335,0.03319923187926317,0.0640270900528647,changed,routing,2.108276328832659,0.9441185714079907,0.234252925425851,0.3953488372093023,13,13,0,-2,2,2,0.14285714285714285,7.142857142857143,0.2894172343499628,changed,served_and_memory,227.49479073126403,22.279469880782486,75.83159691042134,0.23333333333333334,23,0,-23,-8,0,3,0.0,73.0,5.6149794621844755
published,lhs212,lhs,2404.8890084229047,0.022997621705749975,0.9645369133959264,0.8564268016279479,20,100,optimal,39.35493997267807,18,7,5.428571428571429,optimal,31.524837288817977,18,7,5.428571428571429,optimal,11.429543528618476,7,3,3.3333333333333335,0.0640270900528647,0.08153869645085443,tie,,3.552713678800501e-15,0.0,5.075305255429287e-16,1.0,0,0,0,0,0,2,0.0,0.0,0.0,changed,served_and_memory,74.6347728285643,15.225009655892343,24.87825760952143,0.3888888888888889,11,0,-11,-4,0,2,0.0,32.0,1.5525164337976172
published,lhs212,lhs,2404.8890084229047,0.022997621705749975,0.9645369133959264,0.8564268016279479,15,100,optimal,32.80686834999272,15,5,4.0,optimal,27.629594487839757,15,5,4.0,optimal,11.429543528618476,7,3,3.3333333333333335,0.050276352689897476,0.23713737056616555,identical,,0.0,0.0,0.0,1.0,0,0,0,0,0,0,0.0,0.0,0.0,changed,served_and_memory,24.827084333509845,8.676938033206994,8.275694777836614,0.4666666666666667,8,0,-8,-2,0,1,0.0,16.0,0.7568017534231467
published,lhs212,lhs,2404.8890084229047,0.022997621705749975,0.9645369133959264,0.8564268016279479,10,100,optimal,25.404922756567156,9,4,4.75,optimal,21.331471002868554,7,3,3.3333333333333335,optimal,11.429543528618476,7,3,3.3333333333333335,0.08153869645085443,0.16049104114873586,changed,served_and_memory,0.08593520623837492,1.2749924397814318,0.028645068746124974,0.3333333333333333,5,3,-2,-1,0,1,0.0,36.5,0.9444843438056278,changed,served_and_memory,28.880987586302638,1.2749924397814318,9.626995862100879,0.3333333333333333,5,3,-2,-1,0,1,0.0,36.5,2.397355765866679
published,lhs212,lhs,2404.8890084229047,0.022997621705749975,0.9645369133959264,0.8564268016279479,6,100,optimal,17.101970148312283,6,3,3.0,optimal,15.346558700820172,4,2,3.0,optimal,11.280451627274974,4,2,3.0,0.0036869450645195738,0.23713737056616555,changed,routing,0.17303915297398476,0.014162050314148189,0.08651957648699238,0.42857142857142855,3,1,-2,-1,1,0,0.5,0.0,3.135000206906976,changed,routing,5.364405359322938,0.014162050314148189,2.682202679661469,0.42857142857142855,3,1,-2,-1,1,0,0.5,0.0,2.8127731097290116
published,lhs213,lhs,58048.06484214093,0.001885022146718477,0.9333964224595714,0.9025372391249065,1000000,100,optimal,0.0,0,0,,optimal,0.0,0,0,,optimal,0.0,0,0,,,,identical,,0.0,0.0,0.0,1.0,0,0,0,0,0,0,,,,identical,,0.0,0.0,0.0,1.0,0,0,0,0,0,0,,,
published,lhs213,lhs,58048.06484214093,0.001885022146718477,0.9333964224595714,0.9025372391249065,40,100,optimal,0.0,0,0,,optimal,0.0,0,0,,optimal,0.0,0,0,,,,identical,,0.0,0.0,0.0,1.0,0,0,0,0,0,0,,,,identical,,0.0,0.0,0.0,1.0,0,0,0,0,0,0,,,
published,lhs213,lhs,58048.06484214093,0.001885022146718477,0.9333964224595714,0.9025372391249065,30,100,optimal,0.0,0,0,,optimal,0.0,0,0,,optimal,0.0,0,0,,,,identical,,0.0,0.0,0.0,1.0,0,0,0,0,0,0,,,,identical,,0.0,0.0,0.0,1.0,0,0,0,0,0,0,,,
published,lhs213,lhs,58048.06484214093,0.001885022146718477,0.9333964224595714,0.9025372391249065,20,100,optimal,0.0,0,0,,optimal,0.0,0,0,,optimal,0.0,0,0,,,,identical,,0.0,0.0,0.0,1.0,0,0,0,0,0,0,,,,identical,,0.0,0.0,0.0,1.0,0,0,0,0,0,0,,,
published,lhs213,lhs,58048.06484214093,0.001885022146718477,0.9333964224595714,0.9025372391249065,15,100,optimal,0.0,0,0,,optimal,0.0,0,0,,optimal,0.0,0,0,,,,identical,,0.0,0.0,0.0,1.0,0,0,0,0,0,0,,,,identical,,0.0,0.0,0.0,1.0,0,0,0,0,0,0,,,
published,lhs213,lhs,58048.06484214093,0.001885022146718477,0.9333964224595714,0.9025372391249065,10,100,optimal,0.0,0,0,,optimal,0.0,0,0,,optimal,0.0,0,0,,,,identical,,0.0,0.0,0.0,1.0,0,0,0,0,0,0,,,,identical,,0.0,0.0,0.0,1.0,0,0,0,0,0,0,,,
published,lhs213,lhs,58048.06484214093,0.001885022146718477,0.9333964224595714,0.9025372391249065,6,100,optimal,0.0,0,0,,optimal,0.0,0,0,,optimal,0.0,0,0,,,,identical,,0.0,0.0,0.0,1.0,0,0,0,0,0,0,,,,identical,,0.0,0.0,0.0,1.0,0,0,0,0,0,0,,,
published,lhs214,lhs,66769.94606843343,0.0018662533207886409,0.9270354616854841,0.8183865161287363,1000000,100,optimal,0.0,0,0,,optimal,0.0,0,0,,optimal,0.0,0,0,,,,identical,,0.0,0.0,0.0,1.0,0,0,0,0,0,0,,,,identical,,0.0,0.0,0.0,1.0,0,0,0,0,0,0,,,
published,lhs214,lhs,66769.94606843343,0.0018662533207886409,0.9270354616854841,0.8183865161287363,40,100,optimal,0.0,0,0,,optimal,0.0,0,0,,optimal,0.0,0,0,,,,identical,,0.0,0.0,0.0,1.0,0,0,0,0,0,0,,,,identical,,0.0,0.0,0.0,1.0,0,0,0,0,0,0,,,
published,lhs214,lhs,66769.94606843343,0.0018662533207886409,0.9270354616854841,0.8183865161287363,30,100,optimal,0.0,0,0,,optimal,0.0,0,0,,optimal,0.0,0,0,,,,identical,,0.0,0.0,0.0,1.0,0,0,0,0,0,0,,,,identical,,0.0,0.0,0.0,1.0,0,0,0,0,0,0,,,
published,lhs214,lhs,66769.94606843343,0.0018662533207886409,0.9270354616854841,0.8183865161287363,20,100,optimal,0.0,0,0,,optimal,0.0,0,0,,optimal,0.0,0,0,,,,identical,,0.0,0.0,0.0,1.0,0,0,0,0,0,0,,,,identical,,0.0,0.0,0.0,1.0,0,0,0,0,0,0,,,
published,lhs214,lhs,66769.94606843343,0.0018662533207886409,0.9270354616854841,0.8183865161287363,15,100,optimal,0.0,0,0,,optimal,0.0,0,0,,optimal,0.0,0,0,,,,identical,,0.0,0.0,0.0,1.0,0,0,0,0,0,0,,,,identical,,0.0,0.0,0.0,1.0,0,0,0,0,0,0,,,
published,lhs214,lhs,66769.94606843343,0.0018662533207886409,0.9270354616854841,0.8183865161287363,10,100,optimal,0.0,0,0,,optimal,0.0,0,0,,optimal,0.0,0,0,,,,identical,,0.0,0.0,0.0,1.0,0,0,0,0,0,0,,,,identical,,0.0,0.0,0.0,1.0,0,0,0,0,0,0,,,
published,lhs214,lhs,66769.94606843343,0.0018662533207886409,0.9270354616854841,0.8183865161287363,6,100,optimal,0.0,0,0,,optimal,0.0,0,0,,optimal,0.0,0,0,,,,identical,,0.0,0.0,0.0,1.0,0,0,0,0,0,0,,,,identical,,0.0,0.0,0.0,1.0,0,0,0,0,0,0,,,
published,lhs215,lhs,5269.601160040362,0.011543740454964818,0.9711483976468462,0.8841845665768965,1000000,100,optimal,77.7914087863144,55,14,7.214285714285714,optimal,59.4739946220624,55,14,7.214285714285714,optimal,15.36365230777172,7,3,3.3333333333333335,0.030017743045081,0.06223628039710497,tie,,-7.105427357601002e-15,2.842170943040401e-14,-5.075305255429287e-16,1.0,0,0,0,0,0,2,0.0,0.0,0.0,changed,served_and_memory,299.128085962277,49.72736969037544,99.70936198742567,0.12727272727272726,48,0,-48,-11,0,3,0.0,77.33333333333333,6.848912076311536
published,lhs215,lhs,5269.601160040362,0.011543740454964818,0.9711483976468462,0.8841845665768965,40,100,optimal,76.97979660300794,40,14,7.785714285714286,optimal,58.55099507854701,40,14,7.785714285714286,optimal,15.36365230777172,7,3,3.3333333333333335,0.030017743045081,0.0640270900528647,tie,,0.0,0.0,0.0,1.0,0,0,0,0,0,2,0.0,0.0,1.586032892321652e-17,changed,served_and_memory,318.72006507915745,48.915757507068975,106.24002169305248,0.175,33,0,-33,-11,0,3,0.0,77.33333333333333,6.848912076311536
published,lhs215,lhs,5269.601160040362,0.011543740454964818,0.9711483976468462,0.8841845665768965,30,100,optimal,65.54778251055282,30,12,7.833333333333333,optimal,50.24761664530216,30,11,7.181818181818182,optimal,15.36365230777172,7,3,3.3333333333333335,0.03319923187926317,0.0640270900528647,changed,served_and_memory,0.20452505838444068,1.429849156945835,0.018593187125858245,1.0,0,0,0,-1,0,4,0.0,2.3636363636363638,0.17227865092833905,changed,served_and_memory,284.78703674786425,37.483743414613855,94.92901224928808,0.23333333333333334,23,0,-23,-9,0,3,0.0,73.0,5.6149794621844755
published,lhs215,lhs,5269.601160040362,0.011543740454964818,0.9711483976468462,0.8841845665768965,20,100,optimal,55.2672167835386,20,10,8.2,optimal,42.54123371094861,20,9,7.444444444444445,optimal,15.36365230777172,7,3,3.3333333333333335,0.03319923187926317,0.0640270900528647,changed,served_and_memory,0.20452505838443358,1.429849156945835,0.022725006487159288,1.0,0,0,0,-1,0,1,0.0,1.4444444444444444,0.10528139778954046,changed,served_and_memory,255.30637349511605,27.20317768759963,85.10212449837202,0.35,13,0,-13,-7,0,2,0.0,48.666666666666664,3.954431759504285
published,lhs215,lhs,5269.601160040362,0.011543740454964818,0.9711483976468462,0.8841845665768965,15,100,optimal,41.21341693168575,15,6,5.666666666666667,optimal,34.44052416456486,15,6,5.666666666666667,optimal,15.36365230777172,7,3,3.3333333333333335,0.0640270900528647,0.08153869645085443,tie,,7.105427357601002e-15,0.0,1.1842378929335002e-15,1.0,0,0,0,0,0,4,0.0,0.0,3.700743415417188e-17,changed,served_and_memory,69.81737433126577,13.14937783574678,23.272458110421923,0.2222222222222222,11,3,-8,-3,0,2,0.0,48.0,2.3287746506964258
published,lhs215,lhs,5269.601160040362,0.011543740454964818,0.9711483976468462,0.8841845665768965,10,100,optimal,31.28259041082329,10,5,4.2,optimal,26.906869828231542,9,4,4.75,optimal,15.36365230777172,7,3,3.3333333333333335,0.0005623413251903491,0.15703748946090484,changed,served_and_memory,0.3686536446319302,0.21633362265476208,0.09216341115798254,0.9,1,0,-1,-1,0,2,0.0,0.0,-1.6653345369377348e-16,changed,routing,37.73449804623249,3.2185513148843192,12.57816601541083,0.4166666666666667,5,2,-3,-2,1,1,0.6666666666666666,24.333333333333332,5.687883571075544
published,lhs215,lhs,5269.601160040362,0.011543740454964818,0.9711483976468462,0.8841845665768965,6,100,optimal,20.967522443939306,6,3,3.0,optimal,19.03907184347321,6,3,3.0,optimal,13.856601689164858,4,2,3.0,0.0036869450645195738,0.23713737056616555,identical,,0.0,0.0,0.0,1.0,0,0,0,0,0,0,0.0,0.0,0.0,changed,routing,4.0750031255858,1.303564284051287,2.0375015627929,0.42857142857142855,3,1,-2,-1,1,0,0.5,0.0,2.835781913302983
published,lhs216,lhs,106082.874460083,0.013274685814908715,0.9649667784440996,0.5411917903992336,1000000,100,optimal,77.95607132542378,53,11,5.818181818181818,optimal,64.41852385446768,53,11,5.818181818181818,optimal,23.197737572153695,7,3,3.3333333333333335,0.030017743045081,0.08153869645085443,tie,,0.0,0.0,0.0,1.0,0,0,0,0,0,6,0.0,0.0,4.0371746350005693e-17,changed,served_and_memory,153.77197650015916,42.057946965102836,51.25732550005305,0.1320754716981132,46,0,-46,-8,0,3,0.0,73.0,5.6149794621844755
published,lhs216,lhs,106082.874460083,0.013274685814908715,0.9649667784440996,0.5411917903992336,40,100,optimal,71.85844398462832,40,10,5.9,optimal,59.7868223036301,39,9,5.333333333333333,optimal,23.197737572153695,7,3,3.3333333333333335,0.06044547074134525,0.08918361377866182,changed,served_and_memory,0.14776296677334244,1.4163784158629653,0.01641810741926027,0.975,1,0,-1,-1,0,2,0.0,0.0,3.700743415417188e-17,changed,served_and_memory,131.91027649984724,35.96031962430738,43.97009216661575,0.175,33,0,-33,-7,0,3,0.0,73.0,5.6149794621844755
published,lhs216,lhs,106082.874460083,0.013274685814908715,0.9649667784440996,0.5411917903992336,30,100,optimal,65.47163977190546,28,9,5.888888888888889,optimal,54.89152686519459,27,8,5.25,optimal,23.197737572153695,7,3,3.3333333333333335,0.050276352689897476,0.11641349920555381,changed,served_and_memory,0.14776296677332823,1.4163784158629653,0.01847037084666603,0.9642857142857143,1,0,-1,-1,0,3,0.0,3.125,0.11819402699720288,changed,served_and_memory,108.82365533345485,29.573515411584516,36.27455177781828,0.25,21,0,-21,-6,0,3,0.0,73.0,5.6149794621844755
published,lhs216,lhs,106082.874460083,0.013274685814908715,0.9649667784440996,0.5411917903992336,20,100,optimal,57.12947556817002,18,7,5.428571428571429,optimal,49.43133171814722,20,6,4.333333333333333,optimal,23.197737572153695,7,3,3.3333333333333335,0.0640270900528647,0.12331143269440609,changed,routing,0.13195883383730234,1.2297720109699668,0.021993138972883724,0.7272727272727273,2,4,2,-1,1,3,-0.5,4.166666666666667,0.4907724586029631,changed,served_and_memory,63.209833334344054,21.23135120784908,21.069944444781353,0.3888888888888889,11,0,-11,-4,0,2,0.0,40.333333333333336,2.417349456103338
published,lhs216,lhs,106082.874460083,0.013274685814908715,0.9649667784440996,0.5411917903992336,15,100,optimal,50.21876248089023,15,5,4.0,optimal,45.04148861873726,15,5,4.0,optimal,23.197737572153695,7,3,3.3333333333333335,0.08153869645085443,0.16394459283656687,tie,,-1.4210854715202004e-14,-7.105427357601002e-15,-2.842170943040401e-15,1.0,0,0,0,0,0,2,0.0,0.0,4.4408920985006264e-17,changed,served_and_memory,17.14592524099406,14.320638120569285,5.715308413664687,0.4666666666666667,8,0,-8,-2,0,1,0.0,24.333333333333332,1.5982371772444528
published,lhs216,lhs,106082.874460083,0.013274685814908715,0.9649667784440996,0.5411917903992336,10,100,optimal,41.15443514831088,10,5,4.2,optimal,36.41006092108721,10,5,4.2,optimal,23.197737572153695,7,3,3.3333333333333335,0.0005623413251903491,0.08153869645085443,identical,,0.0,0.0,0.0,1.0,0,0,0,0,0,0,0.0,0.0,0.0,changed,routing,37.63290913238771,5.256310787989939,12.544303044129236,0.4166666666666667,5,2,-3,-2,1,1,0.6666666666666666,16.0,4.374309748747301
published,lhs216,lhs,106082.874460083,0.013274685814908715,0.9649667784440996,0.5411917903992336,6,100,optimal,29.530862369829606,6,3,3.0,optimal,27.602411769363513,6,3,3.0,optimal,19.56631363990163,4,2,3.0,0.0036869450645195738,0.23713737056616555,identical,,0.0,0.0,0.0,1.0,0,0,0,0,0,0,0.0,0.0,0.0,changed,routing,1.2213751504322659,4.157192259204816,0.6106875752161329,0.42857142857142855,3,1,-2,-1,1,0,0.5,0.0,2.4816781144227797
published,lhs217,lhs,9347.195774563033,0.04329668563727395,0.9790494017586994,0.6222274157805552,1000000,100,optimal,53.22567792671781,53,11,5.818181818181818,optimal,39.688130455761716,53,11,5.818181818181818,optimal,14.54698325136887,7,3,3.3333333333333335,0.030017743045081,0.08153869645085443,tie,,7.105427357601002e-15,1.4210854715202004e-14,6.459479416000911e-16,1.0,0,0,0,0,0,6,0.0,0.0,4.0371746350005693e-17,changed,served_and_memory,169.85161557808027,25.97830788718169,56.617205192693426,0.1320754716981132,46,0,-46,-8,0,3,0.0,73.0,5.6149794621844755
published,lhs217,lhs,9347.195774563033,0.04329668563727395,0.9790494017586994,0.6222274157805552,40,100,optimal,49.63524578850183,40,10,5.9,optimal,38.42368719712343,39,9,5.333333333333333,optimal,14.54698325136887,7,3,3.3333333333333335,0.05387208250415978,0.08918361377866182,changed,served_set_only,1.0078260563931707,0.55631532624313,0.11198067293257452,0.975,1,0,-1,-1,0,0,0.0,0.0,0.0,changed,served_and_memory,146.43233986037822,22.38787574896571,48.81077995345941,0.175,33,0,-33,-7,0,3,0.0,73.0,5.6149794621844755
published,lhs217,lhs,9347.195774563033,0.04329668563727395,0.9790494017586994,0.6222274157805552,30,100,optimal,45.46441692771187,28,9,5.888888888888889,optimal,35.74436711062085,27,8,5.25,optimal,14.54698325136887,7,3,3.3333333333333335,0.06044547074134525,0.09682853110646922,changed,served_and_memory,1.0078260563931707,0.55631532624313,0.12597825704914634,0.9642857142857143,1,0,-1,-1,0,4,0.0,0.0,2.7755575615628914e-17,changed,served_and_memory,123.69245907662446,18.217046888175755,41.23081969220815,0.25,21,0,-21,-6,0,3,0.0,73.0,5.6149794621844755
published,lhs217,lhs,9347.195774563033,0.04329668563727395,0.9790494017586994,0.6222274157805552,20,100,optimal,40.709486595553386,18,7,5.428571428571429,optimal,33.646673584311934,20,6,4.333333333333333,optimal,14.54698325136887,7,3,3.3333333333333335,0.0640270900528647,0.15703748946090484,changed,routing,0.7672896726186309,0.5944411721886311,0.12788161210310514,0.7272727272727273,2,4,2,-1,1,4,-0.5,0.0,0.23252941865757806,changed,served_and_memory,71.94114848520691,13.462116556017268,23.980382828402302,0.3888888888888889,11,0,-11,-4,0,2,0.0,40.333333333333336,2.3939518576189234
published,lhs217,lhs,9347.195774563033,0.04329668563727395,0.9790494017586994,0.6222274157805552,15,100,optimal,36.64125613056356,15,5,4.0,optimal,31.463982268410607,15,5,4.0,optimal,14.54698325136887,7,3,3.3333333333333335,0.050276352689897476,0.16394459283656687,tie,,0.0,0.0,0.0,1.0,0,0,0,0,0,2,0.0,0.0,-1.554312234475219e-16,changed,served_and_memory,22.173965716428555,9.393886091027444,7.391321905476185,0.4666666666666667,8,0,-8,-2,0,1,0.0,24.333333333333332,1.5982371772444528
published,lhs217,lhs,9347.195774563033,0.04329668563727395,0.9790494017586994,0.6222274157805552,10,100,optimal,27.857931113393473,10,5,4.2,optimal,24.448910725618948,7,3,3.3333333333333335,optimal,14.54698325136887,7,3,3.3333333333333335,0.0005623413251903491,0.15703748946090484,changed,routing,1.3353538394491515,0.6105610738573546,0.44511794648305053,0.4166666666666667,5,2,-3,-2,1,1,0.6666666666666666,24.333333333333332,2.922611674113005,changed,routing,40.342488287259464,0.6105610738573546,13.447496095753154,0.4166666666666667,5,2,-3,-2,1,1,0.6666666666666666,24.333333333333332,5.349946511167427
published,lhs217,lhs,9347.195774563033,0.04329668563727395,0.9790494017586994,0.6222274157805552,6,100,optimal,20.631898202286244,6,3,3.0,optimal,18.70344760182015,6,3,3.0,optimal,13.632120955042764,4,2,3.0,0.0036869450645195738,0.23713737056616555,identical,,0.0,0.0,0.0,1.0,0,0,0,0,0,0,0.0,0.0,0.0,changed,routing,4.186146633116765,1.192420776520322,2.0930733165583826,0.42857142857142855,3,1,-2,-1,1,0,0.5,0.0,2.582329118371894
published,lhs218,lhs,28088.950259442485,0.05568367275521781,0.9206629786708789,0.8524790574838643,1000000,100,optimal,77.00129390025016,53,11,5.818181818181818,optimal,63.46374642929407,53,11,5.818181818181818,optimal,20.38550849863084,7,3,3.3333333333333335,0.030017743045081,0.08153869645085443,tie,,0.0,0.0,0.0,1.0,0,0,0,0,0,6,0.0,0.0,0.0,changed,served_and_memory,151.91452485180992,43.91539861345207,50.63817495060331,0.1320754716981132,46,0,-46,-8,0,3,0.0,73.0,5.6149794621844755
published,lhs218,lhs,28088.950259442485,0.05568367275521781,0.9206629786708789,0.8524790574838643,40,100,optimal,69.2309916596075,38,10,6.1,optimal,57.903760724094674,39,9,5.333333333333333,optimal,20.38550849863084,7,3,3.3333333333333335,0.04279211619645008,0.07278289325185956,changed,routing,0.7579665409827143,0.6719876703775611,0.08421850455363493,0.6041666666666666,9,10,1,-1,2,0,-0.5555555555555556,0.0,0.02146323328827263,changed,served_and_memory,133.79840455324253,36.145096372809405,44.59946818441418,0.18421052631578946,31,0,-31,-7,0,3,0.0,64.66666666666667,4.750146439878756
published,lhs218,lhs,28088.950259442485,0.05568367275521781,0.9206629786708789,0.8524790574838643,30,100,optimal,61.848529752363866,29,8,5.375,optimal,52.59474932693596,29,8,5.375,optimal,20.38550849863084,7,3,3.3333333333333335,0.05387208250415978,0.09897609782820413,tie,,-7.105427357601002e-15,7.105427357601002e-15,-8.881784197001252e-16,1.0,0,0,0,0,0,6,0.0,0.0,8.326672684688674e-17,changed,served_and_memory,78.84587774075692,28.762634465565775,26.281959246918973,0.2413793103448276,22,0,-22,-5,0,3,0.0,64.66666666666667,4.77354403836317
published,lhs218,lhs,28088.950259442485,0.05568367275521781,0.9206629786708789,0.8524790574838643,20,100,optimal,54.71957596614786,18,7,5.428571428571429,optimal,46.88947328228777,18,7,5.428571428571429,optimal,20.38550849863084,7,3,3.3333333333333335,0.0640270900528647,0.12331143269440609,tie,,0.0,0.0,0.0,1.0,0,0,0,0,0,4,0.0,0.0,1.2688263138573217e-16,changed,served_and_memory,65.4001653079716,21.633680679349766,21.8000551026572,0.3888888888888889,11,0,-11,-4,0,2,0.0,40.333333333333336,2.4173494561033375
published,lhs218,lhs,28088.950259442485,0.05568367275521781,0.9206629786708789,0.8524790574838643,15,100,optimal,46.958637088749285,15,5,4.0,optimal,41.78136322659633,15,5,4.0,optimal,20.38550849863084,7,3,3.3333333333333335,0.050276352689897476,0.16394459283656687,tie,,0.0,-1.4210854715202004e-14,0.0,1.0,0,0,0,0,0,2,0.0,0.0,-1.3322676295501878e-16,changed,served_and_memory,17.6951100055048,13.872741801951193,5.898370001834934,0.4666666666666667,8,0,-8,-2,0,1,0.0,24.333333333333332,1.5982371772444528
published,lhs218,lhs,28088.950259442485,0.05568367275521781,0.9206629786708789,0.8524790574838643,10,100,optimal,37.65426402061971,10,5,4.2,optimal,32.90988979339604,10,5,4.2,optimal,20.38550849863084,7,3,3.3333333333333335,0.0005623413251903491,0.08153869645085443,tie,,7.105427357601002e-15,-7.105427357601002e-15,1.4210854715202005e-15,1.0,0,0,0,0,0,2,0.0,0.0,1.3322676295501878e-16,changed,routing,38.32085118655601,4.568368733821622,12.773617062185338,0.4166666666666667,5,2,-3,-2,1,1,0.6666666666666666,16.0,4.811326040689686
published,lhs218,lhs,28088.950259442485,0.05568367275521781,0.9206629786708789,0.8524790574838643,6,100,optimal,26.241325715043644,6,3,3.0,optimal,24.31287511457755,6,3,3.0,optimal,17.390941997035014,4,2,3.0,0.0036869450645195738,0.23713737056616555,identical,,0.0,0.0,0.0,1.0,0,0,0,0,0,0,0.0,0.0,0.0,changed,routing,2.335540162351613,3.043027247285469,1.1677700811758065,0.42857142857142855,3,1,-2,-1,1,0,0.5,0.0,2.8094403333795683
published,lhs219,lhs,15200.525352007242,0.03607782041925774,0.9863169339085456,0.7024181110164405,1000000,100,optimal,75.65681190958674,55,14,7.214285714285714,optimal,58.40267096632064,54,12,6.333333333333333,optimal,18.09969203018108,7,3,3.3333333333333335,0.030017743045081,0.05916841616414359,changed,served_and_memory,1.0632732209858986,2.0845155993046944,0.08860610174882488,0.9818181818181818,1,0,-1,-2,0,5,0.0,5.25,0.23655308433842595,changed,served_and_memory,307.77427854373866,44.856733091238404,102.59142618124622,0.12727272727272726,48,0,-48,-11,0,3,0.0,69.0,5.984079054005817
published,lhs219,lhs,15200.525352007242,0.03607782041925774,0.9863169339085456,0.7024181110164405,40,100,optimal,72.67863219237192,40,14,7.785714285714286,optimal,55.31310388889689,40,12,7.0,optimal,18.09969203018108,7,3,3.3333333333333335,0.030017743045081,0.0640270900528647,changed,served_and_memory,1.0632732209858844,2.0845155993046944,0.0886061017488237,1.0,0,0,0,-2,0,7,0.0,5.25,0.2365530843384259,changed,served_and_memory,325.7572692122028,41.87855337402359,108.5857564040676,0.175,33,0,-33,-11,0,3,0.0,77.33333333333333,6.848912076311536
published,lhs219,lhs,15200.525352007242,0.03607782041925774,0.9863169339085456,0.7024181110164405,30,100,optimal,62.569393419738546,30,11,7.181818181818182,optimal,49.99820180396561,28,9,5.888888888888889,optimal,18.09969203018108,7,3,3.3333333333333335,0.03319923187926317,0.0640270900528647,changed,served_and_memory,1.2991250925319022,1.8433157422887518,0.1443472325035447,0.5675675675675675,9,7,-2,-2,0,3,0.0,3.5714285714285716,0.1350788879968034,changed,served_and_memory,218.00494601065628,31.769314601390214,72.66831533688543,0.23333333333333334,23,0,-23,-8,0,3,0.0,73.0,5.6149794621844755
published,lhs219,lhs,15200.525352007242,0.03607782041925774,0.9863169339085456,0.7024181110164405,20,100,optimal,51.946926402868,20,9,7.444444444444445,optimal,44.09961006044222,18,7,5.428571428571429,optimal,18.09969203018108,7,3,3.3333333333333335,0.03319923187926317,0.0640270900528647,changed,served_and_memory,3.4488175732183777,0.017213658565694345,0.4926882247454825,0.46153846153846156,8,6,-2,-2,0,3,0.0,10.0,0.3782208863910494,changed,served_and_memory,186.05990647906663,21.14684758451967,62.019968826355544,0.35,13,0,-13,-6,0,2,0.0,48.666666666666664,3.954431759504285
published,lhs219,lhs,15200.525352007242,0.03607782041925774,0.9863169339085456,0.7024181110164405,15,100,optimal,43.224970072048905,15,5,4.0,optimal,38.04769620989594,15,5,4.0,optimal,18.09969203018108,7,3,3.3333333333333335,0.050276352689897476,0.23713737056616555,identical,,0.0,0.0,0.0,1.0,0,0,0,0,0,0,0.0,0.0,0.0,changed,served_and_memory,21.079131113016267,12.424891253700572,7.026377037672089,0.4666666666666667,8,0,-8,-2,0,1,0.0,16.0,0.7568017534231467
published,lhs219,lhs,15200.525352007242,0.03607782041925774,0.9863169339085456,0.7024181110164405,10,100,optimal,34.64726819521641,10,5,4.2,optimal,29.902893967992735,10,5,4.2,optimal,18.09969203018108,7,3,3.3333333333333335,0.0005623413251903491,0.08153869645085443,tie,,0.0,0.0,0.0,1.0,0,0,0,0,0,2,0.0,0.0,6.661338147750939e-17,changed,routing,39.04203054350956,3.84718937686808,13.014010181169853,0.4166666666666667,5,2,-3,-2,1,1,0.6666666666666666,16.0,4.625103141407817
published,lhs219,lhs,15200.525352007242,0.03607782041925774,0.9863169339085456,0.7024181110164405,6,100,optimal,23.986876952063973,6,3,3.0,optimal,22.058426351597873,6,3,3.0,optimal,15.868356719542412,4,2,3.0,0.0036869450645195738,0.23713737056616555,identical,,0.0,0.0,0.0,1.0,0,0,0,0,0,0,0.0,0.0,0.0,changed,routing,3.067403647838688,2.311163761798401,1.533701823919344,0.42857142857142855,3,1,-2,-1,1,0,0.5,0.0,2.669773158918167
published,lhs220,lhs,14381.28382585282,0.0031092595392283144,0.9385419938522932,0.6829894648605521,1000000,100,optimal,28.663572084542743,7,3,3.3333333333333335,optimal,25.865112770625576,7,3,3.3333333333333335,optimal,15.963185296375496,7,3,3.3333333333333335,0.23713737056616555,0.46415888336127825,identical,,0.0,0.0,0.0,1.0,0,0,0,0,0,0,0.0,0.0,0.0,identical,,0.0,0.0,0.0,1.0,0,0,0,0,0,0,0.0,0.0,0.0
published,lhs220,lhs,14381.28382585282,0.0031092595392283144,0.9385419938522932,0.6829894648605521,40,100,optimal,28.663572084542743,7,3,3.3333333333333335,optimal,25.865112770625576,7,3,3.3333333333333335,optimal,15.963185296375496,7,3,3.3333333333333335,0.23713737056616555,0.46415888336127825,identical,,0.0,0.0,0.0,1.0,0,0,0,0,0,0,0.0,0.0,0.0,identical,,0.0,0.0,0.0,1.0,0,0,0,0,0,0,0.0,0.0,0.0
published,lhs220,lhs,14381.28382585282,0.0031092595392283144,0.9385419938522932,0.6829894648605521,30,100,optimal,28.663572084542743,7,3,3.3333333333333335,optimal,25.865112770625576,7,3,3.3333333333333335,optimal,15.963185296375496,7,3,3.3333333333333335,0.23713737056616555,0.46415888336127825,identical,,0.0,0.0,0.0,1.0,0,0,0,0,0,0,0.0,0.0,0.0,identical,,0.0,0.0,0.0,1.0,0,0,0,0,0,0,0.0,0.0,0.0
published,lhs220,lhs,14381.28382585282,0.0031092595392283144,0.9385419938522932,0.6829894648605521,20,100,optimal,28.663572084542743,7,3,3.3333333333333335,optimal,25.865112770625576,7,3,3.3333333333333335,optimal,15.963185296375496,7,3,3.3333333333333335,0.23713737056616555,0.46415888336127825,identical,,0.0,0.0,0.0,1.0,0,0,0,0,0,0,0.0,0.0,0.0,identical,,0.0,0.0,0.0,1.0,0,0,0,0,0,0,0.0,0.0,0.0
published,lhs220,lhs,14381.28382585282,0.0031092595392283144,0.9385419938522932,0.6829894648605521,15,100,optimal,28.663572084542743,7,3,3.3333333333333335,optimal,25.865112770625576,7,3,3.3333333333333335,optimal,15.963185296375496,7,3,3.3333333333333335,0.23713737056616555,0.46415888336127825,identical,,0.0,0.0,0.0,1.0,0,0,0,0,0,0,0.0,0.0,0.0,identical,,0.0,0.0,0.0,1.0,0,0,0,0,0,0,0.0,0.0,0.0
published,lhs220,lhs,14381.28382585282,0.0031092595392283144,0.9385419938522932,0.6829894648605521,10,100,optimal,28.663572084542743,7,3,3.3333333333333335,optimal,25.865112770625576,7,3,3.3333333333333335,optimal,15.963185296375496,7,3,3.3333333333333335,0.23713737056616555,0.46415888336127825,identical,,0.0,0.0,0.0,1.0,0,0,0,0,0,0,0.0,0.0,0.0,identical,,0.0,0.0,0.0,1.0,0,0,0,0,0,0,0.0,0.0,0.0
published,lhs220,lhs,14381.28382585282,0.0031092595392283144,0.9385419938522932,0.6829894648605521,6,100,optimal,22.06018421416521,6,3,3.0,optimal,20.131733613699115,6,3,3.0,optimal,14.593020554753739,4,2,3.0,0.0036869450645195738,0.23713737056616555,identical,,0.0,0.0,0.0,1.0,0,0,0,0,0,0,0.0,0.0,0.0,changed,routing,3.7187602209487736,1.659807188688312,1.8593801104743868,0.42857142857142855,3,1,-2,-1,1,0,0.5,0.0,2.6495397996825063
published,lhs221,lhs,139512.13826582395,0.007546877813126596,0.9785482810069895,0.783084854219985,1000000,100,optimal,113.59794280729936,53,11,5.818181818181818,optimal,100.06039533634328,53,11,5.818181818181818,optimal,28.552524806328826,7,3,3.3333333333333335,0.030017743045081,0.0640270900528647,tie,,0.0,0.0,0.0,1.0,0,0,0,0,0,4,0.0,0.0,7.065055611250996e-17,changed,served_and_memory,126.31082874959392,72.34503121280329,42.10360958319797,0.1320754716981132,46,0,-46,-8,0,3,0.0,64.66666666666667,4.750146439878756
published,lhs221,lhs,139512.13826582395,0.007546877813126596,0.9785482810069895,0.783084854219985,40,100,optimal,104.40031967852046,38,10,6.1,optimal,92.31512220202492,38,10,6.1,optimal,28.552524806328826,7,3,3.3333333333333335,0.04279211619645008,0.09897609782820413,tie,,-1.4210854715202004e-14,0.0,-1.4210854715202005e-15,1.0,0,0,0,0,0,2,0.0,0.0,-5.551115123125783e-17,changed,served_and_memory,101.37749489976406,63.147408084024384,33.792498299921355,0.18421052631578946,31,0,-31,-7,0,3,0.0,73.0,5.614979462184476
published,lhs221,lhs,139512.13826582395,0.007546877813126596,0.9785482810069895,0.783084854219985,30,100,optimal,89.7565998578911,30,10,5.3,optimal,79.18019808158557,30,9,5.111111111111111,optimal,28.552524806328826,7,3,3.3333333333333335,6.782093365075873e-05,0.09897609782820413,changed,routing,0.7444942484198975,0.3537491480303885,0.0827215831577664,0.7647058823529411,4,4,0,-1,1,0,-0.3333333333333333,0.0,0.04444405163549004,changed,served_and_memory,135.44810865323717,48.50368826339503,45.149369551079054,0.23333333333333334,23,0,-23,-7,0,3,0.0,73.0,5.614979462184476
published,lhs221,lhs,139512.13826582395,0.007546877813126596,0.9785482810069895,0.783084854219985,20,100,optimal,78.22803749344966,18,7,5.428571428571429,optimal,70.39793480958956,18,7,5.428571428571429,optimal,28.552524806328826,7,3,3.3333333333333335,0.0640270900528647,0.12532289850754513,tie,,-1.4210854715202004e-14,0.0,-2.0301221021717147e-15,1.0,0,0,0,0,0,4,0.0,0.0,0.0,changed,served_and_memory,45.60220264513534,36.975125898953586,15.200734215045115,0.3888888888888889,11,0,-11,-4,0,2,0.0,48.666666666666664,3.2587848799246437
published,lhs221,lhs,139512.13826582395,0.007546877813126596,0.9785482810069895,0.783084854219985,15,100,optimal,65.53158867529136,15,6,5.666666666666667,optimal,58.758695908170466,15,6,5.666666666666667,optimal,28.552524806328826,7,3,3.3333333333333335,0.0640270900528647,0.08153869645085443,identical,,0.0,0.0,0.0,1.0,0,0,0,0,0,0,0.0,0.0,0.0,changed,served_and_memory,58.68807508621727,24.278677080795283,19.562691695405757,0.2222222222222222,11,3,-8,-3,0,2,0.0,48.0,2.3287746506964258
published,lhs221,lhs,139512.13826582395,0.007546877813126596,0.9785482810069895,0.783084854219985,10,100,optimal,52.6299826651675,10,5,4.2,optimal,47.88560843794383,10,5,4.2,optimal,28.552524806328826,7,3,3.3333333333333335,0.0005623413251903491,0.15703748946090484,identical,,0.0,0.0,0.0,1.0,0,0,0,0,0,0,0.0,0.0,0.0,changed,routing,27.055631406473754,11.377071070671427,9.018543802157918,0.4166666666666667,5,2,-3,-2,1,1,0.6666666666666666,24.333333333333332,5.571097632773217
published,lhs221,lhs,139512.13826582395,0.007546877813126596,0.9785482810069895,0.783084854219985,6,100,optimal,34.307320505041176,6,3,3.0,optimal,32.37886990457508,6,3,3.0,optimal,23.121396624680933,6,3,3.0,0.0036869450645195738,0.23713737056616555,identical,,0.0,0.0,0.0,1.0,0,0,0,0,0,0,0.0,0.0,0.0,identical,,0.0,0.0,0.0,1.0,0,0,0,0,0,0,0.0,0.0,0.0
published,lhs222,lhs,45431.22225082165,0.0015259270863909964,0.9714727632245854,0.7285760005608826,1000000,100,optimal,0.0,0,0,,optimal,0.0,0,0,,optimal,0.0,0,0,,,,identical,,0.0,0.0,0.0,1.0,0,0,0,0,0,0,,,,identical,,0.0,0.0,0.0,1.0,0,0,0,0,0,0,,,
published,lhs222,lhs,45431.22225082165,0.0015259270863909964,0.9714727632245854,0.7285760005608826,40,100,optimal,0.0,0,0,,optimal,0.0,0,0,,optimal,0.0,0,0,,,,identical,,0.0,0.0,0.0,1.0,0,0,0,0,0,0,,,,identical,,0.0,0.0,0.0,1.0,0,0,0,0,0,0,,,
published,lhs222,lhs,45431.22225082165,0.0015259270863909964,0.9714727632245854,0.7285760005608826,30,100,optimal,0.0,0,0,,optimal,0.0,0,0,,optimal,0.0,0,0,,,,identical,,0.0,0.0,0.0,1.0,0,0,0,0,0,0,,,,identical,,0.0,0.0,0.0,1.0,0,0,0,0,0,0,,,
published,lhs222,lhs,45431.22225082165,0.0015259270863909964,0.9714727632245854,0.7285760005608826,20,100,optimal,0.0,0,0,,optimal,0.0,0,0,,optimal,0.0,0,0,,,,identical,,0.0,0.0,0.0,1.0,0,0,0,0,0,0,,,,identical,,0.0,0.0,0.0,1.0,0,0,0,0,0,0,,,
published,lhs222,lhs,45431.22225082165,0.0015259270863909964,0.9714727632245854,0.7285760005608826,15,100,optimal,0.0,0,0,,optimal,0.0,0,0,,optimal,0.0,0,0,,,,identical,,0.0,0.0,0.0,1.0,0,0,0,0,0,0,,,,identical,,0.0,0.0,0.0,1.0,0,0,0,0,0,0,,,
published,lhs222,lhs,45431.22225082165,0.0015259270863909964,0.9714727632245854,0.7285760005608826,10,100,optimal,0.0,0,0,,optimal,0.0,0,0,,optimal,0.0,0,0,,,,identical,,0.0,0.0,0.0,1.0,0,0,0,0,0,0,,,,identical,,0.0,0.0,0.0,1.0,0,0,0,0,0,0,,,
published,lhs222,lhs,45431.22225082165,0.0015259270863909964,0.9714727632245854,0.7285760005608826,6,100,optimal,0.0,0,0,,optimal,0.0,0,0,,optimal,0.0,0,0,,,,identical,,0.0,0.0,0.0,1.0,0,0,0,0,0,0,,,,identical,,0.0,0.0,0.0,1.0,0,0,0,0,0,0,,,
published,lhs223,lhs,115930.54163112048,0.01969718223657619,0.9888435781143361,0.8348350104613076,1000000,100,optimal,156.11624702975698,55,17,8.823529411764707,optimal,132.96280990160454,55,17,8.823529411764707,optimal,28.713387489105465,7,3,3.3333333333333335,0.0221885046944556,0.050276352689897476,tie,,0.0,-2.842170943040401e-14,0.0,1.0,0,0,0,0,0,6,0.0,0.0,1.3061447348531253e-17,changed,served_and_memory,467.59557101976196,114.70247275248427,155.86519033992064,0.12727272727272726,48,0,-48,-14,0,3,0.0,81.66666666666667,7.740710910412688
published,lhs223,lhs,115930.54163112048,0.01969718223657619,0.9888435781143361,0.8348350104613076,40,100,optimal,152.53396371104554,40,17,9.647058823529411,optimal,128.8537201376799,40,17,9.647058823529411,optimal,28.713387489105465,7,3,3.3333333333333335,0.009485494822646622,0.0640270900528647,tie,,0.0,0.0,0.0,1.0,0,0,0,0,0,2,0.0,0.0,1.959217102279688e-17,changed,served_and_memory,531.8778412133515,111.12018943377284,177.29261373778385,0.175,33,0,-33,-14,0,3,0.0,85.0,10.127763940907363
published,lhs223,lhs,115930.54163112048,0.01969718223657619,0.9888435781143361,0.8348350104613076,30,100,optimal,128.2453428609453,29,15,9.266666666666667,optimal,108.02676284083904,29,15,9.266666666666667,optimal,28.713387489105465,7,3,3.3333333333333335,0.00029241748909898153,0.03319923187926317,identical,,0.0,0.0,0.0,1.0,0,0,0,0,0,0,0.0,0.0,0.0,changed,served_and_memory,476.9980802098232,86.83156858367259,158.99936006994105,0.2413793103448276,22,0,-22,-12,0,3,0.0,77.33333333333333,6.848912076311538
published,lhs223,lhs,115930.54163112048,0.01969718223657619,0.9888435781143361,0.8348350104613076,20,100,optimal,104.32099801673876,20,11,9.0,optimal,89.68856112849373,20,11,9.0,optimal,28.713387489105465,7,3,3.3333333333333335,0.03319923187926317,0.0640270900528647,tie,,-1.4210854715202004e-14,-1.4210854715202004e-14,-1.2918958832001822e-15,1.0,0,0,0,0,0,2,0.0,0.0,4.0371746350005693e-17,changed,served_and_memory,304.2208478453416,62.90722373946605,101.40694928178054,0.35,13,0,-13,-8,0,2,0.0,48.666666666666664,3.954431759504285
published,lhs223,lhs,115930.54163112048,0.01969718223657619,0.9888435781143361,0.8348350104613076,15,100,optimal,67.63610361109804,15,6,5.666666666666667,optimal,60.86321084397716,15,6,5.666666666666667,optimal,28.713387489105465,7,3,3.3333333333333335,0.0640270900528647,0.12431716560097561,tie,,0.0,-1.4210854715202004e-14,0.0,1.0,0,0,0,0,0,2,0.0,0.0,-7.401486830834377e-17,changed,served_and_memory,46.86930744769125,26.22232933382533,15.62310248256375,0.2222222222222222,11,3,-8,-3,0,2,0.0,73.0,4.888177319886966
published,lhs223,lhs,115930.54163112048,0.01969718223657619,0.9888435781143361,0.8348350104613076,10,100,optimal,53.452542992241796,10,5,4.2,optimal,48.70816876501813,10,5,4.2,optimal,28.713387489105465,7,3,3.3333333333333335,0.0005623413251903491,0.15703748946090484,tie,,7.105427357601002e-15,-7.105427357601002e-15,1.4210854715202005e-15,1.0,0,0,0,0,0,2,0.0,0.0,1.3322676295501878e-16,changed,routing,26.393933762176108,12.038768714969088,8.79797792072537,0.4166666666666667,5,2,-3,-2,1,1,0.6666666666666666,24.333333333333332,5.632645938904371
published,lhs223,lhs,115930.54163112048,0.01969718223657619,0.9888435781143361,0.8348350104613076,6,100,optimal,34.34366793416968,6,3,3.0,optimal,32.41521733370359,6,3,3.0,optimal,23.15774405380943,6,3,3.0,0.0036869450645195738,0.23713737056616555,identical,,0.0,0.0,0.0,1.0,0,0,0,0,0,0,0.0,0.0,0.0,identical,,0.0,0.0,0.0,1.0,0,0,0,0,0,0,0.0,0.0,0.0
published,lhs224,lhs,97507.71372606441,0.04929187103484051,0.978402258843076,0.5455051456898761,1000000,100,optimal,80.43552922577057,54,12,6.333333333333333,optimal,66.70105972007293,53,11,5.818181818181818,optimal,23.346510248958253,7,3,3.3333333333333335,0.030017743045081,0.07278289325185956,changed,served_and_memory,1.435155838263782,0.19692203474153303,0.1304687125694347,0.9814814814814815,1,0,-1,-1,0,2,0.0,0.0,2.0185873175002847e-17,changed,served_and_memory,204.79781660297596,44.38863218864506,68.26593886765865,0.12962962962962962,47,0,-47,-9,0,3,0.0,73.0,5.6149794621844755
published,lhs224,lhs,97507.71372606441,0.04929187103484051,0.978402258843076,0.5455051456898761,40,100,optimal,74.30227419388899,40,12,7.0,optimal,61.81462020710191,40,10,5.9,optimal,23.346510248958253,7,3,3.3333333333333335,0.03319923187926317,0.0640270900528647,changed,routing,2.7933587173832777,0.26826933901551797,0.27933587173832775,0.6,10,10,0,-2,2,2,-0.5,2.6,0.5308592195090716,changed,served_and_memory,217.96970469705929,38.25537715676349,72.6565682323531,0.175,33,0,-33,-9,0,3,0.0,73.33333333333333,6.875877888106969
published,lhs224,lhs,97507.71372606441,0.04929187103484051,0.978402258843076,0.5455051456898761,30,100,optimal,67.4420169323778,28,9,5.888888888888889,optimal,56.71414105889361,28,9,5.888888888888889,optimal,23.346510248958253,7,3,3.3333333333333335,0.050276352689897476,0.08153869645085443,tie,,0.0,0.0,0.0,1.0,0,0,0,0,0,4,0.0,0.0,1.1102230246251565e-16,changed,served_and_memory,115.14450651982966,31.395119895252293,38.38150217327655,0.25,21,0,-21,-6,0,3,0.0,64.66666666666667,4.77354403836317
published,lhs224,lhs,97507.71372606441,0.04929187103484051,0.978402258843076,0.5455051456898761,20,100,optimal,58.42317648865549,18,7,5.428571428571429,optimal,50.593073804795395,18,7,5.428571428571429,optimal,23.346510248958253,7,3,3.3333333333333335,0.0640270900528647,0.08153869645085443,tie,,0.0,-7.105427357601002e-15,0.0,1.0,0,0,0,0,0,4,0.0,0.0,7.930164461608261e-17,changed,served_and_memory,67.48350303292665,22.37627945152999,22.49450101097555,0.3888888888888889,11,0,-11,-4,0,2,0.0,32.0,1.5525164337976172
published,lhs224,lhs,97507.71372606441,0.04929187103484051,0.978402258843076,0.5455051456898761,15,100,optimal,50.666982195283,15,5,4.0,optimal,45.48970833313003,15,5,4.0,optimal,23.346510248958253,7,3,3.3333333333333335,0.050276352689897476,0.16394459283656687,identical,,0.0,0.0,0.0,1.0,0,0,0,0,0,0,0.0,0.0,0.0,changed,served_and_memory,16.94776664929851,14.620085158157494,5.6492555497661705,0.4666666666666667,8,0,-8,-2,0,1,0.0,24.333333333333332,1.5982371772444528
published,lhs224,lhs,97507.71372606441,0.04929187103484051,0.978402258843076,0.5455051456898761,10,100,optimal,41.690788297578806,10,5,4.2,optimal,36.94641407035514,10,5,4.2,optimal,23.346510248958253,7,3,3.3333333333333335,0.0005623413251903491,0.15703748946090484,tie,,7.105427357601002e-15,-7.105427357601002e-15,1.4210854715202005e-15,1.0,0,0,0,0,0,2,0.0,0.0,-6.661338147750939e-17,changed,routing,35.3091581006635,5.643891260453302,11.769719366887834,0.4166666666666667,5,2,-3,-2,1,1,0.6666666666666666,24.333333333333332,5.223380406473054
published,lhs224,lhs,97507.71372606441,0.04929187103484051,0.978402258843076,0.5455051456898761,6,100,optimal,29.623350989400834,6,3,3.0,optimal,27.694900388934737,6,3,3.0,optimal,19.626471006214246,4,2,3.0,0.0036869450645195738,0.23713737056616555,identical,,0.0,0.0,0.0,1.0,0,0,0,0,0,0,0.0,0.0,0.0,changed,routing,1.1890438971736579,4.189523512463428,0.5945219485868289,0.42857142857142855,3,1,-2,-1,1,0,0.5,0.0,2.487404539851115
published,lhs225,lhs,8369.352380897826,0.07150321890025786,0.9679874602307197,0.8304724842299098,1000000,100,optimal,78.67394744109744,55,17,8.823529411764707,optimal,59.702202060414656,55,14,7.214285714285714,optimal,16.63014160172153,7,3,3.3333333333333335,0.0221885046944556,0.050276352689897476,changed,served_and_memory,4.181691747469692,0.6543312164307906,0.2986922676764066,1.0,0,0,0,-3,0,2,0.0,1.8571428571428572,0.13536179715798066,changed,served_and_memory,532.0050052358483,49.343419051208656,177.33500174528277,0.12727272727272726,48,0,-48,-14,0,3,0.0,81.66666666666667,7.74071091041269
published,lhs225,lhs,8369.352380897826,0.07150321890025786,0.9679874602307197,0.8304724842299098,40,100,optimal,76.36081229742402,40,14,7.785714285714286,optimal,57.93201077296309,40,14,7.785714285714286,optimal,16.63014160172153,7,3,3.3333333333333335,0.030017743045081,0.0640270900528647,identical,,0.0,0.0,0.0,1.0,0,0,0,0,0,0,0.0,0.0,0.0,changed,served_and_memory,320.6055386786912,47.030283907535235,106.86851289289706,0.175,33,0,-33,-11,0,3,0.0,77.33333333333333,6.848912076311538
published,lhs225,lhs,8369.352380897826,0.07150321890025786,0.9679874602307197,0.8304724842299098,30,100,optimal,64.90247317567464,30,12,7.833333333333333,optimal,50.45150474617661,30,11,7.181818181818182,optimal,16.63014160172153,7,3,3.3333333333333335,0.03319923187926317,0.0640270900528647,changed,served_and_memory,1.0537224941370837,0.5806517211931919,0.09579295401246216,1.0,0,0,0,-1,0,1,0.0,1.1818181818181819,0.08613932546416951,changed,served_and_memory,291.30407280724285,35.57194478578586,97.10135760241428,0.23333333333333334,23,0,-23,-9,0,3,0.0,64.66666666666667,4.750146439878756
published,lhs225,lhs,8369.352380897826,0.07150321890025786,0.9679874602307197,0.8304724842299098,20,100,optimal,54.32722846051757,20,10,8.2,optimal,43.224285034636594,18,7,5.428571428571429,optimal,16.63014160172153,7,3,3.3333333333333335,0.03319923187926317,0.0640270900528647,changed,served_and_memory,1.827564705093458,3.2728407420208825,0.2610806721562083,0.46153846153846156,8,6,-2,-3,0,3,0.0,5.0,0.18911044319552467,changed,served_and_memory,262.1101668724896,24.996700070628787,87.37005562416319,0.35,13,0,-13,-7,0,2,0.0,48.666666666666664,3.954431759504285
published,lhs225,lhs,8369.352380897826,0.07150321890025786,0.9679874602307197,0.8304724842299098,15,100,optimal,42.29992175531911,15,6,5.666666666666667,optimal,36.193054372235565,15,5,4.0,optimal,16.63014160172153,7,3,3.3333333333333335,0.0640270900528647,0.12431716560097561,changed,routing,0.6660253840373329,0.929593520930581,0.13320507680746657,0.36363636363636365,7,7,0,-1,1,3,-0.75,18.25,0.5086684952360708,changed,served_and_memory,62.71490486121451,12.969393365430331,20.9049682870715,0.2222222222222222,11,3,-8,-3,0,2,0.0,73.0,4.888177319886966
published,lhs225,lhs,8369.352380897826,0.07150321890025786,0.9679874602307197,0.8304724842299098,10,100,optimal,32.94373947649166,10,5,4.2,optimal,28.19936524926798,10,5,4.2,optimal,16.63014160172153,7,3,3.3333333333333335,0.0005623413251903491,0.15703748946090484,identical,,0.0,0.0,0.0,1.0,0,0,0,0,0,0,0.0,0.0,0.0,changed,routing,34.81949139054231,3.6132110866028775,11.60649713018077,0.4166666666666667,5,2,-3,-2,1,1,0.6666666666666666,24.333333333333332,5.627606781970191
published,lhs225,lhs,8369.352380897826,0.07150321890025786,0.9679874602307197,0.8304724842299098,6,100,optimal,22.33509580262792,6,3,3.0,optimal,20.406645202161823,6,3,3.0,optimal,14.768705955988052,4,2,3.0,0.0036869450645195738,0.23713737056616555,identical,,0.0,0.0,0.0,1.0,0,0,0,0,0,0,0.0,0.0,0.0,changed,routing,3.619534033720381,1.759033375916708,1.8097670168601905,0.42857142857142855,3,1,-2,-1,1,0,0.5,0.0,2.790574321473968
published,lhs226,lhs,9601.574074350767,0.004796198823557022,0.9407878428216497,0.715783435069171,1000000,100,optimal,40.807428578288054,20,6,4.333333333333333,optimal,34.339056739235225,20,6,4.333333333333333,optimal,14.772801123606834,7,3,3.3333333333333335,0.08153869645085443,0.12431716560097561,tie,,-7.105427357601002e-15,0.0,-1.1842378929335002e-15,1.0,0,0,0,0,0,4,0.0,0.0,3.700743415417188e-17,changed,served_and_memory,36.84167059177201,13.334240666513967,12.280556863924003,0.35,13,0,-13,-3,0,2,0.0,48.666666666666664,3.2587848799246437
published,lhs226,lhs,9601.574074350767,0.004796198823557022,0.9407878428216497,0.715783435069171,40,100,optimal,40.807428578288054,20,6,4.333333333333333,optimal,34.339056739235225,20,6,4.333333333333333,optimal,14.772801123606834,7,3,3.3333333333333335,0.08153869645085443,0.12431716560097561,tie,,-7.105427357601002e-15,0.0,-1.1842378929335002e-15,1.0,0,0,0,0,0,4,0.0,0.0,3.700743415417188e-17,changed,served_and_memory,36.84167059177201,13.334240666513967,12.280556863924003,0.35,13,0,-13,-3,0,2,0.0,48.666666666666664,3.2587848799246437
published,lhs226,lhs,9601.574074350767,0.004796198823557022,0.9407878428216497,0.715783435069171,30,100,optimal,40.807428578288054,20,6,4.333333333333333,optimal,34.339056739235225,20,6,4.333333333333333,optimal,14.772801123606834,7,3,3.3333333333333335,0.08153869645085443,0.12431716560097561,tie,,-7.105427357601002e-15,0.0,-1.1842378929335002e-15,1.0,0,0,0,0,0,4,0.0,0.0,3.700743415417188e-17,changed,served_and_memory,36.84167059177201,13.334240666513967,12.280556863924003,0.35,13,0,-13,-3,0,2,0.0,48.666666666666664,3.2587848799246437
published,lhs226,lhs,9601.574074350767,0.004796198823557022,0.9407878428216497,0.715783435069171,20,100,optimal,40.807428578288054,20,6,4.333333333333333,optimal,34.339056739235225,20,6,4.333333333333333,optimal,14.772801123606834,7,3,3.3333333333333335,0.08153869645085443,0.12431716560097561,tie,,-7.105427357601002e-15,0.0,-1.1842378929335002e-15,1.0,0,0,0,0,0,4,0.0,0.0,3.700743415417188e-17,changed,served_and_memory,36.84167059177201,13.334240666513967,12.280556863924003,0.35,13,0,-13,-3,0,2,0.0,48.666666666666664,3.2587848799246437
published,lhs226,lhs,9601.574074350767,0.004796198823557022,0.9407878428216497,0.715783435069171,15,100,optimal,37.16509132025033,15,5,4.0,optimal,31.987817458097368,15,5,4.0,optimal,14.772801123606834,7,3,3.3333333333333335,0.050276352689897476,0.23713737056616555,tie,,-3.552713678800501e-15,0.0,-7.105427357601002e-16,1.0,0,0,0,0,0,2,0.0,0.0,1.3322676295501878e-16,changed,served_and_memory,23.81211895824059,9.691903408476247,7.937372986080196,0.4666666666666667,8,0,-8,-2,0,1,0.0,16.0,0.7568017534231467
published,lhs226,lhs,9601.574074350767,0.004796198823557022,0.9407878428216497,0.715783435069171,10,100,optimal,27.473187911774087,7,3,3.3333333333333335,optimal,24.674728597856912,7,3,3.3333333333333335,optimal,14.772801123606834,7,3,3.3333333333333335,0.23713737056616555,0.46415888336127825,identical,,0.0,0.0,0.0,1.0,0,0,0,0,0,0,0.0,0.0,0.0,identical,,0.0,0.0,0.0,1.0,0,0,0,0,0,0,0.0,0.0,0.0
published,lhs226,lhs,9601.574074350767,0.004796198823557022,0.9407878428216497,0.715783435069171,6,100,optimal,20.792980370183543,6,3,3.0,optimal,18.864529769717443,6,3,3.0,optimal,13.747301278822187,4,2,3.0,0.0036869450645195738,0.23713737056616555,identical,,0.0,0.0,0.0,1.0,0,0,0,0,0,0,0.0,0.0,0.0,changed,routing,4.140244788998894,1.2383226206381934,2.070122394499447,0.42857142857142855,3,1,-2,-1,1,0,0.5,0.0,2.6833697155262928
published,lhs227,lhs,3841.678899451338,0.015895738972158985,0.9930238430914913,0.8772914986683862,1000000,100,optimal,84.12034702986897,51,17,9.0,optimal,60.9275868871933,51,17,9.0,optimal,14.592935458102955,7,3,3.3333333333333335,0.0221885046944556,0.05387208250415978,tie,,7.105427357601002e-15,0.0,4.179663151530001e-16,1.0,0,0,0,0,0,4,0.0,0.0,5.224578939412501e-17,changed,served_and_memory,530.9521775247196,56.82702478359876,176.98405917490652,0.13725490196078433,44,0,-44,-14,0,3,0.0,81.66666666666667,7.74071091041269
published,lhs227,lhs,3841.678899451338,0.015895738972158985,0.9930238430914913,0.8772914986683862,40,100,optimal,81.67626707446513,40,17,9.647058823529411,optimal,59.235873178971964,40,14,7.785714285714286,optimal,14.592935458102955,7,3,3.3333333333333335,0.009485494822646622,0.0640270900528647,changed,served_and_memory,1.2398496778724493,4.0115923710322505,0.08856069127660351,1.0,0,0,0,-3,0,8,0.0,0.7857142857142857,0.19691913330655078,changed,served_and_memory,591.4410223160645,54.38294482819492,197.14700743868818,0.175,33,0,-33,-14,0,3,0.0,76.66666666666667,9.262930918601644
published,lhs227,lhs,3841.678899451338,0.015895738972158985,0.9930238430914913,0.8772914986683862,30,100,optimal,68.39633822442283,27,14,9.714285714285714,optimal,50.825354371290906,26,12,8.083333333333334,optimal,14.592935458102955,7,3,3.3333333333333335,0.03134209593995679,0.03319923187926317,changed,served_and_memory,1.773102598754143,2.0269699149735914,0.14775854989617856,0.6060606060606061,7,6,-1,-2,0,4,0.0,-3.4,0.0953629052706337,changed,served_and_memory,496.1539722139661,41.10301597815263,165.38465740465537,0.25925925925925924,20,0,-20,-11,0,2,0.0,53.0,5.188364373631347
published,lhs227,lhs,3841.678899451338,0.015895738972158985,0.9930238430914913,0.8772914986683862,20,100,optimal,57.85885312127924,20,11,9.0,optimal,43.26208397977041,20,10,8.2,optimal,14.592935458102955,7,3,3.3333333333333335,0.03319923187926317,0.0640270900528647,changed,served_and_memory,0.03566774673618767,1.666261010534413,0.0035667746736187667,1.0,0,0,0,-1,0,3,0.0,1.3,0.09475325801058646,changed,served_and_memory,338.34184164321397,30.565530875009035,112.78061388107132,0.35,13,0,-13,-8,0,2,0.0,48.666666666666664,3.954431759504285
published,lhs227,lhs,3841.678899451338,0.015895738972158985,0.9930238430914913,0.8772914986683862,15,100,optimal,40.581056420244714,15,6,5.666666666666667,optimal,33.80816365312382,15,6,5.666666666666667,optimal,14.592935458102955,7,3,3.3333333333333335,0.0640270900528647,0.11928809295587964,tie,,-7.105427357601002e-15,7.105427357601002e-15,-1.1842378929335002e-15,1.0,0,0,0,0,0,2,0.0,0.0,-5.551115123125783e-17,changed,served_and_memory,67.74284743377721,13.28773417397451,22.580949144592406,0.2222222222222222,11,3,-8,-3,0,2,0.0,60.5,3.5909277864283853
published,lhs227,lhs,3841.678899451338,0.015895738972158985,0.9930238430914913,0.8772914986683862,10,100,optimal,30.404280221540297,9,4,4.75,optimal,26.24489326160332,9,4,4.75,optimal,14.592935458102955,7,3,3.3333333333333335,0.08153869645085443,0.1986419191050842,tie,,0.0,0.0,0.0,1.0,0,0,0,0,0,2,0.0,0.0,1.6653345369377348e-16,changed,served_and_memory,28.981192610074803,3.110957975270093,9.660397536691601,0.3333333333333333,5,3,-2,-1,0,1,0.0,24.0,1.13520263013472
published,lhs227,lhs,3841.678899451338,0.015895738972158985,0.9930238430914913,0.8772914986683862,6,100,optimal,20.13905186110497,6,3,3.0,optimal,18.210601260638875,6,3,3.0,optimal,13.302932848290466,4,2,3.0,0.0036869450645195738,0.23713737056616555,identical,,0.0,0.0,0.0,1.0,0,0,0,0,0,0,0.0,0.0,0.0,changed,routing,4.349804867545741,1.0287625420913464,2.1749024337728704,0.42857142857142855,3,1,-2,-1,1,0,0.5,0.0,2.830136281297729
published,lhs228,lhs,182468.11820362567,0.09325769718421083,0.9788118990069785,0.7628937944593128,1000000,100,optimal,144.7463735946209,55,17,8.823529411764707,optimal,121.59293646646846,55,17,8.823529411764707,optimal,29.458736334804115,7,3,3.3333333333333335,0.0221885046944556,0.04279211619645008,tie,,0.0,-2.842170943040401e-14,0.0,1.0,0,0,0,0,0,6,0.0,0.0,-5.224578939412501e-17,changed,served_and_memory,479.91484677249343,102.58725047164954,159.97161559083114,0.12727272727272726,48,0,-48,-14,0,3,0.0,69.0,5.984079054005817
published,lhs228,lhs,182468.11820362567,0.09325769718421083,0.9788118990069785,0.7628937944593128,40,100,optimal,138.72719126166268,40,17,9.647058823529411,optimal,115.04694768829705,40,17,9.647058823529411,optimal,29.458736334804115,7,3,3.3333333333333335,0.009485494822646622,0.0640270900528647,tie,,0.0,2.842170943040401e-14,0.0,1.0,0,0,0,0,0,4,0.0,0.0,-2.6122894697062506e-17,changed,served_and_memory,568.3232367275457,96.56806813869132,189.4410789091819,0.175,33,0,-33,-14,0,3,0.0,69.0,5.984079054005817
published,lhs228,lhs,182468.11820362567,0.09325769718421083,0.9788118990069785,0.7628937944593128,30,100,optimal,117.17610327927599,30,15,8.266666666666667,optimal,98.71959423512122,29,14,8.428571428571429,optimal,29.458736334804115,7,3,3.3333333333333335,0.00013532055307936385,0.03319923187926317,changed,served_and_memory,0.7936335338144858,0.3360183194102575,0.05668810955817755,0.9666666666666667,1,0,-1,-1,0,5,0.0,0.9285714285714286,0.06768089857899032,changed,served_and_memory,428.7741060493196,75.01698015630463,142.92470201643985,0.23333333333333334,23,0,-23,-12,0,3,0.0,69.0,5.984079054005817
published,lhs228,lhs,182468.11820362567,0.09325769718421083,0.9788118990069785,0.7628937944593128,20,100,optimal,96.62807185722278,20,11,9.0,optimal,81.99563496897774,20,11,9.0,optimal,29.458736334804115,7,3,3.3333333333333335,0.03319923187926317,0.0640270900528647,tie,,-1.4210854715202004e-14,0.0,-1.2918958832001822e-15,1.0,0,0,0,0,0,2,0.0,0.0,1.0092936587501423e-17,changed,served_and_memory,310.73662711942086,54.46894873425141,103.57887570647362,0.35,13,0,-13,-8,0,2,0.0,48.666666666666664,3.954431759504285
published,lhs228,lhs,182468.11820362567,0.09325769718421083,0.9788118990069785,0.7628937944593128,15,100,optimal,66.82971076191288,15,6,5.666666666666667,optimal,60.056817994791984,15,6,5.666666666666667,optimal,29.458736334804115,7,3,3.3333333333333335,0.0640270900528647,0.08153869645085443,tie,,0.0,1.4210854715202004e-14,0.0,1.0,0,0,0,0,0,4,0.0,0.0,3.700743415417188e-17,changed,served_and_memory,58.296164528071046,24.670587638941512,19.43205484269035,0.2222222222222222,11,3,-8,-3,0,2,0.0,48.0,2.3287746506964258
published,lhs228,lhs,182468.11820362567,0.09325769718421083,0.9788118990069785,0.7628937944593128,10,100,optimal,53.98124267930942,10,5,4.2,optimal,49.236868452085744,10,5,4.2,optimal,29.458736334804115,7,3,3.3333333333333335,0.0005623413251903491,0.15703748946090484,tie,,0.0,0.0,0.0,1.0,0,0,0,0,0,2,0.0,0.0,-8.881784197001253e-17,changed,routing,29.130929804778752,11.822119556338052,9.71030993492625,0.4166666666666667,5,2,-3,-2,1,1,0.6666666666666666,24.333333333333332,5.545973354614218
published,lhs228,lhs,182468.11820362567,0.09325769718421083,0.9788118990069785,0.7628937944593128,6,100,optimal,35.250372314437705,6,3,3.0,optimal,33.321921713971605,6,3,3.0,optimal,24.06444843407746,6,3,3.0,0.0036869450645195738,0.23713737056616555,identical,,0.0,0.0,0.0,1.0,0,0,0,0,0,0,0.0,0.0,0.0,identical,,0.0,0.0,0.0,1.0,0,0,0,0,0,0,0.0,0.0,0.0
published,lhs229,lhs,25976.413428574277,0.08310112752258021,0.9376635207003043,0.6971693474146669,1000000,100,optimal,67.37129790775806,53,11,5.818181818181818,optimal,53.833750436801985,53,11,5.818181818181818,optimal,18.69637992352188,7,3,3.3333333333333335,0.03319923187926317,0.0640270900528647,identical,,0.0,0.0,0.0,1.0,0,0,0,0,0,0,0.0,0.0,0.0,changed,served_and_memory,162.76579425986282,35.97453119606893,54.255264753287605,0.1320754716981132,46,0,-46,-8,0,3,0.0,64.66666666666667,4.750146439878756
published,lhs229,lhs,25976.413428574277,0.08310112752258021,0.9376635207003043,0.6971693474146669,40,100,optimal,61.66378226557882,40,10,5.9,optimal,50.28566545783572,39,9,5.333333333333333,optimal,18.69637992352188,7,3,3.3333333333333335,0.06044547074134525,0.08918361377866182,changed,served_and_memory,0.8412678400284648,0.7228735426078288,0.09347420444760719,0.975,1,0,-1,-1,0,2,0.0,0.0,3.700743415417188e-17,changed,served_and_memory,137.60358057026497,30.267015553889685,45.86786019008832,0.175,33,0,-33,-7,0,3,0.0,73.0,5.6149794621844755
published,lhs229,lhs,25976.413428574277,0.08310112752258021,0.9376635207003043,0.6971693474146669,30,100,optimal,56.057326596067114,28,9,5.888888888888889,optimal,46.170718562611384,27,8,5.25,optimal,18.69637992352188,7,3,3.3333333333333335,0.050276352689897476,0.0640270900528647,changed,served_and_memory,0.8412678400284648,0.722873542607843,0.1051584800035581,0.9642857142857143,1,0,-1,-1,0,4,0.0,0.0,-5.551115123125783e-17,changed,served_and_memory,125.49530795241702,24.66055988437798,41.83176931747234,0.25,21,0,-21,-6,0,3,0.0,56.333333333333336,3.5455996726847676
published,lhs229,lhs,25976.413428574277,0.08310112752258021,0.9376635207003043,0.6971693474146669,20,100,optimal,49.655504575001984,18,7,5.428571428571429,optimal,41.855048383735976,20,6,4.333333333333333,optimal,18.69637992352188,7,3,3.3333333333333335,0.0640270900528647,0.12532289850754513,changed,routing,0.029646492594082474,1.3320843522131796,0.004941082099013745,0.7272727272727273,2,4,2,-1,1,4,-0.5,0.0,0.15049583007943645,changed,served_and_memory,66.83893756474768,18.258737863312852,22.279645854915895,0.3888888888888889,11,0,-11,-4,0,2,0.0,48.666666666666664,3.2587848799246437
published,lhs229,lhs,25976.413428574277,0.08310112752258021,0.9376635207003043,0.6971693474146669,15,100,optimal,43.52317886700419,15,5,4.0,optimal,38.345905004851225,15,5,4.0,optimal,18.69637992352188,7,3,3.3333333333333335,0.050276352689897476,0.23713737056616555,tie,,-7.105427357601002e-15,0.0,-1.4210854715202005e-15,1.0,0,0,0,0,0,2,0.0,0.0,1.3322676295501878e-16,changed,served_and_memory,21.377610211401773,12.126412155315059,7.125870070467258,0.4666666666666667,8,0,-8,-2,0,1,0.0,16.0,0.7568017534231467
published,lhs229,lhs,25976.413428574277,0.08310112752258021,0.9376635207003043,0.6971693474146669,10,100,optimal,34.50116498243291,10,5,4.2,optimal,29.75679075520923,10,5,4.2,optimal,18.69637992352188,7,3,3.3333333333333335,0.0005623413251903491,0.08153869645085443,tie,,0.0,0.0,0.0,1.0,0,0,0,0,0,2,0.0,0.0,1.3322676295501878e-16,changed,routing,39.78482164963387,3.104398270743779,13.261607216544624,0.4166666666666667,5,2,-3,-2,1,1,0.6666666666666666,16.0,4.617889205450308
published,lhs229,lhs,25976.413428574277,0.08310112752258021,0.9376635207003043,0.6971693474146669,6,100,optimal,24.767355760386142,6,3,3.0,optimal,22.838905159920046,6,3,3.0,optimal,16.398180348899263,4,2,3.0,0.0036869450645195738,0.23713737056616555,identical,,0.0,0.0,0.0,1.0,0,0,0,0,0,0,0.0,0.0,0.0,changed,routing,2.8167484688733673,2.561818940763718,1.4083742344366836,0.42857142857142855,3,1,-2,-1,1,0,0.5,0.0,2.664362706950036
published,lhs230,lhs,12971.036478708242,0.012234567861151862,0.9447561271020174,0.7551960005345295,1000000,100,optimal,64.71727268272504,53,11,5.818181818181818,optimal,51.17972521176895,53,11,5.818181818181818,optimal,16.76285928786189,7,3,3.3333333333333335,0.03319923187926317,0.0640270900528647,tie,,0.0,0.0,0.0,1.0,0,0,0,0,0,2,0.0,0.0,-3.027880976250427e-17,changed,served_and_memory,163.48629884923588,35.2540266066959,54.49543294974529,0.1320754716981132,46,0,-46,-8,0,3,0.0,64.66666666666667,4.750146439878756
published,lhs230,lhs,12971.036478708242,0.012234567861151862,0.9447561271020174,0.7551960005345295,40,100,optimal,60.50852557848586,39,11,6.545454545454546,optimal,47.58917004010837,40,10,5.9,optimal,16.76285928786189,7,3,3.3333333333333335,0.030017743045081,0.08153869645085443,changed,routing,0.7295792927875269,0.6999708906059254,0.07295792927875269,0.6122448979591837,9,10,1,-1,2,0,-0.5,0.0,0.10672354403231851,changed,served_and_memory,177.60367152798273,31.04527950245672,59.20122384266091,0.1794871794871795,32,0,-32,-8,0,3,0.0,73.0,5.6149794621844755
published,lhs230,lhs,12971.036478708242,0.012234567861151862,0.9447561271020174,0.7551960005345295,30,100,optimal,54.48268215120378,28,9,5.888888888888889,optimal,43.754806277719595,28,9,5.888888888888889,optimal,16.76285928786189,7,3,3.3333333333333335,0.06044547074134525,0.08153869645085443,tie,,0.0,7.105427357601002e-15,0.0,1.0,0,0,0,0,0,4,0.0,0.0,6.167905692361981e-17,changed,served_and_memory,122.30866783188908,25.019436075174642,40.76955594396303,0.25,21,0,-21,-6,0,3,0.0,64.66666666666667,4.750146439878756
published,lhs230,lhs,12971.036478708242,0.012234567861151862,0.9447561271020174,0.7551960005345295,20,100,optimal,47.59502494061245,18,7,5.428571428571429,optimal,39.76492225675236,18,7,5.428571428571429,optimal,16.76285928786189,7,3,3.3333333333333335,0.0640270900528647,0.12331143269440609,identical,,0.0,0.0,0.0,1.0,0,0,0,0,0,0,0.0,0.0,0.0,changed,served_and_memory,68.90206712273807,18.131778864583307,22.967355707579358,0.3888888888888889,11,0,-11,-4,0,2,0.0,40.333333333333336,2.417349456103338
published,lhs230,lhs,12971.036478708242,0.012234567861151862,0.9447561271020174,0.7551960005345295,15,100,optimal,40.80557001833532,15,5,4.0,optimal,35.62829615618236,15,5,4.0,optimal,16.76285928786189,7,3,3.3333333333333335,0.08153869645085443,0.16394459283656687,tie,,0.0,-7.105427357601002e-15,0.0,1.0,0,0,0,0,0,2,0.0,0.0,-1.3322676295501878e-16,changed,served_and_memory,20.12423941925717,11.342323942306177,6.7080798064190565,0.4666666666666667,8,0,-8,-2,0,1,0.0,24.333333333333332,1.5982371772444528
published,lhs230,lhs,12971.036478708242,0.012234567861151862,0.9447561271020174,0.7551960005345295,10,100,optimal,32.01924826224212,10,5,4.2,optimal,27.274874035018446,10,5,4.2,optimal,16.76285928786189,7,3,3.3333333333333335,0.0005623413251903491,0.08153869645085443,identical,,0.0,0.0,0.0,1.0,0,0,0,0,0,0,0.0,0.0,0.0,changed,routing,40.333217734164656,2.5560021862129823,13.444405911388218,0.4166666666666667,5,2,-3,-2,1,1,0.6666666666666666,16.0,4.694783861925854
published,lhs230,lhs,12971.036478708242,0.012234567861151862,0.9447561271020174,0.7551960005345295,6,100,optimal,22.689871426003215,6,3,3.0,optimal,20.761420825537115,6,3,3.0,optimal,15.010444324455108,4,2,3.0,0.0036869450645195738,0.23713737056616555,identical,,0.0,0.0,0.0,1.0,0,0,0,0,0,0,0.0,0.0,0.0,changed,routing,3.5064967788121404,1.8720706308249504,1.7532483894060702,0.42857142857142855,3,1,-2,-1,1,0,0.5,0.0,2.722033699306695
published,lhs231,lhs,13300.309958825588,0.019284230420299805,0.9452613294793096,0.8231163368883405,1000000,100,optimal,73.98867927012002,55,14,7.214285714285714,optimal,58.31381307836211,53,11,5.818181818181818,optimal,17.759556976920088,7,3,3.3333333333333335,0.030017743045081,0.05916841616414359,changed,served_and_memory,2.642547972494093,2.137318720801815,0.24023163386309934,0.9636363636363636,2,0,-2,-3,0,4,0.0,6.909090909090909,0.34419723565154325,changed,served_and_memory,309.10227612994436,43.528735505032685,103.03409204331479,0.12727272727272726,48,0,-48,-11,0,3,0.0,69.0,5.984079054005818
published,lhs231,lhs,13300.309958825588,0.019284230420299805,0.9452613294793096,0.8231163368883405,40,100,optimal,70.82476839077381,40,14,7.785714285714286,optimal,55.03851483880698,39,11,6.545454545454546,optimal,17.759556976920088,7,3,3.3333333333333335,0.030017743045081,0.0640270900528647,changed,served_and_memory,2.6425479724940786,2.137318720801815,0.24023163386309807,0.975,1,0,-1,-3,0,6,0.0,6.909090909090909,0.34419723565154325,changed,served_and_memory,324.6783365154117,40.36482462568648,108.22611217180389,0.175,33,0,-33,-11,0,3,0.0,77.33333333333333,6.848912076311538
published,lhs231,lhs,13300.309958825588,0.019284230420299805,0.9452613294793096,0.8231163368883405,30,100,optimal,60.89036791937783,30,11,7.181818181818182,optimal,49.69443348462782,28,9,5.888888888888889,optimal,17.759556976920088,7,3,3.3333333333333335,0.03319923187926317,0.0640270900528647,changed,served_and_memory,2.6743822735548335,0.4680585612658277,0.29715358595053704,0.5675675675675675,9,7,-2,-2,0,4,0.0,7.142857142857143,0.2701577759936068,changed,served_and_memory,222.16977295489133,30.4304241542905,74.05659098496378,0.23333333333333334,23,0,-23,-8,0,3,0.0,64.66666666666667,4.750146439878756
published,lhs231,lhs,13300.309958825588,0.019284230420299805,0.9452613294793096,0.8231163368883405,20,100,optimal,51.79135423673952,18,7,5.428571428571429,optimal,43.96125155287943,18,7,5.428571428571429,optimal,17.759556976920088,7,3,3.3333333333333335,0.0640270900528647,0.12532289850754513,tie,,0.0,0.0,0.0,1.0,0,0,0,0,0,4,0.0,0.0,-1.1102230246251565e-16,changed,served_and_memory,61.1736035112801,21.33141047165219,20.3912011704267,0.3888888888888889,11,0,-11,-4,0,2,0.0,48.666666666666664,3.2587848799246437
published,lhs231,lhs,13300.309958825588,0.019284230420299805,0.9452613294793096,0.8231163368883405,15,100,optimal,42.88903575432833,15,5,4.0,optimal,37.711761892175375,15,5,4.0,optimal,17.759556976920088,7,3,3.3333333333333335,0.050276352689897476,0.23713737056616555,tie,,0.0,0.0,0.0,1.0,0,0,0,0,0,2,0.0,0.0,6.661338147750939e-17,changed,served_and_memory,21.07493037747584,12.429091989241002,7.024976792491947,0.4666666666666667,8,0,-8,-2,0,1,0.0,16.0,0.7568017534231467
published,lhs231,lhs,13300.309958825588,0.019284230420299805,0.9452613294793096,0.8231163368883405,10,100,optimal,34.234172803910376,10,5,4.2,optimal,29.489798576686702,10,5,4.2,optimal,17.759556976920088,7,3,3.3333333333333335,0.0005623413251903491,0.15703748946090484,tie,,0.0,0.0,0.0,1.0,0,0,0,0,0,2,0.0,0.0,4.4408920985006264e-17,changed,routing,34.65847343832215,3.7742290388230444,11.552824479440716,0.4166666666666667,5,2,-3,-2,1,1,0.6666666666666666,24.333333333333332,5.619049437150796
published,lhs231,lhs,13300.309958825588,0.019284230420299805,0.9452613294793096,0.8231163368883405,6,100,optimal,23.56033808842625,6,3,3.0,optimal,21.631887487960157,6,3,3.0,optimal,15.59058515255793,4,2,3.0,0.0036869450645195738,0.23713737056616555,identical,,0.0,0.0,0.0,1.0,0,0,0,0,0,0,0.0,0.0,0.0,changed,routing,3.216170944491923,2.162396465145161,1.6080854722459614,0.42857142857142855,3,1,-2,-1,1,0,0.5,0.0,2.784156312859421
published,lhs232,lhs,91739.00807715282,0.006373335290812246,0.9466847600239586,0.9498520851242147,1000000,100,optimal,105.04420221714906,46,10,5.6,optimal,92.94800886308678,46,10,5.6,optimal,27.61584443153235,7,3,3.3333333333333335,0.050276352689897476,0.07278289325185956,identical,,0.0,0.0,0.0,1.0,0,0,0,0,0,0,0.0,0.0,0.0,changed,served_and_memory,96.18259799457847,64.72797099744946,32.060865998192824,0.15217391304347827,39,0,-39,-7,0,3,0.0,73.0,5.6149794621844755
published,lhs232,lhs,91739.00807715282,0.006373335290812246,0.9466847600239586,0.9498520851242147,40,100,optimal,97.29474416817578,39,10,5.5,optimal,86.0720225810873,39,9,5.333333333333333,optimal,27.61584443153235,7,3,3.3333333333333335,0.00015183215780139426,0.08153869645085443,changed,routing,0.5309270646936852,0.5674783219532173,0.05899189607707614,0.6595744680851063,8,8,0,-1,2,1,0.1111111111111111,2.7777777777777777,0.9501376262764951,changed,served_and_memory,118.40925493097072,56.97851294847618,39.469751643656906,0.1794871794871795,32,0,-32,-7,0,3,0.0,73.0,5.6149794621844755
published,lhs232,lhs,91739.00807715282,0.006373335290812246,0.9466847600239586,0.9498520851242147,30,100,optimal,87.09749962595058,29,8,5.375,optimal,77.8437192005227,29,8,5.375,optimal,27.61584443153235,7,3,3.3333333333333335,0.05387208250415978,0.11986246594997996,tie,,0.0,0.0,0.0,1.0,0,0,0,0,0,2,0.0,0.0,0.0,changed,served_and_memory,58.89107324081086,46.78126840625097,19.630357746936955,0.2413793103448276,22,0,-22,-5,0,3,0.0,73.0,5.6149794621844755
published,lhs232,lhs,91739.00807715282,0.006373335290812246,0.9466847600239586,0.9498520851242147,20,100,optimal,70.49014562692852,20,7,4.714285714285714,optimal,63.02592443169134,20,7,4.714285714285714,optimal,27.61584443153235,7,3,3.3333333333333335,0.00015183215780139426,0.15703748946090484,tie,,-1.4210854715202004e-14,0.0,-2.0301221021717147e-15,1.0,0,0,0,0,0,2,0.0,0.0,4.7580986769649563e-17,changed,served_and_memory,56.71616138335496,30.17391440722892,18.905387127784987,0.35,13,0,-13,-4,0,2,0.0,40.333333333333336,2.3939518576189234
published,lhs232,lhs,91739.00807715282,0.006373335290812246,0.9466847600239586,0.9498520851242147,15,100,optimal,61.00393902356643,14,6,4.333333333333333,optimal,54.91284857867009,14,6,4.333333333333333,optimal,27.61584443153235,7,3,3.3333333333333335,0.00015183215780139426,0.16049104114873586,tie,,0.0,-7.105427357601002e-15,0.0,1.0,0,0,0,0,0,2,0.0,0.0,-1.1102230246251565e-16,changed,served_and_memory,43.17581649982496,20.68770780386683,14.391938833274986,0.5,7,0,-7,-3,0,2,0.0,40.333333333333336,2.3939518576189234
published,lhs232,lhs,91739.00807715282,0.006373335290812246,0.9466847600239586,0.9498520851242147,10,100,optimal,51.59882231696665,10,5,4.2,optimal,46.854448089742974,10,5,4.2,optimal,27.61584443153235,7,3,3.3333333333333335,0.0005623413251903491,0.15703748946090484,identical,,0.0,0.0,0.0,1.0,0,0,0,0,0,0,0.0,0.0,0.0,changed,routing,27.15011137987814,11.282591097267044,9.050037126626046,0.4166666666666667,5,2,-3,-2,1,1,0.6666666666666666,24.333333333333332,5.756787115225744
published,lhs232,lhs,91739.00807715282,0.006373335290812246,0.9466847600239586,0.9498520851242147,6,100,optimal,33.20446018484389,6,3,3.0,optimal,31.27600958437779,6,3,3.0,optimal,22.019536640987155,4,2,3.0,0.0036869450645195738,0.23713737056616555,identical,,0.0,0.0,0.0,1.0,0,0,0,0,0,0,0.0,0.0,0.0,tie,,0.0010003365035160527,5.377567073133573,0.0005001682517580264,0.42857142857142855,3,1,-2,-1,1,0,0.5,0.0,2.8874595714156315
published,lhs233,lhs,39864.513659760334,0.0012170480907048242,0.9232478245418144,0.5182993354080643,1000000,100,optimal,0.0,0,0,,optimal,0.0,0,0,,optimal,0.0,0,0,,,,identical,,0.0,0.0,0.0,1.0,0,0,0,0,0,0,,,,identical,,0.0,0.0,0.0,1.0,0,0,0,0,0,0,,,
published,lhs233,lhs,39864.513659760334,0.0012170480907048242,0.9232478245418144,0.5182993354080643,40,100,optimal,0.0,0,0,,optimal,0.0,0,0,,optimal,0.0,0,0,,,,identical,,0.0,0.0,0.0,1.0,0,0,0,0,0,0,,,,identical,,0.0,0.0,0.0,1.0,0,0,0,0,0,0,,,
published,lhs233,lhs,39864.513659760334,0.0012170480907048242,0.9232478245418144,0.5182993354080643,30,100,optimal,0.0,0,0,,optimal,0.0,0,0,,optimal,0.0,0,0,,,,identical,,0.0,0.0,0.0,1.0,0,0,0,0,0,0,,,,identical,,0.0,0.0,0.0,1.0,0,0,0,0,0,0,,,
published,lhs233,lhs,39864.513659760334,0.0012170480907048242,0.9232478245418144,0.5182993354080643,20,100,optimal,0.0,0,0,,optimal,0.0,0,0,,optimal,0.0,0,0,,,,identical,,0.0,0.0,0.0,1.0,0,0,0,0,0,0,,,,identical,,0.0,0.0,0.0,1.0,0,0,0,0,0,0,,,
published,lhs233,lhs,39864.513659760334,0.0012170480907048242,0.9232478245418144,0.5182993354080643,15,100,optimal,0.0,0,0,,optimal,0.0,0,0,,optimal,0.0,0,0,,,,identical,,0.0,0.0,0.0,1.0,0,0,0,0,0,0,,,,identical,,0.0,0.0,0.0,1.0,0,0,0,0,0,0,,,
published,lhs233,lhs,39864.513659760334,0.0012170480907048242,0.9232478245418144,0.5182993354080643,10,100,optimal,0.0,0,0,,optimal,0.0,0,0,,optimal,0.0,0,0,,,,identical,,0.0,0.0,0.0,1.0,0,0,0,0,0,0,,,,identical,,0.0,0.0,0.0,1.0,0,0,0,0,0,0,,,
published,lhs233,lhs,39864.513659760334,0.0012170480907048242,0.9232478245418144,0.5182993354080643,6,100,optimal,0.0,0,0,,optimal,0.0,0,0,,optimal,0.0,0,0,,,,identical,,0.0,0.0,0.0,1.0,0,0,0,0,0,0,,,,identical,,0.0,0.0,0.0,1.0,0,0,0,0,0,0,,,
published,lhs234,lhs,4375.232345895701,0.066872354652426,0.9553651585089653,0.7230541438474442,1000000,100,optimal,47.11738703254675,53,11,5.818181818181818,optimal,33.57983956159066,53,11,5.818181818181818,optimal,11.998367763265893,7,3,3.3333333333333335,0.03319923187926317,0.0640270900528647,tie,,7.105427357601002e-15,0.0,6.459479416000911e-16,1.0,0,0,0,0,0,4,0.0,0.0,-3.027880976250427e-17,changed,served_and_memory,173.49575647768287,22.418632481113608,57.83191882589429,0.1320754716981132,46,0,-46,-8,0,3,0.0,73.0,5.6149794621844755
published,lhs234,lhs,4375.232345895701,0.066872354652426,0.9553651585089653,0.7230541438474442,40,100,optimal,44.04312948806916,40,10,5.9,optimal,32.94177124658655,39,9,5.333333333333333,optimal,11.998367763265893,7,3,3.3333333333333335,0.06044547074134525,0.08918361377866182,changed,served_and_memory,1.1180264062889513,0.44611497634734576,0.12422515625432792,0.975,1,0,-1,-1,0,2,0.0,0.0,2.4671622769447922e-17,changed,served_and_memory,148.52622118751864,19.34437493663602,49.508740395839546,0.175,33,0,-33,-7,0,3,0.0,73.0,5.6149794621844755
published,lhs234,lhs,4375.232345895701,0.066872354652426,0.9553651585089653,0.7230541438474442,30,100,optimal,40.36960548681078,28,9,5.888888888888889,optimal,30.931877576253708,26,7,4.714285714285714,optimal,11.998367763265893,7,3,3.3333333333333335,0.06044547074134525,0.08153869645085443,changed,routing,1.2901479629271186,1.5962253211634234,0.18430685184673123,0.5882352941176471,8,6,-2,-2,1,1,-0.2857142857142857,10.428571428571429,0.3606785690803588,changed,served_and_memory,131.65725297168612,15.670850935377633,43.88575099056204,0.25,21,0,-21,-6,0,3,0.0,64.66666666666667,4.750146439878756
published,lhs234,lhs,4375.232345895701,0.066872354652426,0.9553651585089653,0.7230541438474442,20,100,optimal,36.46143790406487,18,7,5.428571428571429,optimal,29.301342349474513,20,6,4.333333333333333,optimal,11.998367763265893,7,3,3.3333333333333335,0.0640270900528647,0.12532289850754513,changed,routing,0.6700071292697274,0.6917237155375418,0.1116678548782879,0.7272727272727273,2,4,2,-1,1,2,-0.5,0.0,0.12419855821396053,changed,served_and_memory,73.33499207542881,11.76268335263173,24.44499735847627,0.3888888888888889,11,0,-11,-4,0,2,0.0,48.666666666666664,3.2587848799246437
published,lhs234,lhs,4375.232345895701,0.066872354652426,0.9553651585089653,0.7230541438474442,15,100,optimal,32.81653814367522,15,5,4.0,optimal,27.639264281522255,15,5,4.0,optimal,11.998367763265893,7,3,3.3333333333333335,0.050276352689897476,0.23713737056616555,tie,,3.552713678800501e-15,0.0,7.105427357601002e-16,1.0,0,0,0,0,0,2,0.0,0.0,1.7763568394002506e-16,changed,served_and_memory,25.386238774474766,8.117783592242073,8.46207959149159,0.4666666666666667,8,0,-8,-2,0,1,0.0,16.0,0.7568017534231467
published,lhs234,lhs,4375.232345895701,0.066872354652426,0.9553651585089653,0.7230541438474442,10,100,optimal,24.698754551433144,7,3,3.3333333333333335,optimal,21.900295237515973,7,3,3.3333333333333335,optimal,11.998367763265893,7,3,3.3333333333333335,0.23713737056616555,0.46415888336127825,identical,,0.0,0.0,0.0,1.0,0,0,0,0,0,0,0.0,0.0,0.0,identical,,0.0,0.0,0.0,1.0,0,0,0,0,0,0,0.0,0.0,0.0
published,lhs234,lhs,4375.232345895701,0.066872354652426,0.9553651585089653,0.7230541438474442,6,100,optimal,17.9477861638804,6,3,3.0,optimal,16.01933556341431,6,3,3.0,optimal,11.846071898255918,4,2,3.0,0.0036869450645195738,0.23713737056616555,identical,,0.0,0.0,0.0,1.0,0,0,0,0,0,0,0.0,0.0,0.0,changed,routing,5.084209614735762,0.2943577949013232,2.542104807367881,0.42857142857142855,3,1,-2,-1,1,0,0.5,0.0,2.690659978815512
published,lhs235,lhs,7181.1687960044155,0.007110379462181965,0.9963943507849027,0.7526252146418948,1000000,100,optimal,67.0462073295435,53,11,5.818181818181818,optimal,53.508659858587414,53,11,5.818181818181818,optimal,15.851661338381207,7,3,3.3333333333333335,0.03319923187926317,0.0640270900528647,tie,,0.0,0.0,0.0,1.0,0,0,0,0,0,6,0.0,0.0,-9.083642928751281e-17,changed,served_and_memory,160.2461662529367,38.49415920299505,53.4153887509789,0.1320754716981132,46,0,-46,-8,0,3,0.0,64.66666666666667,4.750146439878756
published,lhs235,lhs,7181.1687960044155,0.007110379462181965,0.9963943507849027,0.7526252146418948,40,100,optimal,62.09217490203412,38,10,6.1,optimal,50.00697742553859,38,10,6.1,optimal,15.851661338381207,7,3,3.3333333333333335,0.04279211619645008,0.09897609782820413,tie,,7.105427357601002e-15,0.0,7.105427357601002e-16,1.0,0,0,0,0,0,2,0.0,0.0,2.2204460492503132e-17,changed,served_and_memory,133.57743765343105,33.54012677548566,44.52581255114368,0.18421052631578946,31,0,-31,-7,0,3,0.0,73.0,5.6149794621844755
published,lhs235,lhs,7181.1687960044155,0.007110379462181965,0.9963943507849027,0.7526252146418948,30,100,optimal,53.48444002738016,29,8,5.375,optimal,44.29275840078104,27,8,5.25,optimal,15.851661338381207,7,3,3.3333333333333335,0.05387208250415978,0.11986246594997996,changed,routing,0.062098798828778,0.027947135751226426,0.00776234985359725,0.6470588235294118,7,5,-2,0,2,2,-0.125,0.0,0.006447764113113805,changed,served_and_memory,80.73994974623015,24.932391900831703,26.913316582076718,0.2413793103448276,22,0,-22,-5,0,3,0.0,73.0,5.6149794621844755
published,lhs235,lhs,7181.1687960044155,0.007110379462181965,0.9963943507849027,0.7526252146418948,20,100,optimal,48.607561557915524,18,7,5.428571428571429,optimal,40.777458874055434,18,7,5.428571428571429,optimal,15.851661338381207,7,3,3.3333333333333335,0.0640270900528647,0.12532289850754513,tie,,0.0,0.0,0.0,1.0,0,0,0,0,0,4,0.0,0.0,-4.7580986769649563e-17,changed,served_and_memory,65.04216199669348,20.055513431367068,21.680720665564493,0.3888888888888889,11,0,-11,-4,0,2,0.0,48.666666666666664,3.2587848799246437
published,lhs235,lhs,7181.1687960044155,0.007110379462181965,0.9963943507849027,0.7526252146418948,15,100,optimal,40.145671892789544,15,6,5.666666666666667,optimal,34.73611803463716,15,5,4.0,optimal,15.851661338381207,7,3,3.3333333333333335,0.0640270900528647,0.10242506457263026,changed,routing,1.3633389089684869,0.23227999599942706,0.2726677817936974,0.36363636363636365,7,7,0,-1,1,3,-0.75,18.25,0.6151690539030564,changed,served_and_memory,65.95453045850793,11.593623766241087,21.98484348616931,0.2222222222222222,11,3,-8,-3,0,2,0.0,60.5,3.6260241841550065
published,lhs235,lhs,7181.1687960044155,0.007110379462181965,0.9963943507849027,0.7526252146418948,10,100,optimal,31.47015723704702,10,5,4.2,optimal,26.727938266723122,9,4,4.75,optimal,15.851661338381207,7,3,3.3333333333333335,0.0005623413251903491,0.15703748946090484,changed,served_and_memory,0.002155256899776248,0.582832010386916,0.000538814224944062,0.9,1,0,-1,-1,0,2,0.0,0.0,-1.6653345369377348e-16,changed,routing,38.03494025061825,2.9181091104985626,12.678313416872749,0.4166666666666667,5,2,-3,-2,1,1,0.6666666666666666,24.333333333333332,5.532939618710649
published,lhs235,lhs,7181.1687960044155,0.007110379462181965,0.9963943507849027,0.7526252146418948,6,100,optimal,21.608929711513717,6,3,3.0,optimal,19.68047911104762,6,3,3.0,optimal,14.282801990699324,4,2,3.0,0.0036869450645195738,0.23713737056616555,identical,,0.0,0.0,0.0,1.0,0,0,0,0,0,0,0.0,0.0,0.0,changed,routing,3.859796159545855,1.518771250091234,1.9298980797729275,0.42857142857142855,3,1,-2,-1,1,0,0.5,0.0,2.7195739490293107
published,lhs236,lhs,1487.8396469670736,0.008762194936538766,0.9434177487197595,0.7208533134144532,1000000,100,optimal,26.9915940495991,39,9,5.333333333333333,optimal,18.89723995287286,15,5,4.0,optimal,8.465051329544398,4,2,3.0,0.05387208250415978,0.09682853110646922,changed,served_and_memory,2.5608891684090196,2.9170802345732874,0.5121778336818039,0.38461538461538464,24,0,-24,-4,0,2,0.0,29.2,0.7555874750445024,changed,served_and_memory,122.37420574957109,12.719186249331543,61.187102874785545,0.10256410256410256,35,0,-35,-7,0,2,0.0,73.0,4.888177319886966
published,lhs236,lhs,1487.8396469670736,0.008762194936538766,0.9434177487197595,0.7208533134144532,40,100,optimal,26.9915940495991,39,9,5.333333333333333,optimal,18.89723995287286,15,5,4.0,optimal,8.465051329544398,4,2,3.0,0.05387208250415978,0.09682853110646922,changed,served_and_memory,2.560889168409023,2.9170802345732874,0.5121778336818046,0.38461538461538464,24,0,-24,-4,0,4,0.0,24.2,0.5664770318489778,changed,served_and_memory,125.1006812334097,12.719186249331543,62.55034061670485,0.10256410256410256,35,0,-35,-7,0,2,0.0,73.0,4.888177319886966
published,lhs236,lhs,1487.8396469670736,0.008762194936538766,0.9434177487197595,0.7208533134144532,30,100,optimal,26.19131560974472,26,7,4.714285714285714,optimal,18.89723995287286,15,5,4.0,optimal,8.465051329544398,4,2,3.0,0.050276352689897476,0.15703748946090484,changed,served_and_memory,0.547426932521784,2.1168017947189064,0.1094853865043568,0.5769230769230769,11,0,-11,-2,0,1,0.0,9.6,0.18868329432672654,changed,served_and_memory,73.62415708014453,11.918907809477162,36.812078540072264,0.15384615384615385,22,0,-22,-5,0,2,0.0,60.5,3.5909277864283853
published,lhs236,lhs,1487.8396469670736,0.008762194936538766,0.9434177487197595,0.7208533134144532,20,100,optimal,25.149191192178847,20,6,4.333333333333333,optimal,18.89723995287286,15,5,4.0,optimal,8.465051329544398,4,2,3.0,0.08153869645085443,0.12431716560097561,changed,served_and_memory,0.21642059974683292,1.0746773771530336,0.04328411994936658,0.75,5,0,-5,-1,0,3,0.0,14.6,0.3777937375222513,changed,served_and_memory,46.192158183818776,10.876783391911289,23.096079091909388,0.2,16,0,-16,-4,0,2,0.0,73.0,4.888177319886966
published,lhs236,lhs,1487.8396469670736,0.008762194936538766,0.9434177487197595,0.7208533134144532,15,100,optimal,24.074513815025814,15,5,4.0,optimal,18.89723995287286,15,5,4.0,optimal,8.465051329544398,4,2,3.0,0.08153869645085443,0.16394459283656687,identical,,0.0,0.0,0.0,1.0,0,0,0,0,0,0,0.0,0.0,0.0,changed,served_and_memory,28.557487664249177,9.802106014758255,14.278743832124588,0.26666666666666666,11,0,-11,-3,0,1,0.0,36.5,2.397355765866679
published,lhs236,lhs,1487.8396469670736,0.008762194936538766,0.9434177487197595,0.7208533134144532,10,100,optimal,19.572017646090245,7,3,3.3333333333333335,optimal,16.773558332173074,7,3,3.3333333333333335,optimal,8.465051329544398,4,2,3.0,0.23713737056616555,0.46415888336127825,identical,,0.0,0.0,0.0,1.0,0,0,0,0,0,0,0.0,0.0,0.0,changed,served_set_only,1.5934204716214015,5.299609845822687,0.7967102358107008,0.5714285714285714,3,0,-3,-1,0,0,0.0,0.0,0.0
published,lhs236,lhs,1487.8396469670736,0.008762194936538766,0.9434177487197595,0.7208533134144532,6,100,optimal,14.272407800267558,4,2,3.0,optimal,12.531158403089595,4,2,3.0,optimal,8.465051329544398,4,2,3.0,0.46415888336127825,0.5356805395261334,identical,,0.0,0.0,0.0,1.0,0,0,0,0,0,0,0.0,0.0,0.0,identical,,0.0,0.0,0.0,1.0,0,0,0,0,0,0,0.0,0.0,0.0
published,lhs237,lhs,60790.16546562047,0.005136520513308726,0.9363965679653886,0.9051070816067077,1000000,100,optimal,63.07474388620633,20,6,4.333333333333333,optimal,56.6063720471535,20,6,4.333333333333333,optimal,24.96394848717656,7,3,3.3333333333333335,0.050276352689897476,0.15933803350851,tie,,0.0,0.0,0.0,1.0,0,0,0,0,0,4,0.0,0.0,1.6653345369377348e-16,changed,served_and_memory,29.62889814971222,25.41040861086252,9.876299383237408,0.35,13,0,-13,-3,0,2,0.0,32.0,1.5525164337976172
published,lhs237,lhs,60790.16546562047,0.005136520513308726,0.9363965679653886,0.9051070816067077,40,100,optimal,63.07474388620633,20,6,4.333333333333333,optimal,56.6063720471535,20,6,4.333333333333333,optimal,24.96394848717656,7,3,3.3333333333333335,0.050276352689897476,0.15933803350851,tie,,0.0,0.0,0.0,1.0,0,0,0,0,0,4,0.0,0.0,1.6653345369377348e-16,changed,served_and_memory,29.62889814971222,25.41040861086252,9.876299383237408,0.35,13,0,-13,-3,0,2,0.0,32.0,1.5525164337976172
published,lhs237,lhs,60790.16546562047,0.005136520513308726,0.9363965679653886,0.9051070816067077,30,100,optimal,63.07474388620633,20,6,4.333333333333333,optimal,56.6063720471535,20,6,4.333333333333333,optimal,24.96394848717656,7,3,3.3333333333333335,0.050276352689897476,0.15933803350851,tie,,0.0,0.0,0.0,1.0,0,0,0,0,0,4,0.0,0.0,1.6653345369377348e-16,changed,served_and_memory,29.62889814971222,25.41040861086252,9.876299383237408,0.35,13,0,-13,-3,0,2,0.0,32.0,1.5525164337976172
published,lhs237,lhs,60790.16546562047,0.005136520513308726,0.9363965679653886,0.9051070816067077,20,100,optimal,63.07474388620633,20,6,4.333333333333333,optimal,56.6063720471535,20,6,4.333333333333333,optimal,24.96394848717656,7,3,3.3333333333333335,0.050276352689897476,0.15933803350851,tie,,0.0,0.0,0.0,1.0,0,0,0,0,0,4,0.0,0.0,1.6653345369377348e-16,changed,served_and_memory,29.62889814971222,25.41040861086252,9.876299383237408,0.35,13,0,-13,-3,0,2,0.0,32.0,1.5525164337976172
published,lhs237,lhs,60790.16546562047,0.005136520513308726,0.9363965679653886,0.9051070816067077,15,100,optimal,55.20159546451079,15,5,4.0,optimal,50.02432160235783,15,5,4.0,optimal,24.96394848717656,7,3,3.3333333333333335,0.08153869645085443,0.16394459283656687,tie,,7.105427357601002e-15,0.0,1.4210854715202005e-15,1.0,0,0,0,0,0,2,0.0,0.0,6.661338147750939e-17,changed,served_and_memory,13.92930317239637,17.53726018916698,4.643101057465457,0.4666666666666667,8,0,-8,-2,0,1,0.0,24.333333333333332,1.5982371772444528
published,lhs237,lhs,60790.16546562047,0.005136520513308726,0.9363965679653886,0.9051070816067077,10,100,optimal,39.309334368393706,10,4,3.5,optimal,36.191894956586616,10,4,3.5,optimal,24.96394848717656,7,3,3.3333333333333335,0.0019172114335501782,0.15933803350851,identical,,0.0,0.0,0.0,1.0,0,0,0,0,0,0,0.0,0.0,0.0,changed,routing,12.335624474695276,1.644999093049897,4.111874824898425,0.5454545454545454,4,1,-3,-1,1,1,0.3333333333333333,16.0,2.4655663817862443
published,lhs237,lhs,60790.16546562047,0.005136520513308726,0.9363965679653886,0.9051070816067077,6,100,optimal,30.663610059663867,6,3,3.0,optimal,28.735159459197778,6,3,3.0,optimal,20.329583724554617,4,2,3.0,0.0036869450645195738,0.23713737056616555,identical,,0.0,0.0,0.0,1.0,0,0,0,0,0,0,0.0,0.0,0.0,changed,routing,0.851897545250992,4.52666986438609,0.425948772625496,0.42857142857142855,3,1,-2,-1,1,0,0.5,0.0,2.852652379639915
published,lhs238,lhs,188321.0213768,0.026869691526278355,0.9390067113188444,0.5757937887698927,1000000,100,optimal,84.63000749915787,53,11,5.818181818181818,optimal,71.09246002820177,53,11,5.818181818181818,optimal,25.389376493594774,7,3,3.3333333333333335,0.03319923187926317,0.0640270900528647,tie,,0.0,0.0,0.0,1.0,0,0,0,0,0,6,0.0,0.0,-3.027880976250427e-17,changed,served_and_memory,152.20008123853592,46.540244217395845,50.73336041284531,0.1320754716981132,46,0,-46,-8,0,3,0.0,64.66666666666667,4.750146439878756
published,lhs238,lhs,188321.0213768,0.026869691526278355,0.9390067113188444,0.5757937887698927,40,100,optimal,77.25125992264033,40,10,5.9,optimal,65.55858609602383,39,9,5.333333333333333,optimal,25.389376493594774,7,3,3.3333333333333335,0.05387208250415978,0.08918361377866182,changed,served_and_memory,0.5267108211550777,1.03743056148123,0.05852342457278641,0.975,1,0,-1,-1,0,2,0.0,0.0,-1.1102230246251565e-16,changed,served_and_memory,129.65871896846565,39.161496640878305,43.21957298948855,0.175,33,0,-33,-7,0,3,0.0,73.0,5.6149794621844755
published,lhs238,lhs,188321.0213768,0.026869691526278355,0.9390067113188444,0.5757937887698927,30,100,optimal,70.14074980693812,28,9,5.888888888888889,optimal,59.939584754609,27,8,5.25,optimal,25.389376493594774,7,3,3.3333333333333335,0.050276352689897476,0.0640270900528647,changed,served_and_memory,0.5267108211550706,1.03743056148123,0.06583885264438383,0.9642857142857143,1,0,-1,-1,0,4,0.0,0.0,2.7755575615628914e-17,changed,served_and_memory,118.1048813116189,32.05098652517609,39.36829377053963,0.25,21,0,-21,-6,0,3,0.0,56.333333333333336,3.5455996726847676
published,lhs238,lhs,188321.0213768,0.026869691526278355,0.9390067113188444,0.5757937887698927,20,100,optimal,61.381916092910444,18,7,5.428571428571429,optimal,53.630238777818434,20,6,4.333333333333333,optimal,25.389376493594774,7,3,3.3333333333333335,0.0640270900528647,0.12532289850754513,changed,routing,0.07842536876808026,1.2833054760391889,0.013070894794680044,0.7272727272727273,2,4,2,-1,1,0,-0.5,0.0,0.2884742867380869,changed,served_and_memory,59.2851757329405,23.29215281114842,19.7617252443135,0.3888888888888889,11,0,-11,-4,0,2,0.0,48.666666666666664,3.2587848799246437
published,lhs238,lhs,188321.0213768,0.026869691526278355,0.9390067113188444,0.5757937887698927,15,100,optimal,53.782037970967245,15,5,4.0,optimal,48.604764108814294,15,5,4.0,optimal,25.389376493594774,7,3,3.3333333333333335,0.050276352689897476,0.23713737056616555,identical,,0.0,0.0,0.0,1.0,0,0,0,0,0,0,0.0,0.0,0.0,changed,served_and_memory,17.811747677511608,15.69227468920522,5.937249225837203,0.4666666666666667,8,0,-8,-2,0,1,0.0,16.0,0.7568017534231468
published,lhs238,lhs,188321.0213768,0.026869691526278355,0.9390067113188444,0.5757937887698927,10,100,optimal,44.50997934817935,10,5,4.2,optimal,39.76560512095567,10,5,4.2,optimal,25.389376493594774,7,3,3.3333333333333335,0.0005623413251903491,0.08153869645085443,tie,,0.0,0.0,0.0,1.0,0,0,0,0,0,2,0.0,0.0,1.1102230246251565e-16,changed,routing,36.469003853960324,6.420216066417325,12.156334617986774,0.4166666666666667,5,2,-3,-2,1,1,0.6666666666666666,16.0,4.433917929905442
published,lhs238,lhs,188321.0213768,0.026869691526278355,0.9390067113188444,0.5757937887698927,6,100,optimal,31.730779198690435,6,3,3.0,optimal,29.80232859822434,6,3,3.0,optimal,21.039888184875345,4,2,3.0,0.0036869450645195738,0.23713737056616555,identical,,0.0,0.0,0.0,1.0,0,0,0,0,0,0,0.0,0.0,0.0,changed,routing,0.4950328665451593,4.88353454309193,0.24751643327257966,0.42857142857142855,3,1,-2,-1,1,0,0.5,0.0,2.526384250291385
published,lhs239,lhs,4958.366548646294,0.0038548192717414572,0.9702955470399985,0.5485697258289289,1000000,100,optimal,25.740266709253557,11,4,3.75,optimal,21.752818583995385,11,4,3.75,optimal,10.909848335081096,4,2,3.0,0.08153869645085443,0.27644125616273973,tie,,0.0,0.0,0.0,1.0,0,0,0,0,0,2,0.0,0.0,8.326672684688674e-17,changed,served_and_memory,13.944065763737507,9.0230619034493,6.972032881868754,0.36363636363636365,7,0,-7,-2,0,1,0.0,24.0,1.13520263013472
published,lhs239,lhs,4958.366548646294,0.0038548192717414572,0.9702955470399985,0.5485697258289289,40,100,optimal,25.740266709253557,11,4,3.75,optimal,21.752818583995385,11,4,3.75,optimal,10.909848335081096,4,2,3.0,0.08153869645085443,0.27644125616273973,tie,,0.0,0.0,0.0,1.0,0,0,0,0,0,2,0.0,0.0,8.326672684688674e-17,changed,served_and_memory,13.944065763737507,9.0230619034493,6.972032881868754,0.36363636363636365,7,0,-7,-2,0,1,0.0,24.0,1.13520263013472
published,lhs239,lhs,4958.366548646294,0.0038548192717414572,0.9702955470399985,0.5485697258289289,30,100,optimal,25.740266709253557,11,4,3.75,optimal,21.752818583995385,11,4,3.75,optimal,10.909848335081096,4,2,3.0,0.08153869645085443,0.27644125616273973,tie,,0.0,0.0,0.0,1.0,0,0,0,0,0,2,0.0,0.0,8.326672684688674e-17,changed,served_and_memory,13.944065763737507,9.0230619034493,6.972032881868754,0.36363636363636365,7,0,-7,-2,0,1,0.0,24.0,1.13520263013472
published,lhs239,lhs,4958.366548646294,0.0038548192717414572,0.9702955470399985,0.5485697258289289,20,100,optimal,25.740266709253557,11,4,3.75,optimal,21.752818583995385,11,4,3.75,optimal,10.909848335081096,4,2,3.0,0.08153869645085443,0.27644125616273973,tie,,0.0,0.0,0.0,1.0,0,0,0,0,0,2,0.0,0.0,8.326672684688674e-17,changed,served_and_memory,13.944065763737507,9.0230619034493,6.972032881868754,0.36363636363636365,7,0,-7,-2,0,1,0.0,24.0,1.13520263013472
published,lhs239,lhs,4958.366548646294,0.0038548192717414572,0.9702955470399985,0.5485697258289289,15,100,optimal,25.740266709253557,11,4,3.75,optimal,21.752818583995385,11,4,3.75,optimal,10.909848335081096,4,2,3.0,0.08153869645085443,0.27644125616273973,tie,,0.0,0.0,0.0,1.0,0,0,0,0,0,2,0.0,0.0,8.326672684688674e-17,changed,served_and_memory,13.944065763737507,9.0230619034493,6.972032881868754,0.36363636363636365,7,0,-7,-2,0,1,0.0,24.0,1.13520263013472
published,lhs239,lhs,4958.366548646294,0.0038548192717414572,0.9702955470399985,0.5485697258289289,10,100,optimal,22.95222827363673,7,3,3.3333333333333335,optimal,20.153768959719564,7,3,3.3333333333333335,optimal,10.909848335081096,4,2,3.0,0.23713737056616555,0.46415888336127825,identical,,0.0,0.0,0.0,1.0,0,0,0,0,0,0,0.0,0.0,0.0,changed,served_set_only,0.6580068496116134,6.235023467832473,0.3290034248058067,0.5714285714285714,3,0,-3,-1,0,0,0.0,0.0,0.0
published,lhs239,lhs,4958.366548646294,0.0038548192717414572,0.9702955470399985,0.5485697258289289,6,100,optimal,16.717204805804258,4,2,3.0,optimal,14.975955408626291,4,2,3.0,optimal,10.909848335081096,4,2,3.0,0.46415888336127825,0.5356805395261334,identical,,0.0,0.0,0.0,1.0,0,0,0,0,0,0,0.0,0.0,0.0,identical,,0.0,0.0,0.0,1.0,0,0,0,0,0,0,0.0,0.0,0.0
published,lhs240,lhs,190010.21879908963,0.02387717501136724,0.9719447028573629,0.9462071270204082,1000000,100,optimal,183.1312113758486,51,17,9.0,optimal,159.93845123317297,51,17,9.0,optimal,31.59072389597612,7,3,3.3333333333333335,0.0221885046944556,0.06044547074134525,tie,,0.0,2.842170943040401e-14,0.0,1.0,0,0,0,0,0,6,0.0,0.0,-2.6122894697062506e-17,changed,served_and_memory,447.9894821314226,138.84010069170523,149.32982737714087,0.13725490196078433,44,0,-44,-14,0,3,0.0,81.66666666666667,7.74071091041269
published,lhs240,lhs,190010.21879908963,0.02387717501136724,0.9719447028573629,0.9462071270204082,40,100,optimal,180.6618440124749,40,17,9.647058823529411,optimal,156.98160043910926,40,17,9.647058823529411,optimal,31.59072389597612,7,3,3.3333333333333335,0.008576498012880285,0.05789136158694193,tie,,-2.842170943040401e-14,2.842170943040401e-14,-1.6718652606120004e-15,1.0,0,0,0,0,0,6,0.0,0.0,-9.143013143971877e-17,changed,served_and_memory,523.0982052454672,136.3707333283315,174.36606841515572,0.175,33,0,-33,-14,0,3,0.0,77.33333333333333,6.848912076311538
published,lhs240,lhs,190010.21879908963,0.02387717501136724,0.9719447028573629,0.9462071270204082,30,100,optimal,152.48049289044673,29,15,9.266666666666667,optimal,132.2619128703405,29,15,9.266666666666667,optimal,31.59072389597612,7,3,3.3333333333333335,0.00015183215780139426,0.03319923187926317,identical,,0.0,0.0,0.0,1.0,0,0,0,0,0,0,0.0,0.0,0.0,changed,served_and_memory,455.88211994597896,108.18938220630335,151.96070664865965,0.2413793103448276,22,0,-22,-12,0,3,0.0,69.0,5.984079054005817
published,lhs240,lhs,190010.21879908963,0.02387717501136724,0.9719447028573629,0.9462071270204082,20,100,optimal,121.88496857905976,20,11,9.0,optimal,107.25253169081475,20,11,9.0,optimal,31.59072389597612,7,3,3.3333333333333335,0.03319923187926317,0.0640270900528647,identical,,0.0,0.0,0.0,1.0,0,0,0,0,0,0,0.0,0.0,0.0,changed,served_and_memory,291.3135146233066,77.5938578949164,97.10450487443553,0.35,13,0,-13,-8,0,2,0.0,48.666666666666664,3.954431759504285
published,lhs240,lhs,190010.21879908963,0.02387717501136724,0.9719447028573629,0.9462071270204082,15,100,optimal,77.10567001322998,15,7,7.142857142857143,optimal,69.36987695627133,15,7,7.142857142857143,optimal,31.59072389597612,7,3,3.3333333333333335,0.002154434690031887,0.0640270900528647,identical,,0.0,0.0,0.0,1.0,0,0,0,0,0,0,0.0,0.0,0.0,changed,routing,109.98447143210385,32.81455932908661,36.66149047736795,0.15789473684210525,12,4,-8,-4,1,1,0.5,36.5,5.367687620177496
published,lhs240,lhs,190010.21879908963,0.02387717501136724,0.9719447028573629,0.9462071270204082,10,100,optimal,58.76567338198665,10,5,4.2,optimal,54.02129915476297,10,5,4.2,optimal,31.59072389597612,7,3,3.3333333333333335,0.0005623413251903491,0.08153869645085443,identical,,0.0,0.0,0.0,1.0,0,0,0,0,0,0,0.0,0.0,0.0,changed,routing,28.414657222534363,14.474562697843282,9.471552407511455,0.4166666666666667,5,2,-3,-2,1,1,0.6666666666666666,16.0,4.911653797425363
published,lhs240,lhs,190010.21879908963,0.02387717501136724,0.9719447028573629,0.9462071270204082,6,100,optimal,37.09412778963164,6,3,3.0,optimal,35.16567718916554,6,3,3.0,optimal,25.908203909271393,6,3,3.0,0.0036869450645195738,0.23713737056616555,identical,,0.0,0.0,0.0,1.0,0,0,0,0,0,0,0.0,0.0,0.0,identical,,0.0,0.0,0.0,1.0,0,0,0,0,0,0,0.0,0.0,0.0
published,lhs241,lhs,23222.056487186677,0.06151013622179106,0.9859904904967574,0.8711141751526943,1000000,100,optimal,123.43624036163189,55,17,8.823529411764707,optimal,100.28280323347944,55,17,8.823529411764707,optimal,22.097616886763376,7,3,3.3333333333333335,0.0221885046944556,0.04279211619645008,tie,,0.0,0.0,0.0,1.0,0,0,0,0,0,8,0.0,0.0,-1.3061447348531254e-16,changed,served_and_memory,491.0379240603066,88.63823668670126,163.67930802010218,0.12727272727272726,48,0,-48,-14,0,3,0.0,77.33333333333333,6.848912076311538
published,lhs241,lhs,23222.056487186677,0.06151013622179106,0.9859904904967574,0.8711141751526943,40,100,optimal,120.55931216078807,40,17,9.647058823529411,optimal,96.87906858742241,40,17,9.647058823529411,optimal,22.097616886763376,7,3,3.3333333333333335,0.008576498012880285,0.05789136158694193,tie,,-1.4210854715202004e-14,0.0,-8.359326303060002e-16,1.0,0,0,0,0,0,6,0.0,0.0,-5.877651306839064e-17,changed,served_and_memory,579.1262280302046,85.76130848585744,193.0420760100682,0.175,33,0,-33,-14,0,3,0.0,69.0,5.984079054005817
published,lhs241,lhs,23222.056487186677,0.06151013622179106,0.9859904904967574,0.8711141751526943,30,100,optimal,100.38815252632654,27,14,9.714285714285714,optimal,81.04406607444044,27,14,9.714285714285714,optimal,22.097616886763376,7,3,3.3333333333333335,0.03134209593995679,0.03319923187926317,tie,,0.0,0.0,0.0,1.0,0,0,0,0,0,2,0.0,0.0,0.0,changed,served_and_memory,478.1535724862957,65.59014885139591,159.38452416209856,0.25925925925925924,20,0,-20,-11,0,2,0.0,48.666666666666664,3.954431759504285
published,lhs241,lhs,23222.056487186677,0.06151013622179106,0.9859904904967574,0.8711141751526943,20,100,optimal,83.27278818743828,20,11,9.0,optimal,68.64035129919326,20,11,9.0,optimal,22.097616886763376,7,3,3.3333333333333335,0.03319923187926317,0.0640270900528647,tie,,0.0,0.0,0.0,1.0,0,0,0,0,0,2,0.0,0.0,3.027880976250427e-17,changed,served_and_memory,320.43258800571533,48.474784512507654,106.81086266857177,0.35,13,0,-13,-8,0,2,0.0,48.666666666666664,3.954431759504285
published,lhs241,lhs,23222.056487186677,0.06151013622179106,0.9859904904967574,0.8711141751526943,15,100,optimal,55.13353927914196,15,6,5.666666666666667,optimal,48.36064651202108,15,6,5.666666666666667,optimal,22.097616886763376,7,3,3.3333333333333335,0.0640270900528647,0.11928809295587964,tie,,1.4210854715202004e-14,0.0,2.3684757858670005e-15,1.0,0,0,0,0,0,2,0.0,0.0,-1.850371707708594e-17,changed,served_and_memory,58.17469911956877,20.33553560421133,19.39156637318959,0.2222222222222222,11,3,-8,-3,0,2,0.0,60.5,3.5909277864283853
published,lhs241,lhs,23222.056487186677,0.06151013622179106,0.9859904904967574,0.8711141751526943,10,100,optimal,42.651372242419114,10,5,4.2,optimal,37.90699801519544,10,5,4.2,optimal,22.097616886763376,7,3,3.3333333333333335,0.0005623413251903491,0.15703748946090484,tie,,0.0,0.0,0.0,1.0,0,0,0,0,0,2,0.0,0.0,-2.2204460492503132e-17,changed,routing,30.579333909656704,7.853368567488488,10.1931113032189,0.4166666666666667,5,2,-3,-2,1,1,0.6666666666666666,24.333333333333332,5.673559751078511
published,lhs241,lhs,23222.056487186677,0.06151013622179106,0.9859904904967574,0.8711141751526943,6,100,optimal,27.675277729635845,6,3,3.0,optimal,25.74682712916975,6,3,3.0,optimal,18.327304720705868,4,2,3.0,0.0036869450645195738,0.23713737056616555,identical,,0.0,0.0,0.0,1.0,0,0,0,0,0,0,0.0,0.0,0.0,changed,routing,1.8379508714302695,3.540616538206816,0.9189754357151347,0.42857142857142855,3,1,-2,-1,1,0,0.5,0.0,2.825039048305209
published,lhs242,lhs,1000.1197484673714,0.003922681137573035,0.9840648700064718,0.6068682121559411,1000000,100,optimal,20.292722841220606,15,5,4.0,optimal,15.115448979067645,15,5,4.0,optimal,7.131777243080737,4,2,3.0,0.050276352689897476,0.23713737056616555,tie,,0.0,0.0,0.0,1.0,0,0,0,0,0,2,0.0,0.0,1.1102230246251565e-16,changed,served_and_memory,33.043463556744214,7.353589127416708,16.521731778372107,0.26666666666666666,11,0,-11,-3,0,1,0.0,24.0,1.13520263013472
published,lhs242,lhs,1000.1197484673714,0.003922681137573035,0.9840648700064718,0.6068682121559411,40,100,optimal,20.292722841220606,15,5,4.0,optimal,15.115448979067645,15,5,4.0,optimal,7.131777243080737,4,2,3.0,0.050276352689897476,0.23713737056616555,tie,,0.0,0.0,0.0,1.0,0,0,0,0,0,2,0.0,0.0,1.1102230246251565e-16,changed,served_and_memory,33.043463556744214,7.353589127416708,16.521731778372107,0.26666666666666666,11,0,-11,-3,0,1,0.0,24.0,1.13520263013472
published,lhs242,lhs,1000.1197484673714,0.003922681137573035,0.9840648700064718,0.6068682121559411,30,100,optimal,20.292722841220606,15,5,4.0,optimal,15.115448979067645,15,5,4.0,optimal,7.131777243080737,4,2,3.0,0.050276352689897476,0.23713737056616555,tie,,0.0,0.0,0.0,1.0,0,0,0,0,0,2,0.0,0.0,1.1102230246251565e-16,changed,served_and_memory,33.043463556744214,7.353589127416708,16.521731778372107,0.26666666666666666,11,0,-11,-3,0,1,0.0,24.0,1.13520263013472
published,lhs242,lhs,1000.1197484673714,0.003922681137573035,0.9840648700064718,0.6068682121559411,20,100,optimal,20.292722841220606,15,5,4.0,optimal,15.115448979067645,15,5,4.0,optimal,7.131777243080737,4,2,3.0,0.050276352689897476,0.23713737056616555,tie,,0.0,0.0,0.0,1.0,0,0,0,0,0,2,0.0,0.0,1.1102230246251565e-16,changed,served_and_memory,33.043463556744214,7.353589127416708,16.521731778372107,0.26666666666666666,11,0,-11,-3,0,1,0.0,24.0,1.13520263013472
published,lhs242,lhs,1000.1197484673714,0.003922681137573035,0.9840648700064718,0.6068682121559411,15,100,optimal,20.292722841220606,15,5,4.0,optimal,15.115448979067645,15,5,4.0,optimal,7.131777243080737,4,2,3.0,0.050276352689897476,0.23713737056616555,tie,,0.0,0.0,0.0,1.0,0,0,0,0,0,2,0.0,0.0,1.1102230246251565e-16,changed,served_and_memory,33.043463556744214,7.353589127416708,16.521731778372107,0.26666666666666666,11,0,-11,-3,0,1,0.0,24.0,1.13520263013472
published,lhs242,lhs,1000.1197484673714,0.003922681137573035,0.9840648700064718,0.6068682121559411,10,100,optimal,17.477117605605265,7,3,3.3333333333333335,optimal,14.678658291688095,7,3,3.3333333333333335,optimal,7.131777243080737,4,2,3.0,0.23713737056616555,0.46415888336127825,identical,,0.0,0.0,0.0,1.0,0,0,0,0,0,0,0.0,0.0,0.0,changed,served_set_only,2.355046425642721,4.5379838918013675,1.1775232128213604,0.5714285714285714,3,0,-3,-1,0,0,0.0,0.0,0.0
published,lhs242,lhs,1000.1197484673714,0.003922681137573035,0.9840648700064718,0.6068682121559411,6,100,optimal,12.939133713803898,4,2,3.0,optimal,11.197884316625933,4,2,3.0,optimal,7.131777243080737,4,2,3.0,0.46415888336127825,0.5356805395261334,identical,,0.0,0.0,0.0,1.0,0,0,0,0,0,0,0.0,0.0,0.0,identical,,0.0,0.0,0.0,1.0,0,0,0,0,0,0,0.0,0.0,0.0
published,lhs243,lhs,5205.422848223479,0.00844406367170216,0.9321886569661142,0.6577946048467374,1000000,100,optimal,35.714998838225966,46,10,5.6,optimal,25.903630512373187,26,7,4.714285714285714,optimal,11.301412047334342,4,2,3.0,0.04279211619645008,0.07278289325185956,changed,served_and_memory,2.285229056176309,1.969865736459127,0.32646129373947275,0.5652173913043478,20,0,-20,-3,0,5,0.0,10.428571428571429,0.2698526696587506,changed,served_and_memory,151.37578200838834,18.606230320168464,75.68789100419417,0.08695652173913043,42,0,-42,-8,0,2,0.0,60.5,3.5909277864283853
published,lhs243,lhs,5205.422848223479,0.00844406367170216,0.9321886569661142,0.6577946048467374,40,100,optimal,35.447555638772684,39,9,5.333333333333333,optimal,25.903630512373187,26,7,4.714285714285714,optimal,11.301412047334342,4,2,3.0,0.05387208250415978,0.08153869645085443,changed,served_and_memory,1.111318138735772,1.7024225370058446,0.1587597341051103,0.6666666666666666,13,0,-13,-2,0,5,0.0,6.857142857142857,0.1347737816619474,changed,served_and_memory,122.30701685916134,18.338787120715182,61.15350842958067,0.10256410256410256,35,0,-35,-7,0,2,0.0,60.5,3.5909277864283853
published,lhs243,lhs,5205.422848223479,0.00844406367170216,0.9321886569661142,0.6577946048467374,30,100,optimal,33.74513310176684,26,7,4.714285714285714,optimal,25.903630512373187,26,7,4.714285714285714,optimal,11.301412047334342,4,2,3.0,0.05387208250415978,0.09682853110646922,tie,,-3.552713678800501e-15,0.0,-5.075305255429287e-16,1.0,0,0,0,0,0,4,0.0,0.0,-7.930164461608261e-17,changed,served_and_memory,68.80541186001972,16.636364583709337,34.40270593000986,0.15384615384615385,22,0,-22,-5,0,2,0.0,60.5,3.5909277864283853
published,lhs243,lhs,5205.422848223479,0.00844406367170216,0.9321886569661142,0.6577946048467374,20,100,optimal,32.1141711139303,20,6,4.333333333333333,optimal,25.64579927487747,20,6,4.333333333333333,optimal,11.301412047334342,4,2,3.0,0.0640270900528647,0.13038656197151804,identical,,0.0,0.0,0.0,1.0,0,0,0,0,0,0,0.0,0.0,0.0,changed,served_and_memory,44.88947547699253,15.005402595872795,22.444737738496265,0.2,16,0,-16,-4,0,2,0.0,60.5,3.5909277864283853
published,lhs243,lhs,5205.422848223479,0.00844406367170216,0.9321886569661142,0.6577946048467374,15,100,optimal,30.215154799047763,15,5,4.0,optimal,25.0378809368948,15,5,4.0,optimal,11.301412047334342,4,2,3.0,0.050276352689897476,0.23713737056616555,tie,,-3.552713678800501e-15,-3.552713678800501e-15,-7.105427357601002e-16,1.0,0,0,0,0,0,2,0.0,0.0,1.1102230246251565e-16,changed,served_and_memory,27.29066640317066,13.106386280990261,13.64533320158533,0.26666666666666666,11,0,-11,-3,0,1,0.0,24.0,1.13520263013472
published,lhs243,lhs,5205.422848223479,0.00844406367170216,0.9321886569661142,0.6577946048467374,10,100,optimal,23.64067722707601,7,3,3.3333333333333335,optimal,20.842217913158837,7,3,3.3333333333333335,optimal,11.301412047334342,4,2,3.0,0.23713737056616555,0.46415888336127825,identical,,0.0,0.0,0.0,1.0,0,0,0,0,0,0,0.0,0.0,0.0,changed,served_set_only,0.36112160842558083,6.531908709018509,0.18056080421279042,0.5714285714285714,3,0,-3,-1,0,0,0.0,0.0,0.0
published,lhs243,lhs,5205.422848223479,0.00844406367170216,0.9321886569661142,0.6577946048467374,6,100,optimal,17.11824267861761,6,3,3.0,optimal,15.367519120879537,4,2,3.0,optimal,11.301412047334342,4,2,3.0,0.0036869450645195738,0.23713737056616555,changed,routing,0.17772704272802464,0.009474160560106526,0.08886352136401232,0.42857142857142855,3,1,-2,-1,1,0,0.5,0.0,2.94465382203513,changed,routing,5.369093249076979,0.009474160560106526,2.6845466245384895,0.42857142857142855,3,1,-2,-1,1,0,0.5,0.0,2.6224267248571658
published,lhs244,lhs,1851.4708205570334,0.0017585651095346857,0.9512487768562965,0.8029769061011831,1000000,100,optimal,0.0,0,0,,optimal,0.0,0,0,,optimal,0.0,0,0,,,,identical,,0.0,0.0,0.0,1.0,0,0,0,0,0,0,,,,identical,,0.0,0.0,0.0,1.0,0,0,0,0,0,0,,,
published,lhs244,lhs,1851.4708205570334,0.0017585651095346857,0.9512487768562965,0.8029769061011831,40,100,optimal,0.0,0,0,,optimal,0.0,0,0,,optimal,0.0,0,0,,,,identical,,0.0,0.0,0.0,1.0,0,0,0,0,0,0,,,,identical,,0.0,0.0,0.0,1.0,0,0,0,0,0,0,,,
published,lhs244,lhs,1851.4708205570334,0.0017585651095346857,0.9512487768562965,0.8029769061011831,30,100,optimal,0.0,0,0,,optimal,0.0,0,0,,optimal,0.0,0,0,,,,identical,,0.0,0.0,0.0,1.0,0,0,0,0,0,0,,,,identical,,0.0,0.0,0.0,1.0,0,0,0,0,0,0,,,
published,lhs244,lhs,1851.4708205570334,0.0017585651095346857,0.9512487768562965,0.8029769061011831,20,100,optimal,0.0,0,0,,optimal,0.0,0,0,,optimal,0.0,0,0,,,,identical,,0.0,0.0,0.0,1.0,0,0,0,0,0,0,,,,identical,,0.0,0.0,0.0,1.0,0,0,0,0,0,0,,,
published,lhs244,lhs,1851.4708205570334,0.0017585651095346857,0.9512487768562965,0.8029769061011831,15,100,optimal,0.0,0,0,,optimal,0.0,0,0,,optimal,0.0,0,0,,,,identical,,0.0,0.0,0.0,1.0,0,0,0,0,0,0,,,,identical,,0.0,0.0,0.0,1.0,0,0,0,0,0,0,,,
published,lhs244,lhs,1851.4708205570334,0.0017585651095346857,0.9512487768562965,0.8029769061011831,10,100,optimal,0.0,0,0,,optimal,0.0,0,0,,optimal,0.0,0,0,,,,identical,,0.0,0.0,0.0,1.0,0,0,0,0,0,0,,,,identical,,0.0,0.0,0.0,1.0,0,0,0,0,0,0,,,
published,lhs244,lhs,1851.4708205570334,0.0017585651095346857,0.9512487768562965,0.8029769061011831,6,100,optimal,0.0,0,0,,optimal,0.0,0,0,,optimal,0.0,0,0,,,,identical,,0.0,0.0,0.0,1.0,0,0,0,0,0,0,,,,identical,,0.0,0.0,0.0,1.0,0,0,0,0,0,0,,,
published,lhs245,lhs,48253.36162116954,0.01098645044759415,0.9769441118990496,0.5348432748005617,1000000,100,optimal,67.25425342548014,53,11,5.818181818181818,optimal,53.71670595452405,53,11,5.818181818181818,optimal,20.05666198410397,7,3,3.3333333333333335,0.030017743045081,0.08153869645085443,tie,,0.0,0.0,0.0,1.0,0,0,0,0,0,2,0.0,0.0,5.0464682937507114e-17,changed,served_and_memory,160.38309932686377,34.497204653208925,53.46103310895459,0.1320754716981132,46,0,-46,-8,0,3,0.0,73.0,5.614979462184476
published,lhs245,lhs,48253.36162116954,0.01098645044759415,0.9769441118990496,0.5348432748005617,40,100,optimal,62.19940072001345,40,10,5.9,optimal,50.88847098955317,39,9,5.333333333333333,optimal,20.05666198410397,7,3,3.3333333333333335,0.05387208250415978,0.07278289325185956,changed,served_and_memory,0.908454917311289,0.6556864653250116,0.10093943525680989,0.975,1,0,-1,-1,0,4,0.0,0.0,2.4671622769447922e-17,changed,served_and_memory,142.20380015873698,29.44235194774223,47.40126671957899,0.175,33,0,-33,-7,0,3,0.0,64.66666666666667,4.750146439878756
published,lhs245,lhs,48253.36162116954,0.01098645044759415,0.9769441118990496,0.5348432748005617,30,100,optimal,56.79302051391135,28,9,5.888888888888889,optimal,46.973599557738446,27,8,5.25,optimal,20.05666198410397,7,3,3.3333333333333335,0.050276352689897476,0.0640270900528647,changed,served_and_memory,0.9084549173112748,0.6556864653250116,0.11355686466390935,0.9642857142857143,1,0,-1,-1,0,6,0.0,0.0,-6.938893903907228e-17,changed,served_and_memory,126.11989609515489,24.035971741640132,42.03996536505163,0.25,21,0,-21,-6,0,3,0.0,56.333333333333336,3.5455996726847676
published,lhs245,lhs,48253.36162116954,0.01098645044759415,0.9769441118990496,0.5348432748005617,20,100,optimal,50.25139745189965,18,7,5.428571428571429,optimal,43.312523698215806,20,6,4.333333333333333,optimal,20.05666198410397,7,3,3.3333333333333335,0.0640270900528647,0.12532289850754513,changed,routing,0.891228930176247,0.4705019146310221,0.1485381550293745,0.7272727272727273,2,4,2,-1,1,4,-0.5,0.0,0.3416922997203604,changed,served_and_memory,65.08297986446048,17.49434867962843,21.694326621486827,0.3888888888888889,11,0,-11,-4,0,2,0.0,48.666666666666664,3.2587848799246437
published,lhs245,lhs,48253.36162116954,0.01098645044759415,0.9769441118990496,0.5348432748005617,15,100,optimal,45.07233192581439,15,5,4.0,optimal,39.89505806366142,15,5,4.0,optimal,20.05666198410397,7,3,3.3333333333333335,0.050276352689897476,0.16394459283656687,tie,,-7.105427357601002e-15,7.105427357601002e-15,-1.4210854715202005e-15,1.0,0,0,0,0,0,2,0.0,0.0,-1.554312234475219e-16,changed,served_and_memory,19.25256865391284,12.31528315354317,6.417522884637613,0.4666666666666667,8,0,-8,-2,0,1,0.0,24.333333333333332,1.5982371772444528
published,lhs245,lhs,48253.36162116954,0.01098645044759415,0.9769441118990496,0.5348432748005617,10,100,optimal,36.06066627023486,10,5,4.2,optimal,31.316292043011178,10,5,4.2,optimal,20.05666198410397,7,3,3.3333333333333335,0.0005623413251903491,0.08153869645085443,identical,,0.0,0.0,0.0,1.0,0,0,0,0,0,0,0.0,0.0,0.0,changed,routing,39.585602422414006,3.303617497963643,13.195200807471336,0.4166666666666667,5,2,-3,-2,1,1,0.6666666666666666,16.0,4.362960579262411
published,lhs245,lhs,48253.36162116954,0.01098645044759415,0.9769441118990496,0.5348432748005617,6,100,optimal,26.366684938304637,6,3,3.0,optimal,24.438234337838544,6,3,3.0,optimal,17.455476134465385,4,2,3.0,0.0036869450645195738,0.23713737056616555,identical,,0.0,0.0,0.0,1.0,0,0,0,0,0,0,0.0,0.0,0.0,changed,routing,2.274715076520991,3.1038523331160945,1.1373575382604955,0.42857142857142855,3,1,-2,-1,1,0,0.5,0.0,2.473166237309112
published,lhs246,lhs,8821.332011128552,0.06807517707072894,0.9898007959117904,0.7571154825702769,1000000,100,optimal,75.19417590575205,55,14,7.214285714285714,optimal,56.87676174150006,55,14,7.214285714285714,optimal,16.606919330143022,7,3,3.3333333333333335,0.030017743045081,0.05916841616414359,tie,,0.0,0.0,0.0,1.0,0,0,0,0,0,2,0.0,0.0,1.586032892321652e-17,changed,served_and_memory,303.9182053504,45.886869787441775,101.30606845013334,0.12727272727272726,48,0,-48,-11,0,3,0.0,77.33333333333333,6.848912076311538
published,lhs246,lhs,8821.332011128552,0.06807517707072894,0.9898007959117904,0.7571154825702769,40,100,optimal,73.17621726234245,40,14,7.785714285714286,optimal,54.747415737881525,40,14,7.785714285714286,optimal,16.606919330143022,7,3,3.3333333333333335,0.030017743045081,0.0640270900528647,identical,,0.0,0.0,0.0,1.0,0,0,0,0,0,0,0.0,0.0,0.0,changed,served_and_memory,323.76691144219427,43.868911144032175,107.92230381406476,0.175,33,0,-33,-11,0,3,0.0,77.33333333333333,6.848912076311538
published,lhs246,lhs,8821.332011128552,0.06807517707072894,0.9898007959117904,0.7571154825702769,30,100,optimal,62.321620796675475,30,12,7.833333333333333,optimal,48.29549281245028,30,11,7.181818181818182,optimal,16.606919330143022,7,3,3.3333333333333335,0.03319923187926317,0.0640270900528647,changed,served_and_memory,1.4785629394099118,0.1558112759203567,0.13441481267362834,1.0,0,0,0,-1,0,4,0.0,2.3636363636363638,0.17227865092833897,changed,served_and_memory,285.7682849431317,33.0143146783652,95.25609498104389,0.23333333333333334,23,0,-23,-9,0,3,0.0,73.0,5.614979462184476
published,lhs246,lhs,8821.332011128552,0.06807517707072894,0.9898007959117904,0.7571154825702769,20,100,optimal,52.0576124212379,20,10,8.2,optimal,42.368314896341275,18,7,5.428571428571429,optimal,16.606919330143022,7,3,3.3333333333333335,0.03319923187926317,0.0640270900528647,changed,served_and_memory,3.2412106060778143,1.8591948410365262,0.4630300865825449,0.46153846153846156,8,6,-2,-3,0,3,0.0,5.0,0.18911044319552475,changed,served_and_memory,262.43406490905534,22.750306302927626,87.47802163635178,0.35,13,0,-13,-7,0,2,0.0,48.666666666666664,3.954431759504285
published,lhs246,lhs,8821.332011128552,0.06807517707072894,0.9898007959117904,0.7571154825702769,15,100,optimal,41.49229288511319,15,6,5.666666666666667,optimal,35.95689165601119,15,5,4.0,optimal,16.606919330143022,7,3,3.3333333333333335,0.0640270900528647,0.12431716560097561,changed,routing,1.2374915380188938,0.35812736694904146,0.24749830760377875,0.36363636363636365,7,7,0,-1,1,3,-0.75,18.25,0.6087327436287069,changed,served_and_memory,66.01965834381355,12.184986766802915,22.006552781271182,0.2222222222222222,11,3,-8,-3,0,2,0.0,73.0,4.888177319886966
published,lhs246,lhs,8821.332011128552,0.06807517707072894,0.9898007959117904,0.7571154825702769,10,100,optimal,32.67758794813754,10,5,4.2,optimal,27.93321372091387,10,5,4.2,optimal,16.606919330143022,7,3,3.3333333333333335,0.0005623413251903491,0.08153869645085443,identical,,0.0,0.0,0.0,1.0,0,0,0,0,0,0,0.0,0.0,0.0,changed,routing,39.518938090550364,3.3702818298272703,13.172979363516788,0.4166666666666667,5,2,-3,-2,1,1,0.6666666666666666,16.0,4.6972253595776525
published,lhs246,lhs,8821.332011128552,0.06807517707072894,0.9898007959117904,0.7571154825702769,6,100,optimal,22.37526949375058,6,3,3.0,optimal,20.446818893284487,6,3,3.0,optimal,14.793824952498928,4,2,3.0,0.0036869450645195738,0.23713737056616555,identical,,0.0,0.0,0.0,1.0,0,0,0,0,0,0,0.0,0.0,0.0,changed,routing,3.604479339108595,1.7740880705284923,1.8022396695542975,0.42857142857142855,3,1,-2,-1,1,0,0.5,0.0,2.7238648225455435
published,lhs247,lhs,5054.314187837404,0.015744670111679505,0.97560053736361,0.5307845042857858,1000000,100,optimal,31.60482028187006,39,9,5.333333333333333,optimal,23.449238841930708,20,6,4.333333333333333,optimal,10.87613067826093,4,2,3.0,0.0640270900528647,0.09682853110646922,changed,served_and_memory,2.4996618251959113,1.6872096008865327,0.41661030419931855,0.5128205128205128,19,0,-19,-3,0,2,0.0,16.333333333333332,0.4724201505981466,changed,served_and_memory,119.2224393808274,14.92133313288597,59.6112196904137,0.10256410256410256,35,0,-35,-7,0,2,0.0,73.0,4.888177319886966
published,lhs247,lhs,5054.314187837404,0.015744670111679505,0.97560053736361,0.5307845042857858,40,100,optimal,31.60482028187006,39,9,5.333333333333333,optimal,23.449238841930708,20,6,4.333333333333333,optimal,10.87613067826093,4,2,3.0,0.05387208250415978,0.09682853110646922,changed,served_and_memory,2.4996618251959077,1.6872096008865292,0.41661030419931794,0.5128205128205128,19,0,-19,-3,0,3,0.0,8.0,0.15723607860560543,changed,served_and_memory,122.8985343498553,14.92133313288597,61.44926717492765,0.10256410256410256,35,0,-35,-7,0,2,0.0,73.0,4.888177319886966
published,lhs247,lhs,5054.314187837404,0.015744670111679505,0.97560053736361,0.5307845042857858,30,100,optimal,30.98844129239225,26,7,4.714285714285714,optimal,23.449238841930708,20,6,4.333333333333333,optimal,10.87613067826093,4,2,3.0,0.050276352689897476,0.12331143269440609,changed,served_and_memory,0.30230013893210383,1.0708306114087165,0.05038335648868397,0.7692307692307693,6,0,-6,-1,0,2,0.0,0.0,3.700743415417188e-17,changed,served_and_memory,70.3483448083391,14.304954143408157,35.17417240416955,0.15384615384615385,22,0,-22,-5,0,2,0.0,60.5,3.626024184155007
published,lhs247,lhs,5054.314187837404,0.015744670111679505,0.97560053736361,0.5307845042857858,20,100,optimal,29.917610680983532,20,6,4.333333333333333,optimal,23.449238841930708,20,6,4.333333333333333,optimal,10.87613067826093,4,2,3.0,0.050276352689897476,0.141180193984225,tie,,0.0,0.0,0.0,1.0,0,0,0,0,0,2,0.0,0.0,-7.401486830834377e-17,changed,served_and_memory,43.936106489623285,13.23412353199944,21.968053244811642,0.2,16,0,-16,-4,0,2,0.0,73.0,4.888177319886966
published,lhs247,lhs,5054.314187837404,0.015744670111679505,0.97560053736361,0.5307845042857858,15,100,optimal,28.54591892535393,15,5,4.0,optimal,23.368645063200972,15,5,4.0,optimal,10.87613067826093,4,2,3.0,0.050276352689897476,0.16394459283656687,tie,,7.105427357601002e-15,3.552713678800501e-15,1.4210854715202005e-15,1.0,0,0,0,0,0,2,0.0,0.0,-8.881784197001253e-17,changed,served_and_memory,26.598450348530257,11.862431776369839,13.299225174265128,0.26666666666666666,11,0,-11,-3,0,1,0.0,36.5,2.397355765866679
published,lhs247,lhs,5054.314187837404,0.015744670111679505,0.97560053736361,0.5307845042857858,10,100,optimal,22.8724979462511,7,3,3.3333333333333335,optimal,20.07403863233393,7,3,3.3333333333333335,optimal,10.87613067826093,4,2,3.0,0.23713737056616555,0.46415888336127825,identical,,0.0,0.0,0.0,1.0,0,0,0,0,0,0,0.0,0.0,0.0,changed,served_set_only,0.7040195201770789,6.189010797267009,0.35200976008853946,0.5714285714285714,3,0,-3,-1,0,0,0.0,0.0,0.0
published,lhs247,lhs,5054.314187837404,0.015744670111679505,0.97560053736361,0.5307845042857858,6,100,optimal,16.683487148984092,4,2,3.0,optimal,14.942237751806125,4,2,3.0,optimal,10.87613067826093,4,2,3.0,0.46415888336127825,0.5356805395261334,identical,,0.0,0.0,0.0,1.0,0,0,0,0,0,0,0.0,0.0,0.0,identical,,0.0,0.0,0.0,1.0,0,0,0,0,0,0,0.0,0.0,0.0
published,lhs248,lhs,74301.62770244101,0.0024850062682683664,0.9261935042103431,0.8116256645280405,1000000,100,optimal,25.85344953882706,4,2,3.0,optimal,24.112200141649097,4,2,3.0,optimal,20.0460930681039,4,2,3.0,0.46415888336127825,0.5356805395261334,identical,,0.0,0.0,0.0,1.0,0,0,0,0,0,0,0.0,0.0,0.0,identical,,0.0,0.0,0.0,1.0,0,0,0,0,0,0,0.0,0.0,0.0
published,lhs248,lhs,74301.62770244101,0.0024850062682683664,0.9261935042103431,0.8116256645280405,40,100,optimal,25.85344953882706,4,2,3.0,optimal,24.112200141649097,4,2,3.0,optimal,20.0460930681039,4,2,3.0,0.46415888336127825,0.5356805395261334,identical,,0.0,0.0,0.0,1.0,0,0,0,0,0,0,0.0,0.0,0.0,identical,,0.0,0.0,0.0,1.0,0,0,0,0,0,0,0.0,0.0,0.0
published,lhs248,lhs,74301.62770244101,0.0024850062682683664,0.9261935042103431,0.8116256645280405,30,100,optimal,25.85344953882706,4,2,3.0,optimal,24.112200141649097,4,2,3.0,optimal,20.0460930681039,4,2,3.0,0.46415888336127825,0.5356805395261334,identical,,0.0,0.0,0.0,1.0,0,0,0,0,0,0,0.0,0.0,0.0,identical,,0.0,0.0,0.0,1.0,0,0,0,0,0,0,0.0,0.0,0.0
published,lhs248,lhs,74301.62770244101,0.0024850062682683664,0.9261935042103431,0.8116256645280405,20,100,optimal,25.85344953882706,4,2,3.0,optimal,24.112200141649097,4,2,3.0,optimal,20.0460930681039,4,2,3.0,0.46415888336127825,0.5356805395261334,identical,,0.0,0.0,0.0,1.0,0,0,0,0,0,0,0.0,0.0,0.0,identical,,0.0,0.0,0.0,1.0,0,0,0,0,0,0,0.0,0.0,0.0
published,lhs248,lhs,74301.62770244101,0.0024850062682683664,0.9261935042103431,0.8116256645280405,15,100,optimal,25.85344953882706,4,2,3.0,optimal,24.112200141649097,4,2,3.0,optimal,20.0460930681039,4,2,3.0,0.46415888336127825,0.5356805395261334,identical,,0.0,0.0,0.0,1.0,0,0,0,0,0,0,0.0,0.0,0.0,identical,,0.0,0.0,0.0,1.0,0,0,0,0,0,0,0.0,0.0,0.0
published,lhs248,lhs,74301.62770244101,0.0024850062682683664,0.9261935042103431,0.8116256645280405,10,100,optimal,25.85344953882706,4,2,3.0,optimal,24.112200141649097,4,2,3.0,optimal,20.0460930681039,4,2,3.0,0.46415888336127825,0.5356805395261334,identical,,0.0,0.0,0.0,1.0,0,0,0,0,0,0,0.0,0.0,0.0,identical,,0.0,0.0,0.0,1.0,0,0,0,0,0,0,0.0,0.0,0.0
published,lhs248,lhs,74301.62770244101,0.0024850062682683664,0.9261935042103431,0.8116256645280405,6,100,optimal,25.85344953882706,4,2,3.0,optimal,24.112200141649097,4,2,3.0,optimal,20.0460930681039,4,2,3.0,0.46415888336127825,0.5356805395261334,identical,,0.0,0.0,0.0,1.0,0,0,0,0,0,0,0.0,0.0,0.0,identical,,0.0,0.0,0.0,1.0,0,0,0,0,0,0,0.0,0.0,0.0
published,lhs249,lhs,82524.55928617567,0.016728723872802158,0.9778244668742562,0.6931818556036771,1000000,100,optimal,106.34213807222866,55,17,8.823529411764707,optimal,86.96414498662496,55,14,7.214285714285714,optimal,25.02578373019181,7,3,3.3333333333333335,0.0221885046944556,0.050276352689897476,changed,served_and_memory,3.7754440425487417,1.0605789213517056,0.26967457446776727,1.0,0,0,0,-3,0,7,0.0,2.7857142857142856,0.20304269573697092,changed,served_and_memory,516.5080127155107,68.61596755386961,172.1693375718369,0.12727272727272726,48,0,-48,-14,0,3,0.0,73.33333333333333,6.875877888106969
published,lhs249,lhs,82524.55928617567,0.016728723872802158,0.9778244668742562,0.6931818556036771,40,100,optimal,101.89471324548808,40,14,7.785714285714286,optimal,83.46591172102717,40,14,7.785714285714286,optimal,25.02578373019181,7,3,3.3333333333333335,0.030017743045081,0.0640270900528647,identical,,0.0,0.0,0.0,1.0,0,0,0,0,0,0,0.0,0.0,0.0,changed,served_and_memory,300.87461841396913,64.16854272712902,100.29153947132305,0.175,33,0,-33,-11,0,3,0.0,77.33333333333333,6.848912076311538
published,lhs249,lhs,82524.55928617567,0.016728723872802158,0.9778244668742562,0.6931818556036771,30,100,optimal,86.789902505074,30,12,7.833333333333333,optimal,71.98110683137006,30,11,7.181818181818182,optimal,25.02578373019181,7,3,3.3333333333333335,0.03319923187926317,0.0640270900528647,changed,served_and_memory,0.6958952499311835,0.938478965399085,0.0632632045391985,1.0,0,0,0,-1,0,4,0.0,2.3636363636363638,0.17227865092833897,changed,served_and_memory,276.9088448403129,49.063731986714934,92.3029482801043,0.23333333333333334,23,0,-23,-9,0,3,0.0,73.0,5.614979462184476
published,lhs249,lhs,82524.55928617567,0.016728723872802158,0.9778244668742562,0.6931818556036771,20,100,optimal,71.80708430164145,20,10,8.2,optimal,59.57247142059819,20,9,7.444444444444445,optimal,25.02578373019181,7,3,3.3333333333333335,0.03319923187926317,0.0640270900528647,changed,served_and_memory,0.6958952499311692,0.9384789653990993,0.07732169443679658,1.0,0,0,0,-1,0,2,0.0,2.888888888888889,0.21056279557908095,changed,served_and_memory,245.6223598307355,34.08091378328239,81.87411994357849,0.35,13,0,-13,-7,0,2,0.0,48.666666666666664,3.954431759504285
published,lhs249,lhs,82524.55928617567,0.016728723872802158,0.9778244668742562,0.6931818556036771,15,100,optimal,55.97825089985093,15,6,5.666666666666667,optimal,49.43406283977482,15,5,4.0,optimal,25.02578373019181,7,3,3.3333333333333335,0.0640270900528647,0.10242506457263026,changed,routing,0.22870470704477697,1.3669141979231583,0.04574094140895539,0.36363636363636365,7,7,0,-1,1,1,-0.75,18.25,0.7041923529442412,changed,served_and_memory,61.88873528838541,18.252080381491865,20.629578429461805,0.2222222222222222,11,3,-8,-3,0,2,0.0,60.5,3.626024184155007
published,lhs249,lhs,82524.55928617567,0.016728723872802158,0.9778244668742562,0.6931818556036771,10,100,optimal,45.978044232584665,10,5,4.2,optimal,41.233670005360985,10,5,4.2,optimal,25.02578373019181,7,3,3.3333333333333335,0.0005623413251903491,0.15703748946090484,tie,,-7.105427357601002e-15,0.0,-1.4210854715202005e-15,1.0,0,0,0,0,0,2,0.0,0.0,-1.554312234475219e-16,changed,routing,32.70117564689121,8.251873714225603,10.90039188229707,0.4166666666666667,5,2,-3,-2,1,1,0.6666666666666666,24.333333333333332,5.453807797340706
published,lhs249,lhs,82524.55928617567,0.016728723872802158,0.9778244668742562,0.6931818556036771,6,100,optimal,30.958843568956297,6,3,3.0,optimal,29.030392968490204,6,3,3.0,optimal,20.516844076560304,4,2,3.0,0.0036869450645195738,0.23713737056616555,identical,,0.0,0.0,0.0,1.0,0,0,0,0,0,0,0.0,0.0,0.0,changed,routing,0.7439243879642525,4.634643021672833,0.37196219398212627,0.42857142857142855,3,1,-2,-1,1,0,0.5,0.0,2.6602250830018543
published,lhs250,lhs,1081.556429576421,0.00966262142194565,0.9213232524597544,0.8758920106677592,1000000,100,optimal,28.125421057120295,46,10,5.6,optimal,18.977429107491893,20,6,4.333333333333333,optimal,8.16558856911655,4,2,3.0,0.04279211619645008,0.08918361377866182,changed,served_and_memory,2.9486054324006865,2.679620110575577,0.49143423873344777,0.43478260869565216,26,0,-26,-4,0,5,0.0,12.166666666666666,0.3148281146018761,changed,served_and_memory,153.00359981414096,14.152476017280584,76.50179990707048,0.08695652173913043,42,0,-42,-8,0,2,0.0,73.0,4.888177319886966
published,lhs250,lhs,1081.556429576421,0.00966262142194565,0.9213232524597544,0.8758920106677592,40,100,optimal,28.013254513571862,39,9,5.333333333333333,optimal,18.977429107491893,20,6,4.333333333333333,optimal,8.16558856911655,4,2,3.0,0.05387208250415978,0.09682853110646922,changed,served_and_memory,1.6194178590553001,2.5674535670271474,0.2699029765092167,0.5128205128205128,19,0,-19,-3,0,5,0.0,12.166666666666666,0.314828114601876,changed,served_and_memory,121.0530825251705,14.040309473732151,60.52654126258525,0.10256410256410256,35,0,-35,-7,0,2,0.0,73.0,4.888177319886966
published,lhs250,lhs,1081.556429576421,0.00966262142194565,0.9213232524597544,0.8758920106677592,30,100,optimal,26.77143578342606,26,7,4.714285714285714,optimal,18.977429107491893,20,6,4.333333333333333,optimal,8.16558856911655,4,2,3.0,0.050276352689897476,0.12532289850754513,changed,served_and_memory,0.047495913459478345,1.3256348368813455,0.007915985576579724,0.7692307692307693,6,0,-6,-1,0,4,0.0,0.0,-9.251858538542972e-17,changed,served_and_memory,69.9186376489001,12.798490743586349,34.95931882445005,0.15384615384615385,22,0,-22,-5,0,2,0.0,73.0,4.888177319886966
published,lhs250,lhs,1081.556429576421,0.00966262142194565,0.9213232524597544,0.8758920106677592,20,100,optimal,25.445800946544715,20,6,4.333333333333333,optimal,18.977429107491893,20,6,4.333333333333333,optimal,8.16558856911655,4,2,3.0,0.050276352689897476,0.15933803350851,tie,,0.0,0.0,0.0,1.0,0,0,0,0,0,2,0.0,0.0,-5.551115123125783e-17,changed,served_and_memory,50.45948117131382,11.472855906705004,25.22974058565691,0.2,16,0,-16,-4,0,2,0.0,48.0,2.3287746506964258
published,lhs250,lhs,1081.556429576421,0.00966262142194565,0.9213232524597544,0.8758920106677592,15,100,optimal,24.112557999874543,15,5,4.0,optimal,18.93528413772158,15,5,4.0,optimal,8.16558856911655,4,2,3.0,0.050276352689897476,0.16394459283656687,tie,,0.0,3.552713678800501e-15,0.0,1.0,0,0,0,0,0,2,0.0,0.0,-1.554312234475219e-16,changed,served_and_memory,28.32126916486526,10.139612960034832,14.16063458243263,0.26666666666666666,11,0,-11,-3,0,1,0.0,36.5,2.397355765866679
published,lhs250,lhs,1081.556429576421,0.00966262142194565,0.9213232524597544,0.8758920106677592,10,100,optimal,19.290823607006594,7,3,3.3333333333333335,optimal,16.492364293089427,7,3,3.3333333333333335,optimal,8.16558856911655,4,2,3.0,0.23713737056616555,0.46415888336127825,identical,,0.0,0.0,0.0,1.0,0,0,0,0,0,0,0.0,0.0,0.0,changed,served_set_only,1.5751517502772048,5.317878567166883,0.7875758751386024,0.5714285714285714,3,0,-3,-1,0,0,0.0,0.0,0.0
published,lhs250,lhs,1081.556429576421,0.00966262142194565,0.9213232524597544,0.8758920106677592,6,100,optimal,13.972945039839711,4,2,3.0,optimal,12.231695642661748,4,2,3.0,optimal,8.16558856911655,4,2,3.0,0.46415888336127825,0.5356805395261334,identical,,0.0,0.0,0.0,1.0,0,0,0,0,0,0,0.0,0.0,0.0,identical,,0.0,0.0,0.0,1.0,0,0,0,0,0,0,0.0,0.0,0.0
published,lhs251,lhs,19070.375564842052,0.003983189408383347,0.9589824168249597,0.77013547942838,1000000,100,optimal,45.05924512521673,15,5,4.0,optimal,39.88197126306376,15,5,4.0,optimal,19.131686433800837,7,3,3.3333333333333335,0.050276352689897476,0.23713737056616555,tie,,-7.105427357601002e-15,0.0,-1.4210854715202005e-15,1.0,0,0,0,0,0,2,0.0,0.0,1.3322676295501878e-16,changed,served_and_memory,20.2768504634682,13.227171903248639,6.7589501544894,0.4666666666666667,8,0,-8,-2,0,1,0.0,16.0,0.7568017534231467
published,lhs251,lhs,19070.375564842052,0.003983189408383347,0.9589824168249597,0.77013547942838,40,100,optimal,45.05924512521673,15,5,4.0,optimal,39.88197126306376,15,5,4.0,optimal,19.131686433800837,7,3,3.3333333333333335,0.050276352689897476,0.23713737056616555,tie,,-7.105427357601002e-15,0.0,-1.4210854715202005e-15,1.0,0,0,0,0,0,2,0.0,0.0,1.3322676295501878e-16,changed,served_and_memory,20.2768504634682,13.227171903248639,6.7589501544894,0.4666666666666667,8,0,-8,-2,0,1,0.0,16.0,0.7568017534231467
published,lhs251,lhs,19070.375564842052,0.003983189408383347,0.9589824168249597,0.77013547942838,30,100,optimal,45.05924512521673,15,5,4.0,optimal,39.88197126306376,15,5,4.0,optimal,19.131686433800837,7,3,3.3333333333333335,0.050276352689897476,0.23713737056616555,tie,,-7.105427357601002e-15,0.0,-1.4210854715202005e-15,1.0,0,0,0,0,0,2,0.0,0.0,1.3322676295501878e-16,changed,served_and_memory,20.2768504634682,13.227171903248639,6.7589501544894,0.4666666666666667,8,0,-8,-2,0,1,0.0,16.0,0.7568017534231467
published,lhs251,lhs,19070.375564842052,0.003983189408383347,0.9589824168249597,0.77013547942838,20,100,optimal,45.05924512521673,15,5,4.0,optimal,39.88197126306376,15,5,4.0,optimal,19.131686433800837,7,3,3.3333333333333335,0.050276352689897476,0.23713737056616555,tie,,-7.105427357601002e-15,0.0,-1.4210854715202005e-15,1.0,0,0,0,0,0,2,0.0,0.0,1.3322676295501878e-16,changed,served_and_memory,20.2768504634682,13.227171903248639,6.7589501544894,0.4666666666666667,8,0,-8,-2,0,1,0.0,16.0,0.7568017534231467
published,lhs251,lhs,19070.375564842052,0.003983189408383347,0.9589824168249597,0.77013547942838,15,100,optimal,45.05924512521673,15,5,4.0,optimal,39.88197126306376,15,5,4.0,optimal,19.131686433800837,7,3,3.3333333333333335,0.050276352689897476,0.23713737056616555,tie,,-7.105427357601002e-15,0.0,-1.4210854715202005e-15,1.0,0,0,0,0,0,2,0.0,0.0,1.3322676295501878e-16,changed,served_and_memory,20.2768504634682,13.227171903248639,6.7589501544894,0.4666666666666667,8,0,-8,-2,0,1,0.0,16.0,0.7568017534231467
published,lhs251,lhs,19070.375564842052,0.003983189408383347,0.9589824168249597,0.77013547942838,10,100,optimal,31.832073221968088,7,3,3.3333333333333335,optimal,29.033613908050917,7,3,3.3333333333333335,optimal,19.131686433800837,7,3,3.3333333333333335,0.23713737056616555,0.46415888336127825,identical,,0.0,0.0,0.0,1.0,0,0,0,0,0,0,0.0,0.0,0.0,identical,,0.0,0.0,0.0,1.0,0,0,0,0,0,0,0.0,0.0,0.0
published,lhs251,lhs,19070.375564842052,0.003983189408383347,0.9589824168249597,0.77013547942838,6,100,optimal,24.97695474779501,6,3,3.0,optimal,23.048504147328917,6,3,3.0,optimal,16.531416760142527,4,2,3.0,0.0036869450645195738,0.23713737056616555,identical,,0.0,0.0,0.0,1.0,0,0,0,0,0,0,0.0,0.0,0.0,changed,routing,2.740385892707762,2.6381815169293255,1.370192946353881,0.42857142857142855,3,1,-2,-1,1,0,0.5,0.0,2.736164268048012
published,lhs252,lhs,27632.324738451633,0.03093509034085999,0.9916679694539532,0.7883268370175114,1000000,100,optimal,111.2945133426931,55,17,8.823529411764707,optimal,88.14107621454062,55,17,8.823529411764707,optimal,22.01250257835425,7,3,3.3333333333333335,0.0221885046944556,0.050276352689897476,tie,,1.4210854715202004e-14,0.0,8.359326303060002e-16,1.0,0,0,0,0,0,8,0.0,0.0,1.3061447348531253e-17,changed,served_and_memory,505.71641861824435,76.58162397617158,168.5721395394148,0.12727272727272726,48,0,-48,-14,0,3,0.0,77.33333333333333,6.506778296285628
published,lhs252,lhs,27632.324738451633,0.03093509034085999,0.9916679694539532,0.7883268370175114,40,100,optimal,106.69508248316298,40,17,9.647058823529411,optimal,84.24769176594354,40,15,8.4,optimal,22.01250257835425,7,3,3.3333333333333335,0.009485494822646622,0.0640270900528647,changed,served_and_memory,1.2328528561462093,2.3166604354879325,0.08219019040974729,1.0,0,0,0,-2,0,9,0.0,-0.13333333333333333,0.12062235241238971,changed,served_and_memory,568.4231760853545,71.98219311664147,189.4743920284515,0.175,33,0,-33,-14,0,3,0.0,85.0,10.127763940907364
published,lhs252,lhs,27632.324738451633,0.03093509034085999,0.9916679694539532,0.7883268370175114,30,100,optimal,89.38766859880971,30,13,8.538461538461538,optimal,72.18104891790401,30,13,8.538461538461538,optimal,22.01250257835425,7,3,3.3333333333333335,0.03319923187926317,0.0640270900528647,tie,,-1.4210854715202004e-14,0.0,-1.0931426704001542e-15,1.0,0,0,0,0,0,4,0.0,0.0,-1.708035422500241e-17,changed,served_and_memory,355.0207989009796,54.67477923228821,118.34026630032655,0.23333333333333334,23,0,-23,-10,0,3,0.0,73.0,5.6149794621844755
published,lhs252,lhs,27632.324738451633,0.03093509034085999,0.9916679694539532,0.7883268370175114,20,100,optimal,75.17791459913002,20,11,9.0,optimal,60.545477710884995,20,11,9.0,optimal,22.01250257835425,7,3,3.3333333333333335,0.03319923187926317,0.0640270900528647,tie,,0.0,0.0,0.0,1.0,0,0,0,0,0,2,0.0,0.0,-3.027880976250427e-17,changed,served_and_memory,330.3648430167499,40.46502523260852,110.12161433891663,0.35,13,0,-13,-8,0,2,0.0,48.666666666666664,3.954431759504285
published,lhs252,lhs,27632.324738451633,0.03093509034085999,0.9916679694539532,0.7883268370175114,15,100,optimal,53.201701143485465,15,6,5.666666666666667,optimal,46.42880837636457,15,6,5.666666666666667,optimal,22.01250257835425,7,3,3.3333333333333335,0.0640270900528647,0.08153869645085443,tie,,0.0,0.0,0.0,1.0,0,0,0,0,0,2,0.0,0.0,9.251858538542972e-17,changed,served_and_memory,64.47794039004859,18.488811776963963,21.492646796682862,0.2222222222222222,11,3,-8,-3,0,2,0.0,48.0,2.3287746506964258
published,lhs252,lhs,27632.324738451633,0.03093509034085999,0.9916679694539532,0.7883268370175114,10,100,optimal,41.96515749591781,10,5,4.2,optimal,37.22078326869413,10,5,4.2,optimal,22.01250257835425,7,3,3.3333333333333335,0.0005623413251903491,0.08153869645085443,tie,,0.0,0.0,0.0,1.0,0,0,0,0,0,2,0.0,0.0,4.4408920985006264e-17,changed,routing,35.636951790981335,7.252268129396306,11.878983930327111,0.4166666666666667,5,2,-3,-2,1,1,0.6666666666666666,16.0,4.736079038422748
published,lhs252,lhs,27632.324738451633,0.03093509034085999,0.9916679694539532,0.7883268370175114,6,100,optimal,27.71693940428836,6,3,3.0,optimal,25.78848880382227,6,3,3.0,optimal,18.35488756230226,4,2,3.0,0.0036869450645195738,0.23713737056616555,identical,,0.0,0.0,0.0,1.0,0,0,0,0,0,0,0.0,0.0,0.0,changed,routing,1.823872038374141,3.5546953712629445,0.9119360191870705,0.42857142857142855,3,1,-2,-1,1,0,0.5,0.0,2.753005081679365
published,lhs253,lhs,77626.92936233126,0.004471515905690898,0.9595838524117507,0.8639126409483899,1000000,100,optimal,57.714336380161065,15,5,4.0,optimal,52.53706251800811,15,5,4.0,optimal,26.388274026396793,7,3,3.3333333333333335,0.050276352689897476,0.16394459283656687,identical,,0.0,0.0,0.0,1.0,0,0,0,0,0,0,0.0,0.0,0.0,changed,served_and_memory,12.942176241858972,18.62567556559702,4.314058747286324,0.4666666666666667,8,0,-8,-2,0,1,0.0,24.333333333333332,1.5982371772444528
published,lhs253,lhs,77626.92936233126,0.004471515905690898,0.9595838524117507,0.8639126409483899,40,100,optimal,57.714336380161065,15,5,4.0,optimal,52.53706251800811,15,5,4.0,optimal,26.388274026396793,7,3,3.3333333333333335,0.050276352689897476,0.16394459283656687,identical,,0.0,0.0,0.0,1.0,0,0,0,0,0,0,0.0,0.0,0.0,changed,served_and_memory,12.942176241858972,18.62567556559702,4.314058747286324,0.4666666666666667,8,0,-8,-2,0,1,0.0,24.333333333333332,1.5982371772444528
published,lhs253,lhs,77626.92936233126,0.004471515905690898,0.9595838524117507,0.8639126409483899,30,100,optimal,57.714336380161065,15,5,4.0,optimal,52.53706251800811,15,5,4.0,optimal,26.388274026396793,7,3,3.3333333333333335,0.050276352689897476,0.16394459283656687,identical,,0.0,0.0,0.0,1.0,0,0,0,0,0,0,0.0,0.0,0.0,changed,served_and_memory,12.942176241858972,18.62567556559702,4.314058747286324,0.4666666666666667,8,0,-8,-2,0,1,0.0,24.333333333333332,1.5982371772444528
published,lhs253,lhs,77626.92936233126,0.004471515905690898,0.9595838524117507,0.8639126409483899,20,100,optimal,57.714336380161065,15,5,4.0,optimal,52.53706251800811,15,5,4.0,optimal,26.388274026396793,7,3,3.3333333333333335,0.050276352689897476,0.16394459283656687,identical,,0.0,0.0,0.0,1.0,0,0,0,0,0,0,0.0,0.0,0.0,changed,served_and_memory,12.942176241858972,18.62567556559702,4.314058747286324,0.4666666666666667,8,0,-8,-2,0,1,0.0,24.333333333333332,1.5982371772444528
published,lhs253,lhs,77626.92936233126,0.004471515905690898,0.9595838524117507,0.8639126409483899,15,100,optimal,57.714336380161065,15,5,4.0,optimal,52.53706251800811,15,5,4.0,optimal,26.388274026396793,7,3,3.3333333333333335,0.050276352689897476,0.16394459283656687,identical,,0.0,0.0,0.0,1.0,0,0,0,0,0,0,0.0,0.0,0.0,changed,served_and_memory,12.942176241858972,18.62567556559702,4.314058747286324,0.4666666666666667,8,0,-8,-2,0,1,0.0,24.333333333333332,1.5982371772444528
published,lhs253,lhs,77626.92936233126,0.004471515905690898,0.9595838524117507,0.8639126409483899,10,100,optimal,41.255544414015496,10,4,3.5,optimal,38.138105002208405,10,4,3.5,optimal,26.388274026396793,7,3,3.3333333333333335,0.0009954751674202849,0.19708743001353518,identical,,0.0,0.0,0.0,1.0,0,0,0,0,0,0,0.0,0.0,0.0,changed,routing,9.138413889791295,2.1668835994514524,3.046137963263765,0.5454545454545454,4,1,-3,-1,1,1,0.3333333333333333,24.333333333333332,3.0382156155686495
published,lhs253,lhs,77626.92936233126,0.004471515905690898,0.9595838524117507,0.8639126409483899,6,100,optimal,32.065612417070625,6,3,3.0,optimal,30.137161816604532,6,3,3.0,optimal,21.257071525004083,4,2,3.0,0.0036869450645195738,0.23713737056616555,identical,,0.0,0.0,0.0,1.0,0,0,0,0,0,0,0.0,0.0,0.0,changed,routing,0.37738298829370365,5.001184421343382,0.18869149414685182,0.42857142857142855,3,1,-2,-1,1,0,0.5,0.0,2.819050854202363
published,lhs254,lhs,8223.873911368242,0.0020822444610120623,0.9526519389734472,0.5958497994475734,1000000,100,optimal,18.30184238368484,4,2,3.0,optimal,16.560592986506876,4,2,3.0,optimal,12.494485912961679,4,2,3.0,0.46415888336127825,0.5356805395261334,identical,,0.0,0.0,0.0,1.0,0,0,0,0,0,0,0.0,0.0,0.0,identical,,0.0,0.0,0.0,1.0,0,0,0,0,0,0,0.0,0.0,0.0
published,lhs254,lhs,8223.873911368242,0.0020822444610120623,0.9526519389734472,0.5958497994475734,40,100,optimal,18.30184238368484,4,2,3.0,optimal,16.560592986506876,4,2,3.0,optimal,12.494485912961679,4,2,3.0,0.46415888336127825,0.5356805395261334,identical,,0.0,0.0,0.0,1.0,0,0,0,0,0,0,0.0,0.0,0.0,identical,,0.0,0.0,0.0,1.0,0,0,0,0,0,0,0.0,0.0,0.0
published,lhs254,lhs,8223.873911368242,0.0020822444610120623,0.9526519389734472,0.5958497994475734,30,100,optimal,18.30184238368484,4,2,3.0,optimal,16.560592986506876,4,2,3.0,optimal,12.494485912961679,4,2,3.0,0.46415888336127825,0.5356805395261334,identical,,0.0,0.0,0.0,1.0,0,0,0,0,0,0,0.0,0.0,0.0,identical,,0.0,0.0,0.0,1.0,0,0,0,0,0,0,0.0,0.0,0.0
published,lhs254,lhs,8223.873911368242,0.0020822444610120623,0.9526519389734472,0.5958497994475734,20,100,optimal,18.30184238368484,4,2,3.0,optimal,16.560592986506876,4,2,3.0,optimal,12.494485912961679,4,2,3.0,0.46415888336127825,0.5356805395261334,identical,,0.0,0.0,0.0,1.0,0,0,0,0,0,0,0.0,0.0,0.0,identical,,0.0,0.0,0.0,1.0,0,0,0,0,0,0,0.0,0.0,0.0
published,lhs254,lhs,8223.873911368242,0.0020822444610120623,0.9526519389734472,0.5958497994475734,15,100,optimal,18.30184238368484,4,2,3.0,optimal,16.560592986506876,4,2,3.0,optimal,12.494485912961679,4,2,3.0,0.46415888336127825,0.5356805395261334,identical,,0.0,0.0,0.0,1.0,0,0,0,0,0,0,0.0,0.0,0.0,identical,,0.0,0.0,0.0,1.0,0,0,0,0,0,0,0.0,0.0,0.0
published,lhs254,lhs,8223.873911368242,0.0020822444610120623,0.9526519389734472,0.5958497994475734,10,100,optimal,18.30184238368484,4,2,3.0,optimal,16.560592986506876,4,2,3.0,optimal,12.494485912961679,4,2,3.0,0.46415888336127825,0.5356805395261334,identical,,0.0,0.0,0.0,1.0,0,0,0,0,0,0,0.0,0.0,0.0,identical,,0.0,0.0,0.0,1.0,0,0,0,0,0,0,0.0,0.0,0.0
published,lhs254,lhs,8223.873911368242,0.0020822444610120623,0.9526519389734472,0.5958497994475734,6,100,optimal,18.30184238368484,4,2,3.0,optimal,16.560592986506876,4,2,3.0,optimal,12.494485912961679,4,2,3.0,0.46415888336127825,0.5356805395261334,identical,,0.0,0.0,0.0,1.0,0,0,0,0,0,0,0.0,0.0,0.0,identical,,0.0,0.0,0.0,1.0,0,0,0,0,0,0,0.0,0.0,0.0
published,lhs255,lhs,6702.82496005591,0.00473278033065303,0.9825379869129808,0.9263327157921728,1000000,100,optimal,49.00522246373673,20,6,4.333333333333333,optimal,42.53685062468391,20,6,4.333333333333333,optimal,17.234620653511215,7,3,3.3333333333333335,0.08153869645085443,0.12431716560097561,tie,,0.0,0.0,0.0,1.0,0,0,0,0,0,4,0.0,0.0,-1.295260195396016e-16,changed,served_and_memory,31.105696236227715,19.070215022058264,10.368565412075904,0.35,13,0,-13,-3,0,2,0.0,48.666666666666664,3.2587848799246437
published,lhs255,lhs,6702.82496005591,0.00473278033065303,0.9825379869129808,0.9263327157921728,40,100,optimal,49.00522246373673,20,6,4.333333333333333,optimal,42.53685062468391,20,6,4.333333333333333,optimal,17.234620653511215,7,3,3.3333333333333335,0.08153869645085443,0.12431716560097561,tie,,0.0,0.0,0.0,1.0,0,0,0,0,0,4,0.0,0.0,-1.295260195396016e-16,changed,served_and_memory,31.105696236227715,19.070215022058264,10.368565412075904,0.35,13,0,-13,-3,0,2,0.0,48.666666666666664,3.2587848799246437
published,lhs255,lhs,6702.82496005591,0.00473278033065303,0.9825379869129808,0.9263327157921728,30,100,optimal,49.00522246373673,20,6,4.333333333333333,optimal,42.53685062468391,20,6,4.333333333333333,optimal,17.234620653511215,7,3,3.3333333333333335,0.08153869645085443,0.12431716560097561,tie,,0.0,0.0,0.0,1.0,0,0,0,0,0,4,0.0,0.0,-1.295260195396016e-16,changed,served_and_memory,31.105696236227715,19.070215022058264,10.368565412075904,0.35,13,0,-13,-3,0,2,0.0,48.666666666666664,3.2587848799246437
published,lhs255,lhs,6702.82496005591,0.00473278033065303,0.9825379869129808,0.9263327157921728,20,100,optimal,49.00522246373673,20,6,4.333333333333333,optimal,42.53685062468391,20,6,4.333333333333333,optimal,17.234620653511215,7,3,3.3333333333333335,0.08153869645085443,0.12431716560097561,tie,,0.0,0.0,0.0,1.0,0,0,0,0,0,4,0.0,0.0,-1.295260195396016e-16,changed,served_and_memory,31.105696236227715,19.070215022058264,10.368565412075904,0.35,13,0,-13,-3,0,2,0.0,48.666666666666664,3.2587848799246437
published,lhs255,lhs,6702.82496005591,0.00473278033065303,0.9825379869129808,0.9263327157921728,15,100,optimal,43.073068398831424,15,5,4.0,optimal,37.89579453667846,15,5,4.0,optimal,17.234620653511215,7,3,3.3333333333333335,0.08153869645085443,0.16394459283656687,tie,,0.0,0.0,0.0,1.0,0,0,0,0,0,2,0.0,0.0,-2.2204460492503132e-17,changed,served_and_memory,18.32850240441039,13.138060957152959,6.10950080147013,0.4666666666666667,8,0,-8,-2,0,1,0.0,24.333333333333332,1.5982371772444528
published,lhs255,lhs,6702.82496005591,0.00473278033065303,0.9825379869129808,0.9263327157921728,10,100,optimal,29.935007441678465,7,3,3.3333333333333335,optimal,27.136548127761294,7,3,3.3333333333333335,optimal,17.234620653511215,7,3,3.3333333333333335,0.23713737056616555,0.46415888336127825,identical,,0.0,0.0,0.0,1.0,0,0,0,0,0,0,0.0,0.0,0.0,identical,,0.0,0.0,0.0,1.0,0,0,0,0,0,0,0.0,0.0,0.0
published,lhs255,lhs,6702.82496005591,0.00473278033065303,0.9825379869129808,0.9263327157921728,6,100,optimal,22.73437442553856,6,3,3.0,optimal,20.80592382507247,6,3,3.0,optimal,15.033544283184987,4,2,3.0,0.0036869450645195738,0.23713737056616555,identical,,0.0,0.0,0.0,1.0,0,0,0,0,0,0,0.0,0.0,0.0,changed,routing,3.4850937380066718,1.8934736716304137,1.7425468690033359,0.42857142857142855,3,1,-2,-1,1,0,0.5,0.0,2.8693733706180202
published,lhs256,lhs,7062.240286227878,0.0021719849331496375,0.9922685204705528,0.6324911670327641,1000000,100,optimal,18.965616420762746,4,2,3.0,optimal,17.224367023584783,4,2,3.0,optimal,13.158259950039586,4,2,3.0,0.46415888336127825,0.5356805395261334,identical,,0.0,0.0,0.0,1.0,0,0,0,0,0,0,0.0,0.0,0.0,identical,,0.0,0.0,0.0,1.0,0,0,0,0,0,0,0.0,0.0,0.0
published,lhs256,lhs,7062.240286227878,0.0021719849331496375,0.9922685204705528,0.6324911670327641,40,100,optimal,18.965616420762746,4,2,3.0,optimal,17.224367023584783,4,2,3.0,optimal,13.158259950039586,4,2,3.0,0.46415888336127825,0.5356805395261334,identical,,0.0,0.0,0.0,1.0,0,0,0,0,0,0,0.0,0.0,0.0,identical,,0.0,0.0,0.0,1.0,0,0,0,0,0,0,0.0,0.0,0.0
published,lhs256,lhs,7062.240286227878,0.0021719849331496375,0.9922685204705528,0.6324911670327641,30,100,optimal,18.965616420762746,4,2,3.0,optimal,17.224367023584783,4,2,3.0,optimal,13.158259950039586,4,2,3.0,0.46415888336127825,0.5356805395261334,identical,,0.0,0.0,0.0,1.0,0,0,0,0,0,0,0.0,0.0,0.0,identical,,0.0,0.0,0.0,1.0,0,0,0,0,0,0,0.0,0.0,0.0
published,lhs256,lhs,7062.240286227878,0.0021719849331496375,0.9922685204705528,0.6324911670327641,20,100,optimal,18.965616420762746,4,2,3.0,optimal,17.224367023584783,4,2,3.0,optimal,13.158259950039586,4,2,3.0,0.46415888336127825,0.5356805395261334,identical,,0.0,0.0,0.0,1.0,0,0,0,0,0,0,0.0,0.0,0.0,identical,,0.0,0.0,0.0,1.0,0,0,0,0,0,0,0.0,0.0,0.0
published,lhs256,lhs,7062.240286227878,0.0021719849331496375,0.9922685204705528,0.6324911670327641,15,100,optimal,18.965616420762746,4,2,3.0,optimal,17.224367023584783,4,2,3.0,optimal,13.158259950039586,4,2,3.0,0.46415888336127825,0.5356805395261334,identical,,0.0,0.0,0.0,1.0,0,0,0,0,0,0,0.0,0.0,0.0,identical,,0.0,0.0,0.0,1.0,0,0,0,0,0,0,0.0,0.0,0.0
published,lhs256,lhs,7062.240286227878,0.0021719849331496375,0.9922685204705528,0.6324911670327641,10,100,optimal,18.965616420762746,4,2,3.0,optimal,17.224367023584783,4,2,3.0,optimal,13.158259950039586,4,2,3.0,0.46415888336127825,0.5356805395261334,identical,,0.0,0.0,0.0,1.0,0,0,0,0,0,0,0.0,0.0,0.0,identical,,0.0,0.0,0.0,1.0,0,0,0,0,0,0,0.0,0.0,0.0
published,lhs256,lhs,7062.240286227878,0.0021719849331496375,0.9922685204705528,0.6324911670327641,6,100,optimal,18.965616420762746,4,2,3.0,optimal,17.224367023584783,4,2,3.0,optimal,13.158259950039586,4,2,3.0,0.46415888336127825,0.5356805395261334,identical,,0.0,0.0,0.0,1.0,0,0,0,0,0,0,0.0,0.0,0.0,identical,,0.0,0.0,0.0,1.0,0,0,0,0,0,0,0.0,0.0,0.0
published,lhs257,lhs,4819.64663570699,0.03755267496934746,0.9547158191577223,0.667604967004445,1000000,100,optimal,42.38091507876394,53,11,5.818181818181818,optimal,29.584577467673466,39,9,5.333333333333333,optimal,11.65145638363678,4,2,3.0,0.03319923187926317,0.0640270900528647,changed,served_and_memory,0.74120985986562,2.14109434595521,0.08235665109618001,0.7358490566037735,14,0,-14,-2,0,3,0.0,1.4444444444444444,0.10528139778954046,changed,served_and_memory,177.88531705183658,24.922102224404,88.94265852591829,0.07547169811320754,49,0,-49,-9,0,2,0.0,73.0,4.888177319886966
published,lhs257,lhs,4819.64663570699,0.03755267496934746,0.9547158191577223,0.667604967004445,40,100,optimal,40.23982073280873,39,9,5.333333333333333,optimal,29.584577467673466,39,9,5.333333333333333,optimal,11.65145638363678,4,2,3.0,0.0640270900528647,0.09682853110646922,tie,,3.552713678800501e-15,0.0,3.9474596431116675e-16,1.0,0,0,0,0,0,2,0.0,0.0,7.401486830834377e-17,changed,served_and_memory,111.36276463526457,22.78100787844879,55.681382317632284,0.10256410256410256,35,0,-35,-7,0,2,0.0,73.0,4.888177319886966
published,lhs257,lhs,4819.64663570699,0.03755267496934746,0.9547158191577223,0.667604967004445,30,100,optimal,37.016277877530676,27,8,5.25,optimal,28.834539953017387,26,7,4.714285714285714,optimal,11.65145638363678,4,2,3.0,0.050276352689897476,0.09366926137363539,changed,routing,0.9819965663345975,0.3402353351196439,0.14028522376208535,0.6060606060606061,7,6,-1,-1,1,3,-0.2857142857142857,6.857142857142857,0.25848796533577245,changed,served_and_memory,96.87157920318297,19.557465023170735,48.43578960159149,0.14814814814814814,23,0,-23,-6,0,2,0.0,60.5,3.5909277864283853
published,lhs257,lhs,4819.64663570699,0.03755267496934746,0.9547158191577223,0.667604967004445,20,100,optimal,34.242593633532906,20,6,4.333333333333333,optimal,27.77422179448009,20,6,4.333333333333333,optimal,11.65145638363678,4,2,3.0,0.050276352689897476,0.12431716560097561,tie,,7.105427357601002e-15,-7.105427357601002e-15,1.1842378929335002e-15,1.0,0,0,0,0,0,4,0.0,0.0,1.295260195396016e-16,changed,served_and_memory,42.322619801710594,16.783780779172965,21.161309900855297,0.2,16,0,-16,-4,0,2,0.0,60.5,3.626024184155007
published,lhs257,lhs,4819.64663570699,0.03755267496934746,0.9547158191577223,0.667604967004445,15,100,optimal,31.740815678974,15,5,4.0,optimal,26.56354181682104,15,5,4.0,optimal,11.65145638363678,4,2,3.0,0.08153869645085443,0.16394459283656687,tie,,3.552713678800501e-15,0.0,7.105427357601002e-16,1.0,0,0,0,0,0,2,0.0,0.0,-2.2204460492503132e-17,changed,served_and_memory,24.077590854393378,14.282002824614057,12.038795427196689,0.26666666666666666,11,0,-11,-3,0,1,0.0,36.5,2.397355765866679
published,lhs257,lhs,4819.64663570699,0.03755267496934746,0.9547158191577223,0.667604967004445,10,100,optimal,24.2891068264853,7,3,3.3333333333333335,optimal,21.490647512568128,7,3,3.3333333333333335,optimal,11.65145638363678,4,2,3.0,0.23713737056616555,0.46415888336127825,identical,,0.0,0.0,0.0,1.0,0,0,0,0,0,0,0.0,0.0,0.0,changed,served_set_only,0.06273634531873284,6.830293972125357,0.03136817265936642,0.5714285714285714,3,0,-3,-1,0,0,0.0,0.0,0.0
published,lhs257,lhs,4819.64663570699,0.03755267496934746,0.9547158191577223,0.667604967004445,6,100,optimal,17.655638022392168,6,3,3.0,optimal,15.727187421926072,6,3,3.0,optimal,11.65145638363678,4,2,3.0,0.0036869450645195738,0.23713737056616555,identical,,0.0,0.0,0.0,1.0,0,0,0,0,0,0,0.0,0.0,0.0,changed,routing,5.181742241604858,0.19682516803222683,2.590871120802429,0.42857142857142855,3,1,-2,-1,1,0,0.5,0.0,2.6331054813741317
published,lhs258,lhs,28525.501633768978,0.0223942783271615,0.9530171405112008,0.6171824727377864,1000000,100,optimal,64.14061994602032,53,11,5.818181818181818,optimal,50.60307247506423,53,11,5.818181818181818,optimal,18.431967211564825,7,3,3.3333333333333335,0.030017743045081,0.08153869645085443,tie,,0.0,1.4210854715202004e-14,0.0,1.0,0,0,0,0,0,2,0.0,0.0,-3.027880976250427e-17,changed,served_and_memory,162.82165751897372,33.00826594628825,54.27388583965791,0.1320754716981132,46,0,-46,-8,0,3,0.0,73.0,5.6149794621844755
published,lhs258,lhs,28525.501633768978,0.0223942783271615,0.9530171405112008,0.6171824727377864,40,100,optimal,59.28807399108288,40,10,5.9,optimal,47.92483475305063,39,9,5.333333333333333,optimal,18.431967211564825,7,3,3.3333333333333335,0.05387208250415978,0.08918361377866182,changed,served_and_memory,0.8561454097393124,0.7079959728969811,0.09512726774881249,0.975,1,0,-1,-1,0,2,0.0,0.0,0.0,changed,served_and_memory,140.6644956179931,28.155719991350807,46.8881652059977,0.175,33,0,-33,-7,0,3,0.0,73.0,5.6149794621844755
published,lhs258,lhs,28525.501633768978,0.0223942783271615,0.9530171405112008,0.6171824727377864,30,100,optimal,54.10249421972409,28,9,5.888888888888889,optimal,44.23076375597922,27,8,5.25,optimal,18.431967211564825,7,3,3.3333333333333335,0.06044547074134525,0.09682853110646922,changed,served_and_memory,0.8561454097393124,0.7079959728969953,0.10701817621741405,0.9642857142857143,1,0,-1,-1,0,6,0.0,0.0,-4.163336342344337e-17,changed,served_and_memory,118.93936574480819,22.970140219992018,39.6464552482694,0.25,21,0,-21,-6,0,3,0.0,73.0,5.6149794621844755
published,lhs258,lhs,28525.501633768978,0.0223942783271615,0.9530171405112008,0.6171824727377864,20,100,optimal,47.94112790516334,18,7,5.428571428571429,optimal,40.73534345212932,20,6,4.333333333333333,optimal,18.431967211564825,7,3,3.3333333333333335,0.0640270900528647,0.12532289850754513,changed,routing,0.6243182308260629,0.7374126139812063,0.10405303847101048,0.7272727272727273,2,4,2,-1,1,4,-0.5,0.0,0.2384018540593437,changed,served_and_memory,68.28890152262926,16.808773905431266,22.762967174209752,0.3888888888888889,11,0,-11,-4,0,2,0.0,48.666666666666664,3.2587848799246437
published,lhs258,lhs,28525.501633768978,0.0223942783271615,0.9530171405112008,0.6171824727377864,15,100,optimal,42.7439647692095,15,5,4.0,optimal,37.56669090705653,15,5,4.0,optimal,18.431967211564825,7,3,3.3333333333333335,0.08153869645085443,0.16394459283656687,tie,,-7.105427357601002e-15,-7.105427357601002e-15,-1.4210854715202005e-15,1.0,0,0,0,0,0,2,0.0,0.0,-8.881784197001253e-17,changed,served_and_memory,19.854952592085922,11.611610769477423,6.6183175306953075,0.4666666666666667,8,0,-8,-2,0,1,0.0,24.333333333333332,1.5982371772444528
published,lhs258,lhs,28525.501633768978,0.0223942783271615,0.9530171405112008,0.6171824727377864,10,100,optimal,33.7677561097406,10,5,4.2,optimal,29.02338188251693,10,5,4.2,optimal,18.431967211564825,7,3,3.3333333333333335,0.0005623413251903491,0.15703748946090484,identical,,0.0,0.0,0.0,1.0,0,0,0,0,0,0,0.0,0.0,0.0,changed,routing,38.31764725110828,2.6354021100085276,12.772549083702762,0.4166666666666667,5,2,-3,-2,1,1,0.6666666666666666,24.333333333333332,5.342116597298406
published,lhs258,lhs,28525.501633768978,0.0223942783271615,0.9530171405112008,0.6171824727377864,6,100,optimal,24.618483224815193,6,3,3.0,optimal,22.690032624349097,6,3,3.0,optimal,16.293763863777087,4,2,3.0,0.0036869450645195738,0.23713737056616555,identical,,0.0,0.0,0.0,1.0,0,0,0,0,0,0,0.0,0.0,0.0,changed,routing,2.8612045193221363,2.5173628903149456,1.4306022596610681,0.42857142857142855,3,1,-2,-1,1,0,0.5,0.0,2.5764566829701283
published,lhs259,lhs,68024.10955525456,0.08331136249756267,0.9517977743487958,0.9305049434633506,1000000,100,optimal,130.36088742225243,55,16,8.3125,optimal,108.90937905137058,55,16,8.3125,optimal,26.296600068118746,7,3,3.3333333333333335,0.0221885046944556,0.055360911715621366,identical,,0.0,0.0,0.0,1.0,0,0,0,0,0,0,0.0,0.0,0.0,changed,served_and_memory,412.7175831638472,91.36390056596645,137.5725277212824,0.12727272727272726,48,0,-48,-13,0,3,0.0,81.66666666666667,7.74071091041269
published,lhs259,lhs,68024.10955525456,0.08331136249756267,0.9517977743487958,0.9305049434633506,40,100,optimal,125.66119701566325,40,14,7.785714285714286,optimal,107.23239549120233,40,14,7.785714285714286,optimal,26.296600068118746,7,3,3.3333333333333335,0.030017743045081,0.0640270900528647,identical,,0.0,0.0,0.0,1.0,0,0,0,0,0,0,0.0,0.0,0.0,changed,served_and_memory,283.79754892398444,86.66421015937726,94.59918297466147,0.175,33,0,-33,-11,0,3,0.0,69.0,5.984079054005818
published,lhs259,lhs,68024.10955525456,0.08331136249756267,0.9517977743487958,0.9305049434633506,30,100,optimal,107.10665782683036,29,13,7.769230769230769,optimal,90.68809585935647,29,13,7.769230769230769,optimal,26.296600068118746,7,3,3.3333333333333335,0.00013532055307936385,0.0640270900528647,tie,,1.4210854715202004e-14,-1.4210854715202004e-14,1.0931426704001542e-15,1.0,0,0,0,0,0,4,0.0,0.0,5.124106267500723e-17,changed,served_and_memory,297.74228311488747,68.10967097054436,99.24742770496249,0.2413793103448276,22,0,-22,-10,0,3,0.0,64.66666666666667,4.750146439878756
published,lhs259,lhs,68024.10955525456,0.08331136249756267,0.9517977743487958,0.9305049434633506,20,100,optimal,88.55632243398856,20,10,8.2,optimal,75.62581430301412,20,10,8.2,optimal,26.296600068118746,7,3,3.3333333333333335,0.03319923187926317,0.0640270900528647,tie,,0.0,1.4210854715202004e-14,0.0,1.0,0,0,0,0,0,2,0.0,0.0,-3.3306690738754695e-17,changed,served_and_memory,232.95021560501314,49.55933557770256,77.65007186833772,0.35,13,0,-13,-7,0,2,0.0,48.666666666666664,3.954431759504285
published,lhs259,lhs,68024.10955525456,0.08331136249756267,0.9517977743487958,0.9305049434633506,15,100,optimal,62.83681987456711,15,6,5.666666666666667,optimal,56.06392710744623,15,6,5.666666666666667,optimal,26.296600068118746,7,3,3.3333333333333335,0.0640270900528647,0.11928809295587964,tie,,0.0,0.0,0.0,1.0,0,0,0,0,0,2,0.0,0.0,0.0,changed,served_and_memory,54.670401705498975,23.83983301828112,18.223467235166325,0.2222222222222222,11,3,-8,-3,0,2,0.0,60.5,3.590927786428385
published,lhs259,lhs,68024.10955525456,0.08331136249756267,0.9517977743487958,0.9305049434633506,10,100,optimal,49.41125048524931,10,5,4.2,optimal,44.66687625802564,10,5,4.2,optimal,26.296600068118746,7,3,3.3333333333333335,0.0005623413251903491,0.15703748946090484,tie,,0.0,0.0,0.0,1.0,0,0,0,0,0,2,0.0,0.0,-1.3322676295501878e-16,changed,routing,30.538785732153496,10.414263628963319,10.179595244051166,0.4166666666666667,5,2,-3,-2,1,1,0.6666666666666666,24.333333333333332,5.736994412784743
published,lhs259,lhs,68024.10955525456,0.08331136249756267,0.9517977743487958,0.9305049434633506,6,100,optimal,31.89536428272759,6,3,3.0,optimal,29.96691368226149,6,3,3.0,optimal,21.14532979423494,4,2,3.0,0.0036869450645195738,0.23713737056616555,identical,,0.0,0.0,0.0,1.0,0,0,0,0,0,0,0.0,0.0,0.0,changed,routing,0.43588939186759745,4.942678017769492,0.21794469593379873,0.42857142857142855,3,1,-2,-1,1,0,0.5,0.0,2.872615044584882
published,lhs260,lhs,96397.46306627068,0.013527730705225702,0.9893386989667868,0.7689345967738956,1000000,100,optimal,136.0524604648988,55,17,8.823529411764707,optimal,112.89902333674631,55,17,8.823529411764707,optimal,27.09927259709022,7,3,3.3333333333333335,0.0221885046944556,0.050276352689897476,tie,,-1.4210854715202004e-14,0.0,-8.359326303060002e-16,1.0,0,0,0,0,0,4,0.0,0.0,2.6122894697062506e-17,changed,served_and_memory,488.87117918974025,96.25280107964132,162.95705972991342,0.12727272727272726,48,0,-48,-14,0,3,0.0,73.33333333333333,6.875877888106969
published,lhs260,lhs,96397.46306627068,0.013527730705225702,0.9893386989667868,0.7689345967738956,40,100,optimal,127.95721181979486,39,16,9.0625,optimal,106.37550271943468,40,15,8.4,optimal,27.09927259709022,7,3,3.3333333333333335,0.0221885046944556,0.05161879346889767,changed,routing,0.02690662747039596,1.4509788186286983,0.0017937751646930641,0.6808510638297872,7,8,1,-1,3,3,-0.2,0.8666666666666667,0.1481250697515542,changed,served_and_memory,474.55287666190065,88.1575524345374,158.18429222063355,0.1794871794871795,32,0,-32,-13,0,3,0.0,73.0,5.6149794621844755
published,lhs260,lhs,96397.46306627068,0.013527730705225702,0.9893386989667868,0.7689345967738956,30,100,optimal,109.38719926363056,29,14,8.428571428571429,optimal,91.27550008626773,30,13,8.538461538461538,optimal,27.09927259709022,7,3,3.3333333333333335,0.00013532055307936385,0.0640270900528647,changed,routing,0.008791547381648002,0.9050794964571622,0.0006762728755113848,0.7878787878787878,3,4,1,-1,1,4,-0.23076923076923078,0.0,0.03683997867166194,changed,served_and_memory,381.90991124443417,69.5875398783731,127.30330374814473,0.2413793103448276,22,0,-22,-11,0,3,0.0,64.66666666666667,4.750146439878756
published,lhs260,lhs,96397.46306627068,0.013527730705225702,0.9893386989667868,0.7689345967738956,20,100,optimal,91.11182916758021,20,11,9.0,optimal,76.4793922793352,20,11,9.0,optimal,27.09927259709022,7,3,3.3333333333333335,0.03319923187926317,0.0640270900528647,tie,,0.0,0.0,0.0,1.0,0,0,0,0,0,2,0.0,0.0,1.0092936587501423e-17,changed,served_and_memory,322.1925184963029,51.31216978232274,107.39750616543431,0.35,13,0,-13,-8,0,2,0.0,48.666666666666664,3.954431759504285
published,lhs260,lhs,96397.46306627068,0.013527730705225702,0.9893386989667868,0.7689345967738956,15,100,optimal,62.76924944222331,15,6,5.666666666666667,optimal,55.99635667510242,15,6,5.666666666666667,optimal,27.09927259709022,7,3,3.3333333333333335,0.0640270900528647,0.08153869645085443,identical,,0.0,0.0,0.0,1.0,0,0,0,0,0,0,0.0,0.0,0.0,changed,served_and_memory,59.9971621100467,22.969590056965842,19.999054036682235,0.2222222222222222,11,3,-8,-3,0,2,0.0,48.0,2.3287746506964258
published,lhs260,lhs,96397.46306627068,0.013527730705225702,0.9893386989667868,0.7689345967738956,10,100,optimal,50.25523437722056,10,5,4.2,optimal,45.51086014999687,10,5,4.2,optimal,27.09927259709022,7,3,3.3333333333333335,0.0005623413251903491,0.15703748946090484,identical,,0.0,0.0,0.0,1.0,0,0,0,0,0,0,0.0,0.0,0.0,changed,routing,27.977127485182102,10.45557499196309,9.325709161727367,0.4166666666666667,5,2,-3,-2,1,1,0.6666666666666666,24.333333333333332,5.553559130992729
published,lhs260,lhs,96397.46306627068,0.013527730705225702,0.9893386989667868,0.7689345967738956,6,100,optimal,32.846677349112056,6,3,3.0,optimal,30.918226748645967,6,3,3.0,optimal,21.77477787195673,4,2,3.0,0.0036869450645195738,0.23713737056616555,identical,,0.0,0.0,0.0,1.0,0,0,0,0,0,0,0.0,0.0,0.0,changed,routing,0.11402440320491536,5.26454300643217,0.05701220160245768,0.42857142857142855,3,1,-2,-1,1,0,0.5,0.0,2.7350385832408715
published,lhs261,lhs,26806.784030709037,0.014558441083147789,0.9480336332514175,0.9046671178519039,1000000,100,optimal,102.11419374511627,55,14,7.214285714285714,optimal,83.79677958086425,55,14,7.214285714285714,optimal,21.847573720701746,7,3,3.3333333333333335,0.030017743045081,0.05916841616414359,tie,,0.0,0.0,0.0,1.0,0,0,0,0,0,2,0.0,0.0,-4.7580986769649563e-17,changed,served_and_memory,285.06477839872974,67.56623323624727,95.02159279957658,0.12727272727272726,48,0,-48,-11,0,3,0.0,69.0,5.984079054005818
published,lhs261,lhs,26806.784030709037,0.014558441083147789,0.9480336332514175,0.9046671178519039,40,100,optimal,100.29445443922461,40,14,7.785714285714286,optimal,81.86565291476367,40,14,7.785714285714286,optimal,21.847573720701746,7,3,3.3333333333333335,0.030017743045081,0.0640270900528647,identical,,0.0,0.0,0.0,1.0,0,0,0,0,0,0,0.0,0.0,0.0,changed,served_and_memory,299.2966672107425,65.74649393035561,99.76555573691417,0.175,33,0,-33,-11,0,3,0.0,77.33333333333333,6.848912076311538
published,lhs261,lhs,26806.784030709037,0.014558441083147789,0.9480336332514175,0.9046671178519039,30,100,optimal,83.02014232359411,30,11,7.181818181818182,optimal,69.14982561528927,30,11,7.181818181818182,optimal,21.847573720701746,7,3,3.3333333333333335,0.03319923187926317,0.0640270900528647,tie,,0.0,0.0,0.0,1.0,0,0,0,0,0,2,0.0,0.0,2.0185873175002847e-17,changed,served_and_memory,201.30207879732143,48.47218181472512,67.10069293244048,0.23333333333333334,23,0,-23,-8,0,3,0.0,73.0,5.6149794621844755
published,lhs261,lhs,26806.784030709037,0.014558441083147789,0.9480336332514175,0.9046671178519039,20,100,optimal,68.82799378633165,20,9,7.444444444444445,optimal,57.531859870687484,20,9,7.444444444444445,optimal,21.847573720701746,7,3,3.3333333333333335,0.03319923187926317,0.0640270900528647,identical,,0.0,0.0,0.0,1.0,0,0,0,0,0,0,0.0,0.0,0.0,changed,served_and_memory,172.92672078612367,34.28003327746265,57.64224026204122,0.35,13,0,-13,-6,0,2,0.0,48.666666666666664,3.954431759504285
published,lhs261,lhs,26806.784030709037,0.014558441083147789,0.9480336332514175,0.9046671178519039,15,100,optimal,53.06035244220364,15,6,5.666666666666667,optimal,46.287459675082744,15,6,5.666666666666667,optimal,21.847573720701746,7,3,3.3333333333333335,0.0640270900528647,0.12431716560097561,tie,,-7.105427357601002e-15,-7.105427357601002e-15,-1.1842378929335002e-15,1.0,0,0,0,0,0,4,0.0,0.0,0.0,changed,served_and_memory,57.171906293310194,18.51239193333464,19.057302097770066,0.2222222222222222,11,3,-8,-3,0,2,0.0,73.0,4.888177319886966
published,lhs261,lhs,26806.784030709037,0.014558441083147789,0.9480336332514175,0.9046671178519039,10,100,optimal,41.71893444037633,10,5,4.2,optimal,36.97456021315266,10,5,4.2,optimal,21.847573720701746,7,3,3.3333333333333335,0.0005623413251903491,0.15703748946090484,tie,,0.0,0.0,0.0,1.0,0,0,0,0,0,2,0.0,0.0,-6.661338147750939e-17,changed,routing,33.78207542960947,7.1709739315073335,11.260691809869824,0.4166666666666667,5,2,-3,-2,1,1,0.6666666666666666,24.333333333333332,5.709909892501815
published,lhs261,lhs,26806.784030709037,0.014558441083147789,0.9480336332514175,0.9046671178519039,6,100,optimal,27.501286241158006,6,3,3.0,optimal,25.572835640691906,6,3,3.0,optimal,18.217003491297188,4,2,3.0,0.0036869450645195738,0.23713737056616555,identical,,0.0,0.0,0.0,1.0,0,0,0,0,0,0,0.0,0.0,0.0,changed,routing,1.9016411304994314,3.4769262791376576,0.9508205652497157,0.42857142857142855,3,1,-2,-1,1,0,0.5,0.0,2.852301654372685
published,lhs262,lhs,6904.530106240802,0.041660988690103776,0.9328432339899303,0.513248306949295,1000000,100,optimal,27.475183762226187,20,6,4.333333333333333,optimal,21.761169832386805,15,5,4.0,optimal,10.6994329863674,4,2,3.0,0.050276352689897476,0.16049104114873586,changed,served_and_memory,0.7543579092134394,0.5367400676864236,0.15087158184268787,0.75,5,0,-5,-1,0,3,0.0,9.6,0.18868329432672645,changed,served_and_memory,49.027772213622356,10.968394305135629,24.513886106811178,0.2,16,0,-16,-4,0,2,0.0,60.5,3.5909277864283853
published,lhs262,lhs,6904.530106240802,0.041660988690103776,0.9328432339899303,0.513248306949295,40,100,optimal,27.47518376222619,20,6,4.333333333333333,optimal,21.761169832386805,15,5,4.0,optimal,10.6994329863674,4,2,3.0,0.08153869645085443,0.12431716560097561,changed,served_and_memory,0.7543579092134358,0.5367400676864271,0.15087158184268717,0.75,5,0,-5,-1,0,3,0.0,14.6,0.37779373752225115,changed,served_and_memory,46.10054727059444,10.968394305135632,23.05027363529722,0.2,16,0,-16,-4,0,2,0.0,73.0,4.888177319886966
published,lhs262,lhs,6904.530106240802,0.041660988690103776,0.9328432339899303,0.513248306949295,30,100,optimal,27.475183762226187,20,6,4.333333333333333,optimal,21.761169832386805,15,5,4.0,optimal,10.6994329863674,4,2,3.0,0.0640270900528647,0.13038656197151804,changed,served_and_memory,0.7543579092134358,0.5367400676864236,0.15087158184268717,0.75,5,0,-5,-1,0,1,0.0,9.6,0.18868329432672654,changed,served_and_memory,48.92648376772971,10.968394305135629,24.463241883864853,0.2,16,0,-16,-4,0,2,0.0,60.5,3.5909277864283853
published,lhs262,lhs,6904.530106240802,0.041660988690103776,0.9328432339899303,0.513248306949295,20,100,optimal,27.475183762226187,20,6,4.333333333333333,optimal,21.761169832386805,15,5,4.0,optimal,10.6994329863674,4,2,3.0,0.050276352689897476,0.15933803350851,changed,served_and_memory,0.7543579092134394,0.5367400676864236,0.15087158184268787,0.75,5,0,-5,-1,0,1,0.0,9.6,0.18868329432672654,changed,served_and_memory,50.963942772883186,10.968394305135629,25.481971386441593,0.2,16,0,-16,-4,0,2,0.0,48.0,2.3287746506964258
published,lhs262,lhs,6904.530106240802,0.041660988690103776,0.9328432339899303,0.513248306949295,15,100,optimal,26.938443694539764,15,5,4.0,optimal,21.761169832386805,15,5,4.0,optimal,10.6994329863674,4,2,3.0,0.050276352689897476,0.23713737056616555,tie,,0.0,0.0,0.0,1.0,0,0,0,0,0,2,0.0,0.0,6.661338147750939e-17,changed,served_and_memory,29.965398446711717,10.431654237449205,14.982699223355858,0.26666666666666666,11,0,-11,-3,0,1,0.0,24.0,1.13520263013472
published,lhs262,lhs,6904.530106240802,0.041660988690103776,0.9328432339899303,0.513248306949295,10,100,optimal,22.38305388852912,7,3,3.3333333333333335,optimal,19.584594574611952,7,3,3.3333333333333335,optimal,10.6994329863674,4,2,3.0,0.23713737056616555,0.46415888336127825,identical,,0.0,0.0,0.0,1.0,0,0,0,0,0,0,0.0,0.0,0.0,changed,served_set_only,1.016765886005528,5.87626443143856,0.508382943002764,0.5714285714285714,3,0,-3,-1,0,0,0.0,0.0,0.0
published,lhs262,lhs,6904.530106240802,0.041660988690103776,0.9328432339899303,0.513248306949295,6,100,optimal,16.50678945709056,4,2,3.0,optimal,14.765540059912595,4,2,3.0,optimal,10.6994329863674,4,2,3.0,0.46415888336127825,0.5356805395261334,identical,,0.0,0.0,0.0,1.0,0,0,0,0,0,0,0.0,0.0,0.0,identical,,0.0,0.0,0.0,1.0,0,0,0,0,0,0,0.0,0.0,0.0
published,lhs263,lhs,4237.625456508371,0.06049290346608418,0.9902008223855767,0.6105148559069449,1000000,100,optimal,41.485033151784855,53,11,5.818181818181818,optimal,28.771141083805748,39,9,5.333333333333333,optimal,11.443562395378525,4,2,3.0,0.03319923187926317,0.0640270900528647,changed,served_and_memory,0.8236554029769856,2.058648802843841,0.09151726699744284,0.7358490566037735,14,0,-14,-2,0,3,0.0,1.4444444444444444,0.10528139778954045,changed,served_and_memory,181.39924148769268,24.23411428568317,90.69962074384634,0.07547169811320754,49,0,-49,-9,0,2,0.0,60.5,3.590927786428385
published,lhs263,lhs,4237.625456508371,0.06049290346608418,0.9902008223855767,0.6105148559069449,40,100,optimal,39.42638434894101,39,9,5.333333333333333,optimal,28.77114108380574,39,9,5.333333333333333,optimal,11.443562395378525,4,2,3.0,0.05387208250415978,0.09682853110646922,identical,,0.0,0.0,0.0,1.0,0,0,0,0,0,0,0.0,0.0,0.0,changed,served_and_memory,112.9179265160633,22.17546548283933,56.45896325803165,0.10256410256410256,35,0,-35,-7,0,2,0.0,73.0,4.888177319886966
published,lhs263,lhs,4237.625456508371,0.06049290346608418,0.9902008223855767,0.6105148559069449,30,100,optimal,36.32503208411601,27,8,5.25,optimal,28.136574672281135,26,7,4.714285714285714,optimal,11.443562395378525,4,2,3.0,0.050276352689897476,0.09366926137363539,changed,routing,0.975277079013015,0.34695482244122644,0.13932529700185928,0.6060606060606061,7,6,-1,-1,1,5,-0.2857142857142857,6.857142857142857,0.2953360473688496,changed,served_and_memory,97.35493100833939,19.074113218014325,48.677465504169696,0.14814814814814814,23,0,-23,-6,0,2,0.0,60.5,3.590927786428385
published,lhs263,lhs,4237.625456508371,0.06049290346608418,0.9902008223855767,0.6105148559069449,20,100,optimal,33.61887668437245,20,6,4.333333333333333,optimal,27.15050484531963,20,6,4.333333333333333,optimal,11.443562395378525,4,2,3.0,0.0640270900528647,0.13038656197151804,identical,,0.0,0.0,0.0,1.0,0,0,0,0,0,0,0.0,0.0,0.0,changed,served_and_memory,43.52692025459457,16.367957818270767,21.763460127297286,0.2,16,0,-16,-4,0,2,0.0,60.5,3.590927786428385
published,lhs263,lhs,4237.625456508371,0.06049290346608418,0.9902008223855767,0.6105148559069449,15,100,optimal,31.21225590337764,15,5,4.0,optimal,26.03498204122468,15,5,4.0,optimal,11.443562395378525,4,2,3.0,0.050276352689897476,0.16394459283656687,identical,,0.0,0.0,0.0,1.0,0,0,0,0,0,0,0.0,0.0,0.0,changed,served_and_memory,24.499545087624142,13.961337037275953,12.249772543812071,0.26666666666666666,11,0,-11,-3,0,1,0.0,36.5,2.397355765866679
published,lhs263,lhs,4237.625456508371,0.06049290346608418,0.9902008223855767,0.6105148559069449,10,100,optimal,23.97265423628262,7,3,3.3333333333333335,optimal,21.174194922365448,7,3,3.3333333333333335,optimal,11.443562395378525,4,2,3.0,0.23713737056616555,0.46415888336127825,identical,,0.0,0.0,0.0,1.0,0,0,0,0,0,0,0.0,0.0,0.0,changed,served_set_only,0.17129494726315286,6.721735370180934,0.08564747363157643,0.5714285714285714,3,0,-3,-1,0,0,0.0,0.0,0.0
published,lhs263,lhs,4237.625456508371,0.06049290346608418,0.9902008223855767,0.6105148559069449,6,100,optimal,17.349893408662982,6,3,3.0,optimal,15.509669468923722,4,2,3.0,optimal,11.443562395378525,4,2,3.0,0.0036869450645195738,0.23713737056616555,changed,routing,0.08822666072683383,0.09897454256129734,0.044113330363416914,0.42857142857142855,3,1,-2,-1,1,0,0.5,0.0,2.890848434994211,changed,routing,5.279592867075786,0.09897454256129734,2.639796433537893,0.42857142857142855,3,1,-2,-1,1,0,0.5,0.0,2.568621337816247
published,lhs264,lhs,21236.14445322199,0.07248562286206797,0.9241661496546238,0.6708068376758514,1000000,100,optimal,55.954721801270274,53,11,5.818181818181818,optimal,42.41739099495239,46,10,5.6,optimal,16.900719178566533,7,3,3.3333333333333335,0.030017743045081,0.08153869645085443,tie,,0.00021666463820224635,1.4407334242887941,2.1666463820224634e-05,0.8679245283018868,7,0,-7,-1,0,0,0.0,0.0,0.0,changed,served_and_memory,168.52668814553616,26.35361583453649,56.17556271517872,0.1320754716981132,46,0,-46,-8,0,3,0.0,73.0,5.614979462184476
published,lhs264,lhs,21236.14445322199,0.07248562286206797,0.9241661496546238,0.6708068376758514,40,100,optimal,52.56172543504078,39,9,5.333333333333333,optimal,41.906482169905516,39,9,5.333333333333333,optimal,16.900719178566533,7,3,3.3333333333333335,0.05387208250415978,0.08153869645085443,identical,,0.0,0.0,0.0,1.0,0,0,0,0,0,0,0.0,0.0,0.0,changed,served_and_memory,108.06567871028683,22.960619468306994,36.02189290342894,0.1794871794871795,32,0,-32,-6,0,3,0.0,64.66666666666667,4.750146439878756
published,lhs264,lhs,21236.14445322199,0.07248562286206797,0.9241661496546238,0.6708068376758514,30,100,optimal,47.62536941589766,27,8,5.25,optimal,39.50308994612596,26,7,4.714285714285714,optimal,16.900719178566533,7,3,3.3333333333333335,0.06044547074134525,0.11006998190043765,changed,routing,1.0414550210761888,0.28077688037804904,0.14877928872516982,0.6060606060606061,7,6,-1,-1,1,5,-0.2857142857142857,6.857142857142857,0.25651576355568045,changed,served_and_memory,85.99186407158957,18.024263449163875,28.66395469052986,0.25925925925925924,20,0,-20,-5,0,3,0.0,64.66666666666667,4.410432694990488
published,lhs264,lhs,21236.14445322199,0.07248562286206797,0.9241661496546238,0.6708068376758514,20,100,optimal,43.88373992765518,20,6,4.333333333333333,optimal,37.41536808860234,20,6,4.333333333333333,optimal,16.900719178566533,7,3,3.3333333333333335,0.0640270900528647,0.13038656197151804,tie,,-7.105427357601002e-15,7.105427357601002e-15,-1.1842378929335002e-15,1.0,0,0,0,0,0,2,0.0,0.0,9.251858538542972e-17,changed,served_and_memory,38.71921379449985,14.282633960921395,12.906404598166617,0.35,13,0,-13,-3,0,2,0.0,40.333333333333336,2.3939518576189234
published,lhs264,lhs,21236.14445322199,0.07248562286206797,0.9241661496546238,0.6708068376758514,15,100,optimal,40.07781467048435,15,5,4.0,optimal,34.9005408083314,15,5,4.0,optimal,16.900719178566533,7,3,3.3333333333333335,0.050276352689897476,0.23713737056616555,tie,,1.4210854715202004e-14,0.0,2.842170943040401e-15,1.0,0,0,0,0,0,2,0.0,0.0,6.661338147750939e-17,changed,served_and_memory,23.027313662966264,10.476708703750568,7.6757712209887545,0.4666666666666667,8,0,-8,-2,0,1,0.0,16.0,0.7568017534231467
published,lhs264,lhs,21236.14445322199,0.07248562286206797,0.9241661496546238,0.6708068376758514,10,100,optimal,30.601917854046256,10,5,4.2,optimal,26.802646652816613,7,3,3.3333333333333335,optimal,16.900719178566533,7,3,3.3333333333333335,0.0005623413251903491,0.08153869645085443,changed,routing,0.9451030259940332,1.000811887312473,0.31503434199801106,0.4166666666666667,5,2,-3,-2,1,1,0.6666666666666666,16.0,2.6797312236103283,changed,routing,41.88840803306517,1.000811887312473,13.962802677688389,0.4166666666666667,5,2,-3,-2,1,1,0.6666666666666666,16.0,4.580814708835985
published,lhs264,lhs,21236.14445322199,0.07248562286206797,0.9241661496546238,0.6708068376758514,6,100,optimal,23.086031076825247,6,3,3.0,optimal,21.15758047635915,6,3,3.0,optimal,15.284823645752557,4,2,3.0,0.0036869450645195738,0.23713737056616555,identical,,0.0,0.0,0.0,1.0,0,0,0,0,0,0,0.0,0.0,0.0,changed,routing,3.3847164492875557,1.9938509603495298,1.6923582246437778,0.42857142857142855,3,1,-2,-1,1,0,0.5,0.0,2.636556834489293
published,lhs265,lhs,3649.357067594987,0.0057965491141475185,0.9594347771593247,0.865518557760126,1000000,100,optimal,47.82663447584798,32,8,5.0,optimal,38.61217706494331,32,8,5.0,optimal,13.169423530616928,7,3,3.3333333333333335,0.05387208250415978,0.11006998190043765,tie,,7.105427357601002e-15,7.105427357601002e-15,8.881784197001252e-16,1.0,0,0,0,0,0,2,0.0,0.0,0.0,changed,served_and_memory,80.85954599187185,21.956824157063807,26.953181997290617,0.21875,25,0,-25,-5,0,3,0.0,64.66666666666667,4.4104326949904875
published,lhs265,lhs,3649.357067594987,0.0057965491141475185,0.9594347771593247,0.865518557760126,40,100,optimal,47.82663447584798,32,8,5.0,optimal,38.61217706494331,32,8,5.0,optimal,13.169423530616928,7,3,3.3333333333333335,0.05387208250415978,0.11006998190043765,tie,,7.105427357601002e-15,7.105427357601002e-15,8.881784197001252e-16,1.0,0,0,0,0,0,2,0.0,0.0,0.0,changed,served_and_memory,80.85954599187185,21.956824157063807,26.953181997290617,0.21875,25,0,-25,-5,0,3,0.0,64.66666666666667,4.4104326949904875
published,lhs265,lhs,3649.357067594987,0.0057965491141475185,0.9594347771593247,0.865518557760126,30,100,optimal,47.43630268280631,29,8,5.375,optimal,38.1825222573784,29,8,5.375,optimal,13.169423530616928,7,3,3.3333333333333335,0.0640270900528647,0.1100835697919678,tie,,-7.105427357601002e-15,0.0,-8.881784197001252e-16,1.0,0,0,0,0,0,4,0.0,0.0,2.7755575615628914e-17,changed,served_and_memory,80.63588291387882,21.56649236402213,26.878627637959607,0.2413793103448276,22,0,-22,-5,0,3,0.0,73.0,5.6149794621844755
published,lhs265,lhs,3649.357067594987,0.0057965491141475185,0.9594347771593247,0.865518557760126,20,100,optimal,39.77317146972036,20,6,4.333333333333333,optimal,33.30479963066754,20,6,4.333333333333333,optimal,13.169423530616928,7,3,3.3333333333333335,0.050276352689897476,0.16049104114873586,tie,,0.0,0.0,0.0,1.0,0,0,0,0,0,4,0.0,0.0,1.850371707708594e-17,changed,served_and_memory,39.19977505037771,13.903361150936185,13.066591683459237,0.35,13,0,-13,-3,0,2,0.0,40.333333333333336,2.3939518576189234
published,lhs265,lhs,3649.357067594987,0.0057965491141475185,0.9594347771593247,0.865518557760126,15,100,optimal,35.68982205704735,15,5,4.0,optimal,30.512548194894386,15,5,4.0,optimal,13.169423530616928,7,3,3.3333333333333335,0.050276352689897476,0.23713737056616555,tie,,0.0,7.105427357601002e-15,0.0,1.0,0,0,0,0,0,2,0.0,0.0,1.9984014443252818e-16,changed,served_and_memory,23.684010628453667,9.820011738263176,7.894670209484556,0.4666666666666667,8,0,-8,-2,0,1,0.0,16.0,0.7568017534231467
published,lhs265,lhs,3649.357067594987,0.0057965491141475185,0.9594347771593247,0.865518557760126,10,100,optimal,27.6801393620731,9,4,4.75,optimal,23.520752402136115,9,4,4.75,optimal,13.169423530616928,7,3,3.3333333333333335,0.08153869645085443,0.16049104114873586,tie,,-3.552713678800501e-15,0.0,-8.881784197001252e-16,1.0,0,0,0,0,0,2,0.0,0.0,-1.1102230246251565e-16,changed,served_and_memory,25.82530409882353,1.8103290432889239,8.608434699607843,0.3333333333333333,5,3,-2,-1,0,1,0.0,36.5,2.397355765866679
published,lhs265,lhs,3649.357067594987,0.0057965491141475185,0.9594347771593247,0.865518557760126,6,100,optimal,18.844616449099618,6,3,3.0,optimal,16.916165848633522,6,3,3.0,optimal,12.44310294612844,4,2,3.0,0.0036869450645195738,0.23713737056616555,identical,,0.0,0.0,0.0,1.0,0,0,0,0,0,0,0.0,0.0,0.0,changed,routing,4.784410377389067,0.5941570322480203,2.3922051886945335,0.42857142857142855,3,1,-2,-1,1,0,0.5,0.0,2.820390513674224
published,lhs266,lhs,159921.11821486786,0.03693853375061559,0.9603711544872141,0.8363845800523064,1000000,100,optimal,146.07496948811033,55,17,8.823529411764707,optimal,122.92153235995785,55,17,8.823529411764707,optimal,29.216188188565702,7,3,3.3333333333333335,0.0221885046944556,0.050276352689897476,tie,,0.0,0.0,0.0,1.0,0,0,0,0,0,8,0.0,0.0,7.18379604169219e-17,changed,served_and_memory,480.96558575800407,104.15839451137737,160.32186191933468,0.12727272727272726,48,0,-48,-14,0,3,0.0,73.33333333333333,6.875877888106969
published,lhs266,lhs,159921.11821486786,0.03693853375061559,0.9603711544872141,0.8363845800523064,40,100,optimal,137.93813444935753,40,17,9.647058823529411,optimal,116.06989307549941,40,15,8.4,optimal,29.216188188565702,7,3,3.3333333333333335,0.009485494822646622,0.0640270900528647,changed,served_and_memory,1.8120021995074893,1.7375110921266241,0.12080014663383262,1.0,0,0,0,-2,0,6,0.0,-0.13333333333333333,0.12062235241238965,changed,served_and_memory,563.4511474513489,96.02155947262457,187.81704915044963,0.175,33,0,-33,-14,0,3,0.0,77.33333333333333,6.848912076311538
published,lhs266,lhs,159921.11821486786,0.03693853375061559,0.9603711544872141,0.8363845800523064,30,100,optimal,118.40880060936809,30,15,8.266666666666667,optimal,99.86736929091055,29,14,8.428571428571429,optimal,29.216188188565702,7,3,3.3333333333333335,0.00013532055307936385,0.03319923187926317,changed,served_and_memory,0.7087112595117162,0.42094059371304127,0.050622232822265446,0.9666666666666667,1,0,-1,-1,0,5,0.0,0.9285714285714286,0.06768089857899032,changed,served_and_memory,432.9231529686752,76.49222563263513,144.30771765622507,0.23333333333333334,23,0,-23,-12,0,3,0.0,69.0,5.984079054005818
published,lhs266,lhs,159921.11821486786,0.03693853375061559,0.9603711544872141,0.8363845800523064,20,100,optimal,97.50495617400593,20,11,9.0,optimal,82.87251928576092,20,11,9.0,optimal,29.216188188565702,7,3,3.3333333333333335,0.03319923187926317,0.0640270900528647,tie,,0.0,0.0,0.0,1.0,0,0,0,0,0,2,0.0,0.0,1.0092936587501423e-17,changed,served_and_memory,314.214510416803,55.58838119727297,104.73817013893434,0.35,13,0,-13,-8,0,2,0.0,48.666666666666664,3.954431759504285
published,lhs266,lhs,159921.11821486786,0.03693853375061559,0.9603711544872141,0.8363845800523064,15,100,optimal,67.14105029293759,15,6,5.666666666666667,optimal,60.36815752581671,15,6,5.666666666666667,optimal,29.216188188565702,7,3,3.3333333333333335,0.0640270900528647,0.08153869645085443,identical,,0.0,0.0,0.0,1.0,0,0,0,0,0,0,0.0,0.0,0.0,changed,served_and_memory,57.742276850807905,25.22447531620464,19.247425616935967,0.2222222222222222,11,3,-8,-3,0,2,0.0,48.0,2.3287746506964258
published,lhs266,lhs,159921.11821486786,0.03693853375061559,0.9603711544872141,0.8363845800523064,10,100,optimal,53.8119119877069,10,5,4.2,optimal,49.067537760483226,10,5,4.2,optimal,29.216188188565702,7,3,3.3333333333333335,0.0005623413251903491,0.08153869645085443,identical,,0.0,0.0,0.0,1.0,0,0,0,0,0,0,0.0,0.0,0.0,changed,routing,30.99388290940369,11.895337010973947,10.331294303134564,0.4166666666666667,5,2,-3,-2,1,1,0.6666666666666666,16.0,4.792994088403041
published,lhs266,lhs,159921.11821486786,0.03693853375061559,0.9603711544872141,0.8363845800523064,6,100,optimal,34.93743419418404,6,3,3.0,optimal,33.00898359371794,6,3,3.0,optimal,23.751510313823793,6,3,3.0,0.0036869450645195738,0.23713737056616555,identical,,0.0,0.0,0.0,1.0,0,0,0,0,0,0,0.0,0.0,0.0,identical,,0.0,0.0,0.0,1.0,0,0,0,0,0,0,0.0,0.0,0.0
published,lhs267,lhs,32631.373039430648,0.0011879452010127153,0.94994150999037,0.5663859591948152,1000000,100,optimal,0.0,0,0,,optimal,0.0,0,0,,optimal,0.0,0,0,,,,identical,,0.0,0.0,0.0,1.0,0,0,0,0,0,0,,,,identical,,0.0,0.0,0.0,1.0,0,0,0,0,0,0,,,
published,lhs267,lhs,32631.373039430648,0.0011879452010127153,0.94994150999037,0.5663859591948152,40,100,optimal,0.0,0,0,,optimal,0.0,0,0,,optimal,0.0,0,0,,,,identical,,0.0,0.0,0.0,1.0,0,0,0,0,0,0,,,,identical,,0.0,0.0,0.0,1.0,0,0,0,0,0,0,,,
published,lhs267,lhs,32631.373039430648,0.0011879452010127153,0.94994150999037,0.5663859591948152,30,100,optimal,0.0,0,0,,optimal,0.0,0,0,,optimal,0.0,0,0,,,,identical,,0.0,0.0,0.0,1.0,0,0,0,0,0,0,,,,identical,,0.0,0.0,0.0,1.0,0,0,0,0,0,0,,,
published,lhs267,lhs,32631.373039430648,0.0011879452010127153,0.94994150999037,0.5663859591948152,20,100,optimal,0.0,0,0,,optimal,0.0,0,0,,optimal,0.0,0,0,,,,identical,,0.0,0.0,0.0,1.0,0,0,0,0,0,0,,,,identical,,0.0,0.0,0.0,1.0,0,0,0,0,0,0,,,
published,lhs267,lhs,32631.373039430648,0.0011879452010127153,0.94994150999037,0.5663859591948152,15,100,optimal,0.0,0,0,,optimal,0.0,0,0,,optimal,0.0,0,0,,,,identical,,0.0,0.0,0.0,1.0,0,0,0,0,0,0,,,,identical,,0.0,0.0,0.0,1.0,0,0,0,0,0,0,,,
published,lhs267,lhs,32631.373039430648,0.0011879452010127153,0.94994150999037,0.5663859591948152,10,100,optimal,0.0,0,0,,optimal,0.0,0,0,,optimal,0.0,0,0,,,,identical,,0.0,0.0,0.0,1.0,0,0,0,0,0,0,,,,identical,,0.0,0.0,0.0,1.0,0,0,0,0,0,0,,,
published,lhs267,lhs,32631.373039430648,0.0011879452010127153,0.94994150999037,0.5663859591948152,6,100,optimal,0.0,0,0,,optimal,0.0,0,0,,optimal,0.0,0,0,,,,identical,,0.0,0.0,0.0,1.0,0,0,0,0,0,0,,,,identical,,0.0,0.0,0.0,1.0,0,0,0,0,0,0,,,
published,lhs268,lhs,172035.3916078655,0.002803113626714275,0.9837735946960983,0.6444033169412267,1000000,100,optimal,28.132901772627612,4,2,3.0,optimal,26.391652375449652,4,2,3.0,optimal,22.325545301904455,4,2,3.0,0.46415888336127825,0.5356805395261334,identical,,0.0,0.0,0.0,1.0,0,0,0,0,0,0,0.0,0.0,0.0,identical,,0.0,0.0,0.0,1.0,0,0,0,0,0,0,0.0,0.0,0.0
published,lhs268,lhs,172035.3916078655,0.002803113626714275,0.9837735946960983,0.6444033169412267,40,100,optimal,28.132901772627612,4,2,3.0,optimal,26.391652375449652,4,2,3.0,optimal,22.325545301904455,4,2,3.0,0.46415888336127825,0.5356805395261334,identical,,0.0,0.0,0.0,1.0,0,0,0,0,0,0,0.0,0.0,0.0,identical,,0.0,0.0,0.0,1.0,0,0,0,0,0,0,0.0,0.0,0.0
published,lhs268,lhs,172035.3916078655,0.002803113626714275,0.9837735946960983,0.6444033169412267,30,100,optimal,28.132901772627612,4,2,3.0,optimal,26.391652375449652,4,2,3.0,optimal,22.325545301904455,4,2,3.0,0.46415888336127825,0.5356805395261334,identical,,0.0,0.0,0.0,1.0,0,0,0,0,0,0,0.0,0.0,0.0,identical,,0.0,0.0,0.0,1.0,0,0,0,0,0,0,0.0,0.0,0.0
published,lhs268,lhs,172035.3916078655,0.002803113626714275,0.9837735946960983,0.6444033169412267,20,100,optimal,28.132901772627612,4,2,3.0,optimal,26.391652375449652,4,2,3.0,optimal,22.325545301904455,4,2,3.0,0.46415888336127825,0.5356805395261334,identical,,0.0,0.0,0.0,1.0,0,0,0,0,0,0,0.0,0.0,0.0,identical,,0.0,0.0,0.0,1.0,0,0,0,0,0,0,0.0,0.0,0.0
published,lhs268,lhs,172035.3916078655,0.002803113626714275,0.9837735946960983,0.6444033169412267,15,100,optimal,28.132901772627612,4,2,3.0,optimal,26.391652375449652,4,2,3.0,optimal,22.325545301904455,4,2,3.0,0.46415888336127825,0.5356805395261334,identical,,0.0,0.0,0.0,1.0,0,0,0,0,0,0,0.0,0.0,0.0,identical,,0.0,0.0,0.0,1.0,0,0,0,0,0,0,0.0,0.0,0.0
published,lhs268,lhs,172035.3916078655,0.002803113626714275,0.9837735946960983,0.6444033169412267,10,100,optimal,28.132901772627612,4,2,3.0,optimal,26.391652375449652,4,2,3.0,optimal,22.325545301904455,4,2,3.0,0.46415888336127825,0.5356805395261334,identical,,0.0,0.0,0.0,1.0,0,0,0,0,0,0,0.0,0.0,0.0,identical,,0.0,0.0,0.0,1.0,0,0,0,0,0,0,0.0,0.0,0.0
published,lhs268,lhs,172035.3916078655,0.002803113626714275,0.9837735946960983,0.6444033169412267,6,100,optimal,28.132901772627612,4,2,3.0,optimal,26.391652375449652,4,2,3.0,optimal,22.325545301904455,4,2,3.0,0.46415888336127825,0.5356805395261334,identical,,0.0,0.0,0.0,1.0,0,0,0,0,0,0,0.0,0.0,0.0,identical,,0.0,0.0,0.0,1.0,0,0,0,0,0,0,0.0,0.0,0.0
published,lhs269,lhs,14916.129413722521,0.06876791478309859,0.9943665967585169,0.9358032759811656,1000000,100,optimal,130.8724135012681,47,17,9.294117647058824,optimal,107.60758901290676,47,17,9.294117647058824,optimal,21.1558213896225,7,3,3.3333333333333335,0.0221885046944556,0.06044547074134525,tie,,-1.4210854715202004e-14,-2.842170943040401e-14,-8.359326303060002e-16,1.0,0,0,0,0,0,8,0.0,0.0,-4.5715065719859385e-17,changed,served_and_memory,505.93794592131087,97.01620532347837,168.6459819737703,0.14893617021276595,40,0,-40,-14,0,3,0.0,69.0,5.984079054005817
published,lhs269,lhs,14916.129413722521,0.06876791478309859,0.9943665967585169,0.9358032759811656,40,100,optimal,129.3177075086514,40,17,9.647058823529411,optimal,105.63746393528578,40,17,9.647058823529411,optimal,21.1558213896225,7,3,3.3333333333333335,0.008576498012880285,0.05789136158694193,tie,,0.0,0.0,0.0,1.0,0,0,0,0,0,4,0.0,0.0,-7.836868409118753e-17,changed,served_and_memory,569.4260371852005,95.46149933086167,189.8086790617335,0.175,33,0,-33,-14,0,3,0.0,69.0,5.984079054005817
published,lhs269,lhs,14916.129413722521,0.06876791478309859,0.9943665967585169,0.9358032759811656,30,100,optimal,107.7219794733452,27,14,9.714285714285714,optimal,88.3778930214591,27,14,9.714285714285714,optimal,21.1558213896225,7,3,3.3333333333333335,0.03134209593995679,0.03319923187926317,tie,,0.0,0.0,0.0,1.0,0,0,0,0,0,2,0.0,0.0,3.9650822308041306e-17,changed,served_and_memory,463.3912168965633,73.86577129555545,154.46373896552112,0.25925925925925924,20,0,-20,-11,0,2,0.0,53.0,5.188364373631345
published,lhs269,lhs,14916.129413722521,0.06876791478309859,0.9943665967585169,0.9358032759811656,20,100,optimal,87.99153135524993,20,11,9.0,optimal,73.35909446700491,20,11,9.0,optimal,21.1558213896225,7,3,3.3333333333333335,0.03319923187926317,0.0640270900528647,tie,,0.0,0.0,0.0,1.0,0,0,0,0,0,2,0.0,0.0,1.0092936587501423e-17,changed,served_and_memory,315.6675684366158,54.13532317746019,105.22252281220527,0.35,13,0,-13,-8,0,2,0.0,48.666666666666664,3.954431759504285
published,lhs269,lhs,14916.129413722521,0.06876791478309859,0.9943665967585169,0.9358032759811656,15,100,optimal,55.068397622046476,15,6,5.666666666666667,optimal,48.29550485492559,15,6,5.666666666666667,optimal,21.1558213896225,7,3,3.3333333333333335,0.0640270900528647,0.10242506457263026,tie,,0.0,7.105427357601002e-15,0.0,1.0,0,0,0,0,0,2,0.0,0.0,0.0,changed,served_and_memory,58.92862622562056,21.21218944425673,19.64287540854019,0.2222222222222222,11,3,-8,-3,0,2,0.0,60.5,3.626024184155007
published,lhs269,lhs,14916.129413722521,0.06876791478309859,0.9943665967585169,0.9358032759811656,10,100,optimal,41.64571701490361,10,5,4.2,optimal,36.90134278767993,10,5,4.2,optimal,21.1558213896225,7,3,3.3333333333333335,0.0005623413251903491,0.15703748946090484,tie,,0.0,7.105427357601002e-15,0.0,1.0,0,0,0,0,0,2,0.0,0.0,-8.881784197001253e-17,changed,routing,33.163540524002954,7.789508837113864,11.054513508000985,0.4166666666666667,5,2,-3,-2,1,1,0.6666666666666666,24.333333333333332,5.742455388990311
published,lhs269,lhs,14916.129413722521,0.06876791478309859,0.9943665967585169,0.9358032759811656,6,100,optimal,26.60479639394884,6,3,3.0,optimal,24.676345793482746,6,3,3.0,optimal,17.613405452403413,4,2,3.0,0.0036869450645195738,0.23713737056616555,identical,,0.0,0.0,0.0,1.0,0,0,0,0,0,0,0.0,0.0,0.0,changed,routing,2.1945329388148185,3.184034470822265,1.0972664694074092,0.42857142857142855,3,1,-2,-1,1,0,0.5,0.0,2.876710776739057
published,lhs270,lhs,158671.48530504602,0.004279717961583505,0.9337863261039757,0.8602481578792196,1000000,100,optimal,60.80590794916872,15,5,4.0,optimal,55.62863408701575,15,5,4.0,optimal,28.502197717990665,7,3,3.3333333333333335,0.050276352689897476,0.16394459283656687,tie,,-7.105427357601002e-15,0.0,-1.4210854715202005e-15,1.0,0,0,0,0,0,2,0.0,0.0,0.0,changed,served_and_memory,11.964528364445208,19.6033234430108,3.988176121481736,0.4666666666666667,8,0,-8,-2,0,1,0.0,24.333333333333332,1.5982371772444528
published,lhs270,lhs,158671.48530504602,0.004279717961583505,0.9337863261039757,0.8602481578792196,40,100,optimal,60.80590794916872,15,5,4.0,optimal,55.62863408701575,15,5,4.0,optimal,28.502197717990665,7,3,3.3333333333333335,0.050276352689897476,0.16394459283656687,tie,,-7.105427357601002e-15,0.0,-1.4210854715202005e-15,1.0,0,0,0,0,0,2,0.0,0.0,0.0,changed,served_and_memory,11.964528364445208,19.6033234430108,3.988176121481736,0.4666666666666667,8,0,-8,-2,0,1,0.0,24.333333333333332,1.5982371772444528
published,lhs270,lhs,158671.48530504602,0.004279717961583505,0.9337863261039757,0.8602481578792196,30,100,optimal,60.80590794916872,15,5,4.0,optimal,55.62863408701575,15,5,4.0,optimal,28.502197717990665,7,3,3.3333333333333335,0.050276352689897476,0.16394459283656687,tie,,-7.105427357601002e-15,0.0,-1.4210854715202005e-15,1.0,0,0,0,0,0,2,0.0,0.0,0.0,changed,served_and_memory,11.964528364445208,19.6033234430108,3.988176121481736,0.4666666666666667,8,0,-8,-2,0,1,0.0,24.333333333333332,1.5982371772444528
published,lhs270,lhs,158671.48530504602,0.004279717961583505,0.9337863261039757,0.8602481578792196,20,100,optimal,60.80590794916872,15,5,4.0,optimal,55.62863408701575,15,5,4.0,optimal,28.502197717990665,7,3,3.3333333333333335,0.050276352689897476,0.16394459283656687,tie,,-7.105427357601002e-15,0.0,-1.4210854715202005e-15,1.0,0,0,0,0,0,2,0.0,0.0,0.0,changed,served_and_memory,11.964528364445208,19.6033234430108,3.988176121481736,0.4666666666666667,8,0,-8,-2,0,1,0.0,24.333333333333332,1.5982371772444528
published,lhs270,lhs,158671.48530504602,0.004279717961583505,0.9337863261039757,0.8602481578792196,15,100,optimal,60.80590794916872,15,5,4.0,optimal,55.62863408701575,15,5,4.0,optimal,28.502197717990665,7,3,3.3333333333333335,0.050276352689897476,0.16394459283656687,tie,,-7.105427357601002e-15,0.0,-1.4210854715202005e-15,1.0,0,0,0,0,0,2,0.0,0.0,0.0,changed,served_and_memory,11.964528364445208,19.6033234430108,3.988176121481736,0.4666666666666667,8,0,-8,-2,0,1,0.0,24.333333333333332,1.5982371772444528
published,lhs270,lhs,158671.48530504602,0.004279717961583505,0.9337863261039757,0.8602481578792196,10,100,optimal,43.96495182626619,10,4,3.5,optimal,40.84751241445909,10,4,3.5,optimal,28.502197717990665,7,3,3.3333333333333335,0.0009954751674202849,0.19708743001353518,tie,,0.0,0.0,0.0,1.0,0,0,0,0,0,2,0.0,0.0,0.0,changed,routing,8.542930169134479,2.762367320108268,2.847643389711493,0.5454545454545454,4,1,-3,-1,1,1,0.3333333333333333,24.333333333333332,3.0361714367367028
published,lhs270,lhs,158671.48530504602,0.004279717961583505,0.9337863261039757,0.8602481578792196,6,100,optimal,34.28619589061443,6,3,3.0,optimal,32.35774529014834,6,3,3.0,optimal,23.100272010254187,6,3,3.0,0.0036869450645195738,0.23713737056616555,identical,,0.0,0.0,0.0,1.0,0,0,0,0,0,0,0.0,0.0,0.0,identical,,0.0,0.0,0.0,1.0,0,0,0,0,0,0,0.0,0.0,0.0
published,lhs271,lhs,4455.535908162456,0.03423607431688007,0.9377792867457555,0.5684021296463716,1000000,100,optimal,27.547527025793467,26,7,4.714285714285714,optimal,21.21869423811195,15,5,4.0,optimal,10.135295756232988,4,2,3.0,0.050276352689897476,0.10375364037838179,changed,served_and_memory,1.5126698017121285,1.1515589255285583,0.3025339603424257,0.5769230769230769,11,0,-11,-2,0,3,0.0,14.6,0.3777937375222514,changed,served_and_memory,72.09880466772066,11.604874798837322,36.04940233386033,0.15384615384615385,22,0,-22,-5,0,2,0.0,60.5,3.626024184155007
published,lhs271,lhs,4455.535908162456,0.03423607431688007,0.9377792867457555,0.5684021296463716,40,100,optimal,27.547527025793467,26,7,4.714285714285714,optimal,21.21869423811195,15,5,4.0,optimal,10.135295756232988,4,2,3.0,0.050276352689897476,0.12532289850754513,changed,served_and_memory,1.5126698017121285,1.1515589255285583,0.3025339603424257,0.5769230769230769,11,0,-11,-2,0,1,0.0,14.6,0.3777937375222512,changed,served_and_memory,71.11225359364911,11.604874798837322,35.55612679682456,0.15384615384615385,22,0,-22,-5,0,2,0.0,73.0,4.888177319886966
published,lhs271,lhs,4455.535908162456,0.03423607431688007,0.9377792867457555,0.5684021296463716,30,100,optimal,27.547527025793464,26,7,4.714285714285714,optimal,21.218694238111954,15,5,4.0,optimal,10.135295756232988,4,2,3.0,0.0640270900528647,0.10375364037838179,changed,served_and_memory,1.512669801712132,1.1515589255285548,0.3025339603424264,0.5769230769230769,11,0,-11,-2,0,1,0.0,14.6,0.3777937375222512,changed,served_and_memory,70.06134566256716,11.604874798837319,35.03067283128358,0.15384615384615385,22,0,-22,-5,0,2,0.0,73.0,4.888177319886966
published,lhs271,lhs,4455.535908162456,0.03423607431688007,0.9377792867457555,0.5684021296463716,20,100,optimal,27.183009482649922,20,6,4.333333333333333,optimal,21.21869423811195,15,5,4.0,optimal,10.135295756232988,4,2,3.0,0.08153869645085443,0.12431716560097561,changed,served_and_memory,0.5040565945148465,0.7870413823850129,0.10081131890296931,0.75,5,0,-5,-1,0,3,0.0,14.6,0.37779373752225104,changed,served_and_memory,45.8285843200363,11.240357255693777,22.91429216001815,0.2,16,0,-16,-4,0,2,0.0,73.0,4.888177319886966
published,lhs271,lhs,4455.535908162456,0.03423607431688007,0.9377792867457555,0.5684021296463716,15,100,optimal,26.39596810026491,15,5,4.0,optimal,21.21869423811195,15,5,4.0,optimal,10.135295756232988,4,2,3.0,0.050276352689897476,0.16394459283656687,identical,,0.0,0.0,0.0,1.0,0,0,0,0,0,0,0.0,0.0,0.0,changed,served_and_memory,28.00756625159133,10.453315873308764,14.003783125795666,0.26666666666666666,11,0,-11,-3,0,1,0.0,36.5,2.397355765866679
published,lhs271,lhs,4455.535908162456,0.03423607431688007,0.9377792867457555,0.5684021296463716,10,100,optimal,21.708397225805367,7,3,3.3333333333333335,optimal,18.9099379118882,7,3,3.3333333333333335,optimal,10.135295756232988,4,2,3.0,0.23713737056616555,0.46415888336127825,identical,,0.0,0.0,0.0,1.0,0,0,0,0,0,0,0.0,0.0,0.0,changed,served_set_only,1.1272853185948701,5.765744998849222,0.5636426592974351,0.5714285714285714,3,0,-3,-1,0,0,0.0,0.0,0.0
published,lhs271,lhs,4455.535908162456,0.03423607431688007,0.9377792867457555,0.5684021296463716,6,100,optimal,15.942652226956145,4,2,3.0,optimal,14.201402829778184,4,2,3.0,optimal,10.135295756232988,4,2,3.0,0.46415888336127825,0.5356805395261334,identical,,0.0,0.0,0.0,1.0,0,0,0,0,0,0,0.0,0.0,0.0,identical,,0.0,0.0,0.0,1.0,0,0,0,0,0,0,0.0,0.0,0.0
published,lhs272,lhs,54882.07073188822,0.033003746521483246,0.9359904026951094,0.5703431918224688,1000000,100,optimal,63.31624617358483,53,11,5.818181818181818,optimal,49.77869870262874,53,11,5.818181818181818,optimal,19.84204481421466,7,3,3.3333333333333335,0.030017743045081,0.0640270900528647,tie,,7.105427357601002e-15,-1.4210854715202004e-14,6.459479416000911e-16,1.0,0,0,0,0,0,2,0.0,0.0,-1.0092936587501423e-17,changed,served_and_memory,167.8820453911943,30.77381457120292,55.96068179706477,0.1320754716981132,46,0,-46,-8,0,3,0.0,64.66666666666667,4.750146439878756
published,lhs272,lhs,54882.07073188822,0.033003746521483246,0.9359904026951094,0.5703431918224688,40,100,optimal,58.95555637240614,39,9,5.333333333333333,optimal,48.30031310727087,39,9,5.333333333333333,optimal,19.84204481421466,7,3,3.3333333333333335,0.05387208250415978,0.09682853110646922,tie,,-7.105427357601002e-15,7.105427357601002e-15,-7.894919286223335e-16,1.0,0,0,0,0,0,4,0.0,0.0,0.0,changed,served_and_memory,104.51371239527293,26.413124770024233,34.83790413175765,0.1794871794871795,32,0,-32,-6,0,3,0.0,64.66666666666667,4.4104326949904875
published,lhs272,lhs,54882.07073188822,0.033003746521483246,0.9359904026951094,0.5703431918224688,30,100,optimal,53.74905313472855,27,8,5.25,optimal,44.925871114924384,26,7,4.714285714285714,optimal,19.84204481421466,7,3,3.3333333333333335,0.06044547074134525,0.08918361377866182,changed,routing,0.3405524710437291,0.981679430410523,0.04865035300624702,0.6060606060606061,7,6,-1,-1,1,5,-0.2857142857142857,6.857142857142857,0.3233920787582429,changed,served_and_memory,88.22810393067031,21.206621532346638,29.409367976890106,0.25925925925925924,20,0,-20,-5,0,3,0.0,56.333333333333336,3.5455996726847676
published,lhs272,lhs,54882.07073188822,0.033003746521483246,0.9359904026951094,0.5703431918224688,20,100,optimal,48.81931804536124,20,6,4.333333333333333,optimal,42.35094620630842,20,6,4.333333333333333,optimal,19.84204481421466,7,3,3.3333333333333335,0.050276352689897476,0.16049104114873586,tie,,-7.105427357601002e-15,0.0,-1.1842378929335002e-15,1.0,0,0,0,0,0,2,0.0,0.0,-1.850371707708594e-17,changed,served_and_memory,36.82624975833457,16.276886442979333,12.275416586111524,0.35,13,0,-13,-3,0,2,0.0,40.333333333333336,2.3939518576189234
published,lhs272,lhs,54882.07073188822,0.033003746521483246,0.9359904026951094,0.5703431918224688,15,100,optimal,44.4368318758427,15,5,4.0,optimal,39.25955801368974,15,5,4.0,optimal,19.84204481421466,7,3,3.3333333333333335,0.050276352689897476,0.16394459283656687,identical,,0.0,0.0,0.0,1.0,0,0,0,0,0,0,0.0,0.0,0.0,changed,served_and_memory,19.673451533995213,11.89440027346079,6.5578171779984045,0.4666666666666667,8,0,-8,-2,0,1,0.0,24.333333333333332,1.5982371772444528
published,lhs272,lhs,54882.07073188822,0.033003746521483246,0.9359904026951094,0.5703431918224688,10,100,optimal,35.09038986807951,10,5,4.2,optimal,30.34601564085584,10,5,4.2,optimal,19.84204481421466,7,3,3.3333333333333335,0.0005623413251903491,0.08153869645085443,identical,,0.0,0.0,0.0,1.0,0,0,0,0,0,0,0.0,0.0,0.0,changed,routing,40.34126165468004,2.547958265697602,13.44708721822668,0.4166666666666667,5,2,-3,-2,1,1,0.6666666666666666,16.0,4.424769973363339
published,lhs272,lhs,54882.07073188822,0.033003746521483246,0.9359904026951094,0.5703431918224688,6,100,optimal,26.20966268524718,6,3,3.0,optimal,24.28121208478109,6,3,3.0,optimal,17.360472671705715,4,2,3.0,0.0036869450645195738,0.23713737056616555,identical,,0.0,0.0,0.0,1.0,0,0,0,0,0,0,0.0,0.0,0.0,changed,routing,2.336733866818779,3.0418335428183063,1.1683669334093896,0.42857142857142855,3,1,-2,-1,1,0,0.5,0.0,2.5195232828848084
published,lhs273,lhs,10269.037517028562,0.004180331469847254,0.9324735160138,0.7340793115146043,1000000,100,optimal,37.51482881800931,15,5,4.0,optimal,32.33755495585635,15,5,4.0,optimal,15.00019927013529,7,3,3.3333333333333335,0.050276352689897476,0.23713737056616555,identical,,0.0,0.0,0.0,1.0,0,0,0,0,0,0,0.0,0.0,0.0,changed,served_and_memory,23.689779607010067,9.814242759706772,7.896593202336689,0.4666666666666667,8,0,-8,-2,0,1,0.0,16.0,0.7568017534231467
published,lhs273,lhs,10269.037517028562,0.004180331469847254,0.9324735160138,0.7340793115146043,40,100,optimal,37.51482881800931,15,5,4.0,optimal,32.33755495585635,15,5,4.0,optimal,15.00019927013529,7,3,3.3333333333333335,0.050276352689897476,0.23713737056616555,identical,,0.0,0.0,0.0,1.0,0,0,0,0,0,0,0.0,0.0,0.0,changed,served_and_memory,23.689779607010067,9.814242759706772,7.896593202336689,0.4666666666666667,8,0,-8,-2,0,1,0.0,16.0,0.7568017534231467
published,lhs273,lhs,10269.037517028562,0.004180331469847254,0.9324735160138,0.7340793115146043,30,100,optimal,37.51482881800931,15,5,4.0,optimal,32.33755495585635,15,5,4.0,optimal,15.00019927013529,7,3,3.3333333333333335,0.050276352689897476,0.23713737056616555,identical,,0.0,0.0,0.0,1.0,0,0,0,0,0,0,0.0,0.0,0.0,changed,served_and_memory,23.689779607010067,9.814242759706772,7.896593202336689,0.4666666666666667,8,0,-8,-2,0,1,0.0,16.0,0.7568017534231467
published,lhs273,lhs,10269.037517028562,0.004180331469847254,0.9324735160138,0.7340793115146043,20,100,optimal,37.51482881800931,15,5,4.0,optimal,32.33755495585635,15,5,4.0,optimal,15.00019927013529,7,3,3.3333333333333335,0.050276352689897476,0.23713737056616555,identical,,0.0,0.0,0.0,1.0,0,0,0,0,0,0,0.0,0.0,0.0,changed,served_and_memory,23.689779607010067,9.814242759706772,7.896593202336689,0.4666666666666667,8,0,-8,-2,0,1,0.0,16.0,0.7568017534231467
published,lhs273,lhs,10269.037517028562,0.004180331469847254,0.9324735160138,0.7340793115146043,15,100,optimal,37.51482881800931,15,5,4.0,optimal,32.33755495585635,15,5,4.0,optimal,15.00019927013529,7,3,3.3333333333333335,0.050276352689897476,0.23713737056616555,identical,,0.0,0.0,0.0,1.0,0,0,0,0,0,0,0.0,0.0,0.0,changed,served_and_memory,23.689779607010067,9.814242759706772,7.896593202336689,0.4666666666666667,8,0,-8,-2,0,1,0.0,16.0,0.7568017534231467
published,lhs273,lhs,10269.037517028562,0.004180331469847254,0.9324735160138,0.7340793115146043,10,100,optimal,27.70058605830254,7,3,3.3333333333333335,optimal,24.90212674438537,7,3,3.3333333333333335,optimal,15.00019927013529,7,3,3.3333333333333335,0.23713737056616555,0.46415888336127825,identical,,0.0,0.0,0.0,1.0,0,0,0,0,0,0,0.0,0.0,0.0,identical,,0.0,0.0,0.0,1.0,0,0,0,0,0,0,0.0,0.0,0.0
published,lhs273,lhs,10269.037517028562,0.004180331469847254,0.9324735160138,0.7340793115146043,6,100,optimal,21.0186275381193,6,3,3.0,optimal,19.090176937653204,6,3,3.0,optimal,13.901518566942627,4,2,3.0,0.0036869450645195738,0.23713737056616555,identical,,0.0,0.0,0.0,1.0,0,0,0,0,0,0,0.0,0.0,0.0,changed,routing,4.068814909183571,1.3097525004535164,2.0344074545917854,0.42857142857142855,3,1,-2,-1,1,0,0.5,0.0,2.701576108842102
published,lhs274,lhs,3098.689185415569,0.001050469707572985,0.9326140759651065,0.5040116636145199,1000000,100,optimal,0.0,0,0,,optimal,0.0,0,0,,optimal,0.0,0,0,,,,identical,,0.0,0.0,0.0,1.0,0,0,0,0,0,0,,,,identical,,0.0,0.0,0.0,1.0,0,0,0,0,0,0,,,
published,lhs274,lhs,3098.689185415569,0.001050469707572985,0.9326140759651065,0.5040116636145199,40,100,optimal,0.0,0,0,,optimal,0.0,0,0,,optimal,0.0,0,0,,,,identical,,0.0,0.0,0.0,1.0,0,0,0,0,0,0,,,,identical,,0.0,0.0,0.0,1.0,0,0,0,0,0,0,,,
published,lhs274,lhs,3098.689185415569,0.001050469707572985,0.9326140759651065,0.5040116636145199,30,100,optimal,0.0,0,0,,optimal,0.0,0,0,,optimal,0.0,0,0,,,,identical,,0.0,0.0,0.0,1.0,0,0,0,0,0,0,,,,identical,,0.0,0.0,0.0,1.0,0,0,0,0,0,0,,,
published,lhs274,lhs,3098.689185415569,0.001050469707572985,0.9326140759651065,0.5040116636145199,20,100,optimal,0.0,0,0,,optimal,0.0,0,0,,optimal,0.0,0,0,,,,identical,,0.0,0.0,0.0,1.0,0,0,0,0,0,0,,,,identical,,0.0,0.0,0.0,1.0,0,0,0,0,0,0,,,
published,lhs274,lhs,3098.689185415569,0.001050469707572985,0.9326140759651065,0.5040116636145199,15,100,optimal,0.0,0,0,,optimal,0.0,0,0,,optimal,0.0,0,0,,,,identical,,0.0,0.0,0.0,1.0,0,0,0,0,0,0,,,,identical,,0.0,0.0,0.0,1.0,0,0,0,0,0,0,,,
published,lhs274,lhs,3098.689185415569,0.001050469707572985,0.9326140759651065,0.5040116636145199,10,100,optimal,0.0,0,0,,optimal,0.0,0,0,,optimal,0.0,0,0,,,,identical,,0.0,0.0,0.0,1.0,0,0,0,0,0,0,,,,identical,,0.0,0.0,0.0,1.0,0,0,0,0,0,0,,,
published,lhs274,lhs,3098.689185415569,0.001050469707572985,0.9326140759651065,0.5040116636145199,6,100,optimal,0.0,0,0,,optimal,0.0,0,0,,optimal,0.0,0,0,,,,identical,,0.0,0.0,0.0,1.0,0,0,0,0,0,0,,,,identical,,0.0,0.0,0.0,1.0,0,0,0,0,0,0,,,
published,lhs275,lhs,3495.9867374552277,0.0023230922975884926,0.985495862536969,0.8397550308096856,1000000,100,optimal,18.450644119048956,4,2,3.0,optimal,16.709394721870993,4,2,3.0,optimal,12.643287648325796,4,2,3.0,0.46415888336127825,0.5356805395261334,identical,,0.0,0.0,0.0,1.0,0,0,0,0,0,0,0.0,0.0,0.0,identical,,0.0,0.0,0.0,1.0,0,0,0,0,0,0,0.0,0.0,0.0
published,lhs275,lhs,3495.9867374552277,0.0023230922975884926,0.985495862536969,0.8397550308096856,40,100,optimal,18.450644119048956,4,2,3.0,optimal,16.709394721870993,4,2,3.0,optimal,12.643287648325796,4,2,3.0,0.46415888336127825,0.5356805395261334,identical,,0.0,0.0,0.0,1.0,0,0,0,0,0,0,0.0,0.0,0.0,identical,,0.0,0.0,0.0,1.0,0,0,0,0,0,0,0.0,0.0,0.0
published,lhs275,lhs,3495.9867374552277,0.0023230922975884926,0.985495862536969,0.8397550308096856,30,100,optimal,18.450644119048956,4,2,3.0,optimal,16.709394721870993,4,2,3.0,optimal,12.643287648325796,4,2,3.0,0.46415888336127825,0.5356805395261334,identical,,0.0,0.0,0.0,1.0,0,0,0,0,0,0,0.0,0.0,0.0,identical,,0.0,0.0,0.0,1.0,0,0,0,0,0,0,0.0,0.0,0.0
published,lhs275,lhs,3495.9867374552277,0.0023230922975884926,0.985495862536969,0.8397550308096856,20,100,optimal,18.450644119048956,4,2,3.0,optimal,16.709394721870993,4,2,3.0,optimal,12.643287648325796,4,2,3.0,0.46415888336127825,0.5356805395261334,identical,,0.0,0.0,0.0,1.0,0,0,0,0,0,0,0.0,0.0,0.0,identical,,0.0,0.0,0.0,1.0,0,0,0,0,0,0,0.0,0.0,0.0
published,lhs275,lhs,3495.9867374552277,0.0023230922975884926,0.985495862536969,0.8397550308096856,15,100,optimal,18.450644119048956,4,2,3.0,optimal,16.709394721870993,4,2,3.0,optimal,12.643287648325796,4,2,3.0,0.46415888336127825,0.5356805395261334,identical,,0.0,0.0,0.0,1.0,0,0,0,0,0,0,0.0,0.0,0.0,identical,,0.0,0.0,0.0,1.0,0,0,0,0,0,0,0.0,0.0,0.0
published,lhs275,lhs,3495.9867374552277,0.0023230922975884926,0.985495862536969,0.8397550308096856,10,100,optimal,18.450644119048956,4,2,3.0,optimal,16.709394721870993,4,2,3.0,optimal,12.643287648325796,4,2,3.0,0.46415888336127825,0.5356805395261334,identical,,0.0,0.0,0.0,1.0,0,0,0,0,0,0,0.0,0.0,0.0,identical,,0.0,0.0,0.0,1.0,0,0,0,0,0,0,0.0,0.0,0.0
published,lhs275,lhs,3495.9867374552277,0.0023230922975884926,0.985495862536969,0.8397550308096856,6,100,optimal,18.450644119048956,4,2,3.0,optimal,16.709394721870993,4,2,3.0,optimal,12.643287648325796,4,2,3.0,0.46415888336127825,0.5356805395261334,identical,,0.0,0.0,0.0,1.0,0,0,0,0,0,0,0.0,0.0,0.0,identical,,0.0,0.0,0.0,1.0,0,0,0,0,0,0,0.0,0.0,0.0
published,lhs276,lhs,92967.2601562557,0.0010205025471798164,0.9316551828888026,0.6895375077867593,1000000,100,optimal,0.0,0,0,,optimal,0.0,0,0,,optimal,0.0,0,0,,,,identical,,0.0,0.0,0.0,1.0,0,0,0,0,0,0,,,,identical,,0.0,0.0,0.0,1.0,0,0,0,0,0,0,,,
published,lhs276,lhs,92967.2601562557,0.0010205025471798164,0.9316551828888026,0.6895375077867593,40,100,optimal,0.0,0,0,,optimal,0.0,0,0,,optimal,0.0,0,0,,,,identical,,0.0,0.0,0.0,1.0,0,0,0,0,0,0,,,,identical,,0.0,0.0,0.0,1.0,0,0,0,0,0,0,,,
published,lhs276,lhs,92967.2601562557,0.0010205025471798164,0.9316551828888026,0.6895375077867593,30,100,optimal,0.0,0,0,,optimal,0.0,0,0,,optimal,0.0,0,0,,,,identical,,0.0,0.0,0.0,1.0,0,0,0,0,0,0,,,,identical,,0.0,0.0,0.0,1.0,0,0,0,0,0,0,,,
published,lhs276,lhs,92967.2601562557,0.0010205025471798164,0.9316551828888026,0.6895375077867593,20,100,optimal,0.0,0,0,,optimal,0.0,0,0,,optimal,0.0,0,0,,,,identical,,0.0,0.0,0.0,1.0,0,0,0,0,0,0,,,,identical,,0.0,0.0,0.0,1.0,0,0,0,0,0,0,,,
published,lhs276,lhs,92967.2601562557,0.0010205025471798164,0.9316551828888026,0.6895375077867593,15,100,optimal,0.0,0,0,,optimal,0.0,0,0,,optimal,0.0,0,0,,,,identical,,0.0,0.0,0.0,1.0,0,0,0,0,0,0,,,,identical,,0.0,0.0,0.0,1.0,0,0,0,0,0,0,,,
published,lhs276,lhs,92967.2601562557,0.0010205025471798164,0.9316551828888026,0.6895375077867593,10,100,optimal,0.0,0,0,,optimal,0.0,0,0,,optimal,0.0,0,0,,,,identical,,0.0,0.0,0.0,1.0,0,0,0,0,0,0,,,,identical,,0.0,0.0,0.0,1.0,0,0,0,0,0,0,,,
published,lhs276,lhs,92967.2601562557,0.0010205025471798164,0.9316551828888026,0.6895375077867593,6,100,optimal,0.0,0,0,,optimal,0.0,0,0,,optimal,0.0,0,0,,,,identical,,0.0,0.0,0.0,1.0,0,0,0,0,0,0,,,,identical,,0.0,0.0,0.0,1.0,0,0,0,0,0,0,,,
published,lhs277,lhs,14040.952937807293,0.04198068745499112,0.9820002437915153,0.7428118739099377,1000000,100,optimal,79.63776312434142,55,14,7.214285714285714,optimal,61.320348960089426,55,14,7.214285714285714,optimal,18.188688342186374,7,3,3.3333333333333335,0.030017743045081,0.05916841616414359,tie,,7.105427357601002e-15,0.0,5.075305255429287e-16,1.0,0,0,0,0,0,2,0.0,0.0,-2.3790493384824782e-17,changed,served_and_memory,303.8823236409892,48.748687993987794,101.29410788032975,0.12727272727272726,48,0,-48,-11,0,3,0.0,69.0,5.984079054005818
published,lhs277,lhs,14040.952937807293,0.04198068745499112,0.9820002437915153,0.7428118739099377,40,100,optimal,77.17974629692586,40,14,7.785714285714286,optimal,58.75094477246495,40,14,7.785714285714286,optimal,18.188688342186374,7,3,3.3333333333333335,0.030017743045081,0.0640270900528647,tie,,7.105427357601002e-15,-1.4210854715202004e-14,5.075305255429287e-16,1.0,0,0,0,0,0,2,0.0,0.0,1.586032892321652e-17,changed,served_and_memory,321.34515141965414,46.29067116657223,107.11505047321805,0.175,33,0,-33,-11,0,3,0.0,77.33333333333333,6.848912076311538
published,lhs277,lhs,14040.952937807293,0.04198068745499112,0.9820002437915153,0.7428118739099377,30,100,optimal,65.69707500189591,30,12,7.833333333333333,optimal,51.79848886191182,30,11,7.181818181818182,optimal,18.188688342186374,7,3,3.3333333333333335,0.03319923187926317,0.0640270900528647,changed,served_and_memory,1.606104783651034,0.02826943167924867,0.14600952578645765,1.0,0,0,0,-1,0,3,0.0,1.1818181818181819,0.08613932546416946,changed,served_and_memory,293.09499435676895,34.807999871542286,97.69833145225631,0.23333333333333334,23,0,-23,-9,0,3,0.0,64.66666666666667,4.750146439878756
published,lhs277,lhs,14040.952937807293,0.04198068745499112,0.9820002437915153,0.7428118739099377,20,100,optimal,54.66212013670088,20,10,8.2,optimal,45.27694278836534,18,7,5.428571428571429,optimal,18.188688342186374,7,3,3.3333333333333335,0.03319923187926317,0.0640270900528647,changed,served_and_memory,3.545330782638885,1.5550746644754412,0.5064758260912693,0.46153846153846156,8,6,-2,-3,0,3,0.0,5.0,0.18911044319552453,changed,served_and_memory,259.6320252722203,23.773045006347253,86.54400842407343,0.35,13,0,-13,-7,0,2,0.0,48.666666666666664,3.954431759504285
published,lhs277,lhs,14040.952937807293,0.04198068745499112,0.9820002437915153,0.7428118739099377,15,100,optimal,43.90843261865891,15,6,5.666666666666667,optimal,38.418222957122936,15,5,4.0,optimal,18.188688342186374,7,3,3.3333333333333335,0.0640270900528647,0.12431716560097561,changed,routing,1.2826831055849084,0.3129357993829984,0.25653662111698167,0.36363636363636365,7,7,0,-1,1,1,-0.75,18.25,0.6293701139236356,changed,served_and_memory,62.592626177182915,13.019357488305282,20.86420872572764,0.2222222222222222,11,3,-8,-3,0,2,0.0,73.0,4.888177319886966
published,lhs277,lhs,14040.952937807293,0.04198068745499112,0.9820002437915153,0.7428118739099377,10,100,optimal,35.08087732803629,10,5,4.2,optimal,30.33650310081261,10,5,4.2,optimal,18.188688342186374,7,3,3.3333333333333335,0.0005623413251903491,0.15703748946090484,identical,,0.0,0.0,0.0,1.0,0,0,0,0,0,0,0.0,0.0,0.0,changed,routing,36.76124716343414,4.191802197682662,12.253749054478048,0.4166666666666667,5,2,-3,-2,1,1,0.6666666666666666,24.333333333333332,5.5203164542479115
published,lhs277,lhs,14040.952937807293,0.04198068745499112,0.9820002437915153,0.7428118739099377,6,100,optimal,24.00866926569931,6,3,3.0,optimal,22.080218665233218,6,3,3.0,optimal,15.883105806063941,4,2,3.0,0.0036869450645195738,0.23713737056616555,identical,,0.0,0.0,0.0,1.0,0,0,0,0,0,0,0.0,0.0,0.0,changed,routing,3.0603604207248765,2.318206988912209,1.5301802103624382,0.42857142857142855,3,1,-2,-1,1,0,0.5,0.0,2.710106575682258
published,lhs278,lhs,85932.89434668153,0.01730878785445042,0.9559472965491285,0.8003173830923991,1000000,100,optimal,117.00834361099132,55,17,8.823529411764707,optimal,96.63914988618919,55,14,7.214285714285714,optimal,25.93117481444007,7,3,3.3333333333333335,0.0221885046944556,0.04279211619645008,changed,served_and_memory,2.7842434033503025,2.051779560550159,0.1988745288107359,1.0,0,0,0,-3,0,3,0.0,2.7857142857142856,0.2030426957369709,changed,served_and_memory,501.2993787386237,78.376782008384,167.09979291287456,0.12727272727272726,48,0,-48,-14,0,3,0.0,77.33333333333333,6.848912076311538
published,lhs278,lhs,85932.89434668153,0.01730878785445042,0.9559472965491285,0.8003173830923991,40,100,optimal,112.28154906151437,40,14,7.785714285714286,optimal,93.85274753705347,40,14,7.785714285714286,optimal,25.93117481444007,7,3,3.3333333333333335,0.030017743045081,0.0640270900528647,identical,,0.0,0.0,0.0,1.0,0,0,0,0,0,0,0.0,0.0,0.0,changed,served_and_memory,296.8117716244546,73.64998745890705,98.93725720815154,0.175,33,0,-33,-11,0,3,0.0,69.0,5.984079054005818
published,lhs278,lhs,85932.89434668153,0.01730878785445042,0.9559472965491285,0.8003173830923991,30,100,optimal,95.30174922129419,29,13,7.769230769230769,optimal,79.5697266351772,30,12,7.833333333333333,optimal,25.93117481444007,7,3,3.3333333333333335,0.00013532055307936385,0.0640270900528647,changed,routing,0.6865393813569511,0.2273316624818591,0.05721161511307926,0.7878787878787878,3,4,1,-1,1,6,-0.25,0.0,0.025482138622939937,changed,served_and_memory,307.4024655333296,56.67018761868687,102.46748851110986,0.2413793103448276,22,0,-22,-10,0,3,0.0,64.66666666666667,4.750146439878756
published,lhs278,lhs,85932.89434668153,0.01730878785445042,0.9559472965491285,0.8003173830923991,20,100,optimal,78.87276250398104,20,10,8.2,optimal,65.9422543730066,20,10,8.2,optimal,25.93117481444007,7,3,3.3333333333333335,0.03319923187926317,0.0640270900528647,tie,,1.4210854715202004e-14,0.0,1.4210854715202005e-15,1.0,0,0,0,0,0,2,0.0,0.0,3.3306690738754695e-17,changed,served_and_memory,241.24137364605951,40.241200901373716,80.41379121535317,0.35,13,0,-13,-7,0,2,0.0,48.666666666666664,3.954431759504285
published,lhs278,lhs,85932.89434668153,0.01730878785445042,0.9559472965491285,0.8003173830923991,15,100,optimal,59.37455833069491,15,6,5.666666666666667,optimal,52.601665563574024,15,6,5.666666666666667,optimal,25.93117481444007,7,3,3.3333333333333335,0.0640270900528647,0.10242506457263026,tie,,0.0,0.0,0.0,1.0,0,0,0,0,0,2,0.0,0.0,9.251858538542972e-17,changed,served_and_memory,59.397818941789694,20.74299672808759,19.799272980596566,0.2222222222222222,11,3,-8,-3,0,2,0.0,60.5,3.626024184155007
published,lhs278,lhs,85932.89434668153,0.01730878785445042,0.9559472965491285,0.8003173830923991,10,100,optimal,47.96192308113797,10,5,4.2,optimal,43.217548853914295,10,5,4.2,optimal,25.93117481444007,7,3,3.3333333333333335,0.0005623413251903491,0.08153869645085443,tie,,0.0,0.0,0.0,1.0,0,0,0,0,0,2,0.0,0.0,1.3322676295501878e-16,changed,routing,33.558858441846986,9.330361478530648,11.18628614728233,0.4166666666666667,5,2,-3,-2,1,1,0.6666666666666666,16.0,4.7505979425617175
published,lhs278,lhs,85932.89434668153,0.01730878785445042,0.9559472965491285,0.8003173830923991,6,100,optimal,31.731989741955722,6,3,3.0,optimal,29.80353914148963,6,3,3.0,optimal,21.0354097842268,4,2,3.0,0.0036869450645195738,0.23713737056616555,identical,,0.0,0.0,0.0,1.0,0,0,0,0,0,0,0.0,0.0,0.0,changed,routing,0.4893439226313241,4.889223487005765,0.24467196131566205,0.42857142857142855,3,1,-2,-1,1,0,0.5,0.0,2.7638942597835925
published,lhs279,lhs,1404.8935116958855,0.06417063036719745,0.9582091154893448,0.8620037838602759,1000000,100,optimal,43.473169184560746,54,12,6.333333333333333,optimal,29.726515814706026,53,11,5.818181818181818,optimal,9.640522796697503,4,2,3.0,0.030017743045081,0.07278289325185956,changed,served_and_memory,1.4229719741066909,0.20910589889862763,0.1293610885551537,0.9814814814814815,1,0,-1,-1,0,4,0.0,0.0,0.0,changed,served_and_memory,229.00380867711428,28.025289917140082,114.50190433855714,0.07407407407407407,50,0,-50,-10,0,2,0.0,73.0,4.888177319886966
published,lhs279,lhs,1404.8935116958855,0.06417063036719745,0.9582091154893448,0.8620037838602759,40,100,optimal,41.784181849361644,40,12,7.0,optimal,28.615821301314238,39,9,5.333333333333333,optimal,9.640522796697503,4,2,3.0,0.03319923187926317,0.07278289325185956,changed,routing,2.112652156122934,2.513117282912141,0.23473912845810377,0.58,11,10,-1,-3,2,2,-0.5555555555555556,2.888888888888889,0.2231205790099024,changed,served_and_memory,231.36321164706237,26.33630258194098,115.68160582353119,0.1,36,0,-36,-10,0,2,0.0,79.5,6.225875571038693
published,lhs279,lhs,1404.8935116958855,0.06417063036719745,0.9582091154893448,0.8620037838602759,30,100,optimal,37.53074364142721,30,9,6.0,optimal,26.756195407672227,29,8,5.375,optimal,9.640522796697503,4,2,3.0,0.05387208250415978,0.08153869645085443,changed,served_and_memory,0.043373574309217844,1.5207678083270864,0.0054216967886522305,0.9666666666666667,1,0,-1,-1,0,5,0.0,3.125,0.11819402699720305,changed,served_and_memory,129.4249084119921,22.082864374006544,64.71245420599605,0.13333333333333333,26,0,-26,-7,0,2,0.0,60.5,3.6260241841550065
published,lhs279,lhs,1404.8935116958855,0.06417063036719745,0.9582091154893448,0.8620037838602759,20,100,optimal,33.28888076165595,18,7,5.428571428571429,optimal,25.458778077795866,18,7,5.428571428571429,optimal,9.640522796697503,4,2,3.0,0.0640270900528647,0.15703748946090484,tie,,3.552713678800501e-15,-7.105427357601002e-15,5.075305255429287e-16,1.0,0,0,0,0,0,4,0.0,0.0,-1.586032892321652e-17,changed,served_and_memory,76.9756407484046,17.84100149423529,38.4878203742023,0.2222222222222222,14,0,-14,-5,0,2,0.0,60.5,3.5909277864283853
published,lhs279,lhs,1404.8935116958855,0.06417063036719745,0.9582091154893448,0.8620037838602759,15,100,optimal,28.62926809614729,15,5,4.0,optimal,23.451994233994327,15,5,4.0,optimal,9.640522796697503,4,2,3.0,0.08153869645085443,0.16394459283656687,tie,,0.0,3.552713678800501e-15,0.0,1.0,0,0,0,0,0,2,0.0,0.0,0.0,changed,served_and_memory,25.178204850280814,13.181388828726625,12.589102425140407,0.26666666666666666,11,0,-11,-3,0,1,0.0,36.5,2.397355765866679
published,lhs279,lhs,1404.8935116958855,0.06417063036719745,0.9582091154893448,0.8620037838602759,10,100,optimal,21.994362864026645,9,4,4.75,optimal,18.856837987312293,7,3,3.3333333333333335,optimal,9.640522796697503,4,2,3.0,0.08153869645085443,0.16049104114873586,changed,served_and_memory,1.0218620832226257,0.3390655627971775,0.3406206944075419,0.3333333333333333,5,3,-2,-1,0,1,0.0,36.5,0.9444843438056277,changed,served_and_memory,30.50252674692217,6.546483596605981,15.251263373461086,0.4444444444444444,5,0,-5,-2,0,1,0.0,36.5,2.397355765866679
published,lhs279,lhs,1404.8935116958855,0.06417063036719745,0.9582091154893448,0.8620037838602759,6,100,optimal,15.447879267420664,4,2,3.0,optimal,13.706629870242699,4,2,3.0,optimal,9.640522796697503,4,2,3.0,0.46415888336127825,0.5356805395261334,identical,,0.0,0.0,0.0,1.0,0,0,0,0,0,0,0.0,0.0,0.0,identical,,0.0,0.0,0.0,1.0,0,0,0,0,0,0,0.0,0.0,0.0
published,lhs280,lhs,1914.0498198764003,0.0011063831202488582,0.9345655875639022,0.6340199327283437,1000000,100,optimal,0.0,0,0,,optimal,0.0,0,0,,optimal,0.0,0,0,,,,identical,,0.0,0.0,0.0,1.0,0,0,0,0,0,0,,,,identical,,0.0,0.0,0.0,1.0,0,0,0,0,0,0,,,
published,lhs280,lhs,1914.0498198764003,0.0011063831202488582,0.9345655875639022,0.6340199327283437,40,100,optimal,0.0,0,0,,optimal,0.0,0,0,,optimal,0.0,0,0,,,,identical,,0.0,0.0,0.0,1.0,0,0,0,0,0,0,,,,identical,,0.0,0.0,0.0,1.0,0,0,0,0,0,0,,,
published,lhs280,lhs,1914.0498198764003,0.0011063831202488582,0.9345655875639022,0.6340199327283437,30,100,optimal,0.0,0,0,,optimal,0.0,0,0,,optimal,0.0,0,0,,,,identical,,0.0,0.0,0.0,1.0,0,0,0,0,0,0,,,,identical,,0.0,0.0,0.0,1.0,0,0,0,0,0,0,,,
published,lhs280,lhs,1914.0498198764003,0.0011063831202488582,0.9345655875639022,0.6340199327283437,20,100,optimal,0.0,0,0,,optimal,0.0,0,0,,optimal,0.0,0,0,,,,identical,,0.0,0.0,0.0,1.0,0,0,0,0,0,0,,,,identical,,0.0,0.0,0.0,1.0,0,0,0,0,0,0,,,
published,lhs280,lhs,1914.0498198764003,0.0011063831202488582,0.9345655875639022,0.6340199327283437,15,100,optimal,0.0,0,0,,optimal,0.0,0,0,,optimal,0.0,0,0,,,,identical,,0.0,0.0,0.0,1.0,0,0,0,0,0,0,,,,identical,,0.0,0.0,0.0,1.0,0,0,0,0,0,0,,,
published,lhs280,lhs,1914.0498198764003,0.0011063831202488582,0.9345655875639022,0.6340199327283437,10,100,optimal,0.0,0,0,,optimal,0.0,0,0,,optimal,0.0,0,0,,,,identical,,0.0,0.0,0.0,1.0,0,0,0,0,0,0,,,,identical,,0.0,0.0,0.0,1.0,0,0,0,0,0,0,,,
published,lhs280,lhs,1914.0498198764003,0.0011063831202488582,0.9345655875639022,0.6340199327283437,6,100,optimal,0.0,0,0,,optimal,0.0,0,0,,optimal,0.0,0,0,,,,identical,,0.0,0.0,0.0,1.0,0,0,0,0,0,0,,,,identical,,0.0,0.0,0.0,1.0,0,0,0,0,0,0,,,
published,lhs281,lhs,123553.35618694674,0.021476288215097752,0.9869011638077855,0.7724992712070791,1000000,100,optimal,141.83494294679957,55,17,8.823529411764707,optimal,118.68150581864711,55,17,8.823529411764707,optimal,28.14666441791495,7,3,3.3333333333333335,0.0221885046944556,0.050276352689897476,tie,,0.0,0.0,0.0,1.0,0,0,0,0,0,6,0.0,0.0,-4.5715065719859385e-17,changed,served_and_memory,484.136088528663,100.98789174071737,161.37869617622098,0.12727272727272726,48,0,-48,-14,0,3,0.0,73.33333333333333,6.875877888106969
published,lhs281,lhs,123553.35618694674,0.021476288215097752,0.9869011638077855,0.7724992712070791,40,100,optimal,136.58197276165137,40,17,9.647058823529411,optimal,112.90172918828577,40,17,9.647058823529411,optimal,28.14666441791495,7,3,3.3333333333333335,0.009485494822646622,0.0640270900528647,tie,,0.0,0.0,0.0,1.0,0,0,0,0,0,2,0.0,0.0,-1.959217102279688e-17,changed,served_and_memory,544.6704476464269,95.73492155556917,181.55681588214227,0.175,33,0,-33,-14,0,3,0.0,85.0,10.127763940907364
published,lhs281,lhs,123553.35618694674,0.021476288215097752,0.9869011638077855,0.7724992712070791,30,100,optimal,114.84801901753355,29,15,9.266666666666667,optimal,96.03982011187355,29,14,8.428571428571429,optimal,28.14666441791495,7,3,3.3333333333333335,0.00015183215780139426,0.03319923187926317,changed,routing,1.4103811144462526,0.6877081809154788,0.10074150817473233,0.7575757575757576,4,4,0,-1,2,3,0.0,0.07692307692307693,0.0729436250290517,changed,served_and_memory,490.07053434083105,74.00096781145135,163.35684478027702,0.2413793103448276,22,0,-22,-12,0,3,0.0,69.0,5.984079054005818
published,lhs281,lhs,123553.35618694674,0.021476288215097752,0.9869011638077855,0.7724992712070791,20,100,optimal,94.84839504586095,20,11,9.0,optimal,80.21595815761593,20,11,9.0,optimal,28.14666441791495,7,3,3.3333333333333335,0.03319923187926317,0.0640270900528647,tie,,1.4210854715202004e-14,1.4210854715202004e-14,1.2918958832001822e-15,1.0,0,0,0,0,0,2,0.0,0.0,0.0,changed,served_and_memory,313.1267277450289,54.001343839778755,104.37557591500963,0.35,13,0,-13,-8,0,2,0.0,48.666666666666664,3.954431759504285
published,lhs281,lhs,123553.35618694674,0.021476288215097752,0.9869011638077855,0.7724992712070791,15,100,optimal,64.84703608229312,15,6,5.666666666666667,optimal,58.07414331517223,15,6,5.666666666666667,optimal,28.14666441791495,7,3,3.3333333333333335,0.0640270900528647,0.10242506457263026,tie,,7.105427357601002e-15,0.0,1.1842378929335002e-15,1.0,0,0,0,0,0,4,0.0,0.0,1.4802973661668753e-16,changed,served_and_memory,56.14083079366637,23.999984876210917,18.713610264555456,0.2222222222222222,11,3,-8,-3,0,2,0.0,60.5,3.6260241841550065
published,lhs281,lhs,123553.35618694674,0.021476288215097752,0.9869011638077855,0.7724992712070791,10,100,optimal,51.99521071038238,10,5,4.2,optimal,47.25083648315871,10,5,4.2,optimal,28.14666441791495,7,3,3.3333333333333335,0.0005623413251903491,0.15703748946090484,tie,,0.0,0.0,0.0,1.0,0,0,0,0,0,2,0.0,0.0,6.661338147750939e-17,changed,routing,27.284542972845006,11.148159504300182,9.094847657615002,0.4166666666666667,5,2,-3,-2,1,1,0.6666666666666666,24.333333333333332,5.558007584173672
published,lhs281,lhs,123553.35618694674,0.021476288215097752,0.9869011638077855,0.7724992712070791,6,100,optimal,33.8948465201494,6,3,3.0,optimal,31.966395919683308,6,3,3.0,optimal,22.708922639789154,6,3,3.0,0.0036869450645195738,0.23713737056616555,identical,,0.0,0.0,0.0,1.0,0,0,0,0,0,0,0.0,0.0,0.0,identical,,0.0,0.0,0.0,1.0,0,0,0,0,0,0,0.0,0.0,0.0
published,lhs282,lhs,36041.967777070495,0.004967659553328435,0.9389323838274977,0.7093372698676061,1000000,100,optimal,51.79625573914177,20,6,4.333333333333333,optimal,45.32788390008895,20,6,4.333333333333333,optimal,20.336671347337315,7,3,3.3333333333333335,0.0640270900528647,0.13038656197151804,identical,,0.0,0.0,0.0,1.0,0,0,0,0,0,0,0.0,0.0,0.0,changed,served_and_memory,34.24265015178404,18.759197603637205,11.414216717261347,0.35,13,0,-13,-3,0,2,0.0,40.333333333333336,2.3939518576189234
published,lhs282,lhs,36041.967777070495,0.004967659553328435,0.9389323838274977,0.7093372698676061,40,100,optimal,51.79625573914177,20,6,4.333333333333333,optimal,45.32788390008895,20,6,4.333333333333333,optimal,20.336671347337315,7,3,3.3333333333333335,0.0640270900528647,0.13038656197151804,identical,,0.0,0.0,0.0,1.0,0,0,0,0,0,0,0.0,0.0,0.0,changed,served_and_memory,34.24265015178404,18.759197603637205,11.414216717261347,0.35,13,0,-13,-3,0,2,0.0,40.333333333333336,2.3939518576189234
published,lhs282,lhs,36041.967777070495,0.004967659553328435,0.9389323838274977,0.7093372698676061,30,100,optimal,51.79625573914177,20,6,4.333333333333333,optimal,45.32788390008895,20,6,4.333333333333333,optimal,20.336671347337315,7,3,3.3333333333333335,0.0640270900528647,0.13038656197151804,identical,,0.0,0.0,0.0,1.0,0,0,0,0,0,0,0.0,0.0,0.0,changed,served_and_memory,34.24265015178404,18.759197603637205,11.414216717261347,0.35,13,0,-13,-3,0,2,0.0,40.333333333333336,2.3939518576189234
published,lhs282,lhs,36041.967777070495,0.004967659553328435,0.9389323838274977,0.7093372698676061,20,100,optimal,51.79625573914177,20,6,4.333333333333333,optimal,45.32788390008895,20,6,4.333333333333333,optimal,20.336671347337315,7,3,3.3333333333333335,0.0640270900528647,0.13038656197151804,identical,,0.0,0.0,0.0,1.0,0,0,0,0,0,0,0.0,0.0,0.0,changed,served_and_memory,34.24265015178404,18.759197603637205,11.414216717261347,0.35,13,0,-13,-3,0,2,0.0,40.333333333333336,2.3939518576189234
published,lhs282,lhs,36041.967777070495,0.004967659553328435,0.9389323838274977,0.7093372698676061,15,100,optimal,46.36262687717756,15,5,4.0,optimal,41.185353015024596,15,5,4.0,optimal,20.336671347337315,7,3,3.3333333333333335,0.050276352689897476,0.16394459283656687,identical,,0.0,0.0,0.0,1.0,0,0,0,0,0,0,0.0,0.0,0.0,changed,served_and_memory,18.242283065783013,13.325568741672996,6.080761021927671,0.4666666666666667,8,0,-8,-2,0,1,0.0,24.333333333333332,1.5982371772444528
published,lhs282,lhs,36041.967777070495,0.004967659553328435,0.9389323838274977,0.7093372698676061,10,100,optimal,33.037058135504566,7,3,3.3333333333333335,optimal,30.238598821587395,7,3,3.3333333333333335,optimal,20.336671347337315,7,3,3.3333333333333335,0.23713737056616555,0.46415888336127825,identical,,0.0,0.0,0.0,1.0,0,0,0,0,0,0,0.0,0.0,0.0,identical,,0.0,0.0,0.0,1.0,0,0,0,0,0,0,0.0,0.0,0.0
published,lhs282,lhs,36041.967777070495,0.004967659553328435,0.9389323838274977,0.7093372698676061,6,100,optimal,26.377459163028398,6,3,3.0,optimal,24.449008562562305,6,3,3.0,optimal,17.471039245966466,4,2,3.0,0.0036869450645195738,0.23713737056616555,identical,,0.0,0.0,0.0,1.0,0,0,0,0,0,0,0.0,0.0,0.0,changed,routing,2.2795039632983105,3.099063446338775,1.1397519816491553,0.42857142857142855,3,1,-2,-1,1,0,0.5,0.0,2.676844012853034
published,lhs283,lhs,1695.2244320079794,0.04812100440113189,0.9502119372740979,0.6303157805257793,1000000,100,optimal,23.390572517708726,26,7,4.714285714285714,optimal,17.45172703051296,15,5,4.0,optimal,8.211486799545412,4,2,3.0,0.050276352689897476,0.12331143269440609,changed,served_and_memory,1.9026571021978835,0.7615716250428051,0.3805314204395767,0.5769230769230769,11,0,-11,-2,0,3,0.0,14.6,0.3777937375222513,changed,served_and_memory,75.2815697043071,9.371729247440152,37.64078485215355,0.15384615384615385,22,0,-22,-5,0,2,0.0,60.5,3.626024184155007
published,lhs283,lhs,1695.2244320079794,0.04812100440113189,0.9502119372740979,0.6303157805257793,40,100,optimal,23.390572517708726,26,7,4.714285714285714,optimal,17.45172703051296,15,5,4.0,optimal,8.211486799545412,4,2,3.0,0.050276352689897476,0.12331143269440609,changed,served_and_memory,1.9026571021978835,0.7615716250428051,0.3805314204395767,0.5769230769230769,11,0,-11,-2,0,3,0.0,14.6,0.3777937375222513,changed,served_and_memory,75.2815697043071,9.371729247440152,37.64078485215355,0.15384615384615385,22,0,-22,-5,0,2,0.0,60.5,3.626024184155007
published,lhs283,lhs,1695.2244320079794,0.04812100440113189,0.9502119372740979,0.6303157805257793,30,100,optimal,23.390572517708726,26,7,4.714285714285714,optimal,17.45172703051296,15,5,4.0,optimal,8.211486799545412,4,2,3.0,0.05387208250415978,0.12331143269440609,changed,served_and_memory,1.9026571021978818,0.7615716250428015,0.38053142043957633,0.5769230769230769,11,0,-11,-2,0,1,0.0,14.6,0.3777937375222512,changed,served_and_memory,73.24411069915362,9.371729247440152,36.62205534957681,0.15384615384615385,22,0,-22,-5,0,2,0.0,73.0,4.888177319886966
published,lhs283,lhs,1695.2244320079794,0.04812100440113189,0.9502119372740979,0.6303157805257793,20,100,optimal,23.0990776939872,20,6,4.333333333333333,optimal,17.45172703051296,15,5,4.0,optimal,8.211486799545412,4,2,3.0,0.0640270900528647,0.13038656197151804,changed,served_and_memory,0.8210211755785828,0.4700768013212766,0.16420423511571655,0.75,5,0,-5,-1,0,1,0.0,9.6,0.18868329432672648,changed,served_and_memory,50.8146436491467,9.080234423718627,25.40732182457335,0.2,16,0,-16,-4,0,2,0.0,60.5,3.5909277864283853
published,lhs283,lhs,1695.2244320079794,0.04812100440113189,0.9502119372740979,0.6303157805257793,15,100,optimal,22.62900089266592,15,5,4.0,optimal,17.45172703051296,15,5,4.0,optimal,8.211486799545412,4,2,3.0,0.050276352689897476,0.23713737056616555,tie,,0.0,0.0,0.0,1.0,0,0,0,0,0,2,0.0,0.0,1.3322676295501878e-16,changed,served_and_memory,31.786895061763573,8.610157622397347,15.893447530881787,0.26666666666666666,11,0,-11,-3,0,1,0.0,24.0,1.13520263013472
published,lhs283,lhs,1695.2244320079794,0.04812100440113189,0.9502119372740979,0.6303157805257793,10,100,optimal,19.02765056680174,7,3,3.3333333333333335,optimal,16.22919125288457,7,3,3.3333333333333335,optimal,8.211486799545412,4,2,3.0,0.23713737056616555,0.46415888336127825,identical,,0.0,0.0,0.0,1.0,0,0,0,0,0,0,0.0,0.0,0.0,changed,served_set_only,1.8842230209109232,5.008807296533165,0.9421115104554616,0.5714285714285714,3,0,-3,-1,0,0,0.0,0.0,0.0
published,lhs283,lhs,1695.2244320079794,0.04812100440113189,0.9502119372740979,0.6303157805257793,6,100,optimal,14.018843270268574,4,2,3.0,optimal,12.27759387309061,4,2,3.0,optimal,8.211486799545412,4,2,3.0,0.46415888336127825,0.5356805395261334,identical,,0.0,0.0,0.0,1.0,0,0,0,0,0,0,0.0,0.0,0.0,identical,,0.0,0.0,0.0,1.0,0,0,0,0,0,0,0.0,0.0,0.0
published,lhs284,lhs,1208.0741955212306,0.013627853676804462,0.9331945144342092,0.662163522746859,1000000,100,optimal,19.906817884863205,15,5,4.0,optimal,14.729544022710243,15,5,4.0,optimal,7.147855735193073,4,2,3.0,0.08153869645085443,0.16394459283656687,tie,,-1.7763568394002505e-15,0.0,-3.552713678800501e-16,1.0,0,0,0,0,0,2,0.0,0.0,-1.3322676295501878e-16,changed,served_and_memory,31.407988000060463,6.951605678946972,15.703994000030232,0.26666666666666666,11,0,-11,-3,0,1,0.0,36.5,2.397355765866679
published,lhs284,lhs,1208.0741955212306,0.013627853676804462,0.9331945144342092,0.662163522746859,40,100,optimal,19.906817884863205,15,5,4.0,optimal,14.729544022710243,15,5,4.0,optimal,7.147855735193073,4,2,3.0,0.050276352689897476,0.23713737056616555,identical,,0.0,0.0,0.0,1.0,0,0,0,0,0,0,0.0,0.0,0.0,changed,served_and_memory,33.44544700521396,6.951605678946972,16.72272350260698,0.26666666666666666,11,0,-11,-3,0,1,0.0,24.0,1.13520263013472
published,lhs284,lhs,1208.0741955212306,0.013627853676804462,0.9331945144342092,0.662163522746859,30,100,optimal,19.906817884863205,15,5,4.0,optimal,14.729544022710243,15,5,4.0,optimal,7.147855735193073,4,2,3.0,0.050276352689897476,0.23713737056616555,identical,,0.0,0.0,0.0,1.0,0,0,0,0,0,0,0.0,0.0,0.0,changed,served_and_memory,33.44544700521396,6.951605678946972,16.72272350260698,0.26666666666666666,11,0,-11,-3,0,1,0.0,24.0,1.13520263013472
published,lhs284,lhs,1208.0741955212306,0.013627853676804462,0.9331945144342092,0.662163522746859,20,100,optimal,19.906817884863205,15,5,4.0,optimal,14.729544022710243,15,5,4.0,optimal,7.147855735193073,4,2,3.0,0.050276352689897476,0.16394459283656687,tie,,0.0,0.0,0.0,1.0,0,0,0,0,0,2,0.0,0.0,-1.3322676295501878e-16,changed,served_and_memory,31.509276445953123,6.951605678946972,15.754638222976562,0.26666666666666666,11,0,-11,-3,0,1,0.0,36.5,2.397355765866679
published,lhs284,lhs,1208.0741955212306,0.013627853676804462,0.9331945144342092,0.662163522746859,15,100,optimal,19.906817884863205,15,5,4.0,optimal,14.729544022710243,15,5,4.0,optimal,7.147855735193073,4,2,3.0,0.050276352689897476,0.16394459283656687,tie,,0.0,0.0,0.0,1.0,0,0,0,0,0,2,0.0,0.0,-1.3322676295501878e-16,changed,served_and_memory,31.509276445953123,6.951605678946972,15.754638222976562,0.26666666666666666,11,0,-11,-3,0,1,0.0,36.5,2.397355765866679
published,lhs284,lhs,1208.0741955212306,0.013627853676804462,0.9331945144342092,0.662163522746859,10,100,optimal,17.424992838753354,7,3,3.3333333333333335,optimal,14.62653352483618,7,3,3.3333333333333335,optimal,7.147855735193073,4,2,3.0,0.23713737056616555,0.46415888336127825,identical,,0.0,0.0,0.0,1.0,0,0,0,0,0,0,0.0,0.0,0.0,changed,served_set_only,2.4232496846069695,4.4697806328371215,1.2116248423034848,0.5714285714285714,3,0,-3,-1,0,0,0.0,0.0,0.0
published,lhs284,lhs,1208.0741955212306,0.013627853676804462,0.9331945144342092,0.662163522746859,6,100,optimal,12.955212205916233,4,2,3.0,optimal,11.21396280873827,4,2,3.0,optimal,7.147855735193073,4,2,3.0,0.46415888336127825,0.5356805395261334,identical,,0.0,0.0,0.0,1.0,0,0,0,0,0,0,0.0,0.0,0.0,identical,,0.0,0.0,0.0,1.0,0,0,0,0,0,0,0.0,0.0,0.0
published,lhs285,lhs,16420.273208223374,0.021845176452741453,0.9450826807173883,0.6544998609672054,1000000,100,optimal,57.61491455526968,53,11,5.818181818181818,optimal,44.077367084313586,53,11,5.818181818181818,optimal,16.350157233351926,7,3,3.3333333333333335,0.030017743045081,0.08153869645085443,tie,,-7.105427357601002e-15,0.0,-6.459479416000911e-16,1.0,0,0,0,0,0,6,0.0,0.0,7.065055611250996e-17,changed,served_and_memory,166.31593344632213,28.564370533750505,55.43864448210738,0.1320754716981132,46,0,-46,-8,0,3,0.0,73.0,5.6149794621844755
published,lhs285,lhs,16420.273208223374,0.021845176452741453,0.9450826807173883,0.6544998609672054,40,100,optimal,53.19639348839232,40,10,5.9,optimal,42.43986526499269,39,9,5.333333333333333,optimal,16.350157233351926,7,3,3.3333333333333335,0.05387208250415978,0.07278289325185956,changed,served_and_memory,1.4628564243719282,0.10128495826436534,0.16253960270799203,0.975,1,0,-1,-1,0,2,0.0,0.0,-3.700743415417188e-17,changed,served_and_memory,147.50030263960605,24.145849466873145,49.16676754653535,0.175,33,0,-33,-7,0,3,0.0,64.66666666666667,4.750146439878756
published,lhs285,lhs,16420.273208223374,0.021845176452741453,0.9450826807173883,0.6544998609672054,30,100,optimal,48.555657143684975,28,9,5.888888888888889,optimal,39.29063769457271,27,8,5.25,optimal,16.350157233351926,7,3,3.3333333333333335,0.050276352689897476,0.11641349920555381,changed,served_and_memory,1.4628564243719282,0.10128495826437245,0.18285705304649102,0.9642857142857143,1,0,-1,-1,0,1,0.0,3.125,0.11819402699720294,changed,served_and_memory,121.48471906800181,19.505113122165803,40.494906356000605,0.25,21,0,-21,-6,0,3,0.0,73.0,5.6149794621844755
published,lhs285,lhs,16420.273208223374,0.021845176452741453,0.9450826807173883,0.6544998609672054,20,100,optimal,43.635382262827015,18,7,5.428571428571429,optimal,36.8528984842447,20,6,4.333333333333333,optimal,16.350157233351926,7,3,3.3333333333333335,0.0640270900528647,0.12532289850754513,changed,routing,1.0476189052777798,0.31411193952949645,0.17460315087962996,0.7272727272727273,2,4,2,-1,1,1,-0.5,4.166666666666667,0.3536459930204674,changed,served_and_memory,67.92017574162445,14.584838241307843,22.64005858054148,0.3888888888888889,11,0,-11,-4,0,2,0.0,48.666666666666664,3.2587848799246437
published,lhs285,lhs,16420.273208223374,0.021845176452741453,0.9450826807173883,0.6544998609672054,15,100,optimal,39.43481461899054,15,5,4.0,optimal,34.257540756837585,15,5,4.0,optimal,16.350157233351926,7,3,3.3333333333333335,0.050276352689897476,0.16394459283656687,identical,,0.0,0.0,0.0,1.0,0,0,0,0,0,0,0.0,0.0,0.0,changed,served_and_memory,21.183581209984634,10.384270597471371,7.0611937366615445,0.4666666666666667,8,0,-8,-2,0,1,0.0,24.333333333333332,1.5982371772444528
published,lhs285,lhs,16420.273208223374,0.021845176452741453,0.9450826807173883,0.6544998609672054,10,100,optimal,30.446714955460642,10,5,4.2,optimal,26.25208470760201,7,3,3.3333333333333335,optimal,16.350157233351926,7,3,3.3333333333333335,0.0005623413251903491,0.08153869645085443,changed,routing,0.54974397936504,1.3961709339414696,0.18324799312168003,0.4166666666666667,5,2,-3,-2,1,1,0.6666666666666666,16.0,2.6560615509649717,changed,routing,41.49304898643617,1.3961709339414696,13.831016328812057,0.4166666666666667,5,2,-3,-2,1,1,0.6666666666666666,16.0,4.5571450361906285
published,lhs285,lhs,16420.273208223374,0.021845176452741453,0.9450826807173883,0.6544998609672054,6,100,optimal,22.482343249527382,6,3,3.0,optimal,20.553892649061286,6,3,3.0,optimal,14.87198178387331,4,2,3.0,0.0036869450645195738,0.23713737056616555,identical,,0.0,0.0,0.0,1.0,0,0,0,0,0,0,0.0,0.0,0.0,changed,routing,3.5755624147061713,1.8030049949309124,1.7877812073530857,0.42857142857142855,3,1,-2,-1,1,0,0.5,0.0,2.6188045800052753
published,lhs286,lhs,12475.701859258932,0.0633485149716295,0.9468109636089139,0.9481302671157792,1000000,100,optimal,91.67046863759927,55,14,7.214285714285714,optimal,73.35305447334727,55,14,7.214285714285714,optimal,18.966854047260277,7,3,3.3333333333333335,0.030017743045081,0.05916841616414359,tie,,0.0,0.0,0.0,1.0,0,0,0,0,0,2,0.0,0.0,1.586032892321652e-17,changed,served_and_memory,292.62778383280533,60.00322780217174,97.54259461093511,0.12727272727272726,48,0,-48,-11,0,3,0.0,69.0,5.984079054005818
published,lhs286,lhs,12475.701859258932,0.0633485149716295,0.9468109636089139,0.9481302671157792,40,100,optimal,90.2852498186936,40,14,7.785714285714286,optimal,71.85644829423269,40,14,7.785714285714286,optimal,18.966854047260277,7,3,3.3333333333333335,0.030017743045081,0.0640270900528647,tie,,0.0,0.0,0.0,1.0,0,0,0,0,0,2,0.0,0.0,-2.3790493384824782e-17,changed,served_and_memory,306.42515215783214,58.61800898326607,102.14171738594405,0.175,33,0,-33,-11,0,3,0.0,77.33333333333333,6.848912076311538
published,lhs286,lhs,12475.701859258932,0.0633485149716295,0.9468109636089139,0.9481302671157792,30,100,optimal,74.75907358642279,30,11,7.181818181818182,optimal,60.88875687811794,30,11,7.181818181818182,optimal,18.966854047260277,7,3,3.3333333333333335,0.03319923187926317,0.0640270900528647,identical,,0.0,0.0,0.0,1.0,0,0,0,0,0,0,0.0,0.0,0.0,changed,served_and_memory,209.50836435818655,43.09183275099526,69.83612145272885,0.23333333333333334,23,0,-23,-8,0,3,0.0,64.66666666666667,4.750146439878756
published,lhs286,lhs,12475.701859258932,0.0633485149716295,0.9468109636089139,0.9481302671157792,20,100,optimal,62.165842791981895,20,9,7.444444444444445,optimal,50.869708876337725,20,9,7.444444444444445,optimal,18.966854047260277,7,3,3.3333333333333335,0.03319923187926317,0.0640270900528647,identical,,0.0,0.0,0.0,1.0,0,0,0,0,0,0,0.0,0.0,0.0,changed,served_and_memory,176.7081521070319,30.498601956554367,58.90271736901064,0.35,13,0,-13,-6,0,2,0.0,48.666666666666664,3.954431759504285
published,lhs286,lhs,12475.701859258932,0.0633485149716295,0.9468109636089139,0.9481302671157792,15,100,optimal,48.139947970098866,15,6,5.666666666666667,optimal,41.36705520297798,15,6,5.666666666666667,optimal,18.966854047260277,7,3,3.3333333333333335,0.0640270900528647,0.11928809295587964,tie,,0.0,-7.105427357601002e-15,0.0,1.0,0,0,0,0,0,2,0.0,0.0,-5.551115123125783e-17,changed,served_and_memory,62.037527589108755,16.47270713467134,20.679175863036253,0.2222222222222222,11,3,-8,-3,0,2,0.0,60.5,3.5909277864283853
published,lhs286,lhs,12475.701859258932,0.0633485149716295,0.9468109636089139,0.9481302671157792,10,100,optimal,37.17616314565176,10,5,4.2,optimal,32.43178891842808,10,5,4.2,optimal,18.966854047260277,7,3,3.3333333333333335,0.0005623413251903491,0.15703748946090484,identical,,0.0,0.0,0.0,1.0,0,0,0,0,0,0,0.0,0.0,0.0,changed,routing,35.444127050892575,5.508922310224236,11.814709016964192,0.4166666666666667,5,2,-3,-2,1,1,0.6666666666666666,24.333333333333332,5.75504206283324
published,lhs286,lhs,12475.701859258932,0.0633485149716295,0.9468109636089139,0.9481302671157792,6,100,optimal,24.557597080353965,6,3,3.0,optimal,22.62914647988787,6,3,3.0,optimal,16.25492131973016,4,2,3.0,0.0036869450645195738,0.23713737056616555,identical,,0.0,0.0,0.0,1.0,0,0,0,0,0,0,0.0,0.0,0.0,changed,routing,2.8832481197364412,2.495319289900646,1.4416240598682206,0.42857142857142855,3,1,-2,-1,1,0,0.5,0.0,2.8861507821212546
published,lhs287,lhs,43730.02892779843,0.03498867935209573,0.9475881113555731,0.9405130307307279,1000000,100,optimal,116.56071690494976,55,14,7.214285714285714,optimal,98.24330274069776,55,14,7.214285714285714,optimal,24.34201347548908,7,3,3.3333333333333335,0.030017743045081,0.05916841616414359,tie,,0.0,0.0,0.0,1.0,0,0,0,0,0,2,0.0,0.0,-2.3790493384824782e-17,changed,served_and_memory,273.1126949936836,79.51831664129342,91.03756499789453,0.12727272727272726,48,0,-48,-11,0,3,0.0,69.0,5.984079054005818
published,lhs287,lhs,43730.02892779843,0.03498867935209573,0.9475881113555731,0.9405130307307279,40,100,optimal,115.15127260776428,40,14,7.785714285714286,optimal,96.72247108330335,40,14,7.785714285714286,optimal,24.34201347548908,7,3,3.3333333333333335,0.030017743045081,0.0640270900528647,identical,,0.0,0.0,0.0,1.0,0,0,0,0,0,0,0.0,0.0,0.0,changed,served_and_memory,292.35288673925373,78.10887234410795,97.45096224641792,0.175,33,0,-33,-11,0,3,0.0,69.0,5.984079054005818
published,lhs287,lhs,43730.02892779843,0.03498867935209573,0.9475881113555731,0.9405130307307279,30,100,optimal,94.71080597752949,29,12,7.166666666666667,optimal,80.46991968093393,30,11,7.181818181818182,optimal,24.34201347548908,7,3,3.3333333333333335,0.00013532055307936385,0.0640270900528647,changed,routing,0.5433014555481037,0.37056958829072073,0.049391041413463975,0.7878787878787878,3,4,1,-1,1,2,-0.2727272727272727,0.0,-0.03571285433322239,changed,served_and_memory,224.7873332808985,57.668405713873156,74.92911109363284,0.2413793103448276,22,0,-22,-9,0,3,0.0,73.0,5.6149794621844755
published,lhs287,lhs,43730.02892779843,0.03498867935209573,0.9475881113555731,0.9405130307307279,20,100,optimal,78.200385641883,20,9,7.444444444444445,optimal,66.90425172623881,20,9,7.444444444444445,optimal,24.34201347548908,7,3,3.3333333333333335,0.03319923187926317,0.0640270900528647,identical,,0.0,0.0,0.0,1.0,0,0,0,0,0,0,0.0,0.0,0.0,changed,served_and_memory,166.04876868535962,41.15798537822667,55.34958956178654,0.35,13,0,-13,-6,0,2,0.0,48.666666666666664,3.954431759504285
published,lhs287,lhs,43730.02892779843,0.03498867935209573,0.9475881113555731,0.9405130307307279,15,100,optimal,58.795566020451886,15,6,5.666666666666667,optimal,52.02267325333099,15,6,5.666666666666667,optimal,24.34201347548908,7,3,3.3333333333333335,0.0640270900528647,0.12431716560097561,tie,,0.0,7.105427357601002e-15,0.0,1.0,0,0,0,0,0,2,0.0,0.0,-1.850371707708594e-17,changed,served_and_memory,51.33847102472103,21.753165756795553,17.11282367490701,0.2222222222222222,11,3,-8,-3,0,2,0.0,73.0,4.888177319886966
published,lhs287,lhs,43730.02892779843,0.03498867935209573,0.9475881113555731,0.9405130307307279,10,100,optimal,46.10666071210351,10,5,4.2,optimal,41.36228648487984,10,5,4.2,optimal,24.34201347548908,7,3,3.3333333333333335,0.0005623413251903491,0.15703748946090484,identical,,0.0,0.0,0.0,1.0,0,0,0,0,0,0,0.0,0.0,0.0,changed,routing,31.888788912669625,9.064260448447179,10.629596304223208,0.4166666666666667,5,2,-3,-2,1,1,0.6666666666666666,24.333333333333332,5.747283824414296
published,lhs287,lhs,43730.02892779843,0.03498867935209573,0.9475881113555731,0.9405130307307279,6,100,optimal,29.94138373871992,6,3,3.0,optimal,28.012933138253825,6,3,3.0,optimal,19.843870658671378,4,2,3.0,0.0036869450645195738,0.23713737056616555,identical,,0.0,0.0,0.0,1.0,0,0,0,0,0,0,0.0,0.0,0.0,changed,routing,1.0884108003116992,4.290156609325386,0.5442054001558496,0.42857142857142855,3,1,-2,-1,1,0,0.5,0.0,2.8803321033070466
published,lhs288,lhs,1569.0151064458937,0.03868963555198988,0.961799430974308,0.8326151113743133,1000000,100,optimal,43.32476657919344,54,12,6.333333333333333,optimal,29.723373848044474,53,11,5.818181818181818,optimal,9.831243575760123,4,2,3.0,0.030017743045081,0.0640270900528647,changed,served_and_memory,1.5682326128124444,0.06384526019287051,0.1425666011647677,0.9814814814814815,1,0,-1,-1,0,2,0.0,0.0,-1.0092936587501423e-17,changed,served_and_memory,232.16886855867946,27.686166532710153,116.08443427933973,0.07407407407407407,50,0,-50,-10,0,2,0.0,60.5,3.590927786428385
published,lhs288,lhs,1569.0151064458937,0.03868963555198988,0.961799430974308,0.8326151113743133,40,100,optimal,41.42057830840792,40,12,7.0,optimal,28.752899094677545,39,9,5.333333333333333,optimal,9.831243575760123,4,2,3.0,0.030017743045081,0.07278289325185956,changed,routing,2.613333490439956,2.0124359485951047,0.2903703878266618,0.58,11,10,-1,-3,2,2,-0.5555555555555556,0.0,0.04036026097976299,changed,served_and_memory,246.6588093426354,25.781978261924635,123.3294046713177,0.1,36,0,-36,-10,0,2,0.0,73.0,4.888177319886966
published,lhs288,lhs,1569.0151064458937,0.03868963555198988,0.961799430974308,0.8326151113743133,30,100,optimal,37.508067171136815,30,9,6.0,optimal,26.895465715224994,27,8,5.25,optimal,9.831243575760123,4,2,3.0,0.06044547074134525,0.08153869645085443,changed,routing,0.20532035215236988,1.448866965063928,0.025665044019046235,0.6285714285714286,8,5,-3,-1,2,6,-0.125,0.0,-0.011767000743865247,changed,served_and_memory,135.02878532564793,21.869467124653532,67.51439266282397,0.13333333333333333,26,0,-26,-7,0,2,0.0,60.5,3.6260241841550065
published,lhs288,lhs,1569.0151064458937,0.03868963555198988,0.961799430974308,0.8326151113743133,20,100,optimal,33.3872113832832,18,7,5.428571428571429,optimal,25.55710869942311,18,7,5.428571428571429,optimal,9.831243575760123,4,2,3.0,0.0640270900528647,0.12532289850754513,identical,,0.0,0.0,0.0,1.0,0,0,0,0,0,0,0.0,0.0,0.0,changed,served_and_memory,69.12908607960485,17.748611336799918,34.56454303980242,0.2222222222222222,14,0,-14,-5,0,2,0.0,73.0,4.888177319886966
published,lhs288,lhs,1569.0151064458937,0.03868963555198988,0.961799430974308,0.8326151113743133,15,100,optimal,28.92749661637412,15,5,4.0,optimal,23.750222754221163,15,5,4.0,optimal,9.831243575760123,4,2,3.0,0.050276352689897476,0.16394459283656687,identical,,0.0,0.0,0.0,1.0,0,0,0,0,0,0,0.0,0.0,0.0,changed,served_and_memory,25.171985555009254,13.288896569890838,12.585992777504627,0.26666666666666666,11,0,-11,-3,0,1,0.0,36.5,2.397355765866679
published,lhs288,lhs,1569.0151064458937,0.03868963555198988,0.961799430974308,0.8326151113743133,10,100,optimal,22.13915141444674,9,4,4.75,optimal,19.10671120479933,7,3,3.3333333333333335,optimal,9.831243575760123,4,2,3.0,0.08153869645085443,0.1986419191050842,changed,served_and_memory,1.1269467502895694,0.23398089573024095,0.3756489167631898,0.3333333333333333,5,3,-2,-1,0,1,0.0,24.0,0.4717082358168163,changed,served_and_memory,32.48462953482554,6.500551367963457,16.24231476741277,0.4444444444444444,5,0,-5,-2,0,1,0.0,24.0,1.13520263013472
published,lhs288,lhs,1569.0151064458937,0.03868963555198988,0.961799430974308,0.8326151113743133,6,100,optimal,15.638600046483283,4,2,3.0,optimal,13.89735064930532,4,2,3.0,optimal,9.831243575760123,4,2,3.0,0.46415888336127825,0.5356805395261334,identical,,0.0,0.0,0.0,1.0,0,0,0,0,0,0,0.0,0.0,0.0,identical,,0.0,0.0,0.0,1.0,0,0,0,0,0,0,0.0,0.0,0.0
published,lhs289,lhs,43804.278200649685,0.0023682164924951777,0.9401974653476458,0.5855524380673284,1000000,100,optimal,22.76229657619264,4,2,3.0,optimal,21.021047179014673,4,2,3.0,optimal,16.95494010546948,4,2,3.0,0.46415888336127825,0.5356805395261334,identical,,0.0,0.0,0.0,1.0,0,0,0,0,0,0,0.0,0.0,0.0,identical,,0.0,0.0,0.0,1.0,0,0,0,0,0,0,0.0,0.0,0.0
published,lhs289,lhs,43804.278200649685,0.0023682164924951777,0.9401974653476458,0.5855524380673284,40,100,optimal,22.76229657619264,4,2,3.0,optimal,21.021047179014673,4,2,3.0,optimal,16.95494010546948,4,2,3.0,0.46415888336127825,0.5356805395261334,identical,,0.0,0.0,0.0,1.0,0,0,0,0,0,0,0.0,0.0,0.0,identical,,0.0,0.0,0.0,1.0,0,0,0,0,0,0,0.0,0.0,0.0
published,lhs289,lhs,43804.278200649685,0.0023682164924951777,0.9401974653476458,0.5855524380673284,30,100,optimal,22.76229657619264,4,2,3.0,optimal,21.021047179014673,4,2,3.0,optimal,16.95494010546948,4,2,3.0,0.46415888336127825,0.5356805395261334,identical,,0.0,0.0,0.0,1.0,0,0,0,0,0,0,0.0,0.0,0.0,identical,,0.0,0.0,0.0,1.0,0,0,0,0,0,0,0.0,0.0,0.0
published,lhs289,lhs,43804.278200649685,0.0023682164924951777,0.9401974653476458,0.5855524380673284,20,100,optimal,22.76229657619264,4,2,3.0,optimal,21.021047179014673,4,2,3.0,optimal,16.95494010546948,4,2,3.0,0.46415888336127825,0.5356805395261334,identical,,0.0,0.0,0.0,1.0,0,0,0,0,0,0,0.0,0.0,0.0,identical,,0.0,0.0,0.0,1.0,0,0,0,0,0,0,0.0,0.0,0.0
published,lhs289,lhs,43804.278200649685,0.0023682164924951777,0.9401974653476458,0.5855524380673284,15,100,optimal,22.76229657619264,4,2,3.0,optimal,21.021047179014673,4,2,3.0,optimal,16.95494010546948,4,2,3.0,0.46415888336127825,0.5356805395261334,identical,,0.0,0.0,0.0,1.0,0,0,0,0,0,0,0.0,0.0,0.0,identical,,0.0,0.0,0.0,1.0,0,0,0,0,0,0,0.0,0.0,0.0
published,lhs289,lhs,43804.278200649685,0.0023682164924951777,0.9401974653476458,0.5855524380673284,10,100,optimal,22.76229657619264,4,2,3.0,optimal,21.021047179014673,4,2,3.0,optimal,16.95494010546948,4,2,3.0,0.46415888336127825,0.5356805395261334,identical,,0.0,0.0,0.0,1.0,0,0,0,0,0,0,0.0,0.0,0.0,identical,,0.0,0.0,0.0,1.0,0,0,0,0,0,0,0.0,0.0,0.0
published,lhs289,lhs,43804.278200649685,0.0023682164924951777,0.9401974653476458,0.5855524380673284,6,100,optimal,22.76229657619264,4,2,3.0,optimal,21.021047179014673,4,2,3.0,optimal,16.95494010546948,4,2,3.0,0.46415888336127825,0.5356805395261334,identical,,0.0,0.0,0.0,1.0,0,0,0,0,0,0,0.0,0.0,0.0,identical,,0.0,0.0,0.0,1.0,0,0,0,0,0,0,0.0,0.0,0.0
published,lhs290,lhs,11989.553610123854,0.05828620560125004,0.9211318893845737,0.7382132221498245,1000000,100,optimal,52.72900025462032,53,11,5.818181818181818,optimal,39.305482340221985,46,10,5.6,optimal,15.267182872158106,7,3,3.3333333333333335,0.030017743045081,0.08153869645085443,changed,served_and_memory,0.11402955655776026,1.3269205323692503,0.011402955655776027,0.8679245283018868,7,0,-7,-1,0,2,0.0,0.0,-3.3306690738754695e-17,changed,served_and_memory,171.06849287096702,24.761430594294964,57.022830956989004,0.1320754716981132,46,0,-46,-8,0,3,0.0,73.0,5.6149794621844755
published,lhs290,lhs,11989.553610123854,0.05828620560125004,0.9211318893845737,0.7382132221498245,40,100,optimal,49.56362967222993,39,9,5.333333333333333,optimal,38.90838640709466,39,9,5.333333333333333,optimal,15.267182872158106,7,3,3.3333333333333335,0.05387208250415978,0.09682853110646922,identical,,0.0,0.0,0.0,1.0,0,0,0,0,0,0,0.0,0.0,0.0,changed,served_and_memory,106.60430166955398,21.596060011904576,35.53476722318466,0.1794871794871795,32,0,-32,-6,0,3,0.0,73.0,5.6149794621844755
published,lhs290,lhs,11989.553610123854,0.05828620560125004,0.9211318893845737,0.7382132221498245,30,100,optimal,44.89982661000224,29,8,5.375,optimal,36.77418237044416,26,7,4.714285714285714,optimal,15.267182872158106,7,3,3.3333333333333335,0.05387208250415978,0.09897609782820413,changed,routing,1.1281361858698062,0.28414165016443604,0.16116231226711517,0.6666666666666666,7,4,-3,-1,1,3,-0.42857142857142855,10.428571428571429,0.36347976471681775,changed,served_and_memory,91.56602119452022,16.93225694967689,30.52200706484007,0.2413793103448276,22,0,-22,-5,0,3,0.0,64.66666666666667,4.750146439878756
published,lhs290,lhs,11989.553610123854,0.05828620560125004,0.9211318893845737,0.7382132221498245,20,100,optimal,41.31020764718286,20,6,4.333333333333333,optimal,34.84183580813003,20,6,4.333333333333333,optimal,15.267182872158106,7,3,3.3333333333333335,0.050276352689897476,0.15933803350851,tie,,0.0,7.105427357601002e-15,0.0,1.0,0,0,0,0,0,4,0.0,0.0,1.1102230246251565e-16,changed,served_and_memory,41.696668773717235,13.342637986857504,13.898889591239078,0.35,13,0,-13,-3,0,2,0.0,32.0,1.5525164337976172
published,lhs290,lhs,11989.553610123854,0.05828620560125004,0.9211318893845737,0.7382132221498245,15,100,optimal,37.74696911299977,15,5,4.0,optimal,32.56969525084681,15,5,4.0,optimal,15.267182872158106,7,3,3.3333333333333335,0.08153869645085443,0.16394459283656687,tie,,0.0,0.0,0.0,1.0,0,0,0,0,0,2,0.0,0.0,6.661338147750939e-17,changed,served_and_memory,21.687163908888934,9.779399452674419,7.229054636296311,0.4666666666666667,8,0,-8,-2,0,1,0.0,24.333333333333332,1.5982371772444528
published,lhs290,lhs,11989.553610123854,0.05828620560125004,0.9211318893845737,0.7382132221498245,10,100,optimal,28.261104506738143,10,5,4.2,optimal,25.169110346408186,7,3,3.3333333333333335,optimal,15.267182872158106,7,3,3.3333333333333335,0.0005623413251903491,0.15703748946090484,changed,routing,1.6523800668937199,0.2935348464127898,0.55079335563124,0.4166666666666667,5,2,-3,-2,1,1,0.6666666666666666,24.333333333333332,3.087008751121671,changed,routing,38.1391676307324,0.2935348464127898,12.7130558769108,0.4166666666666667,5,2,-3,-2,1,1,0.6666666666666666,24.333333333333332,5.514343588176093
published,lhs290,lhs,11989.553610123854,0.05828620560125004,0.9211318893845737,0.7382132221498245,6,100,optimal,21.328421977800463,6,3,3.0,optimal,19.399971377334367,6,3,3.0,optimal,14.115308287596472,4,2,3.0,0.0036869450645195738,0.23713737056616555,identical,,0.0,0.0,0.0,1.0,0,0,0,0,0,0,0.0,0.0,0.0,changed,routing,3.9728101901562543,1.4057572194808294,1.9864050950781271,0.42857142857142855,3,1,-2,-1,1,0,0.5,0.0,2.705626926128394
published,lhs291,lhs,2424.1633423401263,0.027813508492097558,0.9970091395313831,0.5107158569158958,1000000,100,optimal,24.311537837716294,26,7,4.714285714285714,optimal,18.54726881634733,15,5,4.0,optimal,8.922457455736977,4,2,3.0,0.050276352689897476,0.12532289850754513,changed,served_and_memory,2.077233568024681,0.5869951592160021,0.41544671360493624,0.5769230769230769,11,0,-11,-2,0,3,0.0,14.6,0.37779373752225104,changed,served_and_memory,72.185784996041,9.581723911256157,36.0928924980205,0.15384615384615385,22,0,-22,-5,0,2,0.0,73.0,4.888177319886966
published,lhs291,lhs,2424.1633423401263,0.027813508492097558,0.9970091395313831,0.5107158569158958,40,100,optimal,24.311537837716294,26,7,4.714285714285714,optimal,18.54726881634733,15,5,4.0,optimal,8.922457455736977,4,2,3.0,0.050276352689897476,0.12532289850754513,changed,served_and_memory,2.077233568024681,0.5869951592160021,0.41544671360493624,0.5769230769230769,11,0,-11,-2,0,3,0.0,14.6,0.37779373752225104,changed,served_and_memory,73.13540448123028,9.581723911256157,36.56770224061514,0.15384615384615385,22,0,-22,-5,0,2,0.0,73.0,4.888177319886966
published,lhs291,lhs,2424.1633423401263,0.027813508492097558,0.9970091395313831,0.5107158569158958,30,100,optimal,24.311537837716294,26,7,4.714285714285714,optimal,18.547268816347334,15,5,4.0,optimal,8.922457455736977,4,2,3.0,0.050276352689897476,0.12331143269440609,changed,served_and_memory,2.0772335680246847,0.5869951592160021,0.41544671360493696,0.5769230769230769,11,0,-11,-2,0,3,0.0,14.6,0.3777937375222513,changed,served_and_memory,75.07157504049111,9.581723911256157,37.535787520245556,0.15384615384615385,22,0,-22,-5,0,2,0.0,60.5,3.6260241841550065
published,lhs291,lhs,2424.1633423401263,0.027813508492097558,0.9970091395313831,0.5107158569158958,20,100,optimal,24.159989116299357,20,6,4.333333333333333,optimal,18.54726881634733,15,5,4.0,optimal,8.922457455736977,4,2,3.0,0.050276352689897476,0.141180193984225,changed,served_and_memory,0.8556515391007942,0.4354464377990652,0.17113030782015884,0.75,5,0,-5,-1,0,3,0.0,14.6,0.37779373752225115,changed,served_and_memory,47.7400548317835,9.43017518983922,23.87002741589175,0.2,16,0,-16,-4,0,2,0.0,73.0,4.888177319886966
published,lhs291,lhs,2424.1633423401263,0.027813508492097558,0.9970091395313831,0.5107158569158958,15,100,optimal,23.724542678500292,15,5,4.0,optimal,18.54726881634733,15,5,4.0,optimal,8.922457455736977,4,2,3.0,0.050276352689897476,0.23713737056616555,tie,,0.0,0.0,0.0,1.0,0,0,0,0,0,2,0.0,0.0,1.1102230246251565e-16,changed,served_and_memory,31.402323932120773,8.994728752040155,15.701161966060386,0.26666666666666666,11,0,-11,-3,0,1,0.0,24.0,1.13520263013472
published,lhs291,lhs,2424.1633423401263,0.027813508492097558,0.9970091395313831,0.5107158569158958,10,100,optimal,19.953930434504404,7,3,3.3333333333333335,optimal,17.155471120587237,7,3,3.3333333333333335,optimal,8.922457455736977,4,2,3.0,0.23713737056616555,0.46415888336127825,identical,,0.0,0.0,0.0,1.0,0,0,0,0,0,0,0.0,0.0,0.0,changed,served_set_only,1.6689138093998217,5.224116508044267,0.8344569046999109,0.5714285714285714,3,0,-3,-1,0,0,0.0,0.0,0.0
published,lhs291,lhs,2424.1633423401263,0.027813508492097558,0.9970091395313831,0.5107158569158958,6,100,optimal,14.729813926460137,4,2,3.0,optimal,12.988564529282172,4,2,3.0,optimal,8.922457455736977,4,2,3.0,0.46415888336127825,0.5356805395261334,identical,,0.0,0.0,0.0,1.0,0,0,0,0,0,0,0.0,0.0,0.0,identical,,0.0,0.0,0.0,1.0,0,0,0,0,0,0,0.0,0.0,0.0
published,lhs292,lhs,22787.80761753521,0.022185857619160112,0.9949527601174684,0.6061112303657518,1000000,100,optimal,68.98283269177763,54,12,6.333333333333333,optimal,55.006922860855326,53,11,5.818181818181818,optimal,18.62087577833139,7,3,3.3333333333333335,0.030017743045081,0.0640270900528647,changed,served_and_memory,1.193715513039102,0.4383623599662201,0.10851959209446381,0.9814814814814815,1,0,-1,-1,0,6,0.0,0.0,3.027880976250427e-17,changed,served_and_memory,215.30043464866657,37.66157012527899,71.76681154955553,0.12962962962962962,47,0,-47,-9,0,3,0.0,64.66666666666667,4.750146439878756
published,lhs292,lhs,22787.80761753521,0.022185857619160112,0.9949527601174684,0.6061112303657518,40,100,optimal,64.52886330403808,40,12,7.0,optimal,51.368020548640295,40,10,5.9,optimal,18.62087577833139,7,3,3.3333333333333335,0.030017743045081,0.0640270900528647,changed,routing,2.120169948772549,0.9414581076262181,0.21201699487725492,0.6,10,10,0,-2,2,2,-0.5,0.0,0.2653578192612464,changed,served_and_memory,235.16609304671184,33.207600737539444,78.38869768223728,0.175,33,0,-33,-9,0,3,0.0,64.66666666666667,4.750146439878756
published,lhs292,lhs,22787.80761753521,0.022185857619160112,0.9949527601174684,0.6061112303657518,30,100,optimal,58.02595480924853,28,9,5.888888888888889,optimal,47.29807893576434,28,9,5.888888888888889,optimal,18.62087577833139,7,3,3.3333333333333335,0.050276352689897476,0.12331143269440609,tie,,-7.105427357601002e-15,7.105427357601002e-15,-7.894919286223335e-16,1.0,0,0,0,0,0,6,0.0,0.0,-1.2335811384723962e-16,changed,served_and_memory,120.62523909690984,26.704692242749893,40.20841303230328,0.25,21,0,-21,-6,0,3,0.0,64.66666666666667,4.410432694990488
published,lhs292,lhs,22787.80761753521,0.022185857619160112,0.9949527601174684,0.6061112303657518,20,100,optimal,50.424531750529574,18,7,5.428571428571429,optimal,42.59442906666949,18,7,5.428571428571429,optimal,18.62087577833139,7,3,3.3333333333333335,0.0640270900528647,0.12532289850754513,tie,,0.0,0.0,0.0,1.0,0,0,0,0,0,2,0.0,0.0,-4.7580986769649563e-17,changed,served_and_memory,63.40174479890134,19.103269184030935,21.133914932967112,0.3888888888888889,11,0,-11,-4,0,2,0.0,48.666666666666664,3.2587848799246437
published,lhs292,lhs,22787.80761753521,0.022185857619160112,0.9949527601174684,0.6061112303657518,15,100,optimal,43.47329687076488,15,5,4.0,optimal,38.29602300861191,15,5,4.0,optimal,18.62087577833139,7,3,3.3333333333333335,0.050276352689897476,0.16394459283656687,identical,,0.0,0.0,0.0,1.0,0,0,0,0,0,0,0.0,0.0,0.0,changed,served_and_memory,19.415817503189768,12.152034304266238,6.471939167729922,0.4666666666666667,8,0,-8,-2,0,1,0.0,24.333333333333332,1.5982371772444528
published,lhs292,lhs,22787.80761753521,0.022185857619160112,0.9949527601174684,0.6061112303657518,10,100,optimal,34.71317800671056,10,5,4.2,optimal,29.968803779486883,10,5,4.2,optimal,18.62087577833139,7,3,3.3333333333333335,0.0005623413251903491,0.15703748946090484,identical,,0.0,0.0,0.0,1.0,0,0,0,0,0,0,0.0,0.0,0.0,changed,routing,35.04078703693327,3.3919154402119176,11.680262345644422,0.4166666666666667,5,2,-3,-2,1,1,0.6666666666666666,24.333333333333332,5.324706918775257
published,lhs292,lhs,22787.80761753521,0.022185857619160112,0.9949527601174684,0.6061112303657518,6,100,optimal,24.694738770707396,6,3,3.0,optimal,22.766288170241296,6,3,3.0,optimal,16.3400250442862,4,2,3.0,0.0036869450645195738,0.23713737056616555,identical,,0.0,0.0,0.0,1.0,0,0,0,0,0,0,0.0,0.0,0.0,changed,routing,2.831210153939054,2.547357255698035,1.415605076969527,0.42857142857142855,3,1,-2,-1,1,0,0.5,0.0,2.5633994240777676
published,lhs293,lhs,135376.04853334557,0.0769671745008341,0.9800509821974144,0.8274265563359886,1000000,100,optimal,153.69100255803409,55,17,8.823529411764707,optimal,130.5375654298816,55,17,8.823529411764707,optimal,29.02544669007137,7,3,3.3333333333333335,0.0221885046944556,0.050276352689897476,tie,,-2.842170943040401e-14,0.0,-1.6718652606120004e-15,1.0,0,0,0,0,0,6,0.0,0.0,7.836868409118753e-17,changed,served_and_memory,473.15881118958555,111.96516907979546,157.71960372986186,0.12727272727272726,48,0,-48,-14,0,3,0.0,73.33333333333333,6.875877888106969
published,lhs293,lhs,135376.04853334557,0.0769671745008341,0.9800509821974144,0.8274265563359886,40,100,optimal,149.40190759837412,40,17,9.647058823529411,optimal,125.72166402500845,40,17,9.647058823529411,optimal,29.02544669007137,7,3,3.3333333333333335,0.009485494822646622,0.0640270900528647,tie,,-2.842170943040401e-14,0.0,-1.6718652606120004e-15,1.0,0,0,0,0,0,4,0.0,0.0,4.5715065719859385e-17,changed,served_and_memory,538.1478930241241,107.6760741201355,179.38263100804136,0.175,33,0,-33,-14,0,3,0.0,76.66666666666667,9.262930918601644
published,lhs293,lhs,135376.04853334557,0.0769671745008341,0.9800509821974144,0.8274265563359886,30,100,optimal,125.7498760465617,29,15,9.266666666666667,optimal,105.53129602645544,29,15,9.266666666666667,optimal,29.02544669007137,7,3,3.3333333333333335,0.00015183215780139426,0.03319923187926317,tie,,1.4210854715202004e-14,2.842170943040401e-14,9.473903143468002e-16,1.0,0,0,0,0,0,4,0.0,0.0,6.661338147750939e-17,changed,served_and_memory,480.04745958395927,84.02404256832307,160.01581986131976,0.2413793103448276,22,0,-22,-12,0,3,0.0,69.0,5.984079054005817
published,lhs293,lhs,135376.04853334557,0.0769671745008341,0.9800509821974144,0.8274265563359886,20,100,optimal,102.65484899109474,20,11,9.0,optimal,88.02241210284971,20,11,9.0,optimal,29.02544669007137,7,3,3.3333333333333335,0.03319923187926317,0.0640270900528647,tie,,0.0,-1.4210854715202004e-14,0.0,1.0,0,0,0,0,0,2,0.0,0.0,1.0092936587501423e-17,changed,served_and_memory,312.5756727657695,60.92901551285612,104.19189092192318,0.35,13,0,-13,-8,0,2,0.0,48.666666666666664,3.954431759504285
published,lhs293,lhs,135376.04853334557,0.0769671745008341,0.9800509821974144,0.8274265563359886,15,100,optimal,67.6651954320417,15,6,5.666666666666667,optimal,60.89230266492082,15,6,5.666666666666667,optimal,29.02544669007137,7,3,3.3333333333333335,0.0640270900528647,0.12431716560097561,tie,,0.0,0.0,0.0,1.0,0,0,0,0,0,4,0.0,0.0,0.0,changed,served_and_memory,52.26528315681337,25.93936195380308,17.421761052271123,0.2222222222222222,11,3,-8,-3,0,2,0.0,73.0,4.888177319886966
published,lhs293,lhs,135376.04853334557,0.0769671745008341,0.9800509821974144,0.8274265563359886,10,100,optimal,53.786351318687245,10,5,4.2,optimal,49.04197709146358,10,5,4.2,optimal,29.02544669007137,7,3,3.3333333333333335,0.0005623413251903491,0.08153869645085443,tie,,0.0,0.0,0.0,1.0,0,0,0,0,0,2,0.0,0.0,6.661338147750939e-17,changed,routing,30.82870207992901,12.060517840448625,10.276234026643003,0.4166666666666667,5,2,-3,-2,1,1,0.6666666666666666,16.0,4.7826372868903
published,lhs293,lhs,135376.04853334557,0.0769671745008341,0.9800509821974144,0.8274265563359886,6,100,optimal,34.69597243910059,6,3,3.0,optimal,32.767521838634494,6,3,3.0,optimal,23.510048558740344,6,3,3.0,0.0036869450645195738,0.23713737056616555,identical,,0.0,0.0,0.0,1.0,0,0,0,0,0,0,0.0,0.0,0.0,identical,,0.0,0.0,0.0,1.0,0,0,0,0,0,0,0.0,0.0,0.0
published,lhs294,lhs,2884.7007626584127,0.009035446593893772,0.9219494536257727,0.7134176480749688,1000000,100,optimal,29.410938948162634,39,9,5.333333333333333,optimal,21.63016676252066,20,6,4.333333333333333,optimal,9.827250971701872,4,2,3.0,0.05387208250415978,0.08153869645085443,changed,served_and_memory,2.8744710794932935,1.312400346589147,0.47907851324888223,0.5128205128205128,19,0,-19,-3,0,5,0.0,12.166666666666666,0.3148281146018759,changed,served_and_memory,124.14299699030032,13.776331505737602,62.07149849515016,0.10256410256410256,35,0,-35,-7,0,2,0.0,60.5,3.5909277864283853
published,lhs294,lhs,2884.7007626584127,0.009035446593893772,0.9219494536257727,0.7134176480749688,40,100,optimal,29.410938948162634,39,9,5.333333333333333,optimal,21.630166762520663,20,6,4.333333333333333,optimal,9.827250971701872,4,2,3.0,0.05387208250415978,0.08153869645085443,changed,served_and_memory,2.874471079493297,1.312400346589147,0.47907851324888284,0.5128205128205128,19,0,-19,-3,0,1,0.0,12.166666666666666,0.31482811460187604,changed,served_and_memory,124.14299699030032,13.776331505737602,62.07149849515016,0.10256410256410256,35,0,-35,-7,0,2,0.0,60.5,3.5909277864283853
published,lhs294,lhs,2884.7007626584127,0.009035446593893772,0.9219494536257727,0.7134176480749688,30,100,optimal,29.097285787179622,26,7,4.714285714285714,optimal,21.630166762520663,20,6,4.333333333333333,optimal,9.827250971701872,4,2,3.0,0.050276352689897476,0.08153869645085443,changed,served_and_memory,0.37438356473468914,0.9987471856061347,0.06239726078911486,0.7692307692307693,6,0,-6,-1,0,4,0.0,0.0,9.251858538542972e-17,changed,served_and_memory,74.01655710412794,13.46267834475459,37.00827855206397,0.15384615384615385,22,0,-22,-5,0,2,0.0,48.0,2.3287746506964258
published,lhs294,lhs,2884.7007626584127,0.009035446593893772,0.9219494536257727,0.7134176480749688,20,100,optimal,28.098538601573487,20,6,4.333333333333333,optimal,21.630166762520663,20,6,4.333333333333333,optimal,9.827250971701872,4,2,3.0,0.0640270900528647,0.13038656197151804,tie,,0.0,3.552713678800501e-15,0.0,1.0,0,0,0,0,0,2,0.0,0.0,0.0,changed,served_and_memory,47.43094691371688,12.463931159148455,23.71547345685844,0.2,16,0,-16,-4,0,2,0.0,60.5,3.5909277864283853
published,lhs294,lhs,2884.7007626584127,0.009035446593893772,0.9219494536257727,0.7134176480749688,15,100,optimal,26.8071948703,15,5,4.0,optimal,21.62992100814704,15,5,4.0,optimal,9.827250971701872,4,2,3.0,0.050276352689897476,0.16394459283656687,tie,,-3.552713678800501e-15,-3.552713678800501e-15,-7.105427357601002e-16,1.0,0,0,0,0,0,2,0.0,0.0,-2.2204460492503132e-17,changed,served_and_memory,27.288294697025126,11.172587427874966,13.644147348512563,0.26666666666666666,11,0,-11,-3,0,1,0.0,36.5,2.397355765866679
published,lhs294,lhs,2884.7007626584127,0.009035446593893772,0.9219494536257727,0.7134176480749688,10,100,optimal,21.490950214444823,7,3,3.3333333333333335,optimal,18.692490900527652,7,3,3.3333333333333335,optimal,9.827250971701872,4,2,3.0,0.23713737056616555,0.46415888336127825,identical,,0.0,0.0,0.0,1.0,0,0,0,0,0,0,0.0,0.0,0.0,changed,served_set_only,1.0366875454243,5.85634277201979,0.51834377271215,0.5714285714285714,3,0,-3,-1,0,0,0.0,0.0,0.0
published,lhs294,lhs,2884.7007626584127,0.009035446593893772,0.9219494536257727,0.7134176480749688,6,100,optimal,15.634607442425033,4,2,3.0,optimal,13.89335804524707,4,2,3.0,optimal,9.827250971701872,4,2,3.0,0.46415888336127825,0.5356805395261334,identical,,0.0,0.0,0.0,1.0,0,0,0,0,0,0,0.0,0.0,0.0,identical,,0.0,0.0,0.0,1.0,0,0,0,0,0,0,0.0,0.0,0.0
published,lhs295,lhs,193484.292430214,0.0036387101483172425,0.9768083604341355,0.890082458398153,1000000,100,optimal,54.88240498507629,11,4,3.75,optimal,50.894956859818116,11,4,3.75,optimal,31.20668405008111,7,3,3.3333333333333335,0.15703748946090484,0.2005409817013662,tie,,7.105427357601002e-15,0.0,1.7763568394002505e-15,1.0,0,0,0,0,0,2,0.0,0.0,-1.1102230246251565e-16,changed,served_and_memory,3.1625926436539586,10.975334146827933,1.0541975478846528,0.6363636363636364,4,0,-4,-1,0,1,0.0,24.333333333333332,1.5982371772444528
published,lhs295,lhs,193484.292430214,0.0036387101483172425,0.9768083604341355,0.890082458398153,40,100,optimal,54.88240498507629,11,4,3.75,optimal,50.894956859818116,11,4,3.75,optimal,31.20668405008111,7,3,3.3333333333333335,0.15703748946090484,0.2005409817013662,tie,,7.105427357601002e-15,0.0,1.7763568394002505e-15,1.0,0,0,0,0,0,2,0.0,0.0,-1.1102230246251565e-16,changed,served_and_memory,3.1625926436539586,10.975334146827933,1.0541975478846528,0.6363636363636364,4,0,-4,-1,0,1,0.0,24.333333333333332,1.5982371772444528
published,lhs295,lhs,193484.292430214,0.0036387101483172425,0.9768083604341355,0.890082458398153,30,100,optimal,54.88240498507629,11,4,3.75,optimal,50.894956859818116,11,4,3.75,optimal,31.20668405008111,7,3,3.3333333333333335,0.15703748946090484,0.2005409817013662,tie,,7.105427357601002e-15,0.0,1.7763568394002505e-15,1.0,0,0,0,0,0,2,0.0,0.0,-1.1102230246251565e-16,changed,served_and_memory,3.1625926436539586,10.975334146827933,1.0541975478846528,0.6363636363636364,4,0,-4,-1,0,1,0.0,24.333333333333332,1.5982371772444528
published,lhs295,lhs,193484.292430214,0.0036387101483172425,0.9768083604341355,0.890082458398153,20,100,optimal,54.88240498507629,11,4,3.75,optimal,50.894956859818116,11,4,3.75,optimal,31.20668405008111,7,3,3.3333333333333335,0.15703748946090484,0.2005409817013662,tie,,7.105427357601002e-15,0.0,1.7763568394002505e-15,1.0,0,0,0,0,0,2,0.0,0.0,-1.1102230246251565e-16,changed,served_and_memory,3.1625926436539586,10.975334146827933,1.0541975478846528,0.6363636363636364,4,0,-4,-1,0,1,0.0,24.333333333333332,1.5982371772444528
published,lhs295,lhs,193484.292430214,0.0036387101483172425,0.9768083604341355,0.890082458398153,15,100,optimal,54.88240498507629,11,4,3.75,optimal,50.894956859818116,11,4,3.75,optimal,31.20668405008111,7,3,3.3333333333333335,0.15703748946090484,0.2005409817013662,tie,,7.105427357601002e-15,0.0,1.7763568394002505e-15,1.0,0,0,0,0,0,2,0.0,0.0,-1.1102230246251565e-16,changed,served_and_memory,3.1625926436539586,10.975334146827933,1.0541975478846528,0.6363636363636364,4,0,-4,-1,0,1,0.0,24.333333333333332,1.5982371772444528
published,lhs295,lhs,193484.292430214,0.0036387101483172425,0.9768083604341355,0.890082458398153,10,100,optimal,47.75765832816783,10,4,3.5,optimal,44.64021891636073,10,4,3.5,optimal,31.20668405008111,7,3,3.3333333333333335,0.0019172114335501782,0.15933803350851,identical,,0.0,0.0,0.0,1.0,0,0,0,0,0,0,0.0,0.0,0.0,changed,routing,10.130036077825714,3.8505874899194694,3.3766786926085715,0.5454545454545454,4,1,-3,-1,1,1,0.3333333333333333,16.0,2.4575165519342237
published,lhs295,lhs,193484.292430214,0.0036387101483172425,0.9768083604341355,0.890082458398153,6,100,optimal,36.782324181339895,6,3,3.0,optimal,34.8538735808738,6,3,3.0,optimal,25.59640030097965,6,3,3.0,0.0036869450645195738,0.23713737056616555,identical,,0.0,0.0,0.0,1.0,0,0,0,0,0,0,0.0,0.0,0.0,identical,,0.0,0.0,0.0,1.0,0,0,0,0,0,0,0.0,0.0,0.0
published,lhs296,lhs,3058.2587872619106,0.08029092859029974,0.9739074526632933,0.582252180725788,1000000,100,optimal,30.01501405259116,39,9,5.333333333333333,optimal,21.637738147100297,15,5,4.0,optimal,9.928525519634487,4,2,3.0,0.05387208250415978,0.08153869645085443,changed,served_and_memory,2.2779673596444034,3.2000020433379,0.45559347192888067,0.38461538461538464,24,0,-24,-4,0,4,0.0,19.2,0.3773665886534528,changed,served_and_memory,126.366671917643,14.279132062233511,63.1833359588215,0.10256410256410256,35,0,-35,-7,0,2,0.0,60.5,3.590927786428385
published,lhs296,lhs,3058.2587872619106,0.08029092859029974,0.9739074526632933,0.582252180725788,40,100,optimal,30.015014052591155,39,9,5.333333333333333,optimal,21.6377381471003,15,5,4.0,optimal,9.928525519634487,4,2,3.0,0.05387208250415978,0.09682853110646922,changed,served_and_memory,2.2779673596444105,3.2000020433378964,0.4555934719288821,0.38461538461538464,24,0,-24,-4,0,2,0.0,29.2,0.7555874750445024,changed,served_and_memory,120.81425993666913,14.279132062233508,60.407129968334566,0.10256410256410256,35,0,-35,-7,0,2,0.0,73.0,4.888177319886966
published,lhs296,lhs,3058.2587872619106,0.08029092859029974,0.9739074526632933,0.582252180725788,30,100,optimal,29.2014526274939,26,7,4.714285714285714,optimal,21.6377381471003,15,5,4.0,optimal,9.928525519634487,4,2,3.0,0.050276352689897476,0.12532289850754513,changed,served_and_memory,0.2777881090000456,2.3864406182406412,0.055557621800009116,0.5769230769230769,11,0,-11,-2,0,3,0.0,14.6,0.37779373752225115,changed,served_and_memory,69.25155775535018,13.465570637136253,34.62577887767509,0.15384615384615385,22,0,-22,-5,0,2,0.0,73.0,4.888177319886966
published,lhs296,lhs,3058.2587872619106,0.08029092859029974,0.9739074526632933,0.582252180725788,20,100,optimal,28.09525127726342,20,6,4.333333333333333,optimal,21.6377381471003,15,5,4.0,optimal,9.928525519634487,4,2,3.0,0.0640270900528647,0.13038656197151804,changed,served_and_memory,0.010858708889699642,1.2802392680101597,0.0021717417779399282,0.75,5,0,-5,-1,0,1,0.0,9.6,0.18868329432672648,changed,served_and_memory,47.535508785959564,12.359369286905771,23.767754392979782,0.2,16,0,-16,-4,0,2,0.0,60.5,3.590927786428385
published,lhs296,lhs,3058.2587872619106,0.08029092859029974,0.9739074526632933,0.582252180725788,15,100,optimal,26.81501200925326,15,5,4.0,optimal,21.637738147100297,15,5,4.0,optimal,9.928525519634487,4,2,3.0,0.08153869645085443,0.16394459283656687,tie,,-3.552713678800501e-15,0.0,-7.105427357601002e-16,1.0,0,0,0,0,0,2,0.0,0.0,-8.881784197001253e-17,changed,served_and_memory,27.280463660111828,11.079130018895611,13.640231830055914,0.26666666666666666,11,0,-11,-3,0,1,0.0,36.5,2.397355765866679
published,lhs296,lhs,3058.2587872619106,0.08029092859029974,0.9739074526632933,0.582252180725788,10,100,optimal,21.57881822908833,7,3,3.3333333333333335,optimal,18.78035891517116,7,3,3.3333333333333335,optimal,9.928525519634487,4,2,3.0,0.23713737056616555,0.46415888336127825,identical,,0.0,0.0,0.0,1.0,0,0,0,0,0,0,0.0,0.0,0.0,changed,served_set_only,1.050094078713407,5.842936238730683,0.5250470393567035,0.5714285714285714,3,0,-3,-1,0,0,0.0,0.0,0.0
published,lhs296,lhs,3058.2587872619106,0.08029092859029974,0.9739074526632933,0.582252180725788,6,100,optimal,15.735881990357647,4,2,3.0,optimal,13.994632593179682,4,2,3.0,optimal,9.928525519634487,4,2,3.0,0.46415888336127825,0.5356805395261334,identical,,0.0,0.0,0.0,1.0,0,0,0,0,0,0,0.0,0.0,0.0,identical,,0.0,0.0,0.0,1.0,0,0,0,0,0,0,0.0,0.0,0.0
published,lhs297,lhs,47301.63888544736,0.00949044754669288,0.9207883276471213,0.539480769478333,1000000,100,optimal,50.35235457280762,53,11,5.818181818181818,optimal,39.208722485198095,32,8,5.0,optimal,18.025802668940464,7,3,3.3333333333333335,0.030017743045081,0.0640270900528647,changed,served_and_memory,2.3939153833465596,1.9291746767048608,0.29923942291831995,0.6037735849056604,21,0,-21,-3,0,4,0.0,0.0,6.938893903907228e-17,changed,served_and_memory,179.0296948466973,19.626165115699905,59.676564948899106,0.1320754716981132,46,0,-46,-8,0,3,0.0,64.66666666666667,4.750146439878755
published,lhs297,lhs,47301.63888544736,0.00949044754669288,0.9207883276471213,0.539480769478333,40,100,optimal,49.6243062386252,39,9,5.333333333333333,optimal,39.20872248519809,32,8,5.0,optimal,18.025802668940464,7,3,3.3333333333333335,0.05387208250415978,0.08153869645085443,changed,served_and_memory,0.23965951170814037,1.2011263425224428,0.029957438963517546,0.8205128205128205,7,0,-7,-1,0,2,0.0,0.0,2.7755575615628914e-17,changed,served_and_memory,112.12818139707633,18.898116781517487,37.37606046569211,0.1794871794871795,32,0,-32,-6,0,3,0.0,64.66666666666667,4.750146439878755
published,lhs297,lhs,47301.63888544736,0.00949044754669288,0.9207883276471213,0.539480769478333,30,100,optimal,46.64863649458607,26,7,4.714285714285714,optimal,38.807133905192416,26,7,4.714285714285714,optimal,18.025802668940464,7,3,3.3333333333333335,0.050276352689897476,0.08153869645085443,tie,,-7.105427357601002e-15,7.105427357601002e-15,-1.0150610510858574e-15,1.0,0,0,0,0,0,4,0.0,0.0,7.930164461608261e-17,changed,served_and_memory,64.6637580939601,15.922447037478356,21.55458603132003,0.2692307692307692,19,0,-19,-4,0,2,0.0,32.0,1.5525164337976172
published,lhs297,lhs,47301.63888544736,0.00949044754669288,0.9207883276471213,0.539480769478333,20,100,optimal,44.0967730261801,20,6,4.333333333333333,optimal,37.62840118712729,20,6,4.333333333333333,optimal,18.025802668940464,7,3,3.3333333333333335,0.050276352689897476,0.15933803350851,tie,,7.105427357601002e-15,0.0,1.1842378929335002e-15,1.0,0,0,0,0,0,4,0.0,0.0,1.295260195396016e-16,changed,served_and_memory,41.668723191502345,13.370583569072387,13.889574397167449,0.35,13,0,-13,-3,0,2,0.0,32.0,1.5525164337976172
published,lhs297,lhs,47301.63888544736,0.00949044754669288,0.9207883276471213,0.539480769478333,15,100,optimal,40.82842466901237,15,5,4.0,optimal,35.65115080685941,15,5,4.0,optimal,18.025802668940464,7,3,3.3333333333333335,0.050276352689897476,0.16394459283656687,tie,,-7.105427357601002e-15,-7.105427357601002e-15,-1.4210854715202005e-15,1.0,0,0,0,0,0,2,0.0,0.0,-1.3322676295501878e-16,changed,served_and_memory,21.465616595551346,10.102235211904656,7.155205531850449,0.4666666666666667,8,0,-8,-2,0,1,0.0,24.333333333333332,1.5982371772444528
published,lhs297,lhs,47301.63888544736,0.00949044754669288,0.9207883276471213,0.539480769478333,10,100,optimal,30.871042303472873,10,5,4.2,optimal,27.927730143190544,7,3,3.3333333333333335,optimal,18.025802668940464,7,3,3.3333333333333335,0.0005623413251903491,0.08153869645085443,changed,routing,1.8010620669413484,0.14485284636515772,0.6003540223137828,0.4166666666666667,5,2,-3,-2,1,1,0.6666666666666666,16.0,2.470180649704511,changed,routing,42.74436707401249,0.14485284636515772,14.248122358004162,0.4166666666666667,5,2,-3,-2,1,1,0.6666666666666666,16.0,4.371264134930168
published,lhs297,lhs,47301.63888544736,0.00949044754669288,0.9207883276471213,0.539480769478333,6,100,optimal,24.541122497704556,6,3,3.0,optimal,22.612671897238464,6,3,3.0,optimal,16.257375166331048,4,2,3.0,0.0036869450645195738,0.23713737056616555,identical,,0.0,0.0,0.0,1.0,0,0,0,0,0,0,0.0,0.0,0.0,changed,routing,2.9021765489867377,2.4763908606503477,1.4510882744933689,0.42857142857142855,3,1,-2,-1,1,0,0.5,0.0,2.4793939040599304
published,lhs298,lhs,101126.37596330744,0.0013695550134886507,0.960808893254864,0.7652168283468853,1000000,100,optimal,0.0,0,0,,optimal,0.0,0,0,,optimal,0.0,0,0,,,,identical,,0.0,0.0,0.0,1.0,0,0,0,0,0,0,,,,identical,,0.0,0.0,0.0,1.0,0,0,0,0,0,0,,,
published,lhs298,lhs,101126.37596330744,0.0013695550134886507,0.960808893254864,0.7652168283468853,40,100,optimal,0.0,0,0,,optimal,0.0,0,0,,optimal,0.0,0,0,,,,identical,,0.0,0.0,0.0,1.0,0,0,0,0,0,0,,,,identical,,0.0,0.0,0.0,1.0,0,0,0,0,0,0,,,
published,lhs298,lhs,101126.37596330744,0.0013695550134886507,0.960808893254864,0.7652168283468853,30,100,optimal,0.0,0,0,,optimal,0.0,0,0,,optimal,0.0,0,0,,,,identical,,0.0,0.0,0.0,1.0,0,0,0,0,0,0,,,,identical,,0.0,0.0,0.0,1.0,0,0,0,0,0,0,,,
published,lhs298,lhs,101126.37596330744,0.0013695550134886507,0.960808893254864,0.7652168283468853,20,100,optimal,0.0,0,0,,optimal,0.0,0,0,,optimal,0.0,0,0,,,,identical,,0.0,0.0,0.0,1.0,0,0,0,0,0,0,,,,identical,,0.0,0.0,0.0,1.0,0,0,0,0,0,0,,,
published,lhs298,lhs,101126.37596330744,0.0013695550134886507,0.960808893254864,0.7652168283468853,15,100,optimal,0.0,0,0,,optimal,0.0,0,0,,optimal,0.0,0,0,,,,identical,,0.0,0.0,0.0,1.0,0,0,0,0,0,0,,,,identical,,0.0,0.0,0.0,1.0,0,0,0,0,0,0,,,
published,lhs298,lhs,101126.37596330744,0.0013695550134886507,0.960808893254864,0.7652168283468853,10,100,optimal,0.0,0,0,,optimal,0.0,0,0,,optimal,0.0,0,0,,,,identical,,0.0,0.0,0.0,1.0,0,0,0,0,0,0,,,,identical,,0.0,0.0,0.0,1.0,0,0,0,0,0,0,,,
published,lhs298,lhs,101126.37596330744,0.0013695550134886507,0.960808893254864,0.7652168283468853,6,100,optimal,0.0,0,0,,optimal,0.0,0,0,,optimal,0.0,0,0,,,,identical,,0.0,0.0,0.0,1.0,0,0,0,0,0,0,,,,identical,,0.0,0.0,0.0,1.0,0,0,0,0,0,0,,,
published,lhs299,lhs,50893.98436873973,0.0013292490428922065,0.9744604075890837,0.6134395630438546,1000000,100,optimal,0.0,0,0,,optimal,0.0,0,0,,optimal,0.0,0,0,,,,identical,,0.0,0.0,0.0,1.0,0,0,0,0,0,0,,,,identical,,0.0,0.0,0.0,1.0,0,0,0,0,0,0,,,
published,lhs299,lhs,50893.98436873973,0.0013292490428922065,0.9744604075890837,0.6134395630438546,40,100,optimal,0.0,0,0,,optimal,0.0,0,0,,optimal,0.0,0,0,,,,identical,,0.0,0.0,0.0,1.0,0,0,0,0,0,0,,,,identical,,0.0,0.0,0.0,1.0,0,0,0,0,0,0,,,
published,lhs299,lhs,50893.98436873973,0.0013292490428922065,0.9744604075890837,0.6134395630438546,30,100,optimal,0.0,0,0,,optimal,0.0,0,0,,optimal,0.0,0,0,,,,identical,,0.0,0.0,0.0,1.0,0,0,0,0,0,0,,,,identical,,0.0,0.0,0.0,1.0,0,0,0,0,0,0,,,
published,lhs299,lhs,50893.98436873973,0.0013292490428922065,0.9744604075890837,0.6134395630438546,20,100,optimal,0.0,0,0,,optimal,0.0,0,0,,optimal,0.0,0,0,,,,identical,,0.0,0.0,0.0,1.0,0,0,0,0,0,0,,,,identical,,0.0,0.0,0.0,1.0,0,0,0,0,0,0,,,
published,lhs299,lhs,50893.98436873973,0.0013292490428922065,0.9744604075890837,0.6134395630438546,15,100,optimal,0.0,0,0,,optimal,0.0,0,0,,optimal,0.0,0,0,,,,identical,,0.0,0.0,0.0,1.0,0,0,0,0,0,0,,,,identical,,0.0,0.0,0.0,1.0,0,0,0,0,0,0,,,
published,lhs299,lhs,50893.98436873973,0.0013292490428922065,0.9744604075890837,0.6134395630438546,10,100,optimal,0.0,0,0,,optimal,0.0,0,0,,optimal,0.0,0,0,,,,identical,,0.0,0.0,0.0,1.0,0,0,0,0,0,0,,,,identical,,0.0,0.0,0.0,1.0,0,0,0,0,0,0,,,
published,lhs299,lhs,50893.98436873973,0.0013292490428922065,0.9744604075890837,0.6134395630438546,6,100,optimal,0.0,0,0,,optimal,0.0,0,0,,optimal,0.0,0,0,,,,identical,,0.0,0.0,0.0,1.0,0,0,0,0,0,0,,,,identical,,0.0,0.0,0.0,1.0,0,0,0,0,0,0,,,
