point,budget,memories,plan,pair,hops,width,max_link_km,repeaters,wp_min,utility_under_paper,utility_under_coordinated,utility_under_ext
midrange,1000000,100,paper,Calgary-Edmonton,4,14,75.0,CAL-EDM:1;CAL-EDM:2;CAL-EDM:3,0.03319923187926317,6.326371571799657,5.269161655060451,-8.500539067087992
midrange,1000000,100,paper,Calgary-Kamloops,8,14,75.0,KAM-CAL:7;KAM-CAL:6;KAM-CAL:5;KAM-CAL:4;KAM-CAL:3;KAM-CAL:2;KAM-CAL:1,0.03319923187926317,3.676148761760281,2.235362907529687,-30.89037900359802
midrange,1000000,100,paper,Calgary-Kelowna,8,14,76.2,KEL-CAL:7;KEL-CAL:6;KEL-CAL:5;KEL-CAL:4;KEL-CAL:3;KEL-CAL:2;KEL-CAL:1,0.030017743045081,3.5308144076089585,2.089864318681953,-32.03606354367555
midrange,1000000,100,paper,Calgary-Saskatoon,8,27,80.0,CAL-SAS:1;CAL-SAS:2;CAL-SAS:3;CAL-SAS:4;CAL-SAS:5;CAL-SAS:6;CAL-SAS:7,0.04279211619645008,4.042343925260858,2.6009898083670366,-28.02033990725804
midrange,1000000,100,paper,Calgary-Vancouver,13,27,75.0,KAM-CAL:7;KAM-CAL:6;KAM-CAL:5;KAM-CAL:4;KAM-CAL:3;KAM-CAL:2;KAM-CAL:1;Kamloops;VAN-KAM:4;VAN-KAM:3;VAN-KAM:2;VAN-KAM:1,0.0640270900528647,1.0621928083098684,-0.49748295145831084,-45.411754193343924
midrange,1000000,100,paper,Edmonton-Kamloops,12,27,75.0,CAL-EDM:3;CAL-EDM:2;CAL-EDM:1;Calgary;KAM-CAL:7;KAM-CAL:6;KAM-CAL:5;KAM-CAL:4;KAM-CAL:3;KAM-CAL:2;KAM-CAL:1,0.0640270900528647,1.8105201871115395,0.17844231410622008,-42.337767210890306
midrange,1000000,100,paper,Edmonton-Kelowna,12,27,76.2,CAL-EDM:3;CAL-EDM:2;CAL-EDM:1;Calgary;KEL-CAL:7;KEL-CAL:6;KEL-CAL:5;KEL-CAL:4;KEL-CAL:3;KEL-CAL:2;KEL-CAL:1,0.05789136158694193,1.665185832960217,0.07707277243781241,-43.4666287986091
midrange,1000000,100,paper,Edmonton-Saskatoon,7,27,75.7,EDM-SAS:1;EDM-SAS:2;EDM-SAS:3;EDM-SAS:4;EDM-SAS:5;EDM-SAS:6,0.06044547074134525,5.214302922778379,3.8413481012673536,-19.367730623443688
midrange,1000000,100,paper,Kamloops-Kelowna,3,27,63.3,KAM-KEL:1;KAM-KEL:2,0.16394459283656687,9.277588385649226,8.407481921047328,3.722996037763886
midrange,1000000,100,paper,Kamloops-Vancouver,5,27,72.0,VAN-KAM:4;VAN-KAM:3;VAN-KAM:2;VAN-KAM:1,0.08153869645085443,6.970208819981862,5.781220008640862,-7.776899741125049
midrange,1000000,100,paper,Kelowna-Vancouver,5,27,78.0,VAN-KEL:4;VAN-KEL:3;VAN-KEL:2;VAN-KEL:1,0.050276352689897476,6.272603920055517,5.082778183160729,-11.157321096918599
midrange,1000000,100,paper,Montreal-Ottawa,3,27,66.7,OTT-MON:2;OTT-MON:1,0.12532289850754513,8.890030107912368,8.018887175336305,2.6388487205231295
midrange,1000000,100,paper,Montreal-Toronto,7,27,77.1,TOR-MON:6;TOR-MON:5;TOR-MON:4;TOR-MON:3;TOR-MON:2;TOR-MON:1,0.05387208250415978,5.04820651803401,3.675075767693187,-20.498691852829698
midrange,1000000,100,paper,Ottawa-Toronto,6,52,75.0,TOR-OTT:5;TOR-OTT:4;TOR-OTT:3;TOR-OTT:2;TOR-OTT:1,0.12331143269440609,6.90842189886801,5.617323921968148,-8.708251577425306
midrange,1000000,100,coordinated,Calgary-Edmonton,4,14,75.0,CAL-EDM:1;CAL-EDM:2;CAL-EDM:3,0.03319923187926317,6.326371571799657,5.269161655060451,-8.500539067087992
midrange,1000000,100,coordinated,Calgary-Kamloops,8,14,75.0,KAM-CAL:7;KAM-CAL:6;KAM-CAL:5;KAM-CAL:4;KAM-CAL:3;KAM-CAL:2;KAM-CAL:1,0.03319923187926317,3.676148761760281,2.235362907529687,-30.89037900359802
midrange,1000000,100,coordinated,Calgary-Kelowna,8,14,76.2,KEL-CAL:7;KEL-CAL:6;KEL-CAL:5;KEL-CAL:4;KEL-CAL:3;KEL-CAL:2;KEL-CAL:1,0.030017743045081,3.5308144076089585,2.089864318681953,-32.03606354367555
midrange,1000000,100,coordinated,Calgary-Saskatoon,8,27,80.0,CAL-SAS:1;CAL-SAS:2;CAL-SAS:3;CAL-SAS:4;CAL-SAS:5;CAL-SAS:6;CAL-SAS:7,0.04279211619645008,4.042343925260858,2.6009898083670366,-28.02033990725804
midrange,1000000,100,coordinated,Calgary-Vancouver,13,27,75.0,KAM-CAL:7;KAM-CAL:6;KAM-CAL:5;KAM-CAL:4;KAM-CAL:3;KAM-CAL:2;KAM-CAL:1;Kamloops;VAN-KAM:4;VAN-KAM:3;VAN-KAM:2;VAN-KAM:1,0.0640270900528647,1.0621928083098684,-0.49748295145831084,-45.411754193343924
midrange,1000000,100,coordinated,Edmonton-Kamloops,12,27,75.0,CAL-EDM:3;CAL-EDM:2;CAL-EDM:1;Calgary;KAM-CAL:7;KAM-CAL:6;KAM-CAL:5;KAM-CAL:4;KAM-CAL:3;KAM-CAL:2;KAM-CAL:1,0.0640270900528647,1.8105201871115395,0.17844231410622008,-42.337767210890306
midrange,1000000,100,coordinated,Edmonton-Kelowna,12,27,76.2,CAL-EDM:3;CAL-EDM:2;CAL-EDM:1;Calgary;KEL-CAL:7;KEL-CAL:6;KEL-CAL:5;KEL-CAL:4;KEL-CAL:3;KEL-CAL:2;KEL-CAL:1,0.05789136158694193,1.665185832960217,0.07707277243781241,-43.4666287986091
midrange,1000000,100,coordinated,Edmonton-Saskatoon,7,27,75.7,EDM-SAS:1;EDM-SAS:2;EDM-SAS:3;EDM-SAS:4;EDM-SAS:5;EDM-SAS:6,0.06044547074134525,5.214302922778379,3.8413481012673536,-19.367730623443688
midrange,1000000,100,coordinated,Kamloops-Kelowna,3,27,63.3,KAM-KEL:1;KAM-KEL:2,0.16394459283656687,9.277588385649226,8.407481921047328,3.722996037763886
midrange,1000000,100,coordinated,Kamloops-Vancouver,5,27,72.0,VAN-KAM:4;VAN-KAM:3;VAN-KAM:2;VAN-KAM:1,0.08153869645085443,6.970208819981862,5.781220008640862,-7.776899741125049
midrange,1000000,100,coordinated,Kelowna-Vancouver,5,27,78.0,VAN-KEL:4;VAN-KEL:3;VAN-KEL:2;VAN-KEL:1,0.050276352689897476,6.272603920055517,5.082778183160729,-11.157321096918599
midrange,1000000,100,coordinated,Montreal-Ottawa,3,27,66.7,OTT-MON:2;OTT-MON:1,0.12532289850754513,8.890030107912368,8.018887175336305,2.6388487205231295
midrange,1000000,100,coordinated,Montreal-Toronto,7,27,77.1,TOR-MON:6;TOR-MON:5;TOR-MON:4;TOR-MON:3;TOR-MON:2;TOR-MON:1,0.05387208250415978,5.04820651803401,3.675075767693187,-20.498691852829698
midrange,1000000,100,coordinated,Ottawa-Toronto,6,52,75.0,TOR-OTT:5;TOR-OTT:4;TOR-OTT:3;TOR-OTT:2;TOR-OTT:1,0.12331143269440609,6.90842189886801,5.617323921968148,-8.708251577425306
midrange,1000000,100,ext,Calgary-Edmonton,4,14,75.0,CAL-EDM:1;CAL-EDM:2;CAL-EDM:3,0.03319923187926317,6.326371571799657,5.269161655060451,-8.500539067087992
midrange,1000000,100,ext,Calgary-Kamloops,8,14,75.0,KAM-CAL:7;KAM-CAL:6;KAM-CAL:5;KAM-CAL:4;KAM-CAL:3;KAM-CAL:2;KAM-CAL:1,0.03319923187926317,3.676148761760281,2.235362907529687,-30.89037900359802
midrange,1000000,100,ext,Calgary-Kelowna,8,14,76.2,KEL-CAL:7;KEL-CAL:6;KEL-CAL:5;KEL-CAL:4;KEL-CAL:3;KEL-CAL:2;KEL-CAL:1,0.030017743045081,3.5308144076089585,2.089864318681953,-32.03606354367555
midrange,1000000,100,ext,Calgary-Saskatoon,8,27,80.0,CAL-SAS:1;CAL-SAS:2;CAL-SAS:3;CAL-SAS:4;CAL-SAS:5;CAL-SAS:6;CAL-SAS:7,0.04279211619645008,4.042343925260858,2.6009898083670366,-28.02033990725804
midrange,1000000,100,ext,Calgary-Vancouver,13,27,75.0,KAM-CAL:7;KAM-CAL:6;KAM-CAL:5;KAM-CAL:4;KAM-CAL:3;KAM-CAL:2;KAM-CAL:1;Kamloops;VAN-KAM:4;VAN-KAM:3;VAN-KAM:2;VAN-KAM:1,0.0640270900528647,1.0621928083098684,-0.49748295145831084,-45.411754193343924
midrange,1000000,100,ext,Edmonton-Kamloops,12,27,75.0,CAL-EDM:3;CAL-EDM:2;CAL-EDM:1;Calgary;KAM-CAL:7;KAM-CAL:6;KAM-CAL:5;KAM-CAL:4;KAM-CAL:3;KAM-CAL:2;KAM-CAL:1,0.0640270900528647,1.8105201871115395,0.17844231410622008,-42.337767210890306
midrange,1000000,100,ext,Edmonton-Kelowna,12,27,76.2,CAL-EDM:3;CAL-EDM:2;CAL-EDM:1;Calgary;KEL-CAL:7;KEL-CAL:6;KEL-CAL:5;KEL-CAL:4;KEL-CAL:3;KEL-CAL:2;KEL-CAL:1,0.05789136158694193,1.665185832960217,0.07707277243781241,-43.4666287986091
midrange,1000000,100,ext,Edmonton-Saskatoon,7,27,75.7,EDM-SAS:1;EDM-SAS:2;EDM-SAS:3;EDM-SAS:4;EDM-SAS:5;EDM-SAS:6,0.06044547074134525,5.214302922778379,3.8413481012673536,-19.367730623443688
midrange,1000000,100,ext,Kamloops-Kelowna,3,27,63.3,KAM-KEL:1;KAM-KEL:2,0.16394459283656687,9.277588385649226,8.407481921047328,3.722996037763886
midrange,1000000,100,ext,Kamloops-Vancouver,5,27,72.0,VAN-KAM:4;VAN-KAM:3;VAN-KAM:2;VAN-KAM:1,0.08153869645085443,6.970208819981862,5.781220008640862,-7.776899741125049
midrange,1000000,100,ext,Kelowna-Vancouver,5,27,78.0,VAN-KEL:4;VAN-KEL:3;VAN-KEL:2;VAN-KEL:1,0.050276352689897476,6.272603920055517,5.082778183160729,-11.157321096918599
midrange,1000000,100,ext,Montreal-Ottawa,3,27,66.7,OTT-MON:2;OTT-MON:1,0.12532289850754513,8.890030107912368,8.018887175336305,2.6388487205231295
midrange,1000000,100,ext,Montreal-Toronto,7,52,77.1,TOR-MON:6;TOR-MON:5;TOR-MON:4;TOR-MON:3;TOR-MON:2;TOR-MON:1,0.10375364037838179,5.993758734011633,4.62062798367081,-14.128636803587984
midrange,1000000,100,ext,Ottawa-Toronto,6,27,75.0,TOR-OTT:5;TOR-OTT:4;TOR-OTT:3;TOR-OTT:2;TOR-OTT:1,0.0640270900528647,5.962869682890386,4.6717717059905235,-14.128687141477732
midrange,40,100,paper,Calgary-Edmonton,4,14,75.0,CAL-EDM:1;CAL-EDM:2;CAL-EDM:3,0.03319923187926317,6.326371571799657,5.269161655060451,-8.500539067087992
midrange,40,100,paper,Calgary-Kamloops,8,14,75.0,KAM-CAL:7;KAM-CAL:6;KAM-CAL:5;KAM-CAL:4;KAM-CAL:3;KAM-CAL:2;KAM-CAL:1,0.03319923187926317,3.676148761760281,2.235362907529687,-30.89037900359802
midrange,40,100,paper,Calgary-Kelowna,8,14,76.2,KEL-CAL:7;KEL-CAL:6;KEL-CAL:5;KEL-CAL:4;KEL-CAL:3;KEL-CAL:2;KEL-CAL:1,0.030017743045081,3.5308144076089585,2.089864318681953,-32.03606354367555
midrange,40,100,paper,Calgary-Saskatoon,11,27,75.7,CAL-EDM:1;CAL-EDM:2;CAL-EDM:3;Edmonton;EDM-SAS:1;EDM-SAS:2;EDM-SAS:3;EDM-SAS:4;EDM-SAS:5;EDM-SAS:6,0.06044547074134525,2.4536904546511096,0.8895490720148128,-38.16616347323427
midrange,40,100,paper,Calgary-Vancouver,13,27,75.0,KAM-CAL:7;KAM-CAL:6;KAM-CAL:5;KAM-CAL:4;KAM-CAL:3;KAM-CAL:2;KAM-CAL:1;Kamloops;VAN-KAM:4;VAN-KAM:3;VAN-KAM:2;VAN-KAM:1,0.0640270900528647,1.0621928083098684,-0.49748295145831084,-45.411754193343924
midrange,40,100,paper,Edmonton-Kamloops,12,27,75.0,CAL-EDM:3;CAL-EDM:2;CAL-EDM:1;Calgary;KAM-CAL:7;KAM-CAL:6;KAM-CAL:5;KAM-CAL:4;KAM-CAL:3;KAM-CAL:2;KAM-CAL:1,0.0640270900528647,1.8105201871115395,0.17844231410622008,-42.337767210890306
midrange,40,100,paper,Edmonton-Kelowna,12,27,76.2,CAL-EDM:3;CAL-EDM:2;CAL-EDM:1;Calgary;KEL-CAL:7;KEL-CAL:6;KEL-CAL:5;KEL-CAL:4;KEL-CAL:3;KEL-CAL:2;KEL-CAL:1,0.05789136158694193,1.665185832960217,0.07707277243781241,-43.4666287986091
midrange,40,100,paper,Edmonton-Saskatoon,7,27,75.7,EDM-SAS:1;EDM-SAS:2;EDM-SAS:3;EDM-SAS:4;EDM-SAS:5;EDM-SAS:6,0.06044547074134525,5.214302922778379,3.8413481012673536,-19.367730623443688
midrange,40,100,paper,Kamloops-Kelowna,3,27,63.3,KAM-KEL:1;KAM-KEL:2,0.16394459283656687,9.277588385649226,8.407481921047328,3.722996037763886
midrange,40,100,paper,Kamloops-Vancouver,5,27,72.0,VAN-KAM:4;VAN-KAM:3;VAN-KAM:2;VAN-KAM:1,0.08153869645085443,6.970208819981862,5.781220008640862,-7.776899741125049
midrange,40,100,paper,Kelowna-Vancouver,8,27,72.0,KAM-KEL:2;KAM-KEL:1;Kamloops;VAN-KAM:4;VAN-KAM:3;VAN-KAM:2;VAN-KAM:1,0.08153869645085443,4.972483791829318,3.743335040411302,-17.938599761216953
midrange,40,100,paper,Montreal-Ottawa,3,27,66.7,OTT-MON:2;OTT-MON:1,0.12532289850754513,8.890030107912368,8.018887175336305,2.6388487205231295
midrange,40,100,paper,Montreal-Toronto,9,27,75.0,OTT-MON:2;OTT-MON:1;Ottawa;TOR-OTT:5;TOR-OTT:4;TOR-OTT:3;TOR-OTT:2;TOR-OTT:1,0.0640270900528647,3.940385967991925,2.6179781377078823,-25.398931219817825
midrange,40,100,paper,Ottawa-Toronto,6,52,75.0,TOR-OTT:5;TOR-OTT:4;TOR-OTT:3;TOR-OTT:2;TOR-OTT:1,0.12331143269440609,6.90842189886801,5.617323921968148,-8.708251577425306
midrange,40,100,coordinated,Calgary-Edmonton,4,14,75.0,CAL-EDM:1;CAL-EDM:2;CAL-EDM:3,0.03319923187926317,6.326371571799657,5.269161655060451,-8.500539067087992
midrange,40,100,coordinated,Calgary-Kamloops,8,14,75.0,KAM-CAL:7;KAM-CAL:6;KAM-CAL:5;KAM-CAL:4;KAM-CAL:3;KAM-CAL:2;KAM-CAL:1,0.03319923187926317,3.676148761760281,2.235362907529687,-30.89037900359802
midrange,40,100,coordinated,Calgary-Kelowna,8,14,76.2,KEL-CAL:7;KEL-CAL:6;KEL-CAL:5;KEL-CAL:4;KEL-CAL:3;KEL-CAL:2;KEL-CAL:1,0.030017743045081,3.5308144076089585,2.089864318681953,-32.03606354367555
midrange,40,100,coordinated,Calgary-Saskatoon,11,27,75.7,CAL-EDM:1;CAL-EDM:2;CAL-EDM:3;Edmonton;EDM-SAS:1;EDM-SAS:2;EDM-SAS:3;EDM-SAS:4;EDM-SAS:5;EDM-SAS:6,0.06044547074134525,2.4536904546511096,0.8895490720148128,-38.16616347323427
midrange,40,100,coordinated,Calgary-Vancouver,13,27,75.0,KAM-CAL:7;KAM-CAL:6;KAM-CAL:5;KAM-CAL:4;KAM-CAL:3;KAM-CAL:2;KAM-CAL:1;Kamloops;VAN-KAM:4;VAN-KAM:3;VAN-KAM:2;VAN-KAM:1,0.0640270900528647,1.0621928083098684,-0.49748295145831084,-45.411754193343924
midrange,40,100,coordinated,Edmonton-Kamloops,12,27,75.0,CAL-EDM:3;CAL-EDM:2;CAL-EDM:1;Calgary;KAM-CAL:7;KAM-CAL:6;KAM-CAL:5;KAM-CAL:4;KAM-CAL:3;KAM-CAL:2;KAM-CAL:1,0.0640270900528647,1.8105201871115395,0.17844231410622008,-42.337767210890306
midrange,40,100,coordinated,Edmonton-Kelowna,12,27,76.2,CAL-EDM:3;CAL-EDM:2;CAL-EDM:1;Calgary;KEL-CAL:7;KEL-CAL:6;KEL-CAL:5;KEL-CAL:4;KEL-CAL:3;KEL-CAL:2;KEL-CAL:1,0.05789136158694193,1.665185832960217,0.07707277243781241,-43.4666287986091
midrange,40,100,coordinated,Edmonton-Saskatoon,7,27,75.7,EDM-SAS:1;EDM-SAS:2;EDM-SAS:3;EDM-SAS:4;EDM-SAS:5;EDM-SAS:6,0.06044547074134525,5.214302922778379,3.8413481012673536,-19.367730623443688
midrange,40,100,coordinated,Kamloops-Kelowna,3,27,63.3,KAM-KEL:1;KAM-KEL:2,0.16394459283656687,9.277588385649226,8.407481921047328,3.722996037763886
midrange,40,100,coordinated,Kamloops-Vancouver,5,27,72.0,VAN-KAM:4;VAN-KAM:3;VAN-KAM:2;VAN-KAM:1,0.08153869645085443,6.970208819981862,5.781220008640862,-7.776899741125049
midrange,40,100,coordinated,Kelowna-Vancouver,8,27,72.0,KAM-KEL:2;KAM-KEL:1;Kamloops;VAN-KAM:4;VAN-KAM:3;VAN-KAM:2;VAN-KAM:1,0.08153869645085443,4.972483791829318,3.743335040411302,-17.938599761216953
midrange,40,100,coordinated,Montreal-Ottawa,3,52,66.7,OTT-MON:2;OTT-MON:1,0.24136261934786468,9.835582323889993,8.964439391313928,5.233347787440292
midrange,40,100,coordinated,Montreal-Toronto,9,27,75.0,OTT-MON:2;OTT-MON:1;Ottawa;TOR-OTT:5;TOR-OTT:4;TOR-OTT:3;TOR-OTT:2;TOR-OTT:1,0.0640270900528647,3.940385967991925,2.6179781377078823,-25.398931219817825
midrange,40,100,coordinated,Ottawa-Toronto,6,27,75.0,TOR-OTT:5;TOR-OTT:4;TOR-OTT:3;TOR-OTT:2;TOR-OTT:1,0.0640270900528647,5.962869682890386,4.6717717059905235,-14.128687141477732
midrange,40,100,ext,Calgary-Edmonton,4,14,75.0,CAL-EDM:1;CAL-EDM:2;CAL-EDM:3,0.03319923187926317,6.326371571799657,5.269161655060451,-8.500539067087992
midrange,40,100,ext,Calgary-Kamloops,8,14,75.0,KAM-CAL:7;KAM-CAL:6;KAM-CAL:5;KAM-CAL:4;KAM-CAL:3;KAM-CAL:2;KAM-CAL:1,0.03319923187926317,3.676148761760281,2.235362907529687,-30.89037900359802
midrange,40,100,ext,Calgary-Kelowna,8,14,76.2,KEL-CAL:7;KEL-CAL:6;KEL-CAL:5;KEL-CAL:4;KEL-CAL:3;KEL-CAL:2;KEL-CAL:1,0.030017743045081,3.5308144076089585,2.089864318681953,-32.03606354367555
midrange,40,100,ext,Calgary-Saskatoon,11,27,75.7,CAL-EDM:1;CAL-EDM:2;CAL-EDM:3;Edmonton;EDM-SAS:1;EDM-SAS:2;EDM-SAS:3;EDM-SAS:4;EDM-SAS:5;EDM-SAS:6,0.06044547074134525,2.4536904546511096,0.8895490720148128,-38.16616347323427
midrange,40,100,ext,Calgary-Vancouver,13,27,75.0,KAM-CAL:7;KAM-CAL:6;KAM-CAL:5;KAM-CAL:4;KAM-CAL:3;KAM-CAL:2;KAM-CAL:1;Kamloops;VAN-KAM:4;VAN-KAM:3;VAN-KAM:2;VAN-KAM:1,0.0640270900528647,1.0621928083098684,-0.49748295145831084,-45.411754193343924
midrange,40,100,ext,Edmonton-Kamloops,12,27,75.0,CAL-EDM:3;CAL-EDM:2;CAL-EDM:1;Calgary;KAM-CAL:7;KAM-CAL:6;KAM-CAL:5;KAM-CAL:4;KAM-CAL:3;KAM-CAL:2;KAM-CAL:1,0.0640270900528647,1.8105201871115395,0.17844231410622008,-42.337767210890306
midrange,40,100,ext,Edmonton-Kelowna,12,27,76.2,CAL-EDM:3;CAL-EDM:2;CAL-EDM:1;Calgary;KEL-CAL:7;KEL-CAL:6;KEL-CAL:5;KEL-CAL:4;KEL-CAL:3;KEL-CAL:2;KEL-CAL:1,0.05789136158694193,1.665185832960217,0.07707277243781241,-43.4666287986091
midrange,40,100,ext,Edmonton-Saskatoon,7,27,75.7,EDM-SAS:1;EDM-SAS:2;EDM-SAS:3;EDM-SAS:4;EDM-SAS:5;EDM-SAS:6,0.06044547074134525,5.214302922778379,3.8413481012673536,-19.367730623443688
midrange,40,100,ext,Kamloops-Kelowna,3,27,63.3,KAM-KEL:1;KAM-KEL:2,0.16394459283656687,9.277588385649226,8.407481921047328,3.722996037763886
midrange,40,100,ext,Kamloops-Vancouver,5,27,72.0,VAN-KAM:4;VAN-KAM:3;VAN-KAM:2;VAN-KAM:1,0.08153869645085443,6.970208819981862,5.781220008640862,-7.776899741125049
midrange,40,100,ext,Kelowna-Vancouver,8,27,72.0,KAM-KEL:2;KAM-KEL:1;Kamloops;VAN-KAM:4;VAN-KAM:3;VAN-KAM:2;VAN-KAM:1,0.08153869645085443,4.972483791829318,3.743335040411302,-17.938599761216953
midrange,40,100,ext,Montreal-Ottawa,3,27,66.7,OTT-MON:2;OTT-MON:1,0.12532289850754513,8.890030107912368,8.018887175336305,2.6388487205231295
midrange,40,100,ext,Montreal-Toronto,9,52,75.0,OTT-MON:2;OTT-MON:1;Ottawa;TOR-OTT:5;TOR-OTT:4;TOR-OTT:3;TOR-OTT:2;TOR-OTT:1,0.12331143269440609,4.885938183969548,3.563530353685506,-17.385834210637146
midrange,40,100,ext,Ottawa-Toronto,6,27,75.0,TOR-OTT:5;TOR-OTT:4;TOR-OTT:3;TOR-OTT:2;TOR-OTT:1,0.0640270900528647,5.962869682890386,4.6717717059905235,-14.128687141477732
midrange,30,100,paper,Calgary-Edmonton,2,14,150.0,CAL-EDM:2,7.872778552664888e-05,-1.1038577095147817,-1.6888449768014782,-14.736730750558865
midrange,30,100,paper,Calgary-Kamloops,8,14,75.0,KAM-CAL:7;KAM-CAL:6;KAM-CAL:5;KAM-CAL:4;KAM-CAL:3;KAM-CAL:2;KAM-CAL:1,0.03319923187926317,3.676148761760281,2.235362907529687,-30.89037900359802
midrange,30,100,paper,Calgary-Kelowna,11,14,75.0,KAM-CAL:7;KAM-CAL:6;KAM-CAL:5;KAM-CAL:4;KAM-CAL:3;KAM-CAL:2;KAM-CAL:1;Kamloops;KAM-KEL:1;KAM-KEL:2,0.03319923187926317,1.589206076917427,0.14220852495354663,-43.81611658247546
midrange,30,100,paper,Calgary-Saskatoon,6,27,151.4,CAL-EDM:2;Edmonton;EDM-SAS:1;EDM-SAS:3;EDM-SAS:5,0.00013532055307936385,-2.9232879709333046,-4.052939824158047,-58.086950187160994
midrange,30,100,paper,Calgary-Vancouver,13,27,75.0,KAM-CAL:7;KAM-CAL:6;KAM-CAL:5;KAM-CAL:4;KAM-CAL:3;KAM-CAL:2;KAM-CAL:1;Kamloops;VAN-KAM:4;VAN-KAM:3;VAN-KAM:2;VAN-KAM:1,0.0640270900528647,1.0621928083098684,-0.49748295145831084,-45.411754193343924
midrange,30,100,paper,Edmonton-Kamloops,6,27,150.0,CAL-EDM:2;Calgary;KAM-CAL:6;KAM-CAL:4;KAM-CAL:2,0.00015183215780139426,-2.75719156618894,-4.049997763776868,-66.18399934353297
midrange,30,100,paper,Edmonton-Kelowna,6,27,152.5,CAL-EDM:2;Calgary;KEL-CAL:6;KEL-CAL:4;KEL-CAL:2,0.00012412628690333538,-3.0478602744915855,-4.2578714469280055,-67.34659719676483
midrange,30,100,paper,Edmonton-Saskatoon,4,27,151.4,EDM-SAS:1;EDM-SAS:3;EDM-SAS:5,0.00013532055307936385,-1.6122535019181692,-2.486801531233748,-31.40523479369944
midrange,30,100,paper,Kamloops-Kelowna,3,27,63.3,KAM-KEL:1;KAM-KEL:2,0.16394459283656687,9.277588385649226,8.407481921047328,3.722996037763886
midrange,30,100,paper,Kamloops-Vancouver,5,27,72.0,VAN-KAM:4;VAN-KAM:3;VAN-KAM:2;VAN-KAM:1,0.08153869645085443,6.970208819981862,5.781220008640862,-7.776899741125049
midrange,30,100,paper,Kelowna-Vancouver,8,27,72.0,KAM-KEL:2;KAM-KEL:1;Kamloops;VAN-KAM:4;VAN-KAM:3;VAN-KAM:2;VAN-KAM:1,0.08153869645085443,4.972483791829318,3.743335040411302,-17.938599761216953
midrange,30,100,paper,Montreal-Ottawa,3,27,66.7,OTT-MON:2;OTT-MON:1,0.12532289850754513,8.890030107912368,8.018887175336305,2.6388487205231295
midrange,30,100,paper,Montreal-Toronto,5,52,150.0,OTT-MON:1;TOR-OTT:5;TOR-OTT:3;TOR-OTT:1,0.00029241748909898153,-1.1531026630830132,-1.8306244662294497,-36.573124281779194
midrange,30,100,paper,Ottawa-Toronto,6,27,75.0,TOR-OTT:5;TOR-OTT:4;TOR-OTT:3;TOR-OTT:2;TOR-OTT:1,0.0640270900528647,5.962869682890386,4.6717717059905235,-14.128687141477732
midrange,30,100,coordinated,Calgary-Edmonton,2,14,150.0,CAL-EDM:2,7.872778552664888e-05,-1.1038577095147817,-1.6888449768014782,-14.736730750558865
midrange,30,100,coordinated,Calgary-Kamloops,8,14,75.0,KAM-CAL:7;KAM-CAL:6;KAM-CAL:5;KAM-CAL:4;KAM-CAL:3;KAM-CAL:2;KAM-CAL:1,0.03319923187926317,3.676148761760281,2.235362907529687,-30.89037900359802
midrange,30,100,coordinated,Calgary-Kelowna,11,14,75.0,KAM-CAL:7;KAM-CAL:6;KAM-CAL:5;KAM-CAL:4;KAM-CAL:3;KAM-CAL:2;KAM-CAL:1;Kamloops;KAM-KEL:1;KAM-KEL:2,0.03319923187926317,1.589206076917427,0.14220852495354663,-43.81611658247546
midrange,30,100,coordinated,Calgary-Saskatoon,6,27,151.4,CAL-EDM:2;Edmonton;EDM-SAS:1;EDM-SAS:3;EDM-SAS:5,0.00013532055307936385,-2.9232879709333046,-4.052939824158047,-58.086950187160994
midrange,30,100,coordinated,Calgary-Vancouver,13,27,75.0,KAM-CAL:7;KAM-CAL:6;KAM-CAL:5;KAM-CAL:4;KAM-CAL:3;KAM-CAL:2;KAM-CAL:1;Kamloops;VAN-KAM:4;VAN-KAM:3;VAN-KAM:2;VAN-KAM:1,0.0640270900528647,1.0621928083098684,-0.49748295145831084,-45.411754193343924
midrange,30,100,coordinated,Edmonton-Kamloops,6,27,150.0,CAL-EDM:2;Calgary;KAM-CAL:6;KAM-CAL:4;KAM-CAL:2,0.00015183215780139426,-2.75719156618894,-4.049997763776868,-66.18399934353297
midrange,30,100,coordinated,Edmonton-Kelowna,6,27,152.5,CAL-EDM:2;Calgary;KEL-CAL:6;KEL-CAL:4;KEL-CAL:2,0.00012412628690333538,-3.0478602744915855,-4.2578714469280055,-67.34659719676483
midrange,30,100,coordinated,Edmonton-Saskatoon,4,27,151.4,EDM-SAS:1;EDM-SAS:3;EDM-SAS:5,0.00013532055307936385,-1.6122535019181692,-2.486801531233748,-31.40523479369944
midrange,30,100,coordinated,Kamloops-Kelowna,3,27,63.3,KAM-KEL:1;KAM-KEL:2,0.16394459283656687,9.277588385649226,8.407481921047328,3.722996037763886
midrange,30,100,coordinated,Kamloops-Vancouver,5,27,72.0,VAN-KAM:4;VAN-KAM:3;VAN-KAM:2;VAN-KAM:1,0.08153869645085443,6.970208819981862,5.781220008640862,-7.776899741125049
midrange,30,100,coordinated,Kelowna-Vancouver,8,27,72.0,KAM-KEL:2;KAM-KEL:1;Kamloops;VAN-KAM:4;VAN-KAM:3;VAN-KAM:2;VAN-KAM:1,0.08153869645085443,4.972483791829318,3.743335040411302,-17.938599761216953
midrange,30,100,coordinated,Montreal-Ottawa,3,27,66.7,OTT-MON:2;OTT-MON:1,0.12532289850754513,8.890030107912368,8.018887175336305,2.6388487205231295
midrange,30,100,coordinated,Montreal-Toronto,5,52,150.0,OTT-MON:1;TOR-OTT:5;TOR-OTT:3;TOR-OTT:1,0.00029241748909898153,-1.1531026630830132,-1.8306244662294497,-36.573124281779194
midrange,30,100,coordinated,Ottawa-Toronto,6,27,75.0,TOR-OTT:5;TOR-OTT:4;TOR-OTT:3;TOR-OTT:2;TOR-OTT:1,0.0640270900528647,5.962869682890386,4.6717717059905235,-14.128687141477732
midrange,30,100,ext,Calgary-Edmonton,4,7,75.0,CAL-EDM:1;CAL-EDM:2;CAL-EDM:3,0.016599615939631586,5.326371571799657,4.269161655060451,-12.452785131864129
midrange,30,100,ext,Calgary-Kamloops,8,27,75.0,KAM-CAL:7;KAM-CAL:6;KAM-CAL:5;KAM-CAL:4;KAM-CAL:3;KAM-CAL:2;KAM-CAL:1,0.0640270900528647,4.6236813418661455,3.182895487635551,-23.486785674495366
midrange,30,100,ext,Calgary-Kelowna,8,27,76.2,KEL-CAL:7;KEL-CAL:6;KEL-CAL:5;KEL-CAL:4;KEL-CAL:3;KEL-CAL:2;KEL-CAL:1,0.05789136158694193,4.478346987714823,3.0373968987878177,-24.615647262214765
midrange,30,100,ext,Calgary-Saskatoon,3,7,240.0,CAL-SAS:2;CAL-SAS:5,2.7867501938744783e-08,-13.210532914510162,-13.79558182991789,-54.102827304932596
midrange,30,100,ext,Calgary-Vancouver,11,27,144.0,KAM-CAL:7;KAM-CAL:6;KAM-CAL:5;KAM-CAL:4;KAM-CAL:3;KAM-CAL:2;KAM-CAL:1;Kamloops;VAN-KAM:3;VAN-KAM:1,0.0002462429266260956,-5.485717692129689,-6.070753488098233,-53.222026638729204
midrange,30,100,ext,Edmonton-Kamloops,12,27,75.0,CAL-EDM:3;CAL-EDM:2;CAL-EDM:1;Calgary;KAM-CAL:7;KAM-CAL:6;KAM-CAL:5;KAM-CAL:4;KAM-CAL:3;KAM-CAL:2;KAM-CAL:1,0.0640270900528647,1.8105201871115395,0.17844231410622008,-42.337767210890306
midrange,30,100,ext,Edmonton-Kelowna,12,52,76.2,CAL-EDM:3;CAL-EDM:2;CAL-EDM:1;Calgary;KEL-CAL:7;KEL-CAL:6;KEL-CAL:5;KEL-CAL:4;KEL-CAL:3;KEL-CAL:2;KEL-CAL:1,0.11149447416744371,2.6107380489378404,1.0226249884154364,-32.59387610679114
midrange,30,100,ext,Edmonton-Saskatoon,3,14,227.1,EDM-SAS:2;EDM-SAS:4,1.5708258360227545e-07,-10.715665271810844,-10.715760401029339,-38.31348733620956
midrange,30,100,ext,Kamloops-Kelowna,1,7,190.0,,1.5671047969978364e-06,-6.116048763111619,-6.116148998113127,-6.116048763111622
midrange,30,100,ext,Kamloops-Vancouver,3,27,144.0,VAN-KAM:3;VAN-KAM:1,0.0002462429266260956,-0.10132193558276013,-0.6863571367008606,-15.761990118116554
midrange,30,100,ext,Kelowna-Vancouver,2,14,234.0,VAN-KEL:2,9.039159206485187e-08,-10.870326308483625,-10.870415877582245,-25.20073136028119
midrange,30,100,ext,Montreal-Ottawa,1,27,200.0,,2.7e-06,-5.33119101621633,-5.331291340572694,-5.3311910162163265
midrange,30,100,ext,Montreal-Toronto,4,52,154.3,TOR-MON:5;TOR-MON:3;TOR-MON:1,0.00020701572868781883,-0.9988940954292835,-1.8734441556170065,-28.816871977975012
midrange,30,100,ext,Ottawa-Toronto,2,27,225.0,TOR-OTT:3,3.6005078668409747e-07,-8.876386378488244,-9.461377692600326,-30.28168312376754
midrange,20,100,paper,Calgary-Edmonton,2,14,150.0,CAL-EDM:2,7.872778552664888e-05,-1.1038577095147817,-1.6888449768014782,-14.736730750558865
midrange,20,100,paper,Calgary-Kamloops,4,14,150.0,KAM-CAL:6;KAM-CAL:4;KAM-CAL:2,7.872778552664888e-05,-2.393689677279669,-3.4526078147069414,-43.292203339323876
midrange,20,100,paper,Calgary-Kelowna,4,14,152.5,KEL-CAL:6;KEL-CAL:4;KEL-CAL:2,6.436177839432205e-05,-2.6843583855823145,-3.743277263218713,-44.45483968211891
midrange,20,100,paper,Calgary-Saskatoon,6,27,151.4,CAL-EDM:2;Edmonton;EDM-SAS:1;EDM-SAS:3;EDM-SAS:5,0.00013532055307936385,-2.9232879709333046,-4.052939824158047,-58.086950187160994
midrange,20,100,paper,Calgary-Vancouver,7,27,150.0,KAM-CAL:6;KAM-CAL:4;KAM-CAL:2;Kamloops;VAN-KAM:3;VAN-KAM:1,0.00015183215780139426,-3.422710123928765,-4.557627769780934,-69.12713525621628
midrange,20,100,paper,Edmonton-Kamloops,6,27,150.0,CAL-EDM:2;Calgary;KAM-CAL:6;KAM-CAL:4;KAM-CAL:2,0.00015183215780139426,-2.75719156618894,-4.049997763776868,-66.18399934353297
midrange,20,100,paper,Edmonton-Kelowna,6,27,152.5,CAL-EDM:2;Calgary;KEL-CAL:6;KEL-CAL:4;KEL-CAL:2,0.00012412628690333538,-3.0478602744915855,-4.2578714469280055,-67.34659719676483
midrange,20,100,paper,Edmonton-Saskatoon,4,27,151.4,EDM-SAS:1;EDM-SAS:3;EDM-SAS:5,0.00013532055307936385,-1.6122535019181692,-2.486801531233748,-31.40523479369944
midrange,20,100,paper,Kamloops-Kelowna,2,27,126.7,KAM-KEL:1,0.0009954751674202849,2.5565828147490945,2.5564850635982697,-0.16538023189710777
midrange,20,100,paper,Kamloops-Vancouver,5,27,72.0,VAN-KAM:4;VAN-KAM:3;VAN-KAM:2;VAN-KAM:1,0.08153869645085443,6.970208819981862,5.781220008640862,-7.776899741125049
midrange,20,100,paper,Kelowna-Vancouver,4,27,144.0,KAM-KEL:1;VAN-KAM:4;VAN-KAM:2,0.0002462429266260956,-0.7485521972474587,-1.4201479541709945,-33.68986535393724
midrange,20,100,paper,Montreal-Ottawa,1,27,200.0,,2.7e-06,-5.33119101621633,-5.331291340572694,-5.3311910162163265
midrange,20,100,paper,Montreal-Toronto,3,27,225.0,Ottawa;TOR-OTT:3,3.6005078668409747e-07,-9.518988084588432,-10.107167727526328,-49.422895867419044
midrange,20,100,paper,Ottawa-Toronto,2,52,225.0,TOR-OTT:3,6.934311447249285e-07,-7.93083416251062,-8.515825476622702,-28.390579172778324
midrange,20,100,coordinated,Calgary-Edmonton,2,14,150.0,CAL-EDM:2,7.872778552664888e-05,-1.1038577095147817,-1.6888449768014782,-14.736730750558865
midrange,20,100,coordinated,Calgary-Kamloops,4,14,150.0,KAM-CAL:6;KAM-CAL:4;KAM-CAL:2,7.872778552664888e-05,-2.393689677279669,-3.4526078147069414,-43.292203339323876
midrange,20,100,coordinated,Calgary-Kelowna,4,14,152.5,KEL-CAL:6;KEL-CAL:4;KEL-CAL:2,6.436177839432205e-05,-2.6843583855823145,-3.743277263218713,-44.45483968211891
midrange,20,100,coordinated,Calgary-Saskatoon,6,27,151.4,CAL-EDM:2;Edmonton;EDM-SAS:1;EDM-SAS:3;EDM-SAS:5,0.00013532055307936385,-2.9232879709333046,-4.052939824158047,-58.086950187160994
midrange,20,100,coordinated,Calgary-Vancouver,7,27,150.0,KAM-CAL:6;KAM-CAL:4;KAM-CAL:2;Kamloops;VAN-KAM:3;VAN-KAM:1,0.00015183215780139426,-3.422710123928765,-4.557627769780934,-69.12713525621628
midrange,20,100,coordinated,Edmonton-Kamloops,6,27,150.0,CAL-EDM:2;Calgary;KAM-CAL:6;KAM-CAL:4;KAM-CAL:2,0.00015183215780139426,-2.75719156618894,-4.049997763776868,-66.18399934353297
midrange,20,100,coordinated,Edmonton-Kelowna,6,27,152.5,CAL-EDM:2;Calgary;KEL-CAL:6;KEL-CAL:4;KEL-CAL:2,0.00012412628690333538,-3.0478602744915855,-4.2578714469280055,-67.34659719676483
midrange,20,100,coordinated,Edmonton-Saskatoon,4,27,151.4,EDM-SAS:1;EDM-SAS:3;EDM-SAS:5,0.00013532055307936385,-1.6122535019181692,-2.486801531233748,-31.40523479369944
midrange,20,100,coordinated,Kamloops-Kelowna,2,27,126.7,KAM-KEL:1,0.0009954751674202849,2.5565828147490945,2.5564850635982697,-0.16538023189710777
midrange,20,100,coordinated,Kamloops-Vancouver,5,27,72.0,VAN-KAM:4;VAN-KAM:3;VAN-KAM:2;VAN-KAM:1,0.08153869645085443,6.970208819981862,5.781220008640862,-7.776899741125049
midrange,20,100,coordinated,Kelowna-Vancouver,4,27,144.0,KAM-KEL:1;VAN-KAM:4;VAN-KAM:2,0.0002462429266260956,-0.7485521972474587,-1.4201479541709945,-33.68986535393724
midrange,20,100,coordinated,Montreal-Ottawa,1,27,200.0,,2.7e-06,-5.33119101621633,-5.331291340572694,-5.3311910162163265
midrange,20,100,coordinated,Montreal-Toronto,3,27,225.0,Ottawa;TOR-OTT:3,3.6005078668409747e-07,-9.518988084588432,-10.107167727526328,-49.422895867419044
midrange,20,100,coordinated,Ottawa-Toronto,2,52,225.0,TOR-OTT:3,6.934311447249285e-07,-7.93083416251062,-8.515825476622702,-28.390579172778324
midrange,20,100,ext,Calgary-Edmonton,2,4,150.0,CAL-EDM:2,2.2493653007613965e-05,-2.911212631572386,-3.4961998988590812,-18.35135946825103
midrange,20,100,ext,Calgary-Kamloops,4,14,150.0,KAM-CAL:6;KAM-CAL:4;KAM-CAL:2,7.872778552664888e-05,-2.393689677279669,-3.4526078147069414,-43.292203339323876
midrange,20,100,ext,Calgary-Kelowna,4,27,152.5,KEL-CAL:6;KEL-CAL:4;KEL-CAL:2,0.00012412628690333538,-1.7368258054764503,-2.795744683112848,-40.664881803303295
midrange,20,100,ext,Calgary-Saskatoon,3,27,240.0,CAL-SAS:2;CAL-SAS:5,1.0748893604944417e-07,-11.2630003344043,-11.848049249812025,-48.260265918133044
midrange,20,100,ext,Calgary-Vancouver,7,27,150.0,KAM-CAL:6;KAM-CAL:4;KAM-CAL:2;Kamloops;VAN-KAM:3;VAN-KAM:1,0.00015183215780139426,-3.422710123928765,-4.557627769780934,-69.12713525621628
midrange,20,100,ext,Edmonton-Kamloops,6,27,150.0,CAL-EDM:2;Calgary;KAM-CAL:6;KAM-CAL:4;KAM-CAL:2,0.00015183215780139426,-2.75719156618894,-4.049997763776868,-66.18399934353297
midrange,20,100,ext,Edmonton-Kelowna,6,52,152.5,CAL-EDM:2;Calgary;KEL-CAL:6;KEL-CAL:4;KEL-CAL:2,0.00023905803403605333,-2.102308058513962,-3.312319230950382,-61.67381832936978
midrange,20,100,ext,Edmonton-Saskatoon,3,14,227.1,EDM-SAS:2;EDM-SAS:4,1.5708258360227545e-07,-10.715665271810844,-10.715760401029339,-38.31348733620956
midrange,20,100,ext,Kamloops-Kelowna,1,7,190.0,,1.5671047969978364e-06,-6.116048763111619,-6.116148998113127,-6.116048763111622
midrange,20,100,ext,Kamloops-Vancouver,3,52,144.0,VAN-KAM:3;VAN-KAM:1,0.000474245636465073,0.8442302803948636,0.25919507927676316,-12.979119902558063
midrange,20,100,ext,Kelowna-Vancouver,2,14,234.0,VAN-KEL:2,9.039159206485187e-08,-10.870326308483625,-10.870415877582245,-25.20073136028119
midrange,20,100,ext,Montreal-Ottawa,1,27,200.0,,2.7e-06,-5.33119101621633,-5.331291340572694,-5.3311910162163265
midrange,20,100,ext,Montreal-Toronto,4,52,154.3,TOR-MON:5;TOR-MON:3;TOR-MON:1,0.00020701572868781883,-0.9988940954292835,-1.8734441556170065,-28.816871977975012
midrange,20,100,ext,Ottawa-Toronto,2,27,225.0,TOR-OTT:3,3.6005078668409747e-07,-8.876386378488244,-9.461377692600326,-30.28168312376754
midrange,15,100,paper,Calgary-Edmonton,2,14,150.0,CAL-EDM:2,7.872778552664888e-05,-1.1038577095147817,-1.6888449768014782,-14.736730750558865
midrange,15,100,paper,Calgary-Kamloops,4,14,150.0,KAM-CAL:6;KAM-CAL:4;KAM-CAL:2,7.872778552664888e-05,-2.393689677279669,-3.4526078147069414,-43.292203339323876
midrange,15,100,paper,Calgary-Kelowna,6,14,150.0,KAM-CAL:6;KAM-CAL:4;KAM-CAL:2;Kamloops;KAM-KEL:1,7.872778552664888e-05,-3.704724146294804,-4.764095021026159,-59.13637480599438
midrange,15,100,paper,Calgary-Saskatoon,6,27,151.4,CAL-EDM:2;Edmonton;EDM-SAS:1;EDM-SAS:3;EDM-SAS:5,0.00013532055307936385,-2.9232879709333046,-4.052939824158047,-58.086950187160994
midrange,15,100,paper,Calgary-Vancouver,6,27,216.0,KAM-CAL:6;KAM-CAL:4;KAM-CAL:2;Kamloops;VAN-KAM:2,7.436417499013056e-07,-10.430845465378745,-10.431027264872176,-73.16000897199393
midrange,15,100,paper,Edmonton-Kamloops,6,27,150.0,CAL-EDM:2;Calgary;KAM-CAL:6;KAM-CAL:4;KAM-CAL:2,0.00015183215780139426,-2.75719156618894,-4.049997763776868,-66.18399934353297
midrange,15,100,paper,Edmonton-Saskatoon,4,52,151.4,EDM-SAS:1;EDM-SAS:3;EDM-SAS:5,0.00026061736148618223,-0.6667012859405455,-1.5412493152561242,-27.66311845899312
midrange,15,100,paper,Kamloops-Kelowna,2,27,126.7,KAM-KEL:1,0.0009954751674202849,2.5565828147490945,2.5564850635982697,-0.16538023189710777
midrange,15,100,paper,Kamloops-Vancouver,2,27,216.0,VAN-KAM:2,7.436417499013056e-07,-7.829979028598723,-7.830071336981587,-19.81778068625985
midrange,15,100,paper,Kelowna-Vancouver,4,27,144.0,KAM-KEL:1;VAN-KAM:4;VAN-KAM:2,0.0002462429266260956,-0.7485521972474587,-1.4201479541709945,-33.68986535393724
midrange,15,100,paper,Montreal-Ottawa,1,27,200.0,,2.7e-06,-5.33119101621633,-5.331291340572694,-5.3311910162163265
midrange,15,100,paper,Montreal-Toronto,3,52,225.0,Ottawa;TOR-OTT:3,6.934311447249285e-07,-8.573435868610808,-9.161615511548703,-46.586241503820034
midrange,15,100,paper,Ottawa-Toronto,2,27,225.0,TOR-OTT:3,3.6005078668409747e-07,-8.876386378488244,-9.461377692600326,-30.28168312376754
midrange,15,100,coordinated,Calgary-Edmonton,2,14,150.0,CAL-EDM:2,7.872778552664888e-05,-1.1038577095147817,-1.6888449768014782,-14.736730750558865
midrange,15,100,coordinated,Calgary-Kamloops,4,14,150.0,KAM-CAL:6;KAM-CAL:4;KAM-CAL:2,7.872778552664888e-05,-2.393689677279669,-3.4526078147069414,-43.292203339323876
midrange,15,100,coordinated,Calgary-Kelowna,6,14,150.0,KAM-CAL:6;KAM-CAL:4;KAM-CAL:2;Kamloops;KAM-KEL:1,7.872778552664888e-05,-3.704724146294804,-4.764095021026159,-59.13637480599438
midrange,15,100,coordinated,Calgary-Saskatoon,6,27,151.4,CAL-EDM:2;Edmonton;EDM-SAS:1;EDM-SAS:3;EDM-SAS:5,0.00013532055307936385,-2.9232879709333046,-4.052939824158047,-58.086950187160994
midrange,15,100,coordinated,Calgary-Vancouver,6,27,216.0,KAM-CAL:6;KAM-CAL:4;KAM-CAL:2;Kamloops;VAN-KAM:2,7.436417499013056e-07,-10.430845465378745,-10.431027264872176,-73.16000897199393
midrange,15,100,coordinated,Edmonton-Kamloops,6,27,150.0,CAL-EDM:2;Calgary;KAM-CAL:6;KAM-CAL:4;KAM-CAL:2,0.00015183215780139426,-2.75719156618894,-4.049997763776868,-66.18399934353297
midrange,15,100,coordinated,Edmonton-Saskatoon,4,52,151.4,EDM-SAS:1;EDM-SAS:3;EDM-SAS:5,0.00026061736148618223,-0.6667012859405455,-1.5412493152561242,-27.66311845899312
midrange,15,100,coordinated,Kamloops-Kelowna,2,27,126.7,KAM-KEL:1,0.0009954751674202849,2.5565828147490945,2.5564850635982697,-0.16538023189710777
midrange,15,100,coordinated,Kamloops-Vancouver,2,27,216.0,VAN-KAM:2,7.436417499013056e-07,-7.829979028598723,-7.830071336981587,-19.81778068625985
midrange,15,100,coordinated,Kelowna-Vancouver,4,27,144.0,KAM-KEL:1;VAN-KAM:4;VAN-KAM:2,0.0002462429266260956,-0.7485521972474587,-1.4201479541709945,-33.68986535393724
midrange,15,100,coordinated,Montreal-Ottawa,1,27,200.0,,2.7e-06,-5.33119101621633,-5.331291340572694,-5.3311910162163265
midrange,15,100,coordinated,Montreal-Toronto,3,27,225.0,Ottawa;TOR-OTT:3,3.6005078668409747e-07,-9.518988084588432,-10.107167727526328,-49.422895867419044
midrange,15,100,coordinated,Ottawa-Toronto,2,52,225.0,TOR-OTT:3,6.934311447249285e-07,-7.93083416251062,-8.515825476622702,-28.390579172778324
midrange,15,100,ext,Calgary-Edmonton,2,14,150.0,CAL-EDM:2,7.872778552664888e-05,-1.1038577095147817,-1.6888449768014782,-14.736730750558865
midrange,15,100,ext,Calgary-Kamloops,2,7,300.0,KAM-CAL:4,2.2135943621178655e-10,-19.543980207673435,-20.128971531382028,-51.61687028220686
midrange,15,100,ext,Calgary-Kelowna,4,27,152.5,KEL-CAL:6;KEL-CAL:4;KEL-CAL:2,0.00012412628690333538,-1.7368258054764503,-2.795744683112848,-40.664881803303295
midrange,15,100,ext,Calgary-Saskatoon,4,52,160.0,CAL-SAS:2;CAL-SAS:4;CAL-SAS:6,0.00013061809443849827,-1.6632797144067564,-2.722200096333794,-40.37072218683657
midrange,15,100,ext,Edmonton-Kamloops,3,27,300.0,Calgary;KAM-CAL:4,8.538149682454624e-10,-18.239049333667758,-19.113546958309822,-78.48976432375468
midrange,15,100,ext,Edmonton-Kelowna,6,27,152.5,CAL-EDM:2;Calgary;KEL-CAL:6;KEL-CAL:4;KEL-CAL:2,0.00012412628690333538,-3.0478602744915855,-4.2578714469280055,-67.34659719676483
midrange,15,100,ext,Edmonton-Saskatoon,3,27,227.1,EDM-SAS:2;EDM-SAS:4,3.029449826615312e-07,-9.768132691704979,-9.768227820923475,-35.470983697579136
midrange,15,100,ext,Kamloops-Kelowna,1,14,190.0,,3.1342095939956728e-06,-5.116048763111619,-5.116148998113128,-5.116048763111619
midrange,15,100,ext,Kamloops-Vancouver,2,52,216.0,VAN-KAM:2,1.4321989257358478e-06,-6.8844268126211,-6.884519121003963,-17.9268412108836
midrange,15,100,ext,Kelowna-Vancouver,2,27,234.0,VAN-KEL:2,1.7432664183935718e-07,-9.92279372837776,-9.92288329747638,-23.305698775592628
midrange,15,100,ext,Montreal-Ottawa,1,27,200.0,,2.7e-06,-5.33119101621633,-5.331291340572694,-5.3311910162163265
midrange,15,100,ext,Montreal-Toronto,3,52,225.0,Ottawa;TOR-OTT:3,6.934311447249285e-07,-8.573435868610808,-9.161615511548703,-46.586241503820034
midrange,15,100,ext,Ottawa-Toronto,2,27,225.0,TOR-OTT:3,3.6005078668409747e-07,-8.876386378488244,-9.461377692600326,-30.28168312376754
midrange,10,100,paper,Calgary-Edmonton,1,27,300.0,,8.538149682454624e-10,-16.9579393483221,-16.958039744790405,-16.9579393483221
midrange,10,100,paper,Calgary-Kamloops,4,14,150.0,KAM-CAL:6;KAM-CAL:4;KAM-CAL:2,7.872778552664888e-05,-2.393689677279669,-3.4526078147069414,-43.292203339323876
midrange,10,100,paper,Calgary-Kelowna,6,27,150.0,KAM-CAL:6;KAM-CAL:4;KAM-CAL:2;Kamloops;KAM-KEL:1,0.00015183215780139426,-2.75719156618894,-3.8165624409202947,-53.50766186696039
midrange,10,100,paper,Calgary-Vancouver,6,27,216.0,KAM-CAL:6;KAM-CAL:4;KAM-CAL:2;Kamloops;VAN-KAM:2,7.436417499013056e-07,-10.430845465378745,-10.431027264872176,-73.16000897199393
midrange,10,100,paper,Edmonton-Kamloops,3,27,300.0,Calgary;KAM-CAL:4,8.538149682454624e-10,-18.239049333667758,-19.113546958309822,-78.48976432375468
midrange,10,100,paper,Kamloops-Kelowna,2,27,126.7,KAM-KEL:1,0.0009954751674202849,2.5565828147490945,2.5564850635982697,-0.16538023189710777
midrange,10,100,paper,Kamloops-Vancouver,2,27,216.0,VAN-KAM:2,7.436417499013056e-07,-7.829979028598723,-7.830071336981587,-19.81778068625985
midrange,10,100,paper,Kelowna-Vancouver,4,27,144.0,KAM-KEL:1;VAN-KAM:4;VAN-KAM:2,0.0002462429266260956,-0.7485521972474587,-1.4201479541709945,-33.68986535393724
midrange,10,100,paper,Montreal-Ottawa,1,27,200.0,,2.7e-06,-5.33119101621633,-5.331291340572694,-5.3311910162163265
midrange,10,100,paper,Montreal-Toronto,3,52,225.0,Ottawa;TOR-OTT:3,6.934311447249285e-07,-8.573435868610808,-9.161615511548703,-46.586241503820034
midrange,10,100,paper,Ottawa-Toronto,2,27,225.0,TOR-OTT:3,3.6005078668409747e-07,-8.876386378488244,-9.461377692600326,-30.28168312376754
midrange,10,100,coordinated,Calgary-Edmonton,1,27,300.0,,8.538149682454624e-10,-16.9579393483221,-16.958039744790405,-16.9579393483221
midrange,10,100,coordinated,Calgary-Kamloops,4,14,150.0,KAM-CAL:6;KAM-CAL:4;KAM-CAL:2,7.872778552664888e-05,-2.393689677279669,-3.4526078147069414,-43.292203339323876
midrange,10,100,coordinated,Calgary-Kelowna,6,27,150.0,KAM-CAL:6;KAM-CAL:4;KAM-CAL:2;Kamloops;KAM-KEL:1,0.00015183215780139426,-2.75719156618894,-3.8165624409202947,-53.50766186696039
midrange,10,100,coordinated,Calgary-Vancouver,6,27,216.0,KAM-CAL:6;KAM-CAL:4;KAM-CAL:2;Kamloops;VAN-KAM:2,7.436417499013056e-07,-10.430845465378745,-10.431027264872176,-73.16000897199393
midrange,10,100,coordinated,Edmonton-Kamloops,3,27,300.0,Calgary;KAM-CAL:4,8.538149682454624e-10,-18.239049333667758,-19.113546958309822,-78.48976432375468
midrange,10,100,coordinated,Kamloops-Kelowna,2,27,126.7,KAM-KEL:1,0.0009954751674202849,2.5565828147490945,2.5564850635982697,-0.16538023189710777
midrange,10,100,coordinated,Kamloops-Vancouver,2,27,216.0,VAN-KAM:2,7.436417499013056e-07,-7.829979028598723,-7.830071336981587,-19.81778068625985
midrange,10,100,coordinated,Kelowna-Vancouver,4,27,144.0,KAM-KEL:1;VAN-KAM:4;VAN-KAM:2,0.0002462429266260956,-0.7485521972474587,-1.4201479541709945,-33.68986535393724
midrange,10,100,coordinated,Montreal-Ottawa,1,27,200.0,,2.7e-06,-5.33119101621633,-5.331291340572694,-5.3311910162163265
midrange,10,100,coordinated,Montreal-Toronto,3,52,225.0,Ottawa;TOR-OTT:3,6.934311447249285e-07,-8.573435868610808,-9.161615511548703,-46.586241503820034
midrange,10,100,coordinated,Ottawa-Toronto,2,27,225.0,TOR-OTT:3,3.6005078668409747e-07,-8.876386378488244,-9.461377692600326,-30.28168312376754
midrange,10,100,ext,Calgary-Edmonton,1,14,300.0,,4.427188724235731e-10,-17.905471928427964,-17.90557232489627,-17.905471928427968
midrange,10,100,ext,Calgary-Kamloops,2,27,300.0,KAM-CAL:4,8.538149682454624e-10,-17.59644762756757,-18.181438951276164,-47.721805122907575
midrange,10,100,ext,Calgary-Kelowna,3,52,228.8,KEL-CAL:5;KEL-CAL:2,5.125701884683208e-07,-9.009438931064773,-9.594484439728914,-41.935707360843
midrange,10,100,ext,Edmonton-Kamloops,3,27,300.0,Calgary;KAM-CAL:4,8.538149682454624e-10,-18.239049333667758,-19.113546958309822,-78.48976432375468
midrange,10,100,ext,Edmonton-Saskatoon,3,52,227.1,EDM-SAS:2;EDM-SAS:4,5.834495962370231e-07,-8.822580475727355,-8.82267560494585,-32.634508011560314
midrange,10,100,ext,Kamloops-Kelowna,1,14,190.0,,3.1342095939956728e-06,-5.116048763111619,-5.116148998113128,-5.116048763111619
midrange,10,100,ext,Kamloops-Vancouver,2,27,216.0,VAN-KAM:2,7.436417499013056e-07,-7.829979028598723,-7.830071336981587,-19.81778068625985
midrange,10,100,ext,Kelowna-Vancouver,2,27,234.0,VAN-KEL:2,1.7432664183935718e-07,-9.92279372837776,-9.92288329747638,-23.305698775592628
midrange,10,100,ext,Montreal-Ottawa,1,27,200.0,,2.7e-06,-5.33119101621633,-5.331291340572694,-5.3311910162163265
midrange,10,100,ext,Montreal-Toronto,3,52,225.0,Ottawa;TOR-OTT:3,6.934311447249285e-07,-8.573435868610808,-9.161615511548703,-46.586241503820034
midrange,10,100,ext,Ottawa-Toronto,2,27,225.0,TOR-OTT:3,3.6005078668409747e-07,-8.876386378488244,-9.461377692600326,-30.28168312376754
midrange,6,100,paper,Calgary-Edmonton,1,52,300.0,,1.6443843832875573e-09,-16.012387132344475,-16.01248752881278,-16.012387132344475
midrange,6,100,paper,Calgary-Kamloops,2,27,300.0,KAM-CAL:4,8.538149682454624e-10,-17.59644762756757,-18.181438951276164,-47.721805122907575
midrange,6,100,paper,Edmonton-Kamloops,3,14,300.0,Calgary;KAM-CAL:4,4.427188724235731e-10,-19.186581913773622,-20.061079538415687,-81.33236206318266
midrange,6,100,paper,Kamloops-Kelowna,1,27,190.0,,6.044547074134512e-06,-4.168516183005755,-4.168616418007263,-4.1685161830057575
midrange,6,100,paper,Kamloops-Vancouver,2,27,216.0,VAN-KAM:2,7.436417499013056e-07,-7.829979028598723,-7.830071336981587,-19.81778068625985
midrange,6,100,paper,Kelowna-Vancouver,2,52,234.0,VAN-KEL:2,3.3574019909802124e-07,-8.977241512400138,-8.977331081498756,-21.414656988179978
midrange,6,100,paper,Montreal-Ottawa,1,27,200.0,,2.7e-06,-5.33119101621633,-5.331291340572694,-5.3311910162163265
midrange,6,100,paper,Montreal-Toronto,3,52,225.0,Ottawa;TOR-OTT:3,6.934311447249285e-07,-8.573435868610808,-9.161615511548703,-46.586241503820034
midrange,6,100,paper,Ottawa-Toronto,2,27,225.0,TOR-OTT:3,3.6005078668409747e-07,-8.876386378488244,-9.461377692600326,-30.28168312376754
midrange,6,100,coordinated,Calgary-Edmonton,1,52,300.0,,1.6443843832875573e-09,-16.012387132344475,-16.01248752881278,-16.012387132344475
midrange,6,100,coordinated,Calgary-Kamloops,2,27,300.0,KAM-CAL:4,8.538149682454624e-10,-17.59644762756757,-18.181438951276164,-47.721805122907575
midrange,6,100,coordinated,Edmonton-Kamloops,3,27,300.0,Calgary;KAM-CAL:4,8.538149682454624e-10,-18.239049333667758,-19.113546958309822,-78.48976432375468
midrange,6,100,coordinated,Kamloops-Kelowna,1,14,190.0,,3.1342095939956728e-06,-5.116048763111619,-5.116148998113128,-5.116048763111619
midrange,6,100,coordinated,Kamloops-Vancouver,2,27,216.0,VAN-KAM:2,7.436417499013056e-07,-7.829979028598723,-7.830071336981587,-19.81778068625985
midrange,6,100,coordinated,Kelowna-Vancouver,2,52,234.0,VAN-KEL:2,3.3574019909802124e-07,-8.977241512400138,-8.977331081498756,-21.414656988179978
midrange,6,100,coordinated,Montreal-Ottawa,1,27,200.0,,2.7e-06,-5.33119101621633,-5.331291340572694,-5.3311910162163265
midrange,6,100,coordinated,Montreal-Toronto,3,27,225.0,Ottawa;TOR-OTT:3,3.6005078668409747e-07,-9.518988084588432,-10.107167727526328,-49.422895867419044
midrange,6,100,coordinated,Ottawa-Toronto,2,52,225.0,TOR-OTT:3,6.934311447249285e-07,-7.93083416251062,-8.515825476622702,-28.390579172778324
midrange,6,100,ext,Calgary-Edmonton,1,52,300.0,,1.6443843832875573e-09,-16.012387132344475,-16.01248752881278,-16.012387132344475
midrange,6,100,ext,Calgary-Kamloops,2,27,300.0,KAM-CAL:4,8.538149682454624e-10,-17.59644762756757,-18.181438951276164,-47.721805122907575
midrange,6,100,ext,Edmonton-Kamloops,3,27,300.0,Calgary;KAM-CAL:4,8.538149682454624e-10,-18.239049333667758,-19.113546958309822,-78.48976432375468
midrange,6,100,ext,Kamloops-Kelowna,1,14,190.0,,3.1342095939956728e-06,-5.116048763111619,-5.116148998113128,-5.116048763111619
midrange,6,100,ext,Kamloops-Vancouver,2,27,216.0,VAN-KAM:2,7.436417499013056e-07,-7.829979028598723,-7.830071336981587,-19.81778068625985
midrange,6,100,ext,Kelowna-Vancouver,2,52,234.0,VAN-KEL:2,3.3574019909802124e-07,-8.977241512400138,-8.977331081498756,-21.414656988179978
midrange,6,100,ext,Montreal-Ottawa,1,27,200.0,,2.7e-06,-5.33119101621633,-5.331291340572694,-5.3311910162163265
midrange,6,100,ext,Montreal-Toronto,3,52,225.0,Ottawa;TOR-OTT:3,6.934311447249285e-07,-8.573435868610808,-9.161615511548703,-46.586241503820034
midrange,6,100,ext,Ottawa-Toronto,2,27,225.0,TOR-OTT:3,3.6005078668409747e-07,-8.876386378488244,-9.461377692600326,-30.28168312376754
projected,1000000,100,paper,Calgary-Edmonton,4,27,75.0,CAL-EDM:1;CAL-EDM:2;CAL-EDM:3,0.0640270900528647,12.399288867945556,11.342078951206348,0.3266434913332261
projected,1000000,100,paper,Calgary-Kamloops,8,27,75.0,KAM-CAL:7;KAM-CAL:6;KAM-CAL:5;KAM-CAL:4;KAM-CAL:3;KAM-CAL:2;KAM-CAL:1,0.0640270900528647,12.07998430502236,10.639198450791765,-16.03048271133915
projected,1000000,100,paper,Calgary-Kelowna,8,14,76.2,KEL-CAL:7;KEL-CAL:6;KEL-CAL:5;KEL-CAL:4;KEL-CAL:3;KEL-CAL:2;KEL-CAL:1,0.030017743045081,10.987117370765173,9.546167281838168,-24.579760580519334
projected,1000000,100,paper,Calgary-Saskatoon,11,14,75.7,CAL-EDM:1;CAL-EDM:2;CAL-EDM:3;Edmonton;EDM-SAS:1;EDM-SAS:2;EDM-SAS:3;EDM-SAS:4;EDM-SAS:5;EDM-SAS:6,0.03134209593995679,10.80984067750282,9.245699294866522,-39.05101165823067
projected,1000000,100,paper,Calgary-Vancouver,13,14,75.0,KAM-CAL:7;KAM-CAL:6;KAM-CAL:5;KAM-CAL:4;KAM-CAL:3;KAM-CAL:2;KAM-CAL:1;Kamloops;VAN-KAM:4;VAN-KAM:3;VAN-KAM:2;VAN-KAM:1,0.03319923187926317,10.73313945438532,9.17346369461714,-46.79418405666793
projected,1000000,100,paper,Edmonton-Kamloops,12,14,75.0,CAL-EDM:3;CAL-EDM:2;CAL-EDM:1;Calgary;KAM-CAL:7;KAM-CAL:6;KAM-CAL:5;KAM-CAL:4;KAM-CAL:3;KAM-CAL:2;KAM-CAL:1,0.03319923187926317,10.813018283154017,9.180940410148699,-43.493126528394306
projected,1000000,100,paper,Edmonton-Kelowna,12,14,76.2,CAL-EDM:3;CAL-EDM:2;CAL-EDM:1;Calgary;KEL-CAL:7;KEL-CAL:6;KEL-CAL:5;KEL-CAL:4;KEL-CAL:3;KEL-CAL:2;KEL-CAL:1,0.030017743045081,10.667683929002695,9.07957086848029,-44.63881106847183
projected,1000000,100,paper,Edmonton-Saskatoon,7,27,75.7,EDM-SAS:1;EDM-SAS:2;EDM-SAS:3;EDM-SAS:4;EDM-SAS:5;EDM-SAS:6,0.06044547074134525,12.076774216672725,10.7038193951617,-12.505259329549341
projected,1000000,100,paper,Edmonton-Vancouver,17,14,75.0,CAL-EDM:3;CAL-EDM:2;CAL-EDM:1;Calgary;KAM-CAL:7;KAM-CAL:6;KAM-CAL:5;KAM-CAL:4;KAM-CAL:3;KAM-CAL:2;KAM-CAL:1;Kamloops;VAN-KAM:4;VAN-KAM:3;VAN-KAM:2;VAN-KAM:1,0.03319923187926317,10.413540909147923,8.711612151877333,-66.85339964809535
projected,1000000,100,paper,Kamloops-Kelowna,3,14,63.3,KAM-KEL:1;KAM-KEL:2,0.08500830739673838,12.88801658820359,12.01791012360169,5.6055603181206575
projected,1000000,100,paper,Kamloops-Saskatoon,19,14,75.7,KAM-CAL:1;KAM-CAL:2;KAM-CAL:3;KAM-CAL:4;KAM-CAL:5;KAM-CAL:6;KAM-CAL:7;Calgary;CAL-EDM:1;CAL-EDM:2;CAL-EDM:3;Edmonton;EDM-SAS:1;EDM-SAS:2;EDM-SAS:3;EDM-SAS:4;EDM-SAS:5;EDM-SAS:6,0.03134209593995679,10.170642849511564,8.396089490017832,-79.16944357860196
projected,1000000,100,paper,Kamloops-Vancouver,5,27,72.0,VAN-KAM:4;VAN-KAM:3;VAN-KAM:2;VAN-KAM:1,0.08153869645085443,12.668277107398097,11.479288296057097,-2.0788314537088133
projected,1000000,100,paper,Kelowna-Saskatoon,16,27,80.0,KEL-CAL:1;KEL-CAL:2;KEL-CAL:3;KEL-CAL:4;KEL-CAL:5;KEL-CAL:6;KEL-CAL:7;Calgary;CAL-SAS:1;CAL-SAS:2;CAL-SAS:3;CAL-SAS:4;CAL-SAS:5;CAL-SAS:6;CAL-SAS:7,0.04279211619645008,10.859648285317652,9.273918172684612,-54.407537898198555
projected,1000000,100,paper,Kelowna-Vancouver,8,27,72.0,KAM-KEL:2;KAM-KEL:1;Kamloops;VAN-KAM:4;VAN-KAM:3;VAN-KAM:2;VAN-KAM:1,0.08153869645085443,12.428786754985534,11.199638003567518,-10.482296798060737
projected,1000000,100,paper,Montreal-Ottawa,3,27,66.7,OTT-MON:2;OTT-MON:1,0.12532289850754513,13.447990890572596,12.57684795799653,7.196809503183356
projected,1000000,100,paper,Montreal-Toronto,9,52,75.0,OTT-MON:2;OTT-MON:1;Ottawa;TOR-OTT:5;TOR-OTT:4;TOR-OTT:3;TOR-OTT:2;TOR-OTT:1,0.12331143269440609,12.945690352459057,11.623282522175014,-9.326082042147638
projected,1000000,100,paper,Ottawa-Toronto,6,27,75.0,TOR-OTT:5;TOR-OTT:4;TOR-OTT:3;TOR-OTT:2;TOR-OTT:1,0.0640270900528647,12.239652522105095,10.948554545205234,-7.851904302263023
projected,1000000,100,paper,Saskatoon-Vancouver,19,14,144.0,CAL-SAS:7;CAL-SAS:6;CAL-SAS:5;CAL-SAS:4;CAL-SAS:3;CAL-SAS:2;CAL-SAS:1;Calgary;KAM-CAL:7;KAM-CAL:6;KAM-CAL:5;KAM-CAL:4;KAM-CAL:3;KAM-CAL:2;KAM-CAL:1;Kamloops;VAN-KAM:3;VAN-KAM:1,0.00012768151750982735,2.231234702730766,1.6461972095053174,-98.84659951853908
projected,1000000,100,coordinated,Calgary-Edmonton,4,27,75.0,CAL-EDM:1;CAL-EDM:2;CAL-EDM:3,0.0640270900528647,12.399288867945556,11.342078951206348,0.3266434913332261
projected,1000000,100,coordinated,Calgary-Kamloops,8,27,75.0,KAM-CAL:7;KAM-CAL:6;KAM-CAL:5;KAM-CAL:4;KAM-CAL:3;KAM-CAL:2;KAM-CAL:1,0.0640270900528647,12.07998430502236,10.639198450791765,-16.03048271133915
projected,1000000,100,coordinated,Calgary-Kelowna,8,14,76.2,KEL-CAL:7;KEL-CAL:6;KEL-CAL:5;KEL-CAL:4;KEL-CAL:3;KEL-CAL:2;KEL-CAL:1,0.030017743045081,10.987117370765173,9.546167281838168,-24.579760580519334
projected,1000000,100,coordinated,Calgary-Saskatoon,11,14,75.7,CAL-EDM:1;CAL-EDM:2;CAL-EDM:3;Edmonton;EDM-SAS:1;EDM-SAS:2;EDM-SAS:3;EDM-SAS:4;EDM-SAS:5;EDM-SAS:6,0.03134209593995679,10.80984067750282,9.245699294866522,-39.05101165823067
projected,1000000,100,coordinated,Calgary-Vancouver,13,14,75.0,KAM-CAL:7;KAM-CAL:6;KAM-CAL:5;KAM-CAL:4;KAM-CAL:3;KAM-CAL:2;KAM-CAL:1;Kamloops;VAN-KAM:4;VAN-KAM:3;VAN-KAM:2;VAN-KAM:1,0.03319923187926317,10.73313945438532,9.17346369461714,-46.79418405666793
projected,1000000,100,coordinated,Edmonton-Kamloops,12,14,75.0,CAL-EDM:3;CAL-EDM:2;CAL-EDM:1;Calgary;KAM-CAL:7;KAM-CAL:6;KAM-CAL:5;KAM-CAL:4;KAM-CAL:3;KAM-CAL:2;KAM-CAL:1,0.03319923187926317,10.813018283154017,9.180940410148699,-43.493126528394306
projected,1000000,100,coordinated,Edmonton-Kelowna,12,14,76.2,CAL-EDM:3;CAL-EDM:2;CAL-EDM:1;Calgary;KEL-CAL:7;KEL-CAL:6;KEL-CAL:5;KEL-CAL:4;KEL-CAL:3;KEL-CAL:2;KEL-CAL:1,0.030017743045081,10.667683929002695,9.07957086848029,-44.63881106847183
projected,1000000,100,coordinated,Edmonton-Saskatoon,7,27,75.7,EDM-SAS:1;EDM-SAS:2;EDM-SAS:3;EDM-SAS:4;EDM-SAS:5;EDM-SAS:6,0.06044547074134525,12.076774216672725,10.7038193951617,-12.505259329549341
projected,1000000,100,coordinated,Edmonton-Vancouver,17,14,75.0,CAL-EDM:3;CAL-EDM:2;CAL-EDM:1;Calgary;KAM-CAL:7;KAM-CAL:6;KAM-CAL:5;KAM-CAL:4;KAM-CAL:3;KAM-CAL:2;KAM-CAL:1;Kamloops;VAN-KAM:4;VAN-KAM:3;VAN-KAM:2;VAN-KAM:1,0.03319923187926317,10.413540909147923,8.711612151877333,-66.85339964809535
projected,1000000,100,coordinated,Kamloops-Kelowna,3,14,63.3,KAM-KEL:1;KAM-KEL:2,0.08500830739673838,12.88801658820359,12.01791012360169,5.6055603181206575
projected,1000000,100,coordinated,Kamloops-Saskatoon,19,14,75.7,KAM-CAL:1;KAM-CAL:2;KAM-CAL:3;KAM-CAL:4;KAM-CAL:5;KAM-CAL:6;KAM-CAL:7;Calgary;CAL-EDM:1;CAL-EDM:2;CAL-EDM:3;Edmonton;EDM-SAS:1;EDM-SAS:2;EDM-SAS:3;EDM-SAS:4;EDM-SAS:5;EDM-SAS:6,0.03134209593995679,10.170642849511564,8.396089490017832,-79.16944357860196
projected,1000000,100,coordinated,Kamloops-Vancouver,5,27,72.0,VAN-KAM:4;VAN-KAM:3;VAN-KAM:2;VAN-KAM:1,0.08153869645085443,12.668277107398097,11.479288296057097,-2.0788314537088133
projected,1000000,100,coordinated,Kelowna-Saskatoon,16,27,80.0,KEL-CAL:1;KEL-CAL:2;KEL-CAL:3;KEL-CAL:4;KEL-CAL:5;KEL-CAL:6;KEL-CAL:7;Calgary;CAL-SAS:1;CAL-SAS:2;CAL-SAS:3;CAL-SAS:4;CAL-SAS:5;CAL-SAS:6;CAL-SAS:7,0.04279211619645008,10.859648285317652,9.273918172684612,-54.407537898198555
projected,1000000,100,coordinated,Kelowna-Vancouver,8,27,72.0,KAM-KEL:2;KAM-KEL:1;Kamloops;VAN-KAM:4;VAN-KAM:3;VAN-KAM:2;VAN-KAM:1,0.08153869645085443,12.428786754985534,11.199638003567518,-10.482296798060737
projected,1000000,100,coordinated,Montreal-Ottawa,3,52,66.7,OTT-MON:2;OTT-MON:1,0.24136261934786468,14.393543106550219,13.522400173974155,9.791308570100519
projected,1000000,100,coordinated,Montreal-Toronto,9,27,75.0,OTT-MON:2;OTT-MON:1;Ottawa;TOR-OTT:5;TOR-OTT:4;TOR-OTT:3;TOR-OTT:2;TOR-OTT:1,0.0640270900528647,12.000138136481432,10.67773030619739,-17.33917905132832
projected,1000000,100,coordinated,Ottawa-Toronto,6,27,75.0,TOR-OTT:5;TOR-OTT:4;TOR-OTT:3;TOR-OTT:2;TOR-OTT:1,0.0640270900528647,12.239652522105095,10.948554545205234,-7.851904302263023
projected,1000000,100,coordinated,Saskatoon-Vancouver,19,14,144.0,CAL-SAS:7;CAL-SAS:6;CAL-SAS:5;CAL-SAS:4;CAL-SAS:3;CAL-SAS:2;CAL-SAS:1;Calgary;KAM-CAL:7;KAM-CAL:6;KAM-CAL:5;KAM-CAL:4;KAM-CAL:3;KAM-CAL:2;KAM-CAL:1;Kamloops;VAN-KAM:3;VAN-KAM:1,0.00012768151750982735,2.231234702730766,1.6461972095053174,-98.84659951853908
projected,1000000,100,ext,Calgary-Edmonton,4,14,75.0,CAL-EDM:1;CAL-EDM:2;CAL-EDM:3,0.03319923187926317,11.451756287839691,10.394546371100484,-3.375154351047959
projected,1000000,100,ext,Calgary-Kamloops,8,14,75.0,KAM-CAL:7;KAM-CAL:6;KAM-CAL:5;KAM-CAL:4;KAM-CAL:3;KAM-CAL:2;KAM-CAL:1,0.03319923187926317,11.132451724916496,9.691665870685902,-23.434076040441806
projected,1000000,100,ext,Calgary-Kelowna,8,27,76.2,KEL-CAL:7;KEL-CAL:6;KEL-CAL:5;KEL-CAL:4;KEL-CAL:3;KEL-CAL:2;KEL-CAL:1,0.05789136158694193,11.934649950871037,10.493699861944032,-17.159344299058553
projected,1000000,100,ext,Calgary-Saskatoon,8,14,80.0,CAL-SAS:1;CAL-SAS:2;CAL-SAS:3;CAL-SAS:4;CAL-SAS:5;CAL-SAS:6;CAL-SAS:7,0.0221885046944556,10.551114308311208,9.109760191417386,-28.02594920485093
projected,1000000,100,ext,Calgary-Vancouver,13,27,75.0,KAM-CAL:7;KAM-CAL:6;KAM-CAL:5;KAM-CAL:4;KAM-CAL:3;KAM-CAL:2;KAM-CAL:1;Kamloops;VAN-KAM:4;VAN-KAM:3;VAN-KAM:2;VAN-KAM:1,0.0640270900528647,11.680672034491185,10.120996274723005,-34.79327496716261
projected,1000000,100,ext,Edmonton-Kamloops,12,14,75.0,CAL-EDM:3;CAL-EDM:2;CAL-EDM:1;Calgary;KAM-CAL:7;KAM-CAL:6;KAM-CAL:5;KAM-CAL:4;KAM-CAL:3;KAM-CAL:2;KAM-CAL:1,0.03319923187926317,10.813018283154017,9.180940410148699,-43.493126528394306
projected,1000000,100,ext,Edmonton-Kelowna,12,14,76.2,CAL-EDM:3;CAL-EDM:2;CAL-EDM:1;Calgary;KEL-CAL:7;KEL-CAL:6;KEL-CAL:5;KEL-CAL:4;KEL-CAL:3;KEL-CAL:2;KEL-CAL:1,0.030017743045081,10.667683929002695,9.07957086848029,-44.63881106847183
projected,1000000,100,ext,Edmonton-Saskatoon,7,27,75.7,EDM-SAS:1;EDM-SAS:2;EDM-SAS:3;EDM-SAS:4;EDM-SAS:5;EDM-SAS:6,0.06044547074134525,12.076774216672725,10.7038193951617,-12.505259329549341
projected,1000000,100,ext,Edmonton-Vancouver,17,14,75.0,CAL-EDM:3;CAL-EDM:2;CAL-EDM:1;Calgary;KAM-CAL:7;KAM-CAL:6;KAM-CAL:5;KAM-CAL:4;KAM-CAL:3;KAM-CAL:2;KAM-CAL:1;Kamloops;VAN-KAM:4;VAN-KAM:3;VAN-KAM:2;VAN-KAM:1,0.03319923187926317,10.413540909147923,8.711612151877333,-66.85339964809535
projected,1000000,100,ext,Kamloops-Kelowna,3,14,63.3,KAM-KEL:1;KAM-KEL:2,0.08500830739673838,12.88801658820359,12.01791012360169,5.6055603181206575
projected,1000000,100,ext,Kamloops-Saskatoon,16,14,80.0,KAM-CAL:1;KAM-CAL:2;KAM-CAL:3;KAM-CAL:4;KAM-CAL:5;KAM-CAL:6;KAM-CAL:7;Calgary;CAL-SAS:1;CAL-SAS:2;CAL-SAS:3;CAL-SAS:4;CAL-SAS:5;CAL-SAS:6;CAL-SAS:7,0.0221885046944556,9.912115705211788,8.363751611214953,-68.14418190033038
projected,1000000,100,ext,Kamloops-Vancouver,5,27,72.0,VAN-KAM:4;VAN-KAM:3;VAN-KAM:2;VAN-KAM:1,0.08153869645085443,12.668277107398097,11.479288296057097,-2.0788314537088133
projected,1000000,100,ext,Kelowna-Saskatoon,16,27,80.0,KEL-CAL:1;KEL-CAL:2;KEL-CAL:3;KEL-CAL:4;KEL-CAL:5;KEL-CAL:6;KEL-CAL:7;Calgary;CAL-SAS:1;CAL-SAS:2;CAL-SAS:3;CAL-SAS:4;CAL-SAS:5;CAL-SAS:6;CAL-SAS:7,0.04279211619645008,10.859648285317652,9.273918172684612,-54.407537898198555
projected,1000000,100,ext,Kelowna-Vancouver,5,14,78.0,VAN-KEL:4;VAN-KEL:3;VAN-KEL:2;VAN-KEL:1,0.02606921991328017,11.02313962736589,9.8333138904711,-10.110082046971165
projected,1000000,100,ext,Montreal-Ottawa,3,27,66.7,OTT-MON:2;OTT-MON:1,0.12532289850754513,13.447990890572596,12.57684795799653,7.196809503183356
projected,1000000,100,ext,Montreal-Toronto,7,52,77.1,TOR-MON:6;TOR-MON:5;TOR-MON:4;TOR-MON:3;TOR-MON:2;TOR-MON:1,0.10375364037838179,12.85623002790598,11.483099277565156,-7.2661655096936375
projected,1000000,100,ext,Ottawa-Toronto,6,27,75.0,TOR-OTT:5;TOR-OTT:4;TOR-OTT:3;TOR-OTT:2;TOR-OTT:1,0.0640270900528647,12.239652522105095,10.948554545205234,-7.851904302263023
projected,1000000,100,ext,Saskatoon-Vancouver,19,14,144.0,CAL-SAS:7;CAL-SAS:6;CAL-SAS:5;CAL-SAS:4;CAL-SAS:3;CAL-SAS:2;CAL-SAS:1;Calgary;KAM-CAL:7;KAM-CAL:6;KAM-CAL:5;KAM-CAL:4;KAM-CAL:3;KAM-CAL:2;KAM-CAL:1;Kamloops;VAN-KAM:3;VAN-KAM:1,0.00012768151750982735,2.231234702730766,1.6461972095053174,-98.84659951853908
projected,40,100,paper,Calgary-Edmonton,4,4,75.0,CAL-EDM:1;CAL-EDM:2;CAL-EDM:3,0.009485494822646622,9.644401365782088,8.58719144904288,-10.536313442531982
projected,40,100,paper,Calgary-Kamloops,8,27,75.0,KAM-CAL:7;KAM-CAL:6;KAM-CAL:5;KAM-CAL:4;KAM-CAL:3;KAM-CAL:2;KAM-CAL:1,0.0640270900528647,12.07998430502236,10.639198450791765,-16.03048271133915
projected,40,100,paper,Calgary-Kelowna,8,27,76.2,KEL-CAL:7;KEL-CAL:6;KEL-CAL:5;KEL-CAL:4;KEL-CAL:3;KEL-CAL:2;KEL-CAL:1,0.05789136158694193,11.934649950871037,10.493699861944032,-17.159344299058553
projected,40,100,paper,Calgary-Saskatoon,11,14,75.7,CAL-EDM:1;CAL-EDM:2;CAL-EDM:3;Edmonton;EDM-SAS:1;EDM-SAS:2;EDM-SAS:3;EDM-SAS:4;EDM-SAS:5;EDM-SAS:6,0.03134209593995679,10.80984067750282,9.245699294866522,-39.05101165823067
projected,40,100,paper,Calgary-Vancouver,13,27,75.0,KAM-CAL:7;KAM-CAL:6;KAM-CAL:5;KAM-CAL:4;KAM-CAL:3;KAM-CAL:2;KAM-CAL:1;Kamloops;VAN-KAM:4;VAN-KAM:3;VAN-KAM:2;VAN-KAM:1,0.0640270900528647,11.680672034491185,10.120996274723005,-34.79327496716261
projected,40,100,paper,Edmonton-Kamloops,12,14,75.0,CAL-EDM:3;CAL-EDM:2;CAL-EDM:1;Calgary;KAM-CAL:7;KAM-CAL:6;KAM-CAL:5;KAM-CAL:4;KAM-CAL:3;KAM-CAL:2;KAM-CAL:1,0.03319923187926317,10.813018283154017,9.180940410148699,-43.493126528394306
projected,40,100,paper,Edmonton-Kelowna,12,14,76.2,CAL-EDM:3;CAL-EDM:2;CAL-EDM:1;Calgary;KEL-CAL:7;KEL-CAL:6;KEL-CAL:5;KEL-CAL:4;KEL-CAL:3;KEL-CAL:2;KEL-CAL:1,0.030017743045081,10.667683929002695,9.07957086848029,-44.63881106847183
projected,40,100,paper,Edmonton-Saskatoon,7,52,75.7,EDM-SAS:1;EDM-SAS:2;EDM-SAS:3;EDM-SAS:4;EDM-SAS:5;EDM-SAS:6,0.11641349920555381,13.022326432650349,11.649371611139323,-6.165143544128768
projected,40,100,paper,Edmonton-Vancouver,17,14,75.0,CAL-EDM:3;CAL-EDM:2;CAL-EDM:1;Calgary;KAM-CAL:7;KAM-CAL:6;KAM-CAL:5;KAM-CAL:4;KAM-CAL:3;KAM-CAL:2;KAM-CAL:1;Kamloops;VAN-KAM:4;VAN-KAM:3;VAN-KAM:2;VAN-KAM:1,0.03319923187926317,10.413540909147923,8.711612151877333,-66.85339964809535
projected,40,100,paper,Kamloops-Kelowna,3,14,63.3,KAM-KEL:1;KAM-KEL:2,0.08500830739673838,12.88801658820359,12.01791012360169,5.6055603181206575
projected,40,100,paper,Kamloops-Saskatoon,19,14,75.7,KAM-CAL:1;KAM-CAL:2;KAM-CAL:3;KAM-CAL:4;KAM-CAL:5;KAM-CAL:6;KAM-CAL:7;Calgary;CAL-EDM:1;CAL-EDM:2;CAL-EDM:3;Edmonton;EDM-SAS:1;EDM-SAS:2;EDM-SAS:3;EDM-SAS:4;EDM-SAS:5;EDM-SAS:6,0.03134209593995679,10.170642849511564,8.396089490017832,-79.16944357860196
projected,40,100,paper,Kamloops-Vancouver,5,27,72.0,VAN-KAM:4;VAN-KAM:3;VAN-KAM:2;VAN-KAM:1,0.08153869645085443,12.668277107398097,11.479288296057097,-2.0788314537088133
projected,40,100,paper,Kelowna-Saskatoon,19,14,76.2,KEL-CAL:1;KEL-CAL:2;KEL-CAL:3;KEL-CAL:4;KEL-CAL:5;KEL-CAL:6;KEL-CAL:7;Calgary;CAL-EDM:1;CAL-EDM:2;CAL-EDM:3;Edmonton;EDM-SAS:1;EDM-SAS:2;EDM-SAS:3;EDM-SAS:4;EDM-SAS:5;EDM-SAS:6,0.030017743045081,10.108356697732424,8.333396765592033,-80.31512811867948
projected,40,100,paper,Kelowna-Vancouver,8,27,72.0,KAM-KEL:2;KAM-KEL:1;Kamloops;VAN-KAM:4;VAN-KAM:3;VAN-KAM:2;VAN-KAM:1,0.08153869645085443,12.428786754985534,11.199638003567518,-10.482296798060737
projected,40,100,paper,Montreal-Ottawa,3,27,66.7,OTT-MON:2;OTT-MON:1,0.12532289850754513,13.447990890572596,12.57684795799653,7.196809503183356
projected,40,100,paper,Montreal-Toronto,9,27,75.0,OTT-MON:2;OTT-MON:1;Ottawa;TOR-OTT:5;TOR-OTT:4;TOR-OTT:3;TOR-OTT:2;TOR-OTT:1,0.0640270900528647,12.000138136481432,10.67773030619739,-17.33917905132832
projected,40,100,paper,Ottawa-Toronto,6,52,75.0,TOR-OTT:5;TOR-OTT:4;TOR-OTT:3;TOR-OTT:2;TOR-OTT:1,0.12331143269440609,13.185204738082719,11.894106761182856,-2.4314687382105977
projected,40,100,paper,Saskatoon-Vancouver,12,4,151.4,EDM-SAS:5;EDM-SAS:3;EDM-SAS:1;CAL-EDM:3;CAL-EDM:1;KAM-CAL:7;KAM-CAL:5;KAM-CAL:3;KAM-CAL:1;VAN-KAM:4;VAN-KAM:2,2.004748934509094e-05,0.11950570727272318,-1.3202800019896532,-168.39323037766616
projected,40,100,coordinated,Calgary-Edmonton,4,14,75.0,CAL-EDM:1;CAL-EDM:2;CAL-EDM:3,0.03319923187926317,11.451756287839691,10.394546371100484,-3.375154351047959
projected,40,100,coordinated,Calgary-Kamloops,8,27,75.0,KAM-CAL:7;KAM-CAL:6;KAM-CAL:5;KAM-CAL:4;KAM-CAL:3;KAM-CAL:2;KAM-CAL:1,0.0640270900528647,12.07998430502236,10.639198450791765,-16.03048271133915
projected,40,100,coordinated,Calgary-Kelowna,8,27,76.2,KEL-CAL:7;KEL-CAL:6;KEL-CAL:5;KEL-CAL:4;KEL-CAL:3;KEL-CAL:2;KEL-CAL:1,0.05789136158694193,11.934649950871037,10.493699861944032,-17.159344299058553
projected,40,100,coordinated,Calgary-Saskatoon,11,4,75.7,CAL-EDM:1;CAL-EDM:2;CAL-EDM:3;Edmonton;EDM-SAS:1;EDM-SAS:2;EDM-SAS:3;EDM-SAS:4;EDM-SAS:5;EDM-SAS:6,0.00895488455427337,9.002485755445216,7.438344372808919,-58.750866138262566
projected,40,100,coordinated,Calgary-Vancouver,13,27,75.0,KAM-CAL:7;KAM-CAL:6;KAM-CAL:5;KAM-CAL:4;KAM-CAL:3;KAM-CAL:2;KAM-CAL:1;Kamloops;VAN-KAM:4;VAN-KAM:3;VAN-KAM:2;VAN-KAM:1,0.0640270900528647,11.680672034491185,10.120996274723005,-34.79327496716261
projected,40,100,coordinated,Edmonton-Kamloops,12,14,75.0,CAL-EDM:3;CAL-EDM:2;CAL-EDM:1;Calgary;KAM-CAL:7;KAM-CAL:6;KAM-CAL:5;KAM-CAL:4;KAM-CAL:3;KAM-CAL:2;KAM-CAL:1,0.03319923187926317,10.813018283154017,9.180940410148699,-43.493126528394306
projected,40,100,coordinated,Edmonton-Kelowna,12,14,76.2,CAL-EDM:3;CAL-EDM:2;CAL-EDM:1;Calgary;KEL-CAL:7;KEL-CAL:6;KEL-CAL:5;KEL-CAL:4;KEL-CAL:3;KEL-CAL:2;KEL-CAL:1,0.030017743045081,10.667683929002695,9.07957086848029,-44.63881106847183
projected,40,100,coordinated,Edmonton-Saskatoon,7,52,75.7,EDM-SAS:1;EDM-SAS:2;EDM-SAS:3;EDM-SAS:4;EDM-SAS:5;EDM-SAS:6,0.11641349920555381,13.022326432650349,11.649371611139323,-6.165143544128768
projected,40,100,coordinated,Edmonton-Vancouver,17,4,75.0,CAL-EDM:3;CAL-EDM:2;CAL-EDM:1;Calgary;KAM-CAL:7;KAM-CAL:6;KAM-CAL:5;KAM-CAL:4;KAM-CAL:3;KAM-CAL:2;KAM-CAL:1;Kamloops;VAN-KAM:4;VAN-KAM:3;VAN-KAM:2;VAN-KAM:1,0.009485494822646622,8.606185987090317,6.904257229819729,-97.26505965112521
projected,40,100,coordinated,Kamloops-Kelowna,3,14,63.3,KAM-KEL:1;KAM-KEL:2,0.08500830739673838,12.88801658820359,12.01791012360169,5.6055603181206575
projected,40,100,coordinated,Kamloops-Saskatoon,19,14,75.7,KAM-CAL:1;KAM-CAL:2;KAM-CAL:3;KAM-CAL:4;KAM-CAL:5;KAM-CAL:6;KAM-CAL:7;Calgary;CAL-EDM:1;CAL-EDM:2;CAL-EDM:3;Edmonton;EDM-SAS:1;EDM-SAS:2;EDM-SAS:3;EDM-SAS:4;EDM-SAS:5;EDM-SAS:6,0.03134209593995679,10.170642849511564,8.396089490017832,-79.16944357860196
projected,40,100,coordinated,Kamloops-Vancouver,5,27,72.0,VAN-KAM:4;VAN-KAM:3;VAN-KAM:2;VAN-KAM:1,0.08153869645085443,12.668277107398097,11.479288296057097,-2.0788314537088133
projected,40,100,coordinated,Kelowna-Saskatoon,19,14,76.2,KEL-CAL:1;KEL-CAL:2;KEL-CAL:3;KEL-CAL:4;KEL-CAL:5;KEL-CAL:6;KEL-CAL:7;Calgary;CAL-EDM:1;CAL-EDM:2;CAL-EDM:3;Edmonton;EDM-SAS:1;EDM-SAS:2;EDM-SAS:3;EDM-SAS:4;EDM-SAS:5;EDM-SAS:6,0.030017743045081,10.108356697732424,8.333396765592033,-80.31512811867948
projected,40,100,coordinated,Kelowna-Vancouver,8,27,72.0,KAM-KEL:2;KAM-KEL:1;Kamloops;VAN-KAM:4;VAN-KAM:3;VAN-KAM:2;VAN-KAM:1,0.08153869645085443,12.428786754985534,11.199638003567518,-10.482296798060737
projected,40,100,coordinated,Montreal-Ottawa,3,52,66.7,OTT-MON:2;OTT-MON:1,0.24136261934786468,14.393543106550219,13.522400173974155,9.791308570100519
projected,40,100,coordinated,Montreal-Toronto,9,27,75.0,OTT-MON:2;OTT-MON:1;Ottawa;TOR-OTT:5;TOR-OTT:4;TOR-OTT:3;TOR-OTT:2;TOR-OTT:1,0.0640270900528647,12.000138136481432,10.67773030619739,-17.33917905132832
projected,40,100,coordinated,Ottawa-Toronto,6,27,75.0,TOR-OTT:5;TOR-OTT:4;TOR-OTT:3;TOR-OTT:2;TOR-OTT:1,0.0640270900528647,12.239652522105095,10.948554545205234,-7.851904302263023
projected,40,100,coordinated,Saskatoon-Vancouver,12,14,151.4,EDM-SAS:5;EDM-SAS:3;EDM-SAS:1;CAL-EDM:3;CAL-EDM:1;KAM-CAL:7;KAM-CAL:5;KAM-CAL:3;KAM-CAL:1;VAN-KAM:4;VAN-KAM:2,7.01662127078183e-05,1.9268606293303272,0.48707492006795094,-146.70550411972485
projected,40,100,ext,Calgary-Edmonton,4,14,75.0,CAL-EDM:1;CAL-EDM:2;CAL-EDM:3,0.03319923187926317,11.451756287839691,10.394546371100484,-3.375154351047959
projected,40,100,ext,Calgary-Kamloops,8,14,75.0,KAM-CAL:7;KAM-CAL:6;KAM-CAL:5;KAM-CAL:4;KAM-CAL:3;KAM-CAL:2;KAM-CAL:1,0.03319923187926317,11.132451724916496,9.691665870685902,-23.434076040441806
projected,40,100,ext,Calgary-Kelowna,8,27,76.2,KEL-CAL:7;KEL-CAL:6;KEL-CAL:5;KEL-CAL:4;KEL-CAL:3;KEL-CAL:2;KEL-CAL:1,0.05789136158694193,11.934649950871037,10.493699861944032,-17.159344299058553
projected,40,100,ext,Calgary-Saskatoon,8,14,80.0,CAL-SAS:1;CAL-SAS:2;CAL-SAS:3;CAL-SAS:4;CAL-SAS:5;CAL-SAS:6;CAL-SAS:7,0.0221885046944556,10.551114308311208,9.109760191417386,-28.02594920485093
projected,40,100,ext,Calgary-Vancouver,13,27,75.0,KAM-CAL:7;KAM-CAL:6;KAM-CAL:5;KAM-CAL:4;KAM-CAL:3;KAM-CAL:2;KAM-CAL:1;Kamloops;VAN-KAM:4;VAN-KAM:3;VAN-KAM:2;VAN-KAM:1,0.0640270900528647,11.680672034491185,10.120996274723005,-34.79327496716261
projected,40,100,ext,Edmonton-Kamloops,12,14,75.0,CAL-EDM:3;CAL-EDM:2;CAL-EDM:1;Calgary;KAM-CAL:7;KAM-CAL:6;KAM-CAL:5;KAM-CAL:4;KAM-CAL:3;KAM-CAL:2;KAM-CAL:1,0.03319923187926317,10.813018283154017,9.180940410148699,-43.493126528394306
projected,40,100,ext,Edmonton-Kelowna,12,14,76.2,CAL-EDM:3;CAL-EDM:2;CAL-EDM:1;Calgary;KEL-CAL:7;KEL-CAL:6;KEL-CAL:5;KEL-CAL:4;KEL-CAL:3;KEL-CAL:2;KEL-CAL:1,0.030017743045081,10.667683929002695,9.07957086848029,-44.63881106847183
projected,40,100,ext,Edmonton-Saskatoon,3,27,227.1,EDM-SAS:2;EDM-SAS:4,3.029449826615312e-07,-5.210171909044752,-5.2102670382632486,-30.91302291491891
projected,40,100,ext,Edmonton-Vancouver,17,14,75.0,CAL-EDM:3;CAL-EDM:2;CAL-EDM:1;Calgary;KAM-CAL:7;KAM-CAL:6;KAM-CAL:5;KAM-CAL:4;KAM-CAL:3;KAM-CAL:2;KAM-CAL:1;Kamloops;VAN-KAM:4;VAN-KAM:3;VAN-KAM:2;VAN-KAM:1,0.03319923187926317,10.413540909147923,8.711612151877333,-66.85339964809535
projected,40,100,ext,Kamloops-Kelowna,3,14,63.3,KAM-KEL:1;KAM-KEL:2,0.08500830739673838,12.88801658820359,12.01791012360169,5.6055603181206575
projected,40,100,ext,Kamloops-Saskatoon,16,14,80.0,KAM-CAL:1;KAM-CAL:2;KAM-CAL:3;KAM-CAL:4;KAM-CAL:5;KAM-CAL:6;KAM-CAL:7;Calgary;CAL-SAS:1;CAL-SAS:2;CAL-SAS:3;CAL-SAS:4;CAL-SAS:5;CAL-SAS:6;CAL-SAS:7,0.0221885046944556,9.912115705211788,8.363751611214953,-68.14418190033038
projected,40,100,ext,Kamloops-Vancouver,5,27,72.0,VAN-KAM:4;VAN-KAM:3;VAN-KAM:2;VAN-KAM:1,0.08153869645085443,12.668277107398097,11.479288296057097,-2.0788314537088133
projected,40,100,ext,Kelowna-Saskatoon,16,27,80.0,KEL-CAL:1;KEL-CAL:2;KEL-CAL:3;KEL-CAL:4;KEL-CAL:5;KEL-CAL:6;KEL-CAL:7;Calgary;CAL-SAS:1;CAL-SAS:2;CAL-SAS:3;CAL-SAS:4;CAL-SAS:5;CAL-SAS:6;CAL-SAS:7,0.04279211619645008,10.859648285317652,9.273918172684612,-54.407537898198555
projected,40,100,ext,Kelowna-Vancouver,8,14,72.0,KAM-KEL:2;KAM-KEL:1;Kamloops;VAN-KAM:4;VAN-KAM:3;VAN-KAM:2;VAN-KAM:1,0.04227932408562823,11.48125417487967,10.252105423461652,-17.75443258779106
projected,40,100,ext,Montreal-Ottawa,2,27,133.3,OTT-MON:1,0.0005816973663086094,5.776623824173436,5.776533960538346,2.6936569493554168
projected,40,100,ext,Montreal-Toronto,5,27,150.0,OTT-MON:1;TOR-OTT:5;TOR-OTT:3;TOR-OTT:1,0.00015183215780139426,3.599413408355599,2.9218916052091624,-35.559881004917976
projected,40,100,ext,Ottawa-Toronto,6,52,75.0,TOR-OTT:5;TOR-OTT:4;TOR-OTT:3;TOR-OTT:2;TOR-OTT:1,0.12331143269440609,13.185204738082719,11.894106761182856,-2.4314687382105977
projected,40,100,ext,Saskatoon-Vancouver,19,14,144.0,CAL-SAS:7;CAL-SAS:6;CAL-SAS:5;CAL-SAS:4;CAL-SAS:3;CAL-SAS:2;CAL-SAS:1;Calgary;KAM-CAL:7;KAM-CAL:6;KAM-CAL:5;KAM-CAL:4;KAM-CAL:3;KAM-CAL:2;KAM-CAL:1;Kamloops;VAN-KAM:3;VAN-KAM:1,0.00012768151750982735,2.231234702730766,1.6461972095053174,-98.84659951853908
projected,30,100,paper,Calgary-Edmonton,4,27,75.0,CAL-EDM:1;CAL-EDM:2;CAL-EDM:3,0.0640270900528647,12.399288867945556,11.342078951206348,0.3266434913332261
projected,30,100,paper,Calgary-Kamloops,8,14,75.0,KAM-CAL:7;KAM-CAL:6;KAM-CAL:5;KAM-CAL:4;KAM-CAL:3;KAM-CAL:2;KAM-CAL:1,0.03319923187926317,11.132451724916496,9.691665870685902,-23.434076040441806
projected,30,100,paper,Calgary-Kelowna,11,14,75.0,KAM-CAL:7;KAM-CAL:6;KAM-CAL:5;KAM-CAL:4;KAM-CAL:3;KAM-CAL:2;KAM-CAL:1;Kamloops;KAM-KEL:1;KAM-KEL:2,0.03319923187926317,10.892888879875002,9.445891327911122,-34.512433779517885
projected,30,100,paper,Calgary-Saskatoon,6,27,151.4,CAL-EDM:2;Edmonton;EDM-SAS:1;EDM-SAS:3;EDM-SAS:5,0.00013532055307936385,3.353494868281405,2.2238430150566617,-51.81016734794628
projected,30,100,paper,Calgary-Vancouver,13,14,75.0,KAM-CAL:7;KAM-CAL:6;KAM-CAL:5;KAM-CAL:4;KAM-CAL:3;KAM-CAL:2;KAM-CAL:1;Kamloops;VAN-KAM:4;VAN-KAM:3;VAN-KAM:2;VAN-KAM:1,0.03319923187926317,10.73313945438532,9.17346369461714,-46.79418405666793
projected,30,100,paper,Edmonton-Kamloops,12,14,75.0,CAL-EDM:3;CAL-EDM:2;CAL-EDM:1;Calgary;KAM-CAL:7;KAM-CAL:6;KAM-CAL:5;KAM-CAL:4;KAM-CAL:3;KAM-CAL:2;KAM-CAL:1,0.03319923187926317,10.813018283154017,9.180940410148699,-43.493126528394306
projected,30,100,paper,Edmonton-Kelowna,15,7,75.0,CAL-EDM:3;CAL-EDM:2;CAL-EDM:1;Calgary;KAM-CAL:7;KAM-CAL:6;KAM-CAL:5;KAM-CAL:4;KAM-CAL:3;KAM-CAL:2;KAM-CAL:1;Kamloops;KAM-KEL:1;KAM-KEL:2,0.016599615939631586,9.573356919459783,7.938982704129513,-69.33704284769544
projected,30,100,paper,Edmonton-Saskatoon,4,27,151.4,EDM-SAS:1;EDM-SAS:3;EDM-SAS:5,0.00013532055307936385,3.5131312141218647,2.6385831848062855,-26.279850077659404
projected,30,100,paper,Edmonton-Vancouver,17,7,75.0,CAL-EDM:3;CAL-EDM:2;CAL-EDM:1;Calgary;KAM-CAL:7;KAM-CAL:6;KAM-CAL:5;KAM-CAL:4;KAM-CAL:3;KAM-CAL:2;KAM-CAL:1;Kamloops;VAN-KAM:4;VAN-KAM:3;VAN-KAM:2;VAN-KAM:1,0.016599615939631586,9.413540909147923,7.7116121518773335,-83.63418120012935
projected,30,100,paper,Kamloops-Kelowna,3,27,63.3,KAM-KEL:1;KAM-KEL:2,0.16394459283656687,13.835549168309454,12.965442703707554,8.280956820424112
projected,30,100,paper,Kamloops-Saskatoon,10,14,151.4,KAM-CAL:2;KAM-CAL:4;KAM-CAL:6;Calgary;CAL-EDM:2;Edmonton;EDM-SAS:1;EDM-SAS:3;EDM-SAS:5,7.01662127078183e-05,2.086593635609302,0.6914354111966594,-112.3249100108118
projected,30,100,paper,Kamloops-Vancouver,5,27,72.0,VAN-KAM:4;VAN-KAM:3;VAN-KAM:2;VAN-KAM:1,0.08153869645085443,12.668277107398097,11.479288296057097,-2.0788314537088133
projected,30,100,paper,Kelowna-Saskatoon,11,14,151.4,KAM-KEL:1;KAM-CAL:1;KAM-CAL:3;KAM-CAL:5;KAM-CAL:7;CAL-EDM:1;CAL-EDM:3;EDM-SAS:1;EDM-SAS:3;EDM-SAS:5,7.01662127078183e-05,2.0067312260513104,0.6014294981547657,-130.66775883767886
projected,30,100,paper,Kelowna-Vancouver,8,27,72.0,KAM-KEL:2;KAM-KEL:1;Kamloops;VAN-KAM:4;VAN-KAM:3;VAN-KAM:2;VAN-KAM:1,0.08153869645085443,12.428786754985534,11.199638003567518,-10.482296798060737
projected,30,100,paper,Montreal-Ottawa,3,27,66.7,OTT-MON:2;OTT-MON:1,0.12532289850754513,13.447990890572596,12.57684795799653,7.196809503183356
projected,30,100,paper,Montreal-Toronto,9,52,75.0,OTT-MON:2;OTT-MON:1;Ottawa;TOR-OTT:5;TOR-OTT:4;TOR-OTT:3;TOR-OTT:2;TOR-OTT:1,0.12331143269440609,12.945690352459057,11.623282522175014,-9.326082042147638
projected,30,100,paper,Ottawa-Toronto,6,27,75.0,TOR-OTT:5;TOR-OTT:4;TOR-OTT:3;TOR-OTT:2;TOR-OTT:1,0.0640270900528647,12.239652522105095,10.948554545205234,-7.851904302263023
projected,30,100,paper,Saskatoon-Vancouver,12,14,151.4,EDM-SAS:5;EDM-SAS:3;EDM-SAS:1;CAL-EDM:3;CAL-EDM:1;KAM-CAL:7;KAM-CAL:5;KAM-CAL:3;KAM-CAL:1;VAN-KAM:4;VAN-KAM:2,7.01662127078183e-05,1.9268606293303272,0.48707492006795094,-146.70550411972485
projected,30,100,coordinated,Calgary-Edmonton,4,27,75.0,CAL-EDM:1;CAL-EDM:2;CAL-EDM:3,0.0640270900528647,12.399288867945556,11.342078951206348,0.3266434913332261
projected,30,100,coordinated,Calgary-Kamloops,8,14,75.0,KAM-CAL:7;KAM-CAL:6;KAM-CAL:5;KAM-CAL:4;KAM-CAL:3;KAM-CAL:2;KAM-CAL:1,0.03319923187926317,11.132451724916496,9.691665870685902,-23.434076040441806
projected,30,100,coordinated,Calgary-Kelowna,11,14,75.0,KAM-CAL:7;KAM-CAL:6;KAM-CAL:5;KAM-CAL:4;KAM-CAL:3;KAM-CAL:2;KAM-CAL:1;Kamloops;KAM-KEL:1;KAM-KEL:2,0.03319923187926317,10.892888879875002,9.445891327911122,-34.512433779517885
projected,30,100,coordinated,Calgary-Saskatoon,6,27,151.4,CAL-EDM:2;Edmonton;EDM-SAS:1;EDM-SAS:3;EDM-SAS:5,0.00013532055307936385,3.353494868281405,2.2238430150566617,-51.81016734794628
projected,30,100,coordinated,Calgary-Vancouver,13,14,75.0,KAM-CAL:7;KAM-CAL:6;KAM-CAL:5;KAM-CAL:4;KAM-CAL:3;KAM-CAL:2;KAM-CAL:1;Kamloops;VAN-KAM:4;VAN-KAM:3;VAN-KAM:2;VAN-KAM:1,0.03319923187926317,10.73313945438532,9.17346369461714,-46.79418405666793
projected,30,100,coordinated,Edmonton-Kamloops,12,14,75.0,CAL-EDM:3;CAL-EDM:2;CAL-EDM:1;Calgary;KAM-CAL:7;KAM-CAL:6;KAM-CAL:5;KAM-CAL:4;KAM-CAL:3;KAM-CAL:2;KAM-CAL:1,0.03319923187926317,10.813018283154017,9.180940410148699,-43.493126528394306
projected,30,100,coordinated,Edmonton-Kelowna,15,7,75.0,CAL-EDM:3;CAL-EDM:2;CAL-EDM:1;Calgary;KAM-CAL:7;KAM-CAL:6;KAM-CAL:5;KAM-CAL:4;KAM-CAL:3;KAM-CAL:2;KAM-CAL:1;Kamloops;KAM-KEL:1;KAM-KEL:2,0.016599615939631586,9.573356919459783,7.938982704129513,-69.33704284769544
projected,30,100,coordinated,Edmonton-Saskatoon,4,27,151.4,EDM-SAS:1;EDM-SAS:3;EDM-SAS:5,0.00013532055307936385,3.5131312141218647,2.6385831848062855,-26.279850077659404
projected,30,100,coordinated,Edmonton-Vancouver,17,7,75.0,CAL-EDM:3;CAL-EDM:2;CAL-EDM:1;Calgary;KAM-CAL:7;KAM-CAL:6;KAM-CAL:5;KAM-CAL:4;KAM-CAL:3;KAM-CAL:2;KAM-CAL:1;Kamloops;VAN-KAM:4;VAN-KAM:3;VAN-KAM:2;VAN-KAM:1,0.016599615939631586,9.413540909147923,7.7116121518773335,-83.63418120012935
projected,30,100,coordinated,Kamloops-Kelowna,3,27,63.3,KAM-KEL:1;KAM-KEL:2,0.16394459283656687,13.835549168309454,12.965442703707554,8.280956820424112
projected,30,100,coordinated,Kamloops-Saskatoon,10,14,151.4,KAM-CAL:2;KAM-CAL:4;KAM-CAL:6;Calgary;CAL-EDM:2;Edmonton;EDM-SAS:1;EDM-SAS:3;EDM-SAS:5,7.01662127078183e-05,2.086593635609302,0.6914354111966594,-112.3249100108118
projected,30,100,coordinated,Kamloops-Vancouver,5,27,72.0,VAN-KAM:4;VAN-KAM:3;VAN-KAM:2;VAN-KAM:1,0.08153869645085443,12.668277107398097,11.479288296057097,-2.0788314537088133
projected,30,100,coordinated,Kelowna-Saskatoon,11,14,151.4,KAM-KEL:1;KAM-CAL:1;KAM-CAL:3;KAM-CAL:5;KAM-CAL:7;CAL-EDM:1;CAL-EDM:3;EDM-SAS:1;EDM-SAS:3;EDM-SAS:5,7.01662127078183e-05,2.0067312260513104,0.6014294981547657,-130.66775883767886
projected,30,100,coordinated,Kelowna-Vancouver,8,27,72.0,KAM-KEL:2;KAM-KEL:1;Kamloops;VAN-KAM:4;VAN-KAM:3;VAN-KAM:2;VAN-KAM:1,0.08153869645085443,12.428786754985534,11.199638003567518,-10.482296798060737
projected,30,100,coordinated,Montreal-Ottawa,3,52,66.7,OTT-MON:2;OTT-MON:1,0.24136261934786468,14.393543106550219,13.522400173974155,9.791308570100519
projected,30,100,coordinated,Montreal-Toronto,9,27,75.0,OTT-MON:2;OTT-MON:1;Ottawa;TOR-OTT:5;TOR-OTT:4;TOR-OTT:3;TOR-OTT:2;TOR-OTT:1,0.0640270900528647,12.000138136481432,10.67773030619739,-17.33917905132832
projected,30,100,coordinated,Ottawa-Toronto,6,27,75.0,TOR-OTT:5;TOR-OTT:4;TOR-OTT:3;TOR-OTT:2;TOR-OTT:1,0.0640270900528647,12.239652522105095,10.948554545205234,-7.851904302263023
projected,30,100,coordinated,Saskatoon-Vancouver,12,14,151.4,EDM-SAS:5;EDM-SAS:3;EDM-SAS:1;CAL-EDM:3;CAL-EDM:1;KAM-CAL:7;KAM-CAL:5;KAM-CAL:3;KAM-CAL:1;VAN-KAM:4;VAN-KAM:2,7.01662127078183e-05,1.9268606293303272,0.48707492006795094,-146.70550411972485
projected,30,100,ext,Calgary-Edmonton,4,27,75.0,CAL-EDM:1;CAL-EDM:2;CAL-EDM:3,0.0640270900528647,12.399288867945556,11.342078951206348,0.3266434913332261
projected,30,100,ext,Calgary-Kamloops,8,7,75.0,KAM-CAL:7;KAM-CAL:6;KAM-CAL:5;KAM-CAL:4;KAM-CAL:3;KAM-CAL:2;KAM-CAL:1,0.016599615939631586,10.132451724916496,8.6916658706859,-31.33856801680006
projected,30,100,ext,Calgary-Kelowna,11,7,75.0,KAM-CAL:7;KAM-CAL:6;KAM-CAL:5;KAM-CAL:4;KAM-CAL:3;KAM-CAL:2;KAM-CAL:1;Kamloops;KAM-KEL:1;KAM-KEL:2,0.016599615939631586,9.892888879875002,8.445891327911122,-45.32564785291108
projected,30,100,ext,Calgary-Saskatoon,8,27,80.0,CAL-SAS:1;CAL-SAS:2;CAL-SAS:3;CAL-SAS:4;CAL-SAS:5;CAL-SAS:6;CAL-SAS:7,0.04279211619645008,11.498646888417072,10.057292771523251,-20.564036944101826
projected,30,100,ext,Calgary-Vancouver,13,7,75.0,KAM-CAL:7;KAM-CAL:6;KAM-CAL:5;KAM-CAL:4;KAM-CAL:3;KAM-CAL:2;KAM-CAL:1;Kamloops;VAN-KAM:4;VAN-KAM:3;VAN-KAM:2;VAN-KAM:1,0.016599615939631586,9.73313945438532,8.17346369461714,-59.62271962052281
projected,30,100,ext,Edmonton-Kamloops,12,7,75.0,CAL-EDM:3;CAL-EDM:2;CAL-EDM:1;Calgary;KAM-CAL:7;KAM-CAL:6;KAM-CAL:5;KAM-CAL:4;KAM-CAL:3;KAM-CAL:2;KAM-CAL:1,0.016599615939631586,9.813018283154017,8.180940410148699,-55.34986449293168
projected,30,100,ext,Edmonton-Kelowna,15,14,75.0,CAL-EDM:3;CAL-EDM:2;CAL-EDM:1;Calgary;KAM-CAL:7;KAM-CAL:6;KAM-CAL:5;KAM-CAL:4;KAM-CAL:3;KAM-CAL:2;KAM-CAL:1;Kamloops;KAM-KEL:1;KAM-KEL:2,0.03319923187926317,10.573356919459783,8.938982704129513,-54.57158278612312
projected,30,100,ext,Edmonton-Saskatoon,4,27,151.4,EDM-SAS:1;EDM-SAS:3;EDM-SAS:5,0.00013532055307936385,3.5131312141218647,2.6385831848062855,-26.279850077659404
projected,30,100,ext,Edmonton-Vancouver,17,14,75.0,CAL-EDM:3;CAL-EDM:2;CAL-EDM:1;Calgary;KAM-CAL:7;KAM-CAL:6;KAM-CAL:5;KAM-CAL:4;KAM-CAL:3;KAM-CAL:2;KAM-CAL:1;Kamloops;VAN-KAM:4;VAN-KAM:3;VAN-KAM:2;VAN-KAM:1,0.03319923187926317,10.413540909147923,8.711612151877333,-66.85339964809535
projected,30,100,ext,Kamloops-Kelowna,3,27,63.3,KAM-KEL:1;KAM-KEL:2,0.16394459283656687,13.835549168309454,12.965442703707554,8.280956820424112
projected,30,100,ext,Kamloops-Saskatoon,16,14,80.0,KAM-CAL:1;KAM-CAL:2;KAM-CAL:3;KAM-CAL:4;KAM-CAL:5;KAM-CAL:6;KAM-CAL:7;Calgary;CAL-SAS:1;CAL-SAS:2;CAL-SAS:3;CAL-SAS:4;CAL-SAS:5;CAL-SAS:6;CAL-SAS:7,0.0221885046944556,9.912115705211788,8.363751611214953,-68.14418190033038
projected,30,100,ext,Kamloops-Vancouver,5,27,72.0,VAN-KAM:4;VAN-KAM:3;VAN-KAM:2;VAN-KAM:1,0.08153869645085443,12.668277107398097,11.479288296057097,-2.0788314537088133
projected,30,100,ext,Kelowna-Saskatoon,14,14,150.0,KAM-KEL:1;KAM-CAL:1;KAM-CAL:2;KAM-CAL:4;KAM-CAL:6;Calgary;CAL-SAS:1;CAL-SAS:2;CAL-SAS:3;CAL-SAS:4;CAL-SAS:5;CAL-SAS:6;CAL-SAS:7,7.872778552664888e-05,1.9331910992643218,1.0375912846701147,-97.53516776764428
projected,30,100,ext,Kelowna-Vancouver,8,27,72.0,KAM-KEL:2;KAM-KEL:1;Kamloops;VAN-KAM:4;VAN-KAM:3;VAN-KAM:2;VAN-KAM:1,0.08153869645085443,12.428786754985534,11.199638003567518,-10.482296798060737
projected,30,100,ext,Montreal-Ottawa,1,27,200.0,,2.7e-06,-1.8947510402052625,-1.894851364561625,-1.8947510402052588
projected,30,100,ext,Montreal-Toronto,3,52,225.0,Ottawa;TOR-OTT:3,6.934311447249285e-07,-4.015475085950581,-4.603654728888476,-42.0282807211598
projected,30,100,ext,Ottawa-Toronto,2,27,225.0,TOR-OTT:3,3.6005078668409747e-07,-4.881228813590187,-5.46622012770227,-26.28652555886948
projected,30,100,ext,Saskatoon-Vancouver,19,14,144.0,CAL-SAS:7;CAL-SAS:6;CAL-SAS:5;CAL-SAS:4;CAL-SAS:3;CAL-SAS:2;CAL-SAS:1;Calgary;KAM-CAL:7;KAM-CAL:6;KAM-CAL:5;KAM-CAL:4;KAM-CAL:3;KAM-CAL:2;KAM-CAL:1;Kamloops;VAN-KAM:3;VAN-KAM:1,0.00012768151750982735,2.231234702730766,1.6461972095053174,-98.84659951853908
projected,20,100,paper,Calgary-Edmonton,2,27,150.0,CAL-EDM:2,0.00015183215780139426,3.838832435489139,3.253845168202443,-8.846613485252279
projected,20,100,paper,Calgary-Kamloops,4,7,150.0,KAM-CAL:6;KAM-CAL:4;KAM-CAL:2,3.936389276332444e-05,1.7316950387603647,0.6727769013330919,-42.166705043896485
projected,20,100,paper,Calgary-Kelowna,6,14,150.0,KAM-CAL:6;KAM-CAL:4;KAM-CAL:2;Kamloops;KAM-KEL:1,7.872778552664888e-05,2.5720586929199047,1.51268781818855,-52.859591966779675
projected,20,100,paper,Calgary-Saskatoon,4,27,160.0,CAL-SAS:2;CAL-SAS:4;CAL-SAS:6,6.782093365075873e-05,2.5165527856556538,1.4576324037286157,-39.02736514317091
projected,20,100,paper,Calgary-Vancouver,7,14,150.0,KAM-CAL:6;KAM-CAL:4;KAM-CAL:2;Kamloops;VAN-KAM:3;VAN-KAM:1,7.872778552664888e-05,2.492228589859717,1.357310944007547,-68.86894062045987
projected,20,100,paper,Edmonton-Kamloops,6,7,150.0,CAL-EDM:2;Calgary;KAM-CAL:6;KAM-CAL:4;KAM-CAL:2,3.936389276332444e-05,1.572058692919905,0.27925249533197594,-71.5919252191159
projected,20,100,paper,Edmonton-Kelowna,8,14,150.0,CAL-EDM:2;Calgary;KAM-CAL:6;KAM-CAL:4;KAM-CAL:2;Kamloops;KAM-KEL:1,7.872778552664888e-05,2.41239047583717,1.119451782694166,-80.28490080293504
projected,20,100,paper,Edmonton-Saskatoon,3,27,227.1,EDM-SAS:1;EDM-SAS:4,3.029449826615312e-07,-5.210171909044752,-5.7952989875551175,-30.954649681467746
projected,20,100,paper,Edmonton-Vancouver,9,14,150.0,CAL-EDM:2;Calgary;KAM-CAL:6;KAM-CAL:4;KAM-CAL:2;Kamloops;VAN-KAM:3;VAN-KAM:1,7.872778552664888e-05,2.3325443072962417,0.9999512600294156,-96.29426552209597
projected,20,100,paper,Kamloops-Kelowna,2,27,126.7,KAM-KEL:1,0.0009954751674202849,6.551740379647151,6.551642628496326,3.8297773330009486
projected,20,100,paper,Kamloops-Saskatoon,8,14,160.0,KAM-CAL:2;KAM-CAL:4;KAM-CAL:6;Calgary;CAL-SAS:2;CAL-SAS:4;CAL-SAS:6,3.516641004113415e-05,1.2497156426265943,0.134323799937266,-97.66798704431457
projected,20,100,paper,Kamloops-Vancouver,5,27,72.0,VAN-KAM:4;VAN-KAM:3;VAN-KAM:2;VAN-KAM:1,0.08153869645085443,12.668277107398097,11.479288296057097,-2.0788314537088133
projected,20,100,paper,Kelowna-Saskatoon,7,14,228.8,KEL-CAL:2;KEL-CAL:5;Calgary;CAL-SAS:2;CAL-SAS:4;CAL-SAS:6,1.3799966612608638e-07,-6.663835721673574,-7.248881606970789,-102.55801104752113
projected,20,100,paper,Kelowna-Vancouver,4,27,144.0,KAM-KEL:1;VAN-KAM:4;VAN-KAM:2,0.0002462429266260956,4.376832518792575,3.705236761869039,-28.564480637897212
projected,20,100,paper,Montreal-Ottawa,1,52,200.0,,5.199999999999999e-06,-0.9491988242276385,-0.9492991485840018,-0.9491988242276339
projected,20,100,paper,Montreal-Toronto,3,27,225.0,Ottawa;TOR-OTT:3,3.6005078668409747e-07,-4.961027301928206,-5.549206944866101,-44.86493508475882
projected,20,100,paper,Ottawa-Toronto,2,27,225.0,TOR-OTT:3,3.6005078668409747e-07,-4.881228813590187,-5.46622012770227,-26.28652555886948
projected,20,100,paper,Saskatoon-Vancouver,11,14,160.0,CAL-SAS:6;CAL-SAS:4;CAL-SAS:2;Calgary;KAM-CAL:6;KAM-CAL:4;KAM-CAL:2;Kamloops;VAN-KAM:3;VAN-KAM:1,3.516641004113415e-05,1.0101527975851,-0.10879795884336264,-128.37020543763143
projected,20,100,coordinated,Calgary-Edmonton,2,27,150.0,CAL-EDM:2,0.00015183215780139426,3.838832435489139,3.253845168202443,-8.846613485252279
projected,20,100,coordinated,Calgary-Kamloops,4,7,150.0,KAM-CAL:6;KAM-CAL:4;KAM-CAL:2,3.936389276332444e-05,1.7316950387603647,0.6727769013330919,-42.166705043896485
projected,20,100,coordinated,Calgary-Kelowna,6,7,150.0,KAM-CAL:6;KAM-CAL:4;KAM-CAL:2;Kamloops;KAM-KEL:1,3.936389276332444e-05,1.572058692919905,0.5126878181885495,-58.828866258510004
projected,20,100,coordinated,Calgary-Saskatoon,4,27,160.0,CAL-SAS:2;CAL-SAS:4;CAL-SAS:6,6.782093365075873e-05,2.5165527856556538,1.4576324037286157,-39.02736514317091
projected,20,100,coordinated,Calgary-Vancouver,7,14,150.0,KAM-CAL:6;KAM-CAL:4;KAM-CAL:2;Kamloops;VAN-KAM:3;VAN-KAM:1,7.872778552664888e-05,2.492228589859717,1.357310944007547,-68.86894062045987
projected,20,100,coordinated,Edmonton-Kamloops,6,14,150.0,CAL-EDM:2;Calgary;KAM-CAL:6;KAM-CAL:4;KAM-CAL:2,7.872778552664888e-05,2.5720586929199047,1.2792524953319768,-65.59209558819694
projected,20,100,coordinated,Edmonton-Kelowna,8,14,150.0,CAL-EDM:2;Calgary;KAM-CAL:6;KAM-CAL:4;KAM-CAL:2;Kamloops;KAM-KEL:1,7.872778552664888e-05,2.41239047583717,1.119451782694166,-80.28490080293504
projected,20,100,coordinated,Edmonton-Saskatoon,3,27,227.1,EDM-SAS:2;EDM-SAS:4,3.029449826615312e-07,-5.210171909044752,-5.2102670382632486,-30.91302291491891
projected,20,100,coordinated,Edmonton-Vancouver,9,14,150.0,CAL-EDM:2;Calgary;KAM-CAL:6;KAM-CAL:4;KAM-CAL:2;Kamloops;VAN-KAM:3;VAN-KAM:1,7.872778552664888e-05,2.3325443072962417,0.9999512600294156,-96.29426552209597
projected,20,100,coordinated,Kamloops-Kelowna,2,27,126.7,KAM-KEL:1,0.0009954751674202849,6.551740379647151,6.551642628496326,3.8297773330009486
projected,20,100,coordinated,Kamloops-Saskatoon,8,14,160.0,KAM-CAL:2;KAM-CAL:4;KAM-CAL:6;Calgary;CAL-SAS:2;CAL-SAS:4;CAL-SAS:6,3.516641004113415e-05,1.2497156426265943,0.134323799937266,-97.66798704431457
projected,20,100,coordinated,Kamloops-Vancouver,5,27,72.0,VAN-KAM:4;VAN-KAM:3;VAN-KAM:2;VAN-KAM:1,0.08153869645085443,12.668277107398097,11.479288296057097,-2.0788314537088133
projected,20,100,coordinated,Kelowna-Saskatoon,7,14,228.8,KEL-CAL:2;KEL-CAL:5;Calgary;CAL-SAS:2;CAL-SAS:4;CAL-SAS:6,1.3799966612608638e-07,-6.663835721673574,-7.248881606970789,-102.55801104752113
projected,20,100,coordinated,Kelowna-Vancouver,4,27,144.0,KAM-KEL:1;VAN-KAM:4;VAN-KAM:2,0.0002462429266260956,4.376832518792575,3.705236761869039,-28.564480637897212
projected,20,100,coordinated,Montreal-Ottawa,1,27,200.0,,2.7e-06,-1.8947510402052625,-1.894851364561625,-1.8947510402052588
projected,20,100,coordinated,Montreal-Toronto,3,27,225.0,Ottawa;TOR-OTT:3,3.6005078668409747e-07,-4.961027301928206,-5.549206944866101,-44.86493508475882
projected,20,100,coordinated,Ottawa-Toronto,2,52,225.0,TOR-OTT:3,6.934311447249285e-07,-3.9356765976125634,-4.5206679117246455,-24.395421607880266
projected,20,100,coordinated,Saskatoon-Vancouver,11,14,160.0,CAL-SAS:6;CAL-SAS:4;CAL-SAS:2;Calgary;KAM-CAL:6;KAM-CAL:4;KAM-CAL:2;Kamloops;VAN-KAM:3;VAN-KAM:1,3.516641004113415e-05,1.0101527975851,-0.10879795884336264,-128.37020543763143
projected,20,100,ext,Calgary-Edmonton,2,14,150.0,CAL-EDM:2,7.872778552664888e-05,2.891299855383275,2.3063125880965787,-10.741573185660808
projected,20,100,ext,Calgary-Kamloops,4,14,150.0,KAM-CAL:6;KAM-CAL:4;KAM-CAL:2,7.872778552664888e-05,2.731695038760365,1.6727769013330922,-38.166818623283845
projected,20,100,ext,Calgary-Kelowna,4,27,152.5,KEL-CAL:6;KEL-CAL:4;KEL-CAL:2,0.00012412628690333538,3.388558910563584,2.329640032927186,-35.539497087263264
projected,20,100,ext,Calgary-Saskatoon,4,14,160.0,CAL-SAS:2;CAL-SAS:4;CAL-SAS:6,3.516641004113415e-05,1.5690202055497893,0.5100998236227513,-42.81740124324612
projected,20,100,ext,Calgary-Vancouver,7,27,150.0,KAM-CAL:6;KAM-CAL:4;KAM-CAL:2;Kamloops;VAN-KAM:3;VAN-KAM:1,0.00015183215780139426,3.4397611699655815,2.3048435241134118,-62.26466396232193
projected,20,100,ext,Edmonton-Kamloops,6,14,150.0,CAL-EDM:2;Calgary;KAM-CAL:6;KAM-CAL:4;KAM-CAL:2,7.872778552664888e-05,2.5720586929199047,1.2792524953319768,-65.59209558819694
projected,20,100,ext,Edmonton-Kelowna,6,14,152.5,CAL-EDM:2;Calgary;KEL-CAL:6;KEL-CAL:4;KEL-CAL:2,6.436177839432205e-05,2.281389984617259,1.0713788121808394,-66.75473193099197
projected,20,100,ext,Edmonton-Saskatoon,4,27,151.4,EDM-SAS:1;EDM-SAS:3;EDM-SAS:5,0.00013532055307936385,3.5131312141218647,2.6385831848062855,-26.279850077659404
projected,20,100,ext,Edmonton-Vancouver,9,14,150.0,CAL-EDM:2;Calgary;KAM-CAL:6;KAM-CAL:4;KAM-CAL:2;Kamloops;VAN-KAM:3;VAN-KAM:1,7.872778552664888e-05,2.3325443072962417,0.9999512600294156,-96.29426552209597
projected,20,100,ext,Kamloops-Kelowna,1,14,190.0,,3.1342095939956728e-06,-1.6796087871005512,-1.6797090221020592,-1.679608787100551
projected,20,100,ext,Kamloops-Saskatoon,8,14,160.0,KAM-CAL:2;KAM-CAL:4;KAM-CAL:6;Calgary;CAL-SAS:2;CAL-SAS:4;CAL-SAS:6,3.516641004113415e-05,1.2497156426265943,0.134323799937266,-97.66798704431457
projected,20,100,ext,Kamloops-Vancouver,3,27,144.0,VAN-KAM:3;VAN-KAM:1,0.0002462429266260956,4.456638847077467,3.8716036459593663,-11.204029335456328
projected,20,100,ext,Kelowna-Saskatoon,8,27,160.0,KEL-CAL:2;KEL-CAL:4;KEL-CAL:6;Calgary;CAL-SAS:2;CAL-SAS:4;CAL-SAS:6,6.782093365075873e-05,2.197248222732459,1.0401552610131448,-91.25062940821878
projected,20,100,ext,Kelowna-Vancouver,2,14,234.0,VAN-KEL:2,9.039159206485187e-08,-6.8751687435855695,-6.8752583126841875,-21.20557379538313
projected,20,100,ext,Montreal-Ottawa,1,27,200.0,,2.7e-06,-1.8947510402052625,-1.894851364561625,-1.8947510402052588
projected,20,100,ext,Montreal-Toronto,3,52,225.0,Ottawa;TOR-OTT:3,6.934311447249285e-07,-4.015475085950581,-4.603654728888476,-42.0282807211598
projected,20,100,ext,Ottawa-Toronto,2,27,225.0,TOR-OTT:3,3.6005078668409747e-07,-4.881228813590187,-5.46622012770227,-26.28652555886948
projected,20,100,ext,Saskatoon-Vancouver,11,14,160.0,CAL-SAS:6;CAL-SAS:4;CAL-SAS:2;Calgary;KAM-CAL:6;KAM-CAL:4;KAM-CAL:2;Kamloops;VAN-KAM:3;VAN-KAM:1,3.516641004113415e-05,1.0101527975851,-0.10879795884336264,-128.37020543763143
projected,15,100,paper,Calgary-Edmonton,2,27,150.0,CAL-EDM:2,0.00015183215780139426,3.838832435489139,3.253845168202443,-8.846613485252279
projected,15,100,paper,Calgary-Kamloops,4,7,150.0,KAM-CAL:6;KAM-CAL:4;KAM-CAL:2,3.936389276332444e-05,1.7316950387603647,0.6727769013330919,-42.166705043896485
projected,15,100,paper,Calgary-Kelowna,6,14,150.0,KAM-CAL:6;KAM-CAL:4;KAM-CAL:2;Kamloops;KAM-KEL:1,7.872778552664888e-05,2.5720586929199047,1.51268781818855,-52.859591966779675
projected,15,100,paper,Calgary-Saskatoon,4,27,160.0,CAL-SAS:2;CAL-SAS:4;CAL-SAS:6,6.782093365075873e-05,2.5165527856556538,1.4576324037286157,-39.02736514317091
projected,15,100,paper,Calgary-Vancouver,7,7,150.0,KAM-CAL:6;KAM-CAL:4;KAM-CAL:2;Kamloops;VAN-KAM:3;VAN-KAM:1,3.936389276332444e-05,1.4922285898597172,0.357310944007547,-75.85354365687577
projected,15,100,paper,Edmonton-Kamloops,6,14,150.0,CAL-EDM:2;Calgary;KAM-CAL:6;KAM-CAL:4;KAM-CAL:2,7.872778552664888e-05,2.5720586929199047,1.2792524953319768,-65.59209558819694
projected,15,100,paper,Edmonton-Kelowna,8,14,150.0,CAL-EDM:2;Calgary;KAM-CAL:6;KAM-CAL:4;KAM-CAL:2;Kamloops;KAM-KEL:1,7.872778552664888e-05,2.41239047583717,1.119451782694166,-80.28490080293504
projected,15,100,paper,Edmonton-Vancouver,9,14,150.0,CAL-EDM:2;Calgary;KAM-CAL:6;KAM-CAL:4;KAM-CAL:2;Kamloops;VAN-KAM:3;VAN-KAM:1,7.872778552664888e-05,2.3325443072962417,0.9999512600294156,-96.29426552209597
projected,15,100,paper,Kamloops-Kelowna,2,27,126.7,KAM-KEL:1,0.0009954751674202849,6.551740379647151,6.551642628496326,3.8297773330009486
projected,15,100,paper,Kamloops-Saskatoon,8,14,160.0,KAM-CAL:2;KAM-CAL:4;KAM-CAL:6;Calgary;CAL-SAS:2;CAL-SAS:4;CAL-SAS:6,3.516641004113415e-05,1.2497156426265943,0.134323799937266,-97.66798704431457
projected,15,100,paper,Kamloops-Vancouver,3,27,144.0,VAN-KAM:3;VAN-KAM:1,0.0002462429266260956,4.456638847077467,3.8716036459593663,-11.204029335456328
projected,15,100,paper,Kelowna-Vancouver,2,27,234.0,VAN-KEL:2,1.7432664183935718e-07,-5.927636163479704,-5.927725732578323,-19.31054121069457
projected,15,100,paper,Montreal-Ottawa,1,27,200.0,,2.7e-06,-1.8947510402052625,-1.894851364561625,-1.8947510402052588
projected,15,100,paper,Montreal-Toronto,3,27,225.0,Ottawa;TOR-OTT:3,3.6005078668409747e-07,-4.961027301928206,-5.549206944866101,-44.86493508475882
projected,15,100,paper,Ottawa-Toronto,2,52,225.0,TOR-OTT:3,6.934311447249285e-07,-3.9356765976125634,-4.5206679117246455,-24.395421607880266
projected,15,100,paper,Saskatoon-Vancouver,11,14,160.0,CAL-SAS:6;CAL-SAS:4;CAL-SAS:2;Calgary;KAM-CAL:6;KAM-CAL:4;KAM-CAL:2;Kamloops;VAN-KAM:3;VAN-KAM:1,3.516641004113415e-05,1.0101527975851,-0.10879795884336264,-128.37020543763143
projected,15,100,coordinated,Calgary-Edmonton,2,27,150.0,CAL-EDM:2,0.00015183215780139426,3.838832435489139,3.253845168202443,-8.846613485252279
projected,15,100,coordinated,Calgary-Kamloops,4,14,150.0,KAM-CAL:6;KAM-CAL:4;KAM-CAL:2,7.872778552664888e-05,2.731695038760365,1.6727769013330922,-38.166818623283845
projected,15,100,coordinated,Calgary-Kelowna,6,14,150.0,KAM-CAL:6;KAM-CAL:4;KAM-CAL:2;Kamloops;KAM-KEL:1,7.872778552664888e-05,2.5720586929199047,1.51268781818855,-52.859591966779675
projected,15,100,coordinated,Calgary-Saskatoon,4,27,160.0,CAL-SAS:2;CAL-SAS:4;CAL-SAS:6,6.782093365075873e-05,2.5165527856556538,1.4576324037286157,-39.02736514317091
projected,15,100,coordinated,Calgary-Vancouver,7,7,150.0,KAM-CAL:6;KAM-CAL:4;KAM-CAL:2;Kamloops;VAN-KAM:3;VAN-KAM:1,3.936389276332444e-05,1.4922285898597172,0.357310944007547,-75.85354365687577
projected,15,100,coordinated,Edmonton-Kamloops,6,14,150.0,CAL-EDM:2;Calgary;KAM-CAL:6;KAM-CAL:4;KAM-CAL:2,7.872778552664888e-05,2.5720586929199047,1.2792524953319768,-65.59209558819694
projected,15,100,coordinated,Edmonton-Kelowna,8,14,150.0,CAL-EDM:2;Calgary;KAM-CAL:6;KAM-CAL:4;KAM-CAL:2;Kamloops;KAM-KEL:1,7.872778552664888e-05,2.41239047583717,1.119451782694166,-80.28490080293504
projected,15,100,coordinated,Edmonton-Vancouver,9,7,150.0,CAL-EDM:2;Calgary;KAM-CAL:6;KAM-CAL:4;KAM-CAL:2;Kamloops;VAN-KAM:3;VAN-KAM:1,3.936389276332444e-05,1.3325443072962417,-4.873997058469554e-05,-105.27881176881819
projected,15,100,coordinated,Kamloops-Kelowna,2,27,126.7,KAM-KEL:1,0.0009954751674202849,6.551740379647151,6.551642628496326,3.8297773330009486
projected,15,100,coordinated,Kamloops-Saskatoon,8,14,160.0,KAM-CAL:2;KAM-CAL:4;KAM-CAL:6;Calgary;CAL-SAS:2;CAL-SAS:4;CAL-SAS:6,3.516641004113415e-05,1.2497156426265943,0.134323799937266,-97.66798704431457
projected,15,100,coordinated,Kamloops-Vancouver,3,27,144.0,VAN-KAM:3;VAN-KAM:1,0.0002462429266260956,4.456638847077467,3.8716036459593663,-11.204029335456328
projected,15,100,coordinated,Kelowna-Vancouver,2,27,234.0,VAN-KEL:2,1.7432664183935718e-07,-5.927636163479704,-5.927725732578323,-19.31054121069457
projected,15,100,coordinated,Montreal-Ottawa,1,52,200.0,,5.199999999999999e-06,-0.9491988242276385,-0.9492991485840018,-0.9491988242276339
projected,15,100,coordinated,Montreal-Toronto,3,27,225.0,Ottawa;TOR-OTT:3,3.6005078668409747e-07,-4.961027301928206,-5.549206944866101,-44.86493508475882
projected,15,100,coordinated,Ottawa-Toronto,2,27,225.0,TOR-OTT:3,3.6005078668409747e-07,-4.881228813590187,-5.46622012770227,-26.28652555886948
projected,15,100,coordinated,Saskatoon-Vancouver,11,14,160.0,CAL-SAS:6;CAL-SAS:4;CAL-SAS:2;Calgary;KAM-CAL:6;KAM-CAL:4;KAM-CAL:2;Kamloops;VAN-KAM:3;VAN-KAM:1,3.516641004113415e-05,1.0101527975851,-0.10879795884336264,-128.37020543763143
projected,15,100,ext,Calgary-Edmonton,2,27,150.0,CAL-EDM:2,0.00015183215780139426,3.838832435489139,3.253845168202443,-8.846613485252279
projected,15,100,ext,Calgary-Kamloops,4,14,150.0,KAM-CAL:6;KAM-CAL:4;KAM-CAL:2,7.872778552664888e-05,2.731695038760365,1.6727769013330922,-38.166818623283845
projected,15,100,ext,Calgary-Kelowna,6,14,150.0,KAM-CAL:6;KAM-CAL:4;KAM-CAL:2;Kamloops;KAM-KEL:1,7.872778552664888e-05,2.5720586929199047,1.51268781818855,-52.859591966779675
projected,15,100,ext,Calgary-Saskatoon,3,27,240.0,CAL-SAS:2;CAL-SAS:5,1.0748893604944417e-07,-6.705039551744072,-7.290088467151797,-43.70230513547282
projected,15,100,ext,Calgary-Vancouver,6,14,216.0,KAM-CAL:6;KAM-CAL:4;KAM-CAL:2;Kamloops;VAN-KAM:2,3.8559201846734367e-07,-5.101595206269901,-5.1017770057633305,-72.56812490226163
projected,15,100,ext,Edmonton-Kamloops,6,14,150.0,CAL-EDM:2;Calgary;KAM-CAL:6;KAM-CAL:4;KAM-CAL:2,7.872778552664888e-05,2.5720586929199047,1.2792524953319768,-65.59209558819694
projected,15,100,ext,Edmonton-Kelowna,8,14,150.0,CAL-EDM:2;Calgary;KAM-CAL:6;KAM-CAL:4;KAM-CAL:2;Kamloops;KAM-KEL:1,7.872778552664888e-05,2.41239047583717,1.119451782694166,-80.28490080293504
projected,15,100,ext,Edmonton-Saskatoon,3,27,227.1,EDM-SAS:2;EDM-SAS:4,3.029449826615312e-07,-5.210171909044752,-5.2102670382632486,-30.91302291491891
projected,15,100,ext,Edmonton-Vancouver,8,14,216.0,CAL-EDM:2;Calgary;KAM-CAL:6;KAM-CAL:4;KAM-CAL:2;Kamloops;VAN-KAM:2,3.8559201846734367e-07,-5.261263423352636,-5.261473885983334,-99.993433738417
projected,15,100,ext,Kamloops-Kelowna,2,27,126.7,KAM-KEL:1,0.0009954751674202849,6.551740379647151,6.551642628496326,3.8297773330009486
projected,15,100,ext,Kamloops-Saskatoon,5,14,300.0,KAM-CAL:4;Calgary;CAL-SAS:2;CAL-SAS:5,4.427188724235731e-10,-14.788241669908919,-15.373356320268037,-108.85027993394621
projected,15,100,ext,Kamloops-Vancouver,2,27,216.0,VAN-KAM:2,7.436417499013056e-07,-3.8348214637006666,-3.8349137720835307,-15.822623121361795
projected,15,100,ext,Kelowna-Vancouver,2,27,234.0,VAN-KEL:2,1.7432664183935718e-07,-5.927636163479704,-5.927725732578323,-19.31054121069457
projected,15,100,ext,Montreal-Ottawa,1,27,200.0,,2.7e-06,-1.8947510402052625,-1.894851364561625,-1.8947510402052588
projected,15,100,ext,Montreal-Toronto,3,52,225.0,Ottawa;TOR-OTT:3,6.934311447249285e-07,-4.015475085950581,-4.603654728888476,-42.0282807211598
projected,15,100,ext,Ottawa-Toronto,2,27,225.0,TOR-OTT:3,3.6005078668409747e-07,-4.881228813590187,-5.46622012770227,-26.28652555886948
projected,10,100,paper,Calgary-Edmonton,1,27,300.0,,8.538149682454624e-10,-13.52149937231103,-13.521599768779337,-13.52149937231103
projected,10,100,paper,Calgary-Kamloops,2,14,300.0,KAM-CAL:4,4.427188724235731e-10,-14.548822642775377,-15.133813966483974,-45.62171271762817
projected,10,100,paper,Calgary-Kelowna,3,27,228.8,KEL-CAL:5;KEL-CAL:2,2.661422132431666e-07,-5.397030364382171,-5.982075873046311,-40.21431996718304
projected,10,100,paper,Calgary-Saskatoon,3,27,240.0,CAL-SAS:2;CAL-SAS:5,1.0748893604944417e-07,-6.705039551744072,-7.290088467151797,-43.70230513547282
projected,10,100,paper,Edmonton-Kamloops,3,27,300.0,Calgary;KAM-CAL:4,8.538149682454624e-10,-13.681088551007532,-14.555586175649596,-73.93180354109447
projected,10,100,paper,Kamloops-Kelowna,1,14,190.0,,3.1342095939956728e-06,-1.6796087871005512,-1.6797090221020592,-1.679608787100551
projected,10,100,paper,Kamloops-Saskatoon,5,14,300.0,KAM-CAL:4;Calgary;CAL-SAS:2;CAL-SAS:5,4.427188724235731e-10,-14.788241669908919,-15.373356320268037,-108.85027993394621
projected,10,100,paper,Kamloops-Vancouver,2,27,216.0,VAN-KAM:2,7.436417499013056e-07,-3.8348214637006666,-3.8349137720835307,-15.822623121361795
projected,10,100,paper,Kelowna-Saskatoon,6,27,240.0,KEL-CAL:2;KEL-CAL:5;Calgary;CAL-SAS:2;CAL-SAS:5,1.0748893604944417e-07,-6.944482225869423,-7.617293987179559,-100.60033671992751
projected,10,100,paper,Kelowna-Vancouver,2,27,234.0,VAN-KEL:2,1.7432664183935718e-07,-5.927636163479704,-5.927725732578323,-19.31054121069457
projected,10,100,paper,Montreal-Ottawa,1,52,200.0,,5.199999999999999e-06,-0.9491988242276385,-0.9492991485840018,-0.9491988242276339
projected,10,100,paper,Montreal-Toronto,3,27,225.0,Ottawa;TOR-OTT:3,3.6005078668409747e-07,-4.961027301928206,-5.549206944866101,-44.86493508475882
projected,10,100,paper,Ottawa-Toronto,2,27,225.0,TOR-OTT:3,3.6005078668409747e-07,-4.881228813590187,-5.46622012770227,-26.28652555886948
projected,10,100,coordinated,Calgary-Edmonton,1,27,300.0,,8.538149682454624e-10,-13.52149937231103,-13.521599768779337,-13.52149937231103
projected,10,100,coordinated,Calgary-Kamloops,2,14,300.0,KAM-CAL:4,4.427188724235731e-10,-14.548822642775377,-15.133813966483974,-45.62171271762817
projected,10,100,coordinated,Calgary-Kelowna,3,27,228.8,KEL-CAL:5;KEL-CAL:2,2.661422132431666e-07,-5.397030364382171,-5.982075873046311,-40.21431996718304
projected,10,100,coordinated,Calgary-Saskatoon,3,27,240.0,CAL-SAS:2;CAL-SAS:5,1.0748893604944417e-07,-6.705039551744072,-7.290088467151797,-43.70230513547282
projected,10,100,coordinated,Edmonton-Kamloops,3,14,300.0,Calgary;KAM-CAL:4,4.427188724235731e-10,-14.628621131113396,-15.50311875575546,-76.77440128052244
projected,10,100,coordinated,Kamloops-Kelowna,1,14,190.0,,3.1342095939956728e-06,-1.6796087871005512,-1.6797090221020592,-1.679608787100551
projected,10,100,coordinated,Kamloops-Saskatoon,5,27,300.0,KAM-CAL:4;Calgary;CAL-SAS:2;CAL-SAS:5,8.538149682454624e-10,-13.840709089803054,-14.425823740162173,-104.11264066376218
projected,10,100,coordinated,Kamloops-Vancouver,2,27,216.0,VAN-KAM:2,7.436417499013056e-07,-3.8348214637006666,-3.8349137720835307,-15.822623121361795
projected,10,100,coordinated,Kelowna-Saskatoon,6,27,240.0,KEL-CAL:2;KEL-CAL:5;Calgary;CAL-SAS:2;CAL-SAS:5,1.0748893604944417e-07,-6.944482225869423,-7.617293987179559,-100.60033671992751
projected,10,100,coordinated,Kelowna-Vancouver,2,27,234.0,VAN-KEL:2,1.7432664183935718e-07,-5.927636163479704,-5.927725732578323,-19.31054121069457
projected,10,100,coordinated,Montreal-Ottawa,1,27,200.0,,2.7e-06,-1.8947510402052625,-1.894851364561625,-1.8947510402052588
projected,10,100,coordinated,Montreal-Toronto,3,52,225.0,Ottawa;TOR-OTT:3,6.934311447249285e-07,-4.015475085950581,-4.603654728888476,-42.0282807211598
projected,10,100,coordinated,Ottawa-Toronto,2,27,225.0,TOR-OTT:3,3.6005078668409747e-07,-4.881228813590187,-5.46622012770227,-26.28652555886948
projected,10,100,ext,Calgary-Edmonton,1,27,300.0,,8.538149682454624e-10,-13.52149937231103,-13.521599768779337,-13.52149937231103
projected,10,100,ext,Calgary-Kamloops,2,14,300.0,KAM-CAL:4,4.427188724235731e-10,-14.548822642775377,-15.133813966483974,-45.62171271762817
projected,10,100,ext,Calgary-Kelowna,3,27,228.8,KEL-CAL:5;KEL-CAL:2,2.661422132431666e-07,-5.397030364382171,-5.982075873046311,-40.21431996718304
projected,10,100,ext,Calgary-Saskatoon,3,27,240.0,CAL-SAS:2;CAL-SAS:5,1.0748893604944417e-07,-6.705039551744072,-7.290088467151797,-43.70230513547282
projected,10,100,ext,Edmonton-Kamloops,3,27,300.0,Calgary;KAM-CAL:4,8.538149682454624e-10,-13.681088551007532,-14.555586175649596,-73.93180354109447
projected,10,100,ext,Kamloops-Kelowna,1,4,190.0,,8.954884554273351e-07,-3.486963709158155,-3.4870639441596634,-3.486963709158155
projected,10,100,ext,Kamloops-Saskatoon,5,27,300.0,KAM-CAL:4;Calgary;CAL-SAS:2;CAL-SAS:5,8.538149682454624e-10,-13.840709089803054,-14.425823740162173,-104.11264066376218
projected,10,100,ext,Kamloops-Vancouver,2,27,216.0,VAN-KAM:2,7.436417499013056e-07,-3.8348214637006666,-3.8349137720835307,-15.822623121361795
projected,10,100,ext,Kelowna-Saskatoon,6,27,240.0,KEL-CAL:2;KEL-CAL:5;Calgary;CAL-SAS:2;CAL-SAS:5,1.0748893604944417e-07,-6.944482225869423,-7.617293987179559,-100.60033671992751
projected,10,100,ext,Kelowna-Vancouver,2,27,234.0,VAN-KEL:2,1.7432664183935718e-07,-5.927636163479704,-5.927725732578323,-19.31054121069457
projected,10,100,ext,Montreal-Ottawa,1,27,200.0,,2.7e-06,-1.8947510402052625,-1.894851364561625,-1.8947510402052588
projected,10,100,ext,Montreal-Toronto,3,52,225.0,Ottawa;TOR-OTT:3,6.934311447249285e-07,-4.015475085950581,-4.603654728888476,-42.0282807211598
projected,10,100,ext,Ottawa-Toronto,2,27,225.0,TOR-OTT:3,3.6005078668409747e-07,-4.881228813590187,-5.46622012770227,-26.28652555886948
projected,6,100,paper,Calgary-Edmonton,1,52,300.0,,1.6443843832875573e-09,-12.575947156333406,-12.576047552801715,-12.575947156333408
projected,6,100,paper,Calgary-Kamloops,2,14,300.0,KAM-CAL:4,4.427188724235731e-10,-14.548822642775377,-15.133813966483974,-45.62171271762817
projected,6,100,paper,Edmonton-Kamloops,3,27,300.0,Calgary;KAM-CAL:4,8.538149682454624e-10,-13.681088551007532,-14.555586175649596,-73.93180354109447
projected,6,100,paper,Kamloops-Kelowna,1,27,190.0,,6.044547074134512e-06,-0.7320762069946868,-0.7321764419961946,-0.7320762069946891
projected,6,100,paper,Kamloops-Vancouver,2,27,216.0,VAN-KAM:2,7.436417499013056e-07,-3.8348214637006666,-3.8349137720835307,-15.822623121361795
projected,6,100,paper,Kelowna-Vancouver,2,52,234.0,VAN-KEL:2,3.3574019909802124e-07,-4.982083947502081,-4.9821735166006995,-17.41949942328192
projected,6,100,paper,Montreal-Ottawa,1,27,200.0,,2.7e-06,-1.8947510402052625,-1.894851364561625,-1.8947510402052588
projected,6,100,paper,Montreal-Toronto,3,27,225.0,Ottawa;TOR-OTT:3,3.6005078668409747e-07,-4.961027301928206,-5.549206944866101,-44.86493508475882
projected,6,100,paper,Ottawa-Toronto,2,52,225.0,TOR-OTT:3,6.934311447249285e-07,-3.9356765976125634,-4.5206679117246455,-24.395421607880266
projected,6,100,coordinated,Calgary-Edmonton,1,52,300.0,,1.6443843832875573e-09,-12.575947156333406,-12.576047552801715,-12.575947156333408
projected,6,100,coordinated,Calgary-Kamloops,2,27,300.0,KAM-CAL:4,8.538149682454624e-10,-13.601290062669513,-14.18628138637811,-43.726647558009525
projected,6,100,coordinated,Edmonton-Kamloops,3,14,300.0,Calgary;KAM-CAL:4,4.427188724235731e-10,-14.628621131113396,-15.50311875575546,-76.77440128052244
projected,6,100,coordinated,Kamloops-Kelowna,1,27,190.0,,6.044547074134512e-06,-0.7320762069946868,-0.7321764419961946,-0.7320762069946891
projected,6,100,coordinated,Kamloops-Vancouver,2,27,216.0,VAN-KAM:2,7.436417499013056e-07,-3.8348214637006666,-3.8349137720835307,-15.822623121361795
projected,6,100,coordinated,Kelowna-Vancouver,2,52,234.0,VAN-KEL:2,3.3574019909802124e-07,-4.982083947502081,-4.9821735166006995,-17.41949942328192
projected,6,100,coordinated,Montreal-Ottawa,1,52,200.0,,5.199999999999999e-06,-0.9491988242276385,-0.9492991485840018,-0.9491988242276339
projected,6,100,coordinated,Montreal-Toronto,3,27,225.0,Ottawa;TOR-OTT:3,3.6005078668409747e-07,-4.961027301928206,-5.549206944866101,-44.86493508475882
projected,6,100,coordinated,Ottawa-Toronto,2,27,225.0,TOR-OTT:3,3.6005078668409747e-07,-4.881228813590187,-5.46622012770227,-26.28652555886948
projected,6,100,ext,Calgary-Edmonton,1,52,300.0,,1.6443843832875573e-09,-12.575947156333406,-12.576047552801715,-12.575947156333408
projected,6,100,ext,Calgary-Kamloops,2,27,300.0,KAM-CAL:4,8.538149682454624e-10,-13.601290062669513,-14.18628138637811,-43.726647558009525
projected,6,100,ext,Edmonton-Kamloops,3,27,300.0,Calgary;KAM-CAL:4,8.538149682454624e-10,-13.681088551007532,-14.555586175649596,-73.93180354109447
projected,6,100,ext,Kamloops-Kelowna,1,14,190.0,,3.1342095939956728e-06,-1.6796087871005512,-1.6797090221020592,-1.679608787100551
projected,6,100,ext,Kamloops-Vancouver,2,27,216.0,VAN-KAM:2,7.436417499013056e-07,-3.8348214637006666,-3.8349137720835307,-15.822623121361795
projected,6,100,ext,Kelowna-Vancouver,2,52,234.0,VAN-KEL:2,3.3574019909802124e-07,-4.982083947502081,-4.9821735166006995,-17.41949942328192
projected,6,100,ext,Montreal-Ottawa,1,27,200.0,,2.7e-06,-1.8947510402052625,-1.894851364561625,-1.8947510402052588
projected,6,100,ext,Montreal-Toronto,3,52,225.0,Ottawa;TOR-OTT:3,6.934311447249285e-07,-4.015475085950581,-4.603654728888476,-42.0282807211598
projected,6,100,ext,Ottawa-Toronto,2,27,225.0,TOR-OTT:3,3.6005078668409747e-07,-4.881228813590187,-5.46622012770227,-26.28652555886948
