point,source,generation_rate_hz,t2_s,link_fidelity,swap_success,budget,memories,statuses_ok,base_paper_served,base_paper_repeaters,base_coord_served,base_coord_repeaters,unreachable_storage_heralded,median_wait_over_t2_storage_heralded,unreachable_storage_source,median_wait_over_t2_storage_source,unreachable_slowest_heralded,median_wait_over_t2_slowest_heralded,base_coord_kind,base_coord_d_served,base_coord_d_repeaters,base_coord_site_jaccard,base_coord_pairs_path_differs,base_coord_pairs_width_differs,base_coord_d_mean_hops,base_coord_d_mean_width,base_coord_d_mean_worst_link_km,wait_paper_storage_heralded_kind,wait_paper_storage_heralded_served,wait_paper_storage_heralded_repeaters,wait_paper_storage_heralded_d_served,wait_paper_storage_heralded_d_repeaters,wait_paper_storage_heralded_site_jaccard,wait_paper_storage_heralded_pairs_path_differs,wait_paper_storage_heralded_pairs_width_differs,wait_paper_storage_heralded_d_mean_hops,wait_paper_storage_heralded_d_mean_width,wait_paper_storage_heralded_d_mean_worst_link_km,wait_coord_storage_heralded_kind,wait_coord_storage_heralded_served,wait_coord_storage_heralded_repeaters,wait_coord_storage_heralded_d_served,wait_coord_storage_heralded_d_repeaters,wait_coord_storage_heralded_site_jaccard,wait_coord_storage_heralded_pairs_path_differs,wait_coord_storage_heralded_pairs_width_differs,wait_coord_storage_heralded_d_mean_hops,wait_coord_storage_heralded_d_mean_width,wait_coord_storage_heralded_d_mean_worst_link_km,wait_paper_storage_source_kind,wait_paper_storage_source_served,wait_paper_storage_source_repeaters,wait_paper_storage_source_d_served,wait_paper_storage_source_d_repeaters,wait_paper_storage_source_site_jaccard,wait_paper_storage_source_pairs_path_differs,wait_paper_storage_source_pairs_width_differs,wait_paper_storage_source_d_mean_hops,wait_paper_storage_source_d_mean_width,wait_paper_storage_source_d_mean_worst_link_km,wait_coord_storage_source_kind,wait_coord_storage_source_served,wait_coord_storage_source_repeaters,wait_coord_storage_source_d_served,wait_coord_storage_source_d_repeaters,wait_coord_storage_source_site_jaccard,wait_coord_storage_source_pairs_path_differs,wait_coord_storage_source_pairs_width_differs,wait_coord_storage_source_d_mean_hops,wait_coord_storage_source_d_mean_width,wait_coord_storage_source_d_mean_worst_link_km,wait_paper_slowest_heralded_kind,wait_paper_slowest_heralded_served,wait_paper_slowest_heralded_repeaters,wait_paper_slowest_heralded_d_served,wait_paper_slowest_heralded_d_repeaters,wait_paper_slowest_heralded_site_jaccard,wait_paper_slowest_heralded_pairs_path_differs,wait_paper_slowest_heralded_pairs_width_differs,wait_paper_slowest_heralded_d_mean_hops,wait_paper_slowest_heralded_d_mean_width,wait_paper_slowest_heralded_d_mean_worst_link_km,wait_coord_slowest_heralded_kind,wait_coord_slowest_heralded_served,wait_coord_slowest_heralded_repeaters,wait_coord_slowest_heralded_d_served,wait_coord_slowest_heralded_d_repeaters,wait_coord_slowest_heralded_site_jaccard,wait_coord_slowest_heralded_pairs_path_differs,wait_coord_slowest_heralded_pairs_width_differs,wait_coord_slowest_heralded_d_mean_hops,wait_coord_slowest_heralded_d_mean_width,wait_coord_slowest_heralded_d_mean_worst_link_km
midrange,midrange,20000.0,0.01,0.96,0.7,1000000,100,1,12,54,11,53,11,3.377551985379033,1,0.6316047546906531,7,1.1699897377206816,served_and_memory,-1,-1,0.9814814814814815,0,7,0.0,1.1818181818181819,0.0,served_and_memory,3,7,-9,-47,0.12962962962962962,0,3,0.0,73.33333333333333,0.0,served_and_memory,3,7,-9,-47,0.12962962962962962,0,3,0.0,73.33333333333333,0.0,served_and_memory,11,53,-1,-1,0.9814814814814815,0,5,0.0,1.1818181818181819,0.0,served_and_memory,11,53,-1,-1,0.9814814814814815,0,7,0.0,1.1818181818181819,0.0,served_and_memory,7,30,-5,-24,0.5555555555555556,0,4,0.0,10.428571428571429,0.0,served_and_memory,7,30,-5,-24,0.5555555555555556,0,4,0.0,10.428571428571429,0.0
midrange,midrange,20000.0,0.01,0.96,0.7,20,100,1,7,18,7,18,4,1.5762879845379594,0,0.48755846371581585,2,0.45779658845429744,memory_only,0,0,1.0,0,4,0.0,0.0,0.0,served_and_memory,3,7,-4,-11,0.3888888888888889,0,2,0.0,40.333333333333336,0.0,served_and_memory,3,7,-4,-11,0.3888888888888889,0,2,0.0,40.333333333333336,0.0,memory_only,7,18,0,0,1.0,0,2,0.0,0.0,0.0,memory_only,7,18,0,0,1.0,0,4,0.0,0.0,0.0,routing,6,20,-1,2,0.7272727272727273,1,2,-0.5,0.0,1.0,routing,6,20,-1,2,0.7272727272727273,1,2,-0.5,0.0,1.0
midrange,midrange,20000.0,0.01,0.96,0.7,10,100,1,5,10,5,10,3,2.1968418775077474,1,0.48755846371581585,1,0.881682318504573,memory_only,0,0,1.0,0,2,0.0,0.0,0.0,routing,3,7,-2,-3,0.4166666666666667,1,1,0.6666666666666666,16.0,-25.0,routing,3,7,-2,-3,0.4166666666666667,1,1,0.6666666666666666,16.0,-25.0,served_set_only,4,9,-1,-1,0.9,0,0,0.0,0.0,0.0,served_and_memory,4,9,-1,-1,0.9,0,2,0.0,0.0,0.0,served_set_only,4,9,-1,-1,0.9,0,0,0.0,0.0,0.0,served_set_only,4,9,-1,-1,0.9,0,0,0.0,0.0,0.0
projected,projected,200000.0,0.1,0.998,0.95,1000000,100,1,18,47,18,47,1,0.5162795593857291,0,0.06564708299419021,1,0.15596117559282538,routing,0,0,1.0,1,2,0.05555555555555555,0.0,0.0,routing,17,47,-1,0,1.0,1,5,-0.17647058823529413,0.7647058823529411,0.25210084033613483,routing,17,47,-1,0,1.0,1,3,-0.17647058823529413,0.7647058823529411,0.25210084033613483,identical,18,47,0,0,1.0,0,0,0.0,0.0,0.0,routing,18,47,0,0,1.0,1,0,0.05555555555555555,0.0,0.0,routing,17,47,-1,0,1.0,1,7,-0.17647058823529413,0.7647058823529411,0.25210084033613483,routing,17,47,-1,0,1.0,1,9,-0.17647058823529413,0.7647058823529411,0.25210084033613483
projected,projected,200000.0,0.1,0.998,0.95,20,100,1,11,20,11,20,0,0.36336221148156506,0,0.06202241474321043,0,0.11699897377206817,memory_only,0,0,1.0,0,2,0.0,0.0,0.0,identical,11,20,0,0,1.0,0,0,0.0,0.0,0.0,memory_only,11,20,0,0,1.0,0,2,0.0,0.0,0.0,identical,11,20,0,0,1.0,0,0,0.0,0.0,0.0,identical,11,20,0,0,1.0,0,0,0.0,0.0,0.0,identical,11,20,0,0,1.0,0,0,0.0,0.0,0.0,memory_only,11,20,0,0,1.0,0,2,0.0,0.0,0.0
projected,projected,200000.0,0.1,0.998,0.95,10,100,1,5,10,5,10,1,0.1313744821013638,0,0.03666232279237058,1,0.04577965884542974,memory_only,0,0,1.0,0,2,0.0,0.0,0.0,served_and_memory,4,9,-1,-1,0.9,0,2,0.0,0.0,0.0,served_and_memory,4,9,-1,-1,0.9,0,2,0.0,0.0,0.0,identical,5,10,0,0,1.0,0,0,0.0,0.0,0.0,identical,5,10,0,0,1.0,0,0,0.0,0.0,0.0,served_and_memory,4,9,-1,-1,0.9,0,2,0.0,0.0,0.0,served_set_only,4,9,-1,-1,0.9,0,0,0.0,0.0,0.0
lhs000,lhs,16902.270239971855,0.001250530864611733,0.9422723118434982,0.5935851288295675,1000000,100,1,0,0,0,0,0,,0,,0,,identical,0,0,1.0,0,0,,,,identical,0,0,0,0,1.0,0,0,,,,identical,0,0,0,0,1.0,0,0,,,,identical,0,0,0,0,1.0,0,0,,,,identical,0,0,0,0,1.0,0,0,,,,identical,0,0,0,0,1.0,0,0,,,,identical,0,0,0,0,1.0,0,0,,,
lhs000,lhs,16902.270239971855,0.001250530864611733,0.9422723118434982,0.5935851288295675,20,100,1,0,0,0,0,0,,0,,0,,identical,0,0,1.0,0,0,,,,identical,0,0,0,0,1.0,0,0,,,,identical,0,0,0,0,1.0,0,0,,,,identical,0,0,0,0,1.0,0,0,,,,identical,0,0,0,0,1.0,0,0,,,,identical,0,0,0,0,1.0,0,0,,,,identical,0,0,0,0,1.0,0,0,,,
lhs000,lhs,16902.270239971855,0.001250530864611733,0.9422723118434982,0.5935851288295675,10,100,1,0,0,0,0,0,,0,,0,,identical,0,0,1.0,0,0,,,,identical,0,0,0,0,1.0,0,0,,,,identical,0,0,0,0,1.0,0,0,,,,identical,0,0,0,0,1.0,0,0,,,,identical,0,0,0,0,1.0,0,0,,,,identical,0,0,0,0,1.0,0,0,,,,identical,0,0,0,0,1.0,0,0,,,
lhs001,lhs,28926.950711125424,0.059796059746219134,0.9253501635141934,0.6758579795561722,1000000,100,1,11,53,11,53,1,0.39464280427157283,0,0.0958486109423308,0,0.14744823024234824,memory_only,0,0,1.0,0,2,0.0,0.0,0.0,memory_only,11,53,0,0,1.0,0,3,0.0,-2.272727272727273,0.0,served_and_memory,10,46,-1,-7,0.8679245283018868,0,2,0.0,0.0,0.0,memory_only,11,53,0,0,1.0,0,2,0.0,0.0,0.0,memory_only,11,53,0,0,1.0,0,6,0.0,0.0,0.0,identical,11,53,0,0,1.0,0,0,0.0,0.0,0.0,identical,11,53,0,0,1.0,0,0,0.0,0.0,0.0
lhs001,lhs,28926.950711125424,0.059796059746219134,0.9253501635141934,0.6758579795561722,20,100,1,6,20,6,20,0,0.2572065805715006,0,0.06479424919825066,0,0.10013866739479262,memory_only,0,0,1.0,0,2,0.0,0.0,0.0,memory_only,6,20,0,0,1.0,0,4,0.0,0.0,0.0,memory_only,6,20,0,0,1.0,0,4,0.0,0.0,0.0,memory_only,6,20,0,0,1.0,0,4,0.0,0.0,0.0,memory_only,6,20,0,0,1.0,0,2,0.0,0.0,0.0,memory_only,6,20,0,0,1.0,0,2,0.0,0.0,0.0,memory_only,6,20,0,0,1.0,0,2,0.0,0.0,0.0
lhs001,lhs,28926.950711125424,0.059796059746219134,0.9253501635141934,0.6758579795561722,10,100,1,5,10,5,10,1,0.3673890699205565,1,0.07495368598418387,1,0.14744823024234824,memory_only,0,0,1.0,0,2,0.0,0.0,0.0,served_and_memory,4,9,-1,-1,0.9,0,2,0.0,0.0,0.0,routing,3,7,-2,-3,0.4166666666666667,1,1,0.6666666666666666,16.0,-25.0,served_and_memory,4,9,-1,-1,0.9,0,2,0.0,0.0,0.0,routing,3,7,-2,-3,0.4166666666666667,1,1,0.6666666666666666,16.0,-25.0,served_set_only,4,9,-1,-1,0.9,0,0,0.0,0.0,0.0,routing,3,7,-2,-3,0.4166666666666667,1,1,0.6666666666666666,16.0,-25.0
lhs002,lhs,188743.03638420507,0.008630848694359726,0.991096155290906,0.6789837928954555,1000000,100,1,11,53,11,53,10,2.8328450296464722,0,0.543251432005221,6,1.3555906019824817,memory_only,0,0,1.0,0,6,0.0,0.0,0.0,served_and_memory,2,4,-9,-49,0.07547169811320754,0,2,0.0,73.0,0.0,served_and_memory,2,4,-9,-49,0.07547169811320754,0,2,0.0,73.0,0.0,memory_only,11,53,0,0,1.0,0,2,0.0,0.0,0.0,memory_only,11,53,0,0,1.0,0,2,0.0,0.0,0.0,served_and_memory,6,26,-5,-27,0.49056603773584906,0,3,0.0,16.333333333333332,0.0,served_and_memory,6,26,-5,-27,0.49056603773584906,0,3,0.0,16.333333333333332,0.0
lhs002,lhs,188743.03638420507,0.008630848694359726,0.991096155290906,0.6789837928954555,20,100,1,7,18,7,18,5,1.8263418122114297,0,0.432769291301696,3,0.5304189711418162,identical,0,0,1.0,0,0,0.0,0.0,0.0,served_and_memory,2,4,-5,-14,0.2222222222222222,0,2,0.0,60.5,0.0,served_and_memory,2,4,-5,-14,0.2222222222222222,0,2,0.0,60.5,0.0,memory_only,7,18,0,0,1.0,0,4,0.0,0.0,0.0,memory_only,7,18,0,0,1.0,0,2,0.0,0.0,0.0,served_and_memory,5,16,-2,-2,0.8888888888888888,0,3,0.0,5.0,0.0,served_and_memory,5,16,-2,-2,0.8888888888888888,0,3,0.0,5.0,0.0
lhs002,lhs,188743.03638420507,0.008630848694359726,0.991096155290906,0.6789837928954555,10,100,1,5,10,5,10,3,1.5221502166666094,1,0.4252400450715115,2,0.5304189711418162,identical,0,0,1.0,0,0,0.0,0.0,0.0,served_and_memory,2,4,-3,-6,0.4,0,1,0.0,36.5,0.0,served_and_memory,2,4,-3,-6,0.4,0,1,0.0,36.5,0.0,served_and_memory,4,9,-1,-1,0.9,0,2,0.0,0.0,0.0,served_set_only,4,9,-1,-1,0.9,0,0,0.0,0.0,0.0,routing,3,7,-2,-3,0.4166666666666667,1,1,0.6666666666666666,24.333333333333332,-25.0,routing,3,7,-2,-3,0.4166666666666667,1,1,0.6666666666666666,24.333333333333332,-25.0
lhs003,lhs,7154.664332429424,0.019798995959387958,0.9216574466771971,0.6308487947157452,1000000,100,1,9,39,6,20,6,1.0716081795900547,0,0.35784690250696854,0,0.4064839768785922,served_and_memory,-3,-19,0.5128205128205128,0,5,0.0,12.166666666666666,0.0,served_and_memory,5,16,-4,-23,0.41025641025641024,0,2,0.0,19.6,0.0,served_and_memory,5,16,-4,-23,0.41025641025641024,0,2,0.0,19.6,0.0,identical,9,39,0,0,1.0,0,0,0.0,0.0,0.0,served_and_memory,6,20,-3,-19,0.5128205128205128,0,3,0.0,12.166666666666666,0.0,memory_only,9,39,0,0,1.0,0,2,0.0,0.0,0.0,served_and_memory,6,20,-3,-19,0.5128205128205128,0,3,0.0,12.166666666666666,0.0
lhs003,lhs,7154.664332429424,0.019798995959387958,0.9216574466771971,0.6308487947157452,20,100,1,6,20,6,20,2,0.7154915497160002,0,0.2819410164135888,0,0.28744344697674845,memory_only,0,0,1.0,0,4,0.0,0.0,0.0,served_and_memory,5,16,-1,-4,0.8,0,2,0.0,0.0,0.0,served_and_memory,5,16,-1,-4,0.8,0,2,0.0,0.0,0.0,memory_only,6,20,0,0,1.0,0,4,0.0,0.0,0.0,identical,6,20,0,0,1.0,0,0,0.0,0.0,0.0,memory_only,6,20,0,0,1.0,0,4,0.0,0.0,0.0,memory_only,6,20,0,0,1.0,0,2,0.0,0.0,0.0
lhs003,lhs,7154.664332429424,0.019798995959387958,0.9216574466771971,0.6308487947157452,10,100,1,3,7,3,7,0,0.20957808507351686,0,0.12377580097052565,0,0.0723750779230371,identical,0,0,1.0,0,0,0.0,0.0,0.0,identical,3,7,0,0,1.0,0,0,0.0,0.0,0.0,identical,3,7,0,0,1.0,0,0,0.0,0.0,0.0,identical,3,7,0,0,1.0,0,0,0.0,0.0,0.0,identical,3,7,0,0,1.0,0,0,0.0,0.0,0.0,identical,3,7,0,0,1.0,0,0,0.0,0.0,0.0,identical,3,7,0,0,1.0,0,0,0.0,0.0,0.0
lhs004,lhs,21388.829803114437,0.005703579387976283,0.9971927589351323,0.8312279175819102,1000000,100,1,8,32,8,32,8,3.671677980832044,2,0.8501463506151561,6,1.2750415250963847,memory_only,0,0,1.0,0,4,0.0,0.0,0.0,served_and_memory,2,4,-6,-28,0.125,0,2,0.0,73.0,0.0,served_and_memory,2,4,-6,-28,0.125,0,2,0.0,73.0,0.0,served_and_memory,6,20,-2,-12,0.625,0,1,0.0,12.166666666666666,0.0,served_and_memory,6,20,-2,-12,0.625,0,1,0.0,12.166666666666666,0.0,served_and_memory,4,11,-4,-21,0.34375,0,3,0.0,42.75,0.0,served_and_memory,4,11,-4,-21,0.34375,0,3,0.0,42.75,0.0
lhs004,lhs,21388.829803114437,0.005703579387976283,0.9971927589351323,0.8312279175819102,20,100,1,6,20,6,20,5,2.696541770137649,2,0.7147954262714888,3,1.0498491089768776,memory_only,0,0,1.0,0,2,0.0,0.0,0.0,served_and_memory,2,4,-4,-16,0.2,0,2,0.0,48.0,0.0,served_and_memory,2,4,-4,-16,0.2,0,2,0.0,48.0,0.0,memory_only,6,20,0,0,1.0,0,4,0.0,0.0,0.0,memory_only,6,20,0,0,1.0,0,4,0.0,0.0,0.0,served_and_memory,4,11,-2,-9,0.55,0,3,0.0,12.0,0.0,served_and_memory,4,11,-2,-9,0.55,0,3,0.0,12.0,0.0
lhs004,lhs,21388.829803114437,0.005703579387976283,0.9971927589351323,0.8312279175819102,10,100,1,5,10,5,10,4,2.7636820272212432,2,0.8403070133385976,2,0.8026478765586721,memory_only,0,0,1.0,0,2,0.0,0.0,0.0,served_and_memory,2,4,-3,-6,0.4,0,1,0.0,36.5,0.0,served_and_memory,2,4,-3,-6,0.4,0,1,0.0,36.5,0.0,routing,3,7,-2,-3,0.4166666666666667,1,1,0.6666666666666666,24.333333333333332,-25.0,routing,3,7,-2,-3,0.4166666666666667,1,1,0.6666666666666666,24.333333333333332,-25.0,routing,3,7,-2,-3,0.4166666666666667,1,1,0.6666666666666666,24.333333333333332,-25.0,routing,3,7,-2,-3,0.4166666666666667,1,1,0.6666666666666666,24.333333333333332,-25.0
lhs005,lhs,116317.40255939386,0.0028763018154118365,0.9320865651419203,0.7623614185023557,1000000,100,1,2,4,2,4,2,1.3227466753190718,0,0.6864530081198279,0,0.42986088869439704,identical,0,0,1.0,0,0,0.0,0.0,0.0,routing,1,0,-1,-4,0.0,1,0,-2.0,0.0,126.66666666666666,routing,1,0,-1,-4,0.0,1,0,-2.0,0.0,126.66666666666666,identical,2,4,0,0,1.0,0,0,0.0,0.0,0.0,identical,2,4,0,0,1.0,0,0,0.0,0.0,0.0,identical,2,4,0,0,1.0,0,0,0.0,0.0,0.0,identical,2,4,0,0,1.0,0,0,0.0,0.0,0.0
lhs005,lhs,116317.40255939386,0.0028763018154118365,0.9320865651419203,0.7623614185023557,20,100,1,2,4,2,4,2,1.3227466753190718,0,0.6864530081198279,0,0.42986088869439704,identical,0,0,1.0,0,0,0.0,0.0,0.0,routing,1,0,-1,-4,0.0,1,0,-2.0,0.0,126.66666666666666,routing,1,0,-1,-4,0.0,1,0,-2.0,0.0,126.66666666666666,identical,2,4,0,0,1.0,0,0,0.0,0.0,0.0,identical,2,4,0,0,1.0,0,0,0.0,0.0,0.0,identical,2,4,0,0,1.0,0,0,0.0,0.0,0.0,identical,2,4,0,0,1.0,0,0,0.0,0.0,0.0
lhs005,lhs,116317.40255939386,0.0028763018154118365,0.9320865651419203,0.7623614185023557,10,100,1,2,4,2,4,2,1.3227466753190718,0,0.6864530081198279,0,0.42986088869439704,identical,0,0,1.0,0,0,0.0,0.0,0.0,routing,1,0,-1,-4,0.0,1,0,-2.0,0.0,126.66666666666666,routing,1,0,-1,-4,0.0,1,0,-2.0,0.0,126.66666666666666,identical,2,4,0,0,1.0,0,0,0.0,0.0,0.0,identical,2,4,0,0,1.0,0,0,0.0,0.0,0.0,identical,2,4,0,0,1.0,0,0,0.0,0.0,0.0,identical,2,4,0,0,1.0,0,0,0.0,0.0,0.0
lhs006,lhs,25441.39356668445,0.05776947567384565,0.9478515414140215,0.8862496524180132,1000000,100,1,14,55,14,55,2,0.72235815034613,0,0.12183916536014416,0,0.2221685252071889,identical,0,0,1.0,0,0,0.0,0.0,0.0,served_and_memory,13,54,-1,-1,0.9818181818181818,0,3,0.0,1.0,0.0,served_and_memory,13,54,-1,-1,0.9818181818181818,0,5,0.0,1.0,0.0,memory_only,14,55,0,0,1.0,0,2,0.0,0.0,0.0,identical,14,55,0,0,1.0,0,0,0.0,0.0,0.0,identical,14,55,0,0,1.0,0,0,0.0,0.0,0.0,memory_only,14,55,0,0,1.0,0,2,0.0,0.0,0.0
lhs006,lhs,25441.39356668445,0.05776947567384565,0.9478515414140215,0.8862496524180132,20,100,1,9,20,9,20,1,0.43735114563828126,0,0.11401270425618168,0,0.20252732504033766,identical,0,0,1.0,0,0,0.0,0.0,0.0,served_and_memory,8,20,-1,0,1.0,0,3,0.0,3.125,0.0,served_and_memory,7,18,-2,-2,0.46153846153846156,0,3,0.0,5.0,0.0,identical,9,20,0,0,1.0,0,0,0.0,0.0,0.0,identical,9,20,0,0,1.0,0,0,0.0,0.0,0.0,identical,9,20,0,0,1.0,0,0,0.0,0.0,0.0,identical,9,20,0,0,1.0,0,0,0.0,0.0,0.0
lhs006,lhs,25441.39356668445,0.05776947567384565,0.9478515414140215,0.8862496524180132,10,100,1,5,10,5,10,1,0.27285828132444045,1,0.079674657374976,1,0.07924541171862473,memory_only,0,0,1.0,0,2,0.0,0.0,0.0,served_set_only,4,9,-1,-1,0.9,0,0,0.0,0.0,0.0,served_and_memory,4,9,-1,-1,0.9,0,2,0.0,0.0,0.0,served_and_memory,4,9,-1,-1,0.9,0,2,0.0,0.0,0.0,served_and_memory,4,9,-1,-1,0.9,0,2,0.0,0.0,0.0,served_set_only,4,9,-1,-1,0.9,0,0,0.0,0.0,0.0,served_set_only,4,9,-1,-1,0.9,0,0,0.0,0.0,0.0
lhs007,lhs,5831.210679018215,0.09012415922016286,0.9797240453235749,0.813052546408922,1000000,100,1,17,55,14,55,1,0.5530250776177795,0,0.19206065479397635,0,0.20727198854830492,served_and_memory,-3,0,1.0,0,5,0.0,2.7857142857142856,0.0,served_and_memory,16,55,-1,0,1.0,0,7,0.0,0.8125,0.0,served_and_memory,14,55,-3,0,1.0,0,3,0.0,2.7857142857142856,0.0,memory_only,17,55,0,0,1.0,0,8,0.0,0.0,0.0,served_and_memory,14,55,-3,0,1.0,0,5,0.0,2.7857142857142856,0.0,memory_only,17,55,0,0,1.0,0,6,0.0,0.0,0.0,served_and_memory,14,55,-3,0,1.0,0,5,0.0,2.7857142857142856,0.0
lhs007,lhs,5831.210679018215,0.09012415922016286,0.9797240453235749,0.813052546408922,20,100,1,10,20,7,18,0,0.37879902024676154,0,0.15156349576497963,0,0.1298197672904257,served_and_memory,-3,-2,0.46153846153846156,0,3,0.0,5.0,0.0,memory_only,10,20,0,0,1.0,0,2,0.0,0.0,0.0,served_and_memory,7,18,-3,-2,0.46153846153846156,0,3,0.0,10.0,0.0,memory_only,10,20,0,0,1.0,0,4,0.0,0.0,0.0,served_and_memory,7,18,-3,-2,0.46153846153846156,0,3,0.0,5.0,0.0,memory_only,10,20,0,0,1.0,0,2,0.0,0.0,0.0,served_and_memory,7,18,-3,-2,0.46153846153846156,0,3,0.0,5.0,0.0
lhs007,lhs,5831.210679018215,0.09012415922016286,0.9797240453235749,0.813052546408922,10,100,1,5,10,4,9,1,0.2437572673650267,1,0.08848931419212018,1,0.09782974134057944,served_set_only,-1,-1,0.9,0,0,0.0,0.0,0.0,served_and_memory,4,9,-1,-1,0.9,0,2,0.0,0.0,0.0,served_and_memory,4,9,-1,-1,0.9,0,2,0.0,0.0,0.0,served_and_memory,4,9,-1,-1,0.9,0,2,0.0,0.0,0.0,served_set_only,4,9,-1,-1,0.9,0,0,0.0,0.0,0.0,served_set_only,4,9,-1,-1,0.9,0,0,0.0,0.0,0.0,served_and_memory,4,9,-1,-1,0.9,0,2,0.0,0.0,0.0
lhs008,lhs,9988.07115221235,0.04060842995576627,0.9551495869745595,0.5987019236958324,1000000,100,1,11,53,9,39,2,0.76867829151301,0,0.19810806165958378,0,0.2881149896696626,served_and_memory,-2,-14,0.7358490566037735,0,5,0.0,1.4444444444444444,0.0,served_and_memory,10,46,-1,-7,0.8679245283018868,0,4,0.0,-1.2,0.0,served_and_memory,9,39,-2,-14,0.7358490566037735,0,7,0.0,1.4444444444444444,0.0,memory_only,11,53,0,0,1.0,0,6,0.0,0.0,0.0,served_and_memory,9,39,-2,-14,0.7358490566037735,0,5,0.0,1.4444444444444444,0.0,memory_only,11,53,0,0,1.0,0,4,0.0,0.0,0.0,served_and_memory,9,39,-2,-14,0.7358490566037735,0,5,0.0,1.4444444444444444,0.0
lhs008,lhs,9988.07115221235,0.04060842995576627,0.9551495869745595,0.5987019236958324,20,100,1,6,20,6,20,0,0.378737618660144,0,0.12223241893405039,0,0.1474545493378653,memory_only,0,0,1.0,0,4,0.0,0.0,0.0,memory_only,6,20,0,0,1.0,0,2,0.0,0.0,0.0,memory_only,6,20,0,0,1.0,0,4,0.0,0.0,0.0,identical,6,20,0,0,1.0,0,0,0.0,0.0,0.0,memory_only,6,20,0,0,1.0,0,2,0.0,0.0,0.0,memory_only,6,20,0,0,1.0,0,2,0.0,0.0,0.0,memory_only,6,20,0,0,1.0,0,2,0.0,0.0,0.0
lhs008,lhs,9988.07115221235,0.04060842995576627,0.9551495869745595,0.5987019236958324,10,100,1,3,7,3,7,0,0.10218163233758853,0,0.057199956146076016,0,0.03528710361172496,identical,0,0,1.0,0,0,0.0,0.0,0.0,identical,3,7,0,0,1.0,0,0,0.0,0.0,0.0,identical,3,7,0,0,1.0,0,0,0.0,0.0,0.0,identical,3,7,0,0,1.0,0,0,0.0,0.0,0.0,identical,3,7,0,0,1.0,0,0,0.0,0.0,0.0,identical,3,7,0,0,1.0,0,0,0.0,0.0,0.0,identical,3,7,0,0,1.0,0,0,0.0,0.0,0.0
lhs009,lhs,47273.87396323909,0.01081912743819176,0.9365086454311904,0.7239106558523658,1000000,100,1,11,53,11,53,9,2.181144906319956,0,0.4855730404729943,5,0.8149292293130912,memory_only,0,0,1.0,0,4,0.0,0.0,0.0,served_and_memory,3,7,-8,-46,0.1320754716981132,0,3,0.0,73.0,0.0,served_and_memory,3,7,-8,-46,0.1320754716981132,0,3,0.0,73.0,0.0,memory_only,11,53,0,0,1.0,0,6,0.0,0.0,0.0,memory_only,11,53,0,0,1.0,0,2,0.0,0.0,0.0,served_and_memory,7,30,-4,-23,0.5660377358490566,0,4,0.0,12.142857142857142,0.0,served_and_memory,7,30,-4,-23,0.5660377358490566,0,4,0.0,12.142857142857142,0.0
lhs009,lhs,47273.87396323909,0.01081912743819176,0.9365086454311904,0.7239106558523658,20,100,1,7,18,7,18,4,1.4569455749024895,0,0.38262395527185544,2,0.4231363306048742,memory_only,0,0,1.0,0,4,0.0,0.0,0.0,served_and_memory,3,7,-4,-11,0.3888888888888889,0,2,0.0,40.333333333333336,0.0,served_and_memory,3,7,-4,-11,0.3888888888888889,0,2,0.0,40.333333333333336,0.0,memory_only,7,18,0,0,1.0,0,2,0.0,0.0,0.0,memory_only,7,18,0,0,1.0,0,4,0.0,0.0,0.0,routing,6,20,-1,2,0.7272727272727273,1,2,-0.5,0.0,1.0,routing,6,20,-1,2,0.7272727272727273,1,2,-0.5,0.0,1.0
lhs009,lhs,47273.87396323909,0.01081912743819176,0.9365086454311904,0.7239106558523658,10,100,1,5,10,5,10,3,2.0305166845089992,1,0.38262395527185544,1,0.8149292293130912,memory_only,0,0,1.0,0,2,0.0,0.0,0.0,routing,3,7,-2,-3,0.4166666666666667,1,1,0.6666666666666666,16.0,-25.0,routing,3,7,-2,-3,0.4166666666666667,1,1,0.6666666666666666,16.0,-25.0,served_and_memory,4,9,-1,-1,0.9,0,2,0.0,0.0,0.0,served_set_only,4,9,-1,-1,0.9,0,0,0.0,0.0,0.0,served_set_only,4,9,-1,-1,0.9,0,0,0.0,0.0,0.0,served_set_only,4,9,-1,-1,0.9,0,0,0.0,0.0,0.0
lhs010,lhs,40040.805237913395,0.0010520472188962264,0.9335986578605314,0.9465444684756131,1000000,100,1,0,0,0,0,0,,0,,0,,identical,0,0,1.0,0,0,,,,identical,0,0,0,0,1.0,0,0,,,,identical,0,0,0,0,1.0,0,0,,,,identical,0,0,0,0,1.0,0,0,,,,identical,0,0,0,0,1.0,0,0,,,,identical,0,0,0,0,1.0,0,0,,,,identical,0,0,0,0,1.0,0,0,,,
lhs010,lhs,40040.805237913395,0.0010520472188962264,0.9335986578605314,0.9465444684756131,20,100,1,0,0,0,0,0,,0,,0,,identical,0,0,1.0,0,0,,,,identical,0,0,0,0,1.0,0,0,,,,identical,0,0,0,0,1.0,0,0,,,,identical,0,0,0,0,1.0,0,0,,,,identical,0,0,0,0,1.0,0,0,,,,identical,0,0,0,0,1.0,0,0,,,,identical,0,0,0,0,1.0,0,0,,,
lhs010,lhs,40040.805237913395,0.0010520472188962264,0.9335986578605314,0.9465444684756131,10,100,1,0,0,0,0,0,,0,,0,,identical,0,0,1.0,0,0,,,,identical,0,0,0,0,1.0,0,0,,,,identical,0,0,0,0,1.0,0,0,,,,identical,0,0,0,0,1.0,0,0,,,,identical,0,0,0,0,1.0,0,0,,,,identical,0,0,0,0,1.0,0,0,,,,identical,0,0,0,0,1.0,0,0,,,
lhs011,lhs,16012.225934049675,0.0012032688624622596,0.9785443717993986,0.6274045965355135,1000000,100,1,0,0,0,0,0,,0,,0,,identical,0,0,1.0,0,0,,,,identical,0,0,0,0,1.0,0,0,,,,identical,0,0,0,0,1.0,0,0,,,,identical,0,0,0,0,1.0,0,0,,,,identical,0,0,0,0,1.0,0,0,,,,identical,0,0,0,0,1.0,0,0,,,,identical,0,0,0,0,1.0,0,0,,,
lhs011,lhs,16012.225934049675,0.0012032688624622596,0.9785443717993986,0.6274045965355135,20,100,1,0,0,0,0,0,,0,,0,,identical,0,0,1.0,0,0,,,,identical,0,0,0,0,1.0,0,0,,,,identical,0,0,0,0,1.0,0,0,,,,identical,0,0,0,0,1.0,0,0,,,,identical,0,0,0,0,1.0,0,0,,,,identical,0,0,0,0,1.0,0,0,,,,identical,0,0,0,0,1.0,0,0,,,
lhs011,lhs,16012.225934049675,0.0012032688624622596,0.9785443717993986,0.6274045965355135,10,100,1,0,0,0,0,0,,0,,0,,identical,0,0,1.0,0,0,,,,identical,0,0,0,0,1.0,0,0,,,,identical,0,0,0,0,1.0,0,0,,,,identical,0,0,0,0,1.0,0,0,,,,identical,0,0,0,0,1.0,0,0,,,,identical,0,0,0,0,1.0,0,0,,,,identical,0,0,0,0,1.0,0,0,,,
lhs012,lhs,2769.5591634893676,0.0017421507513094548,0.9944129200769886,0.6214243145723224,1000000,100,1,0,0,0,0,0,,0,,0,,identical,0,0,1.0,0,0,,,,identical,0,0,0,0,1.0,0,0,,,,identical,0,0,0,0,1.0,0,0,,,,identical,0,0,0,0,1.0,0,0,,,,identical,0,0,0,0,1.0,0,0,,,,identical,0,0,0,0,1.0,0,0,,,,identical,0,0,0,0,1.0,0,0,,,
lhs012,lhs,2769.5591634893676,0.0017421507513094548,0.9944129200769886,0.6214243145723224,20,100,1,0,0,0,0,0,,0,,0,,identical,0,0,1.0,0,0,,,,identical,0,0,0,0,1.0,0,0,,,,identical,0,0,0,0,1.0,0,0,,,,identical,0,0,0,0,1.0,0,0,,,,identical,0,0,0,0,1.0,0,0,,,,identical,0,0,0,0,1.0,0,0,,,,identical,0,0,0,0,1.0,0,0,,,
lhs012,lhs,2769.5591634893676,0.0017421507513094548,0.9944129200769886,0.6214243145723224,10,100,1,0,0,0,0,0,,0,,0,,identical,0,0,1.0,0,0,,,,identical,0,0,0,0,1.0,0,0,,,,identical,0,0,0,0,1.0,0,0,,,,identical,0,0,0,0,1.0,0,0,,,,identical,0,0,0,0,1.0,0,0,,,,identical,0,0,0,0,1.0,0,0,,,,identical,0,0,0,0,1.0,0,0,,,
lhs013,lhs,8596.42101213641,0.012248553127493423,0.9511837900345,0.7086550623604909,1000000,100,1,11,53,11,53,9,1.9266018163132717,2,0.63235656878983,2,0.7198256882484559,memory_only,0,0,1.0,0,6,0.0,0.0,0.0,served_and_memory,3,7,-8,-46,0.1320754716981132,0,3,0.0,73.0,0.0,served_and_memory,3,7,-8,-46,0.1320754716981132,0,3,0.0,73.0,0.0,served_and_memory,10,46,-1,-7,0.8679245283018868,0,2,0.0,-1.2,0.0,served_and_memory,10,46,-1,-7,0.8679245283018868,0,4,0.0,-1.2,0.0,served_set_only,9,39,-2,-14,0.7358490566037735,0,0,0.0,0.0,0.0,served_set_only,9,39,-2,-14,0.7358490566037735,0,0,0.0,0.0,0.0
lhs013,lhs,8596.42101213641,0.012248553127493423,0.9511837900345,0.7086550623604909,20,100,1,7,18,6,20,4,1.0725714354496059,0,0.41971707061069957,0,0.4332949794281793,routing,-1,2,0.7272727272727273,1,1,-0.5,4.166666666666667,1.0,served_and_memory,3,7,-4,-11,0.3888888888888889,0,2,0.0,48.666666666666664,0.0,served_and_memory,3,7,-4,-11,0.3888888888888889,0,2,0.0,48.666666666666664,0.0,memory_only,7,18,0,0,1.0,0,2,0.0,0.0,0.0,routing,6,20,-1,2,0.7272727272727273,1,3,-0.5,4.166666666666667,1.0,memory_only,7,18,0,0,1.0,0,2,0.0,0.0,0.0,routing,6,20,-1,2,0.7272727272727273,1,3,-0.5,4.166666666666667,1.0
lhs013,lhs,8596.42101213641,0.012248553127493423,0.9511837900345,0.7086550623604909,10,100,1,5,10,3,7,3,1.0725714354496059,1,0.41971707061069957,1,0.37375564582131354,routing,-2,-3,0.4166666666666667,1,1,0.6666666666666666,24.333333333333332,-25.0,routing,3,7,-2,-3,0.4166666666666667,1,1,0.6666666666666666,24.333333333333332,-25.0,routing,3,7,-2,-3,0.4166666666666667,1,1,0.6666666666666666,24.333333333333332,-25.0,served_and_memory,4,9,-1,-1,0.9,0,2,0.0,0.0,0.0,routing,3,7,-2,-3,0.4166666666666667,1,1,0.6666666666666666,24.333333333333332,-25.0,served_and_memory,4,9,-1,-1,0.9,0,2,0.0,0.0,0.0,routing,3,7,-2,-3,0.4166666666666667,1,1,0.6666666666666666,24.333333333333332,-25.0
lhs014,lhs,67255.88079087583,0.005951738017337095,0.9444311119247981,0.921897822813583,1000000,100,1,8,32,8,32,8,3.3257446558386228,1,0.6983256566055751,5,1.0561262261040225,memory_only,0,0,1.0,0,6,0.0,0.0,0.0,served_and_memory,2,4,-6,-28,0.125,0,2,0.0,73.0,0.0,served_and_memory,2,4,-6,-28,0.125,0,2,0.0,73.0,0.0,memory_only,8,32,0,0,1.0,0,6,0.0,0.0,0.0,memory_only,8,32,0,0,1.0,0,6,0.0,0.0,0.0,served_and_memory,4,11,-4,-21,0.34375,0,2,0.0,36.5,0.0,served_and_memory,4,11,-4,-21,0.34375,0,2,0.0,36.5,0.0
lhs014,lhs,67255.88079087583,0.005951738017337095,0.9444311119247981,0.921897822813583,20,100,1,7,20,6,20,7,2.6484498812721875,1,0.6685984570885769,3,0.8917120612403515,routing,-1,0,0.48148148148148145,2,3,0.0,4.166666666666667,-11.5,served_and_memory,2,4,-5,-16,0.2,0,2,0.0,73.0,0.0,served_and_memory,2,4,-5,-16,0.2,0,2,0.0,73.0,0.0,routing,6,20,-1,0,0.48148148148148145,2,3,0.0,4.166666666666667,-11.5,routing,6,20,-1,0,0.48148148148148145,2,3,0.0,4.166666666666667,-11.5,served_and_memory,4,11,-3,-9,0.55,0,2,0.0,24.5,0.0,served_and_memory,4,11,-3,-9,0.55,0,2,0.0,24.5,0.0
lhs014,lhs,67255.88079087583,0.005951738017337095,0.9444311119247981,0.921897822813583,10,100,1,5,10,5,10,3,3.69109304056809,1,0.6685984570885769,3,1.4813863041959836,memory_only,0,0,1.0,0,2,0.0,0.0,0.0,served_and_memory,2,4,-3,-6,0.4,0,1,0.0,24.0,0.0,served_and_memory,2,4,-3,-6,0.4,0,1,0.0,24.0,0.0,served_set_only,4,9,-1,-1,0.9,0,0,0.0,0.0,0.0,served_and_memory,4,9,-1,-1,0.9,0,2,0.0,0.0,0.0,routing,3,7,-2,-3,0.4166666666666667,1,1,0.6666666666666666,16.0,-25.0,routing,3,7,-2,-3,0.4166666666666667,1,1,0.6666666666666666,16.0,-25.0
lhs015,lhs,4664.361261014511,0.0030977576075387646,0.9521080849748257,0.7700504317738285,1000000,100,1,3,7,3,7,3,1.3394965601726476,1,0.8687676227331175,1,0.46257779235900676,identical,0,0,1.0,0,0,0.0,0.0,0.0,served_set_only,0,0,-3,-7,0.0,0,0,,,,served_set_only,0,0,-3,-7,0.0,0,0,,,,served_set_only,2,4,-1,-3,0.5714285714285714,0,0,0.0,0.0,0.0,served_set_only,2,4,-1,-3,0.5714285714285714,0,0,0.0,0.0,0.0,served_set_only,2,4,-1,-3,0.5714285714285714,0,0,0.0,0.0,0.0,served_set_only,2,4,-1,-3,0.5714285714285714,0,0,0.0,0.0,0.0
lhs015,lhs,4664.361261014511,0.0030977576075387646,0.9521080849748257,0.7700504317738285,20,100,1,3,7,3,7,3,1.3394965601726476,1,0.8687676227331175,1,0.46257779235900676,identical,0,0,1.0,0,0,0.0,0.0,0.0,served_set_only,0,0,-3,-7,0.0,0,0,,,,served_set_only,0,0,-3,-7,0.0,0,0,,,,served_set_only,2,4,-1,-3,0.5714285714285714,0,0,0.0,0.0,0.0,served_set_only,2,4,-1,-3,0.5714285714285714,0,0,0.0,0.0,0.0,served_set_only,2,4,-1,-3,0.5714285714285714,0,0,0.0,0.0,0.0,served_set_only,2,4,-1,-3,0.5714285714285714,0,0,0.0,0.0,0.0
lhs015,lhs,4664.361261014511,0.0030977576075387646,0.9521080849748257,0.7700504317738285,10,100,1,3,7,3,7,3,1.3394965601726476,1,0.8687676227331175,1,0.46257779235900676,identical,0,0,1.0,0,0,0.0,0.0,0.0,served_set_only,0,0,-3,-7,0.0,0,0,,,,served_set_only,0,0,-3,-7,0.0,0,0,,,,served_set_only,2,4,-1,-3,0.5714285714285714,0,0,0.0,0.0,0.0,served_set_only,2,4,-1,-3,0.5714285714285714,0,0,0.0,0.0,0.0,served_set_only,2,4,-1,-3,0.5714285714285714,0,0,0.0,0.0,0.0,served_set_only,2,4,-1,-3,0.5714285714285714,0,0,0.0,0.0,0.0
lhs016,lhs,122170.13263849508,0.07109225139431585,0.9831533236982741,0.7317002303983177,1000000,100,1,17,55,17,55,5,0.6240846245594306,0,0.08905445492378411,0,0.21802380230926927,memory_only,0,0,1.0,0,8,0.0,0.0,0.0,routing,15,55,-2,0,1.0,1,5,0.2,0.8666666666666667,-0.08333333333333333,routing,15,55,-2,0,1.0,1,5,0.2,0.8666666666666667,-0.08333333333333333,memory_only,17,55,0,0,1.0,0,6,0.0,0.0,0.0,memory_only,17,55,0,0,1.0,0,6,0.0,0.0,0.0,memory_only,17,55,0,0,1.0,0,6,0.0,0.0,0.0,memory_only,17,55,0,0,1.0,0,6,0.0,0.0,0.0
lhs016,lhs,122170.13263849508,0.07109225139431585,0.9831533236982741,0.7317002303983177,20,100,1,11,20,11,20,3,0.6235886631508119,0,0.09337887845148025,0,0.1645734541773462,memory_only,0,0,1.0,0,2,0.0,0.0,0.0,served_and_memory,9,20,-2,0,1.0,0,2,0.0,2.888888888888889,0.0,served_and_memory,9,20,-2,0,1.0,0,2,0.0,2.888888888888889,0.0,identical,11,20,0,0,1.0,0,0,0.0,0.0,0.0,memory_only,11,20,0,0,1.0,0,2,0.0,0.0,0.0,memory_only,11,20,0,0,1.0,0,2,0.0,0.0,0.0,memory_only,11,20,0,0,1.0,0,2,0.0,0.0,0.0
lhs016,lhs,122170.13263849508,0.07109225139431585,0.9831533236982741,0.7317002303983177,10,100,1,5,10,5,10,1,0.18479437565240447,0,0.05216357944079639,1,0.0643947236830511,memory_only,0,0,1.0,0,2,0.0,0.0,0.0,served_and_memory,4,9,-1,-1,0.9,0,2,0.0,0.0,0.0,served_and_memory,4,9,-1,-1,0.9,0,2,0.0,0.0,0.0,memory_only,5,10,0,0,1.0,0,2,0.0,0.0,0.0,identical,5,10,0,0,1.0,0,0,0.0,0.0,0.0,served_and_memory,4,9,-1,-1,0.9,0,2,0.0,0.0,0.0,served_set_only,4,9,-1,-1,0.9,0,0,0.0,0.0,0.0
lhs017,lhs,86522.79235350223,0.06221580655624591,0.9663549846307329,0.6078010878663057,1000000,100,1,14,55,11,53,2,0.6707339164123647,0,0.09397155305954497,0,0.20629097206748964,served_and_memory,-3,-2,0.9636363636363636,0,6,0.0,6.909090909090909,0.0,served_and_memory,13,54,-1,-1,0.9818181818181818,0,5,0.0,1.0,0.0,served_and_memory,12,54,-2,-1,0.9818181818181818,0,7,0.0,5.25,0.0,memory_only,14,55,0,0,1.0,0,2,0.0,0.0,0.0,served_and_memory,11,53,-3,-2,0.9636363636363636,0,4,0.0,6.909090909090909,0.0,memory_only,14,55,0,0,1.0,0,2,0.0,0.0,0.0,served_and_memory,11,53,-3,-2,0.9636363636363636,0,6,0.0,6.909090909090909,0.0
lhs017,lhs,86522.79235350223,0.06221580655624591,0.9663549846307329,0.6078010878663057,20,100,1,7,18,7,18,0,0.21115933293028247,0,0.060323864384965925,0,0.08530366910222793,memory_only,0,0,1.0,0,4,0.0,0.0,0.0,memory_only,7,18,0,0,1.0,0,2,0.0,0.0,0.0,memory_only,7,18,0,0,1.0,0,4,0.0,0.0,0.0,identical,7,18,0,0,1.0,0,0,0.0,0.0,0.0,memory_only,7,18,0,0,1.0,0,2,0.0,0.0,0.0,memory_only,7,18,0,0,1.0,0,2,0.0,0.0,0.0,memory_only,7,18,0,0,1.0,0,2,0.0,0.0,0.0
lhs017,lhs,86522.79235350223,0.06221580655624591,0.9663549846307329,0.6078010878663057,10,100,1,5,10,5,10,1,0.25335812099661903,0,0.0626023415380086,1,0.07358203868022326,memory_only,0,0,1.0,0,2,0.0,0.0,0.0,served_and_memory,4,9,-1,-1,0.9,0,2,0.0,0.0,0.0,served_and_memory,4,9,-1,-1,0.9,0,2,0.0,0.0,0.0,memory_only,5,10,0,0,1.0,0,2,0.0,0.0,0.0,memory_only,5,10,0,0,1.0,0,2,0.0,0.0,0.0,served_set_only,4,9,-1,-1,0.9,0,0,0.0,0.0,0.0,served_and_memory,4,9,-1,-1,0.9,0,2,0.0,0.0,0.0
lhs018,lhs,1045.6197585375132,0.007109308842406315,0.934258293922737,0.7788901292619876,1000000,100,1,9,39,5,15,9,3.9383059053753695,9,3.9383059053753695,7,1.6473219012983848,served_and_memory,-4,-24,0.38461538461538464,0,4,0.0,19.2,0.0,served_and_memory,2,4,-7,-35,0.10256410256410256,0,2,0.0,60.5,0.0,served_and_memory,2,4,-7,-35,0.10256410256410256,0,2,0.0,60.5,0.0,served_and_memory,2,4,-7,-35,0.10256410256410256,0,2,0.0,60.5,0.0,served_and_memory,2,4,-7,-35,0.10256410256410256,0,2,0.0,60.5,0.0,served_and_memory,4,11,-5,-28,0.28205128205128205,0,3,0.0,30.25,0.0,served_and_memory,4,11,-5,-28,0.28205128205128205,0,3,0.0,30.25,0.0
lhs018,lhs,1045.6197585375132,0.007109308842406315,0.934258293922737,0.7788901292619876,20,100,1,6,20,5,15,6,1.8913368934269648,6,1.8913368934269648,2,0.8366951279205253,served_and_memory,-1,-5,0.75,0,3,0.0,9.6,0.0,served_and_memory,2,4,-4,-16,0.2,0,2,0.0,60.5,0.0,served_and_memory,2,4,-4,-16,0.2,0,2,0.0,60.5,0.0,served_and_memory,2,4,-4,-16,0.2,0,2,0.0,60.5,0.0,served_and_memory,2,4,-4,-16,0.2,0,2,0.0,60.5,0.0,served_and_memory,4,11,-2,-9,0.55,0,1,0.0,12.0,0.0,served_and_memory,4,11,-2,-9,0.55,0,1,0.0,12.0,0.0
lhs018,lhs,1045.6197585375132,0.007109308842406315,0.934258293922737,0.7788901292619876,10,100,1,3,7,3,7,1,0.7150463895399526,1,0.7150463895399526,0,0.28914940825250135,identical,0,0,1.0,0,0,0.0,0.0,0.0,served_set_only,2,4,-1,-3,0.5714285714285714,0,0,0.0,0.0,0.0,served_set_only,2,4,-1,-3,0.5714285714285714,0,0,0.0,0.0,0.0,served_set_only,2,4,-1,-3,0.5714285714285714,0,0,0.0,0.0,0.0,served_set_only,2,4,-1,-3,0.5714285714285714,0,0,0.0,0.0,0.0,identical,3,7,0,0,1.0,0,0,0.0,0.0,0.0,identical,3,7,0,0,1.0,0,0,0.0,0.0,0.0
lhs019,lhs,1697.837265138312,0.0646173873185634,0.9955298431852446,0.6917172388327391,1000000,100,1,11,53,9,39,1,0.339976896106512,0,0.2882504985334022,0,0.1364466059511016,served_set_only,-2,-14,0.7358490566037735,0,0,0.0,0.0,0.0,memory_only,11,53,0,0,1.0,0,6,0.0,0.0,0.0,served_and_memory,9,39,-2,-14,0.7358490566037735,0,2,0.0,0.0,0.0,memory_only,11,53,0,0,1.0,0,6,0.0,0.0,0.0,served_and_memory,9,39,-2,-14,0.7358490566037735,0,2,0.0,0.0,0.0,memory_only,11,53,0,0,1.0,0,2,0.0,0.0,0.0,served_and_memory,9,39,-2,-14,0.7358490566037735,0,2,0.0,0.0,0.0
lhs019,lhs,1697.837265138312,0.0646173873185634,0.9955298431852446,0.6917172388327391,20,100,1,7,18,6,20,0,0.3268483351048036,0,0.27922977937726434,0,0.09401411860152589,routing,-1,2,0.7272727272727273,1,3,-0.5,4.166666666666667,1.0,memory_only,7,18,0,0,1.0,0,4,0.0,0.0,0.0,routing,6,20,-1,2,0.7272727272727273,1,3,-0.5,4.166666666666667,1.0,identical,7,18,0,0,1.0,0,0,0.0,0.0,0.0,routing,6,20,-1,2,0.7272727272727273,1,3,-0.5,4.166666666666667,1.0,identical,7,18,0,0,1.0,0,0,0.0,0.0,0.0,routing,6,20,-1,2,0.7272727272727273,1,3,-0.5,4.166666666666667,1.0
lhs019,lhs,1697.837265138312,0.0646173873185634,0.9955298431852446,0.6917172388327391,10,100,1,3,7,3,7,0,0.06421546632781869,0,0.06033943664928098,0,0.02217597979154039,identical,0,0,1.0,0,0,0.0,0.0,0.0,identical,3,7,0,0,1.0,0,0,0.0,0.0,0.0,identical,3,7,0,0,1.0,0,0,0.0,0.0,0.0,identical,3,7,0,0,1.0,0,0,0.0,0.0,0.0,identical,3,7,0,0,1.0,0,0,0.0,0.0,0.0,identical,3,7,0,0,1.0,0,0,0.0,0.0,0.0,identical,3,7,0,0,1.0,0,0,0.0,0.0,0.0
lhs020,lhs,39017.18522050296,0.07466714420315813,0.988825568482893,0.6894844719247317,1000000,100,1,14,55,14,55,0,0.5588837237524864,0,0.08639746463862344,0,0.17189031868595306,identical,0,0,1.0,0,0,0.0,0.0,0.0,memory_only,14,55,0,0,1.0,0,2,0.0,0.0,0.0,memory_only,14,55,0,0,1.0,0,2,0.0,0.0,0.0,identical,14,55,0,0,1.0,0,0,0.0,0.0,0.0,identical,14,55,0,0,1.0,0,0,0.0,0.0,0.0,memory_only,14,55,0,0,1.0,0,2,0.0,0.0,0.0,identical,14,55,0,0,1.0,0,0,0.0,0.0,0.0
lhs020,lhs,39017.18522050296,0.07466714420315813,0.988825568482893,0.6894844719247317,20,100,1,10,20,7,18,1,0.4125091978168237,0,0.0886943524417454,0,0.15669405200998643,served_and_memory,-3,-2,0.46153846153846156,0,3,0.0,5.0,0.0,memory_only,10,20,0,0,1.0,0,2,0.0,0.0,0.0,served_and_memory,7,18,-3,-2,0.46153846153846156,0,3,0.0,5.0,0.0,memory_only,10,20,0,0,1.0,0,2,0.0,0.0,0.0,served_and_memory,7,18,-3,-2,0.46153846153846156,0,3,0.0,5.0,0.0,memory_only,10,20,0,0,1.0,0,4,0.0,0.0,0.0,served_and_memory,7,18,-3,-2,0.46153846153846156,0,3,0.0,5.0,0.0
lhs020,lhs,39017.18522050296,0.07466714420315813,0.988825568482893,0.6894844719247317,10,100,1,5,10,5,10,1,0.21110864776736546,0,0.05697094609524509,1,0.06131165097311093,identical,0,0,1.0,0,0,0.0,0.0,0.0,served_and_memory,4,9,-1,-1,0.9,0,2,0.0,0.0,0.0,served_and_memory,4,9,-1,-1,0.9,0,2,0.0,0.0,0.0,memory_only,5,10,0,0,1.0,0,2,0.0,0.0,0.0,identical,5,10,0,0,1.0,0,0,0.0,0.0,0.0,served_and_memory,4,9,-1,-1,0.9,0,2,0.0,0.0,0.0,served_and_memory,4,9,-1,-1,0.9,0,2,0.0,0.0,0.0
lhs021,lhs,3372.293112718454,0.003477514444538184,0.9375886542137103,0.5946717732640865,1000000,100,1,3,7,3,7,2,1.193218813530442,1,0.850052988417675,0,0.4120626666581387,identical,0,0,1.0,0,0,0.0,0.0,0.0,served_set_only,1,2,-2,-5,0.2857142857142857,0,0,0.0,0.0,0.0,served_set_only,1,2,-2,-5,0.2857142857142857,0,0,0.0,0.0,0.0,served_set_only,2,4,-1,-3,0.5714285714285714,0,0,0.0,0.0,0.0,served_set_only,2,4,-1,-3,0.5714285714285714,0,0,0.0,0.0,0.0,identical,3,7,0,0,1.0,0,0,0.0,0.0,0.0,identical,3,7,0,0,1.0,0,0,0.0,0.0,0.0
lhs021,lhs,3372.293112718454,0.003477514444538184,0.9375886542137103,0.5946717732640865,20,100,1,3,7,3,7,2,1.193218813530442,1,0.850052988417675,0,0.4120626666581387,identical,0,0,1.0,0,0,0.0,0.0,0.0,served_set_only,1,2,-2,-5,0.2857142857142857,0,0,0.0,0.0,0.0,served_set_only,1,2,-2,-5,0.2857142857142857,0,0,0.0,0.0,0.0,served_set_only,2,4,-1,-3,0.5714285714285714,0,0,0.0,0.0,0.0,served_set_only,2,4,-1,-3,0.5714285714285714,0,0,0.0,0.0,0.0,identical,3,7,0,0,1.0,0,0,0.0,0.0,0.0,identical,3,7,0,0,1.0,0,0,0.0,0.0,0.0
lhs021,lhs,3372.293112718454,0.003477514444538184,0.9375886542137103,0.5946717732640865,10,100,1,3,7,3,7,2,1.193218813530442,1,0.850052988417675,0,0.4120626666581387,identical,0,0,1.0,0,0,0.0,0.0,0.0,served_set_only,1,2,-2,-5,0.2857142857142857,0,0,0.0,0.0,0.0,served_set_only,1,2,-2,-5,0.2857142857142857,0,0,0.0,0.0,0.0,served_set_only,2,4,-1,-3,0.5714285714285714,0,0,0.0,0.0,0.0,served_set_only,2,4,-1,-3,0.5714285714285714,0,0,0.0,0.0,0.0,identical,3,7,0,0,1.0,0,0,0.0,0.0,0.0,identical,3,7,0,0,1.0,0,0,0.0,0.0,0.0
lhs022,lhs,17710.42094023832,0.023278899736433836,0.9852329709828923,0.568980318464903,1000000,100,1,11,53,11,53,5,0.9437052018697719,0,0.23816818615581561,1,0.3787474186869111,memory_only,0,0,1.0,0,4,0.0,0.0,0.0,served_and_memory,7,30,-4,-23,0.5660377358490566,0,3,0.0,8.571428571428571,0.0,served_and_memory,6,20,-5,-33,0.37735849056603776,0,1,0.0,12.166666666666666,0.0,memory_only,11,53,0,0,1.0,0,6,0.0,0.0,0.0,memory_only,11,53,0,0,1.0,0,6,0.0,0.0,0.0,memory_only,11,53,0,0,1.0,0,6,0.0,0.0,0.0,memory_only,11,53,0,0,1.0,0,6,0.0,0.0,0.0
lhs022,lhs,17710.42094023832,0.023278899736433836,0.9852329709828923,0.568980318464903,20,100,1,7,18,6,20,2,0.9072630452048223,0,0.21652614754349214,0,0.2609636530879613,routing,-1,2,0.7272727272727273,1,3,-0.5,4.166666666666667,1.0,routing,6,20,-1,2,0.7272727272727273,1,3,-0.5,4.166666666666667,1.0,routing,6,20,-1,2,0.7272727272727273,1,3,-0.5,4.166666666666667,1.0,memory_only,7,18,0,0,1.0,0,4,0.0,0.0,0.0,routing,6,20,-1,2,0.7272727272727273,1,3,-0.5,4.166666666666667,1.0,memory_only,7,18,0,0,1.0,0,4,0.0,0.0,0.0,routing,6,20,-1,2,0.7272727272727273,1,3,-0.5,4.166666666666667,1.0
lhs022,lhs,17710.42094023832,0.023278899736433836,0.9852329709828923,0.568980318464903,10,100,1,5,10,3,7,2,0.9437052018697719,1,0.21652614754349214,1,0.3787474186869111,routing,-2,-3,0.4166666666666667,1,1,0.6666666666666666,16.0,-25.0,served_and_memory,4,9,-1,-1,0.9,0,2,0.0,0.0,0.0,routing,3,7,-2,-3,0.4166666666666667,1,1,0.6666666666666666,16.0,-25.0,served_and_memory,4,9,-1,-1,0.9,0,2,0.0,0.0,0.0,routing,3,7,-2,-3,0.4166666666666667,1,1,0.6666666666666666,16.0,-25.0,served_set_only,4,9,-1,-1,0.9,0,0,0.0,0.0,0.0,routing,3,7,-2,-3,0.4166666666666667,1,1,0.6666666666666666,16.0,-25.0
lhs023,lhs,54745.26626631806,0.03166484715995867,0.9644482168643886,0.8276346339365193,1000000,100,1,17,55,17,55,13,1.5740142340239467,0,0.23448451614180307,1,0.5899353817639457,memory_only,0,0,1.0,0,2,0.0,0.0,0.0,served_and_memory,9,39,-8,-16,0.7090909090909091,0,7,0.0,11.222222222222221,0.0,served_and_memory,9,39,-8,-16,0.7090909090909091,0,7,0.0,11.222222222222221,0.0,memory_only,17,55,0,0,1.0,0,6,0.0,0.0,0.0,memory_only,17,55,0,0,1.0,0,8,0.0,0.0,0.0,routing,17,56,0,1,0.9821428571428571,1,8,0.17647058823529413,0.0,-0.25210084033613483,routing,17,56,0,1,0.9821428571428571,1,8,0.17647058823529413,0.0,-0.25210084033613483
lhs023,lhs,54745.26626631806,0.03166484715995867,0.9644482168643886,0.8276346339365193,20,100,1,11,20,11,20,6,1.4740923850453087,0,0.23448451614180307,0,0.3694916737827099,memory_only,0,0,1.0,0,2,0.0,0.0,0.0,served_and_memory,7,18,-4,-2,0.46153846153846156,0,3,0.0,5.0,0.0,served_and_memory,7,18,-4,-2,0.46153846153846156,0,3,0.0,5.0,0.0,memory_only,11,20,0,0,1.0,0,2,0.0,0.0,0.0,memory_only,11,20,0,0,1.0,0,2,0.0,0.0,0.0,identical,11,20,0,0,1.0,0,0,0.0,0.0,0.0,memory_only,11,20,0,0,1.0,0,2,0.0,0.0,0.0
lhs023,lhs,54745.26626631806,0.03166484715995867,0.9644482168643886,0.8276346339365193,10,100,1,5,10,5,10,1,0.6937794035165067,1,0.12840760802055254,1,0.2784419940670018,memory_only,0,0,1.0,0,2,0.0,0.0,0.0,served_set_only,4,9,-1,-1,0.9,0,0,0.0,0.0,0.0,served_set_only,4,9,-1,-1,0.9,0,0,0.0,0.0,0.0,served_and_memory,4,9,-1,-1,0.9,0,2,0.0,0.0,0.0,served_and_memory,4,9,-1,-1,0.9,0,2,0.0,0.0,0.0,served_set_only,4,9,-1,-1,0.9,0,0,0.0,0.0,0.0,served_set_only,4,9,-1,-1,0.9,0,0,0.0,0.0,0.0
lhs024,lhs,12153.892158440054,0.008958396888599148,0.9900840831285438,0.5769612607144645,1000000,100,1,11,53,11,53,10,2.7292669804084775,4,0.78470105751775,6,1.3060257904063866,memory_only,0,0,1.0,0,6,0.0,0.0,0.0,served_and_memory,3,7,-8,-46,0.1320754716981132,0,3,0.0,73.0,0.0,served_and_memory,3,7,-8,-46,0.1320754716981132,0,3,0.0,73.0,0.0,served_and_memory,9,39,-2,-14,0.7358490566037735,0,5,0.0,2.7777777777777777,0.0,served_and_memory,9,39,-2,-14,0.7358490566037735,0,5,0.0,2.7777777777777777,0.0,served_and_memory,7,30,-4,-23,0.5660377358490566,0,5,0.0,10.428571428571429,0.0,served_and_memory,6,20,-5,-33,0.37735849056603776,0,3,0.0,12.166666666666666,0.0
lhs024,lhs,12153.892158440054,0.008958396888599148,0.9900840831285438,0.5769612607144645,20,100,1,7,18,6,20,4,2.452271209711132,1,0.6361691106700715,2,0.9841965359077146,routing,-1,2,0.7272727272727273,1,2,-0.5,0.0,1.0,served_and_memory,3,7,-4,-11,0.3888888888888889,0,2,0.0,32.0,0.0,served_and_memory,3,7,-4,-11,0.3888888888888889,0,2,0.0,32.0,0.0,memory_only,7,18,0,0,1.0,0,2,0.0,0.0,0.0,routing,6,20,-1,2,0.7272727272727273,1,4,-0.5,0.0,1.0,routing,6,20,-1,2,0.7272727272727273,1,4,-0.5,0.0,1.0,routing,6,20,-1,2,0.7272727272727273,1,4,-0.5,0.0,1.0
lhs024,lhs,12153.892158440054,0.008958396888599148,0.9900840831285438,0.5769612607144645,10,100,1,5,10,3,7,3,1.4664954426004142,1,0.5235193527137098,1,0.5110251244136209,routing,-2,-3,0.4166666666666667,1,1,0.6666666666666666,24.333333333333332,-25.0,routing,3,7,-2,-3,0.4166666666666667,1,1,0.6666666666666666,24.333333333333332,-25.0,routing,3,7,-2,-3,0.4166666666666667,1,1,0.6666666666666666,24.333333333333332,-25.0,routing,3,7,-2,-3,0.4166666666666667,1,1,0.6666666666666666,24.333333333333332,-25.0,routing,3,7,-2,-3,0.4166666666666667,1,1,0.6666666666666666,24.333333333333332,-25.0,routing,3,7,-2,-3,0.4166666666666667,1,1,0.6666666666666666,24.333333333333332,-25.0,routing,3,7,-2,-3,0.4166666666666667,1,1,0.6666666666666666,24.333333333333332,-25.0
lhs025,lhs,2043.1952211603225,0.001035361655532887,0.9810839919850645,0.6829409726165542,1000000,100,1,0,0,0,0,0,,0,,0,,identical,0,0,1.0,0,0,,,,identical,0,0,0,0,1.0,0,0,,,,identical,0,0,0,0,1.0,0,0,,,,identical,0,0,0,0,1.0,0,0,,,,identical,0,0,0,0,1.0,0,0,,,,identical,0,0,0,0,1.0,0,0,,,,identical,0,0,0,0,1.0,0,0,,,
lhs025,lhs,2043.1952211603225,0.001035361655532887,0.9810839919850645,0.6829409726165542,20,100,1,0,0,0,0,0,,0,,0,,identical,0,0,1.0,0,0,,,,identical,0,0,0,0,1.0,0,0,,,,identical,0,0,0,0,1.0,0,0,,,,identical,0,0,0,0,1.0,0,0,,,,identical,0,0,0,0,1.0,0,0,,,,identical,0,0,0,0,1.0,0,0,,,,identical,0,0,0,0,1.0,0,0,,,
lhs025,lhs,2043.1952211603225,0.001035361655532887,0.9810839919850645,0.6829409726165542,10,100,1,0,0,0,0,0,,0,,0,,identical,0,0,1.0,0,0,,,,identical,0,0,0,0,1.0,0,0,,,,identical,0,0,0,0,1.0,0,0,,,,identical,0,0,0,0,1.0,0,0,,,,identical,0,0,0,0,1.0,0,0,,,,identical,0,0,0,0,1.0,0,0,,,,identical,0,0,0,0,1.0,0,0,,,
lhs026,lhs,1604.1095328083984,0.012693839634579243,0.9641588017507609,0.5643477042261748,1000000,100,1,5,15,5,15,2,0.6925769976581466,2,0.6155626532111248,1,0.24885868915820358,memory_only,0,0,1.0,0,2,0.0,0.0,0.0,served_and_memory,3,7,-2,-8,0.4666666666666667,0,1,0.0,16.0,0.0,served_and_memory,3,7,-2,-8,0.4666666666666667,0,1,0.0,16.0,0.0,served_and_memory,4,11,-1,-4,0.7333333333333333,0,2,0.0,0.0,0.0,served_and_memory,4,11,-1,-4,0.7333333333333333,0,2,0.0,0.0,0.0,memory_only,5,15,0,0,1.0,0,2,0.0,0.0,0.0,memory_only,5,15,0,0,1.0,0,2,0.0,0.0,0.0
lhs026,lhs,1604.1095328083984,0.012693839634579243,0.9641588017507609,0.5643477042261748,20,100,1,5,15,5,15,2,0.6925769976581466,2,0.6155626532111248,1,0.24885868915820358,memory_only,0,0,1.0,0,2,0.0,0.0,0.0,served_and_memory,3,7,-2,-8,0.4666666666666667,0,1,0.0,16.0,0.0,served_and_memory,3,7,-2,-8,0.4666666666666667,0,1,0.0,16.0,0.0,served_and_memory,4,11,-1,-4,0.7333333333333333,0,2,0.0,0.0,0.0,served_and_memory,4,11,-1,-4,0.7333333333333333,0,2,0.0,0.0,0.0,memory_only,5,15,0,0,1.0,0,2,0.0,0.0,0.0,memory_only,5,15,0,0,1.0,0,2,0.0,0.0,0.0
lhs026,lhs,1604.1095328083984,0.012693839634579243,0.9641588017507609,0.5643477042261748,10,100,1,3,7,3,7,0,0.3268857791651443,0,0.31589602645608933,0,0.11288577109916337,identical,0,0,1.0,0,0,0.0,0.0,0.0,identical,3,7,0,0,1.0,0,0,0.0,0.0,0.0,identical,3,7,0,0,1.0,0,0,0.0,0.0,0.0,identical,3,7,0,0,1.0,0,0,0.0,0.0,0.0,identical,3,7,0,0,1.0,0,0,0.0,0.0,0.0,identical,3,7,0,0,1.0,0,0,0.0,0.0,0.0,identical,3,7,0,0,1.0,0,0,0.0,0.0,0.0
lhs027,lhs,170155.92408797753,0.003711671538296881,0.9515351899127663,0.7929561818444658,1000000,100,1,4,11,4,11,4,1.8443280598857008,1,0.6822168636651826,1,0.6949313075336155,identical,0,0,1.0,0,0,0.0,0.0,0.0,served_and_memory,1,2,-3,-9,0.18181818181818182,0,1,0.0,48.0,0.0,served_and_memory,1,2,-3,-9,0.18181818181818182,0,1,0.0,48.0,0.0,memory_only,4,11,0,0,1.0,0,2,0.0,0.0,0.0,memory_only,4,11,0,0,1.0,0,2,0.0,0.0,0.0,served_and_memory,3,7,-1,-4,0.6363636363636364,0,1,0.0,16.0,0.0,served_and_memory,3,7,-1,-4,0.6363636363636364,0,1,0.0,16.0,0.0
lhs027,lhs,170155.92408797753,0.003711671538296881,0.9515351899127663,0.7929561818444658,20,100,1,4,11,4,11,4,1.8443280598857008,1,0.6822168636651826,1,0.6949313075336155,identical,0,0,1.0,0,0,0.0,0.0,0.0,served_and_memory,1,2,-3,-9,0.18181818181818182,0,1,0.0,48.0,0.0,served_and_memory,1,2,-3,-9,0.18181818181818182,0,1,0.0,48.0,0.0,memory_only,4,11,0,0,1.0,0,2,0.0,0.0,0.0,memory_only,4,11,0,0,1.0,0,2,0.0,0.0,0.0,served_and_memory,3,7,-1,-4,0.6363636363636364,0,1,0.0,16.0,0.0,served_and_memory,3,7,-1,-4,0.6363636363636364,0,1,0.0,16.0,0.0
lhs027,lhs,170155.92408797753,0.003711671538296881,0.9515351899127663,0.7929561818444658,10,100,1,4,10,4,10,4,2.954047701520141,1,0.905687701384543,2,1.0422444573232559,identical,0,0,1.0,0,0,0.0,0.0,0.0,routing,1,2,-3,-8,0.09090909090909091,1,1,1.0,73.0,-63.333333333333336,routing,1,2,-3,-8,0.09090909090909091,1,1,1.0,73.0,-63.333333333333336,routing,3,7,-1,-3,0.5454545454545454,1,1,0.3333333333333333,24.333333333333332,-21.11111111111111,routing,3,7,-1,-3,0.5454545454545454,1,1,0.3333333333333333,24.333333333333332,-21.11111111111111,routing,3,7,-1,-3,0.5454545454545454,1,1,0.3333333333333333,24.333333333333332,-21.11111111111111,routing,3,7,-1,-3,0.5454545454545454,1,1,0.3333333333333333,24.333333333333332,-21.11111111111111
lhs028,lhs,23361.528755511594,0.01724989740487639,0.9534910561489287,0.7471816943810425,1000000,100,1,14,55,11,53,12,2.295771959202778,0,0.38965018376049165,4,0.701798921746636,served_and_memory,-3,-2,0.9636363636363636,0,6,0.0,6.909090909090909,0.0,served_and_memory,4,11,-10,-44,0.2,0,3,0.0,46.0,0.0,served_and_memory,4,11,-10,-44,0.2,0,3,0.0,46.0,0.0,memory_only,14,55,0,0,1.0,0,2,0.0,0.0,0.0,served_and_memory,11,53,-3,-2,0.9636363636363636,0,6,0.0,6.909090909090909,0.0,served_and_memory,11,47,-3,-8,0.8545454545454545,0,7,0.0,4.636363636363637,0.0,served_and_memory,10,46,-4,-9,0.8363636363636363,0,6,0.0,6.4,0.0
lhs028,lhs,23361.528755511594,0.01724989740487639,0.9534910561489287,0.7471816943810425,20,100,1,7,18,7,18,4,1.273539097621949,0,0.27200385937434973,0,0.5111232245678918,memory_only,0,0,1.0,0,2,0.0,0.0,0.0,served_and_memory,4,11,-3,-7,0.6111111111111112,0,3,0.0,12.0,0.0,served_and_memory,4,11,-3,-7,0.6111111111111112,0,3,0.0,12.0,0.0,memory_only,7,18,0,0,1.0,0,2,0.0,0.0,0.0,memory_only,7,18,0,0,1.0,0,4,0.0,0.0,0.0,memory_only,7,18,0,0,1.0,0,2,0.0,0.0,0.0,memory_only,7,18,0,0,1.0,0,2,0.0,0.0,0.0
lhs028,lhs,23361.528755511594,0.01724989740487639,0.9534910561489287,0.7471816943810425,10,100,1,5,10,5,10,2,0.7615957302112731,1,0.2415678180442506,1,0.2653909050640976,memory_only,0,0,1.0,0,2,0.0,0.0,0.0,routing,3,7,-2,-3,0.4166666666666667,1,1,0.6666666666666666,24.333333333333332,-25.0,routing,3,7,-2,-3,0.4166666666666667,1,1,0.6666666666666666,24.333333333333332,-25.0,served_and_memory,4,9,-1,-1,0.9,0,2,0.0,0.0,0.0,served_and_memory,4,9,-1,-1,0.9,0,2,0.0,0.0,0.0,served_and_memory,4,9,-1,-1,0.9,0,2,0.0,0.0,0.0,served_and_memory,4,9,-1,-1,0.9,0,2,0.0,0.0,0.0
lhs029,lhs,2161.6412226257858,0.002743952549618384,0.9848672358459922,0.70563045181447,1000000,100,1,2,4,2,4,2,1.3865468133110923,2,1.1900480109850409,0,0.4505944006568895,identical,0,0,1.0,0,0,0.0,0.0,0.0,served_set_only,0,0,-2,-4,0.0,0,0,,,,served_set_only,0,0,-2,-4,0.0,0,0,,,,served_set_only,0,0,-2,-4,0.0,0,0,,,,served_set_only,0,0,-2,-4,0.0,0,0,,,,identical,2,4,0,0,1.0,0,0,0.0,0.0,0.0,identical,2,4,0,0,1.0,0,0,0.0,0.0,0.0
lhs029,lhs,2161.6412226257858,0.002743952549618384,0.9848672358459922,0.70563045181447,20,100,1,2,4,2,4,2,1.3865468133110923,2,1.1900480109850409,0,0.4505944006568895,identical,0,0,1.0,0,0,0.0,0.0,0.0,served_set_only,0,0,-2,-4,0.0,0,0,,,,served_set_only,0,0,-2,-4,0.0,0,0,,,,served_set_only,0,0,-2,-4,0.0,0,0,,,,served_set_only,0,0,-2,-4,0.0,0,0,,,,identical,2,4,0,0,1.0,0,0,0.0,0.0,0.0,identical,2,4,0,0,1.0,0,0,0.0,0.0,0.0
lhs029,lhs,2161.6412226257858,0.002743952549618384,0.9848672358459922,0.70563045181447,10,100,1,2,4,2,4,2,1.3865468133110923,2,1.1900480109850409,0,0.4505944006568895,identical,0,0,1.0,0,0,0.0,0.0,0.0,served_set_only,0,0,-2,-4,0.0,0,0,,,,served_set_only,0,0,-2,-4,0.0,0,0,,,,served_set_only,0,0,-2,-4,0.0,0,0,,,,served_set_only,0,0,-2,-4,0.0,0,0,,,,identical,2,4,0,0,1.0,0,0,0.0,0.0,0.0,identical,2,4,0,0,1.0,0,0,0.0,0.0,0.0
lhs030,lhs,3083.66940903978,0.0016501095170635101,0.9688282838534925,0.8661808977773877,1000000,100,1,0,0,0,0,0,,0,,0,,identical,0,0,1.0,0,0,,,,identical,0,0,0,0,1.0,0,0,,,,identical,0,0,0,0,1.0,0,0,,,,identical,0,0,0,0,1.0,0,0,,,,identical,0,0,0,0,1.0,0,0,,,,identical,0,0,0,0,1.0,0,0,,,,identical,0,0,0,0,1.0,0,0,,,
lhs030,lhs,3083.66940903978,0.0016501095170635101,0.9688282838534925,0.8661808977773877,20,100,1,0,0,0,0,0,,0,,0,,identical,0,0,1.0,0,0,,,,identical,0,0,0,0,1.0,0,0,,,,identical,0,0,0,0,1.0,0,0,,,,identical,0,0,0,0,1.0,0,0,,,,identical,0,0,0,0,1.0,0,0,,,,identical,0,0,0,0,1.0,0,0,,,,identical,0,0,0,0,1.0,0,0,,,
lhs030,lhs,3083.66940903978,0.0016501095170635101,0.9688282838534925,0.8661808977773877,10,100,1,0,0,0,0,0,,0,,0,,identical,0,0,1.0,0,0,,,,identical,0,0,0,0,1.0,0,0,,,,identical,0,0,0,0,1.0,0,0,,,,identical,0,0,0,0,1.0,0,0,,,,identical,0,0,0,0,1.0,0,0,,,,identical,0,0,0,0,1.0,0,0,,,,identical,0,0,0,0,1.0,0,0,,,
lhs031,lhs,1723.0733420000397,0.007378837211407541,0.9413193628608753,0.5071339749924623,1000000,100,1,5,15,3,7,4,1.1914426475325202,3,1.0139127674796213,2,0.5219458497026278,served_and_memory,-2,-8,0.4666666666666667,0,1,0.0,24.333333333333332,0.0,served_and_memory,2,4,-3,-11,0.26666666666666666,0,1,0.0,36.5,0.0,served_and_memory,2,4,-3,-11,0.26666666666666666,0,1,0.0,36.5,0.0,served_and_memory,2,4,-3,-11,0.26666666666666666,0,1,0.0,36.5,0.0,served_and_memory,2,4,-3,-11,0.26666666666666666,0,1,0.0,36.5,0.0,served_and_memory,4,11,-1,-4,0.7333333333333333,0,1,0.0,6.25,0.0,served_and_memory,3,7,-2,-8,0.4666666666666667,0,1,0.0,24.333333333333332,0.0
lhs031,lhs,1723.0733420000397,0.007378837211407541,0.9413193628608753,0.5071339749924623,20,100,1,5,15,3,7,4,1.1914426475325202,3,1.0139127674796213,2,0.5219458497026278,served_and_memory,-2,-8,0.4666666666666667,0,1,0.0,24.333333333333332,0.0,served_and_memory,2,4,-3,-11,0.26666666666666666,0,1,0.0,36.5,0.0,served_and_memory,2,4,-3,-11,0.26666666666666666,0,1,0.0,36.5,0.0,served_and_memory,2,4,-3,-11,0.26666666666666666,0,1,0.0,36.5,0.0,served_and_memory,2,4,-3,-11,0.26666666666666666,0,1,0.0,36.5,0.0,served_and_memory,4,11,-1,-4,0.7333333333333333,0,1,0.0,6.25,0.0,served_and_memory,3,7,-2,-8,0.4666666666666667,0,1,0.0,24.333333333333332,0.0
lhs031,lhs,1723.0733420000397,0.007378837211407541,0.9413193628608753,0.5071339749924623,10,100,1,3,7,3,7,1,0.5623427568142956,1,0.5246306816550498,0,0.1941977894760005,identical,0,0,1.0,0,0,0.0,0.0,0.0,served_set_only,2,4,-1,-3,0.5714285714285714,0,0,0.0,0.0,0.0,served_set_only,2,4,-1,-3,0.5714285714285714,0,0,0.0,0.0,0.0,served_set_only,2,4,-1,-3,0.5714285714285714,0,0,0.0,0.0,0.0,served_set_only,2,4,-1,-3,0.5714285714285714,0,0,0.0,0.0,0.0,identical,3,7,0,0,1.0,0,0,0.0,0.0,0.0,identical,3,7,0,0,1.0,0,0,0.0,0.0,0.0
lhs032,lhs,43320.310070955435,0.014762788799136319,0.9417895403471951,0.5121743781190073,1000000,100,1,11,53,9,39,8,2.114425599670595,0,0.3605173523435368,3,0.7925262317571939,served_and_memory,-2,-14,0.7358490566037735,0,5,0.0,1.4444444444444444,0.0,served_and_memory,4,11,-7,-42,0.20754716981132076,0,2,0.0,30.25,0.0,served_and_memory,4,11,-7,-42,0.20754716981132076,0,2,0.0,30.25,0.0,memory_only,11,53,0,0,1.0,0,6,0.0,0.0,0.0,served_and_memory,9,39,-2,-14,0.7358490566037735,0,5,0.0,1.4444444444444444,0.0,served_and_memory,10,46,-1,-7,0.8679245283018868,0,6,0.0,0.0,0.0,served_and_memory,9,39,-2,-14,0.7358490566037735,0,7,0.0,1.4444444444444444,0.0
lhs032,lhs,43320.310070955435,0.014762788799136319,0.9417895403471951,0.5121743781190073,20,100,1,6,20,6,20,2,0.7823156362104198,0,0.23992864149602788,1,0.3348013235996278,memory_only,0,0,1.0,0,4,0.0,0.0,0.0,served_and_memory,4,11,-2,-9,0.55,0,1,0.0,18.25,0.0,served_and_memory,4,11,-2,-9,0.55,0,1,0.0,18.25,0.0,memory_only,6,20,0,0,1.0,0,4,0.0,0.0,0.0,memory_only,6,20,0,0,1.0,0,4,0.0,0.0,0.0,memory_only,6,20,0,0,1.0,0,4,0.0,0.0,0.0,memory_only,6,20,0,0,1.0,0,4,0.0,0.0,0.0
lhs032,lhs,43320.310070955435,0.014762788799136319,0.9417895403471951,0.5121743781190073,10,100,1,5,10,3,7,2,0.8899028760002969,1,0.2645692080085151,1,0.31010169872583987,routing,-2,-3,0.4166666666666667,1,1,0.6666666666666666,24.333333333333332,-25.0,routing,3,7,-2,-3,0.4166666666666667,1,1,0.6666666666666666,24.333333333333332,-25.0,routing,3,7,-2,-3,0.4166666666666667,1,1,0.6666666666666666,24.333333333333332,-25.0,routing,3,7,-2,-3,0.4166666666666667,1,1,0.6666666666666666,24.333333333333332,-25.0,routing,3,7,-2,-3,0.4166666666666667,1,1,0.6666666666666666,24.333333333333332,-25.0,routing,3,7,-2,-3,0.4166666666666667,1,1,0.6666666666666666,24.333333333333332,-25.0,routing,3,7,-2,-3,0.4166666666666667,1,1,0.6666666666666666,24.333333333333332,-25.0
lhs033,lhs,138193.5704766232,0.035729488491646644,0.9622164734616971,0.8944865121168433,1000000,100,1,17,55,17,55,13,1.3949519641071888,0,0.1837272150275364,1,0.5228234292291796,memory_only,0,0,1.0,0,8,0.0,0.0,0.0,served_and_memory,9,39,-8,-16,0.7090909090909091,0,7,0.0,11.222222222222221,0.0,served_and_memory,9,39,-8,-16,0.7090909090909091,0,7,0.0,11.222222222222221,0.0,memory_only,17,55,0,0,1.0,0,2,0.0,0.0,0.0,memory_only,17,55,0,0,1.0,0,4,0.0,0.0,0.0,routing,17,56,0,1,0.9821428571428571,1,8,0.17647058823529413,0.0,-0.25210084033613483,routing,17,56,0,1,0.9821428571428571,1,8,0.17647058823529413,0.0,-0.25210084033613483
lhs033,lhs,138193.5704766232,0.035729488491646644,0.9622164734616971,0.8944865121168433,20,100,1,11,20,11,20,6,1.0937815045724604,0,0.1837272150275364,0,0.3274577350846259,memory_only,0,0,1.0,0,2,0.0,0.0,0.0,served_and_memory,7,18,-4,-2,0.46153846153846156,0,3,0.0,10.0,0.0,served_and_memory,7,18,-4,-2,0.46153846153846156,0,3,0.0,10.0,0.0,memory_only,11,20,0,0,1.0,0,2,0.0,0.0,0.0,memory_only,11,20,0,0,1.0,0,2,0.0,0.0,0.0,memory_only,11,20,0,0,1.0,0,2,0.0,0.0,0.0,memory_only,11,20,0,0,1.0,0,2,0.0,0.0,0.0
lhs033,lhs,138193.5704766232,0.035729488491646644,0.9622164734616971,0.8944865121168433,10,100,1,5,10,5,10,1,0.6148539960266592,0,0.10592394548982563,1,0.24676600637893414,memory_only,0,0,1.0,0,2,0.0,0.0,0.0,served_and_memory,4,9,-1,-1,0.9,0,2,0.0,0.0,0.0,served_set_only,4,9,-1,-1,0.9,0,0,0.0,0.0,0.0,memory_only,5,10,0,0,1.0,0,2,0.0,0.0,0.0,memory_only,5,10,0,0,1.0,0,2,0.0,0.0,0.0,served_and_memory,4,9,-1,-1,0.9,0,2,0.0,0.0,0.0,served_and_memory,4,9,-1,-1,0.9,0,2,0.0,0.0,0.0
lhs034,lhs,6017.555774199492,0.03789115761249576,0.9673309595687439,0.6363947244116888,1000000,100,1,11,53,10,46,3,0.6452655016637606,0,0.23207179269400294,0,0.3087764564191731,served_and_memory,-1,-7,0.8679245283018868,0,2,0.0,0.0,0.0,served_and_memory,9,39,-2,-14,0.7358490566037735,0,2,0.0,0.0,0.0,served_and_memory,9,39,-2,-14,0.7358490566037735,0,4,0.0,0.0,0.0,memory_only,11,53,0,0,1.0,0,2,0.0,0.0,0.0,served_and_memory,10,46,-1,-7,0.8679245283018868,0,2,0.0,0.0,0.0,memory_only,11,53,0,0,1.0,0,4,0.0,0.0,0.0,served_and_memory,10,46,-1,-7,0.8679245283018868,0,2,0.0,0.0,0.0
lhs034,lhs,6017.555774199492,0.03789115761249576,0.9673309595687439,0.6363947244116888,20,100,1,6,20,6,20,0,0.40589786715574444,0,0.1599684664611391,0,0.15802889422599997,memory_only,0,0,1.0,0,2,0.0,0.0,0.0,memory_only,6,20,0,0,1.0,0,4,0.0,0.0,0.0,memory_only,6,20,0,0,1.0,0,2,0.0,0.0,0.0,memory_only,6,20,0,0,1.0,0,4,0.0,0.0,0.0,memory_only,6,20,0,0,1.0,0,2,0.0,0.0,0.0,identical,6,20,0,0,1.0,0,0,0.0,0.0,0.0,memory_only,6,20,0,0,1.0,0,2,0.0,0.0,0.0
lhs034,lhs,6017.555774199492,0.03789115761249576,0.9673309595687439,0.6363947244116888,10,100,1,3,7,3,7,0,0.10950933993577498,0,0.06692303349248255,0,0.03781763254670372,identical,0,0,1.0,0,0,0.0,0.0,0.0,identical,3,7,0,0,1.0,0,0,0.0,0.0,0.0,identical,3,7,0,0,1.0,0,0,0.0,0.0,0.0,identical,3,7,0,0,1.0,0,0,0.0,0.0,0.0,identical,3,7,0,0,1.0,0,0,0.0,0.0,0.0,identical,3,7,0,0,1.0,0,0,0.0,0.0,0.0,identical,3,7,0,0,1.0,0,0,0.0,0.0,0.0
lhs035,lhs,50234.91195021854,0.029998893493121025,0.9622546732123407,0.5724501261920757,1000000,100,1,11,53,11,53,4,0.7323076359504727,0,0.1622782436555505,0,0.2939049464296906,memory_only,0,0,1.0,0,2,0.0,0.0,0.0,served_and_memory,8,33,-3,-20,0.6226415094339622,0,2,0.0,1.5,0.0,served_and_memory,8,33,-3,-20,0.6226415094339622,0,2,0.0,1.5,0.0,memory_only,11,53,0,0,1.0,0,2,0.0,0.0,0.0,memory_only,11,53,0,0,1.0,0,2,0.0,0.0,0.0,memory_only,11,53,0,0,1.0,0,6,0.0,0.0,0.0,memory_only,11,53,0,0,1.0,0,2,0.0,0.0,0.0
lhs035,lhs,50234.91195021854,0.029998893493121025,0.9622546732123407,0.5724501261920757,20,100,1,7,18,6,20,2,0.5254487085996735,0,0.1369333127290599,0,0.15260449141541627,routing,-1,2,0.7272727272727273,1,4,-0.5,0.0,1.0,routing,6,20,-1,2,0.7272727272727273,1,2,-0.5,0.0,1.0,routing,6,20,-1,2,0.7272727272727273,1,2,-0.5,0.0,1.0,memory_only,7,18,0,0,1.0,0,4,0.0,0.0,0.0,routing,6,20,-1,2,0.7272727272727273,1,0,-0.5,0.0,1.0,memory_only,7,18,0,0,1.0,0,4,0.0,0.0,0.0,routing,6,20,-1,2,0.7272727272727273,1,0,-0.5,0.0,1.0
lhs035,lhs,50234.91195021854,0.029998893493121025,0.9622546732123407,0.5724501261920757,10,100,1,5,10,5,10,1,0.5254487085996735,1,0.1369333127290599,1,0.15260449141541627,memory_only,0,0,1.0,0,2,0.0,0.0,0.0,served_and_memory,4,9,-1,-1,0.9,0,2,0.0,0.0,0.0,routing,3,7,-2,-3,0.4166666666666667,1,1,0.6666666666666666,24.333333333333332,-25.0,served_and_memory,4,9,-1,-1,0.9,0,2,0.0,0.0,0.0,routing,3,7,-2,-3,0.4166666666666667,1,1,0.6666666666666666,24.333333333333332,-25.0,served_and_memory,4,9,-1,-1,0.9,0,2,0.0,0.0,0.0,routing,3,7,-2,-3,0.4166666666666667,1,1,0.6666666666666666,24.333333333333332,-25.0
lhs036,lhs,3839.0679479770615,0.0020371166137872704,0.9588982098193366,0.740969007833061,1000000,100,1,2,4,2,4,2,1.8676489297669245,2,1.3208248956091615,0,0.6069410293736645,identical,0,0,1.0,0,0,0.0,0.0,0.0,served_set_only,0,0,-2,-4,0.0,0,0,,,,served_set_only,0,0,-2,-4,0.0,0,0,,,,served_set_only,0,0,-2,-4,0.0,0,0,,,,served_set_only,0,0,-2,-4,0.0,0,0,,,,identical,2,4,0,0,1.0,0,0,0.0,0.0,0.0,identical,2,4,0,0,1.0,0,0,0.0,0.0,0.0
lhs036,lhs,3839.0679479770615,0.0020371166137872704,0.9588982098193366,0.740969007833061,20,100,1,2,4,2,4,2,1.8676489297669245,2,1.3208248956091615,0,0.6069410293736645,identical,0,0,1.0,0,0,0.0,0.0,0.0,served_set_only,0,0,-2,-4,0.0,0,0,,,,served_set_only,0,0,-2,-4,0.0,0,0,,,,served_set_only,0,0,-2,-4,0.0,0,0,,,,served_set_only,0,0,-2,-4,0.0,0,0,,,,identical,2,4,0,0,1.0,0,0,0.0,0.0,0.0,identical,2,4,0,0,1.0,0,0,0.0,0.0,0.0
lhs036,lhs,3839.0679479770615,0.0020371166137872704,0.9588982098193366,0.740969007833061,10,100,1,2,4,2,4,2,1.8676489297669245,2,1.3208248956091615,0,0.6069410293736645,identical,0,0,1.0,0,0,0.0,0.0,0.0,served_set_only,0,0,-2,-4,0.0,0,0,,,,served_set_only,0,0,-2,-4,0.0,0,0,,,,served_set_only,0,0,-2,-4,0.0,0,0,,,,served_set_only,0,0,-2,-4,0.0,0,0,,,,identical,2,4,0,0,1.0,0,0,0.0,0.0,0.0,identical,2,4,0,0,1.0,0,0,0.0,0.0,0.0
lhs037,lhs,108969.9345991624,0.0039269331861385886,0.972797871642288,0.7504115314971069,1000000,100,1,5,15,5,15,5,2.2387601026427575,1,0.7820003459171269,2,0.980753497849188,identical,0,0,1.0,0,0,0.0,0.0,0.0,served_and_memory,1,2,-4,-13,0.13333333333333333,0,1,0.0,73.0,0.0,served_and_memory,1,2,-4,-13,0.13333333333333333,0,1,0.0,73.0,0.0,served_and_memory,4,11,-1,-4,0.7333333333333333,0,2,0.0,0.0,0.0,served_and_memory,4,11,-1,-4,0.7333333333333333,0,2,0.0,0.0,0.0,served_and_memory,3,7,-2,-8,0.4666666666666667,0,1,0.0,24.333333333333332,0.0,served_and_memory,3,7,-2,-8,0.4666666666666667,0,1,0.0,24.333333333333332,0.0
lhs037,lhs,108969.9345991624,0.0039269331861385886,0.972797871642288,0.7504115314971069,20,100,1,5,15,5,15,5,2.2387601026427575,1,0.7820003459171269,2,0.980753497849188,identical,0,0,1.0,0,0,0.0,0.0,0.0,served_and_memory,1,2,-4,-13,0.13333333333333333,0,1,0.0,73.0,0.0,served_and_memory,1,2,-4,-13,0.13333333333333333,0,1,0.0,73.0,0.0,served_and_memory,4,11,-1,-4,0.7333333333333333,0,2,0.0,0.0,0.0,served_and_memory,4,11,-1,-4,0.7333333333333333,0,2,0.0,0.0,0.0,served_and_memory,3,7,-2,-8,0.4666666666666667,0,1,0.0,24.333333333333332,0.0,served_and_memory,3,7,-2,-8,0.4666666666666667,0,1,0.0,24.333333333333332,0.0
lhs037,lhs,108969.9345991624,0.0039269331861385886,0.972797871642288,0.7504115314971069,10,100,1,4,10,4,10,4,2.792116457495713,1,0.8648509454900405,2,0.9851120212203891,memory_only,0,0,1.0,0,2,0.0,0.0,0.0,routing,1,2,-3,-8,0.09090909090909091,1,1,1.0,73.0,-63.333333333333336,routing,1,2,-3,-8,0.09090909090909091,1,1,1.0,73.0,-63.333333333333336,routing,3,7,-1,-3,0.5454545454545454,1,1,0.3333333333333333,24.333333333333332,-21.11111111111111,routing,3,7,-1,-3,0.5454545454545454,1,1,0.3333333333333333,24.333333333333332,-21.11111111111111,routing,3,7,-1,-3,0.5454545454545454,1,1,0.3333333333333333,24.333333333333332,-21.11111111111111,routing,3,7,-1,-3,0.5454545454545454,1,1,0.3333333333333333,24.333333333333332,-21.11111111111111
lhs038,lhs,6791.545880265594,0.006641561625865665,0.9804381986748917,0.8762320936323245,1000000,100,1,11,53,11,53,11,3.3077188788734757,9,1.1076295121247308,7,1.3275226041279924,identical,0,0,1.0,0,0,0.0,0.0,0.0,served_and_memory,2,4,-9,-49,0.07547169811320754,0,2,0.0,73.0,0.0,served_and_memory,2,4,-9,-49,0.07547169811320754,0,2,0.0,73.0,0.0,served_and_memory,4,11,-7,-42,0.20754716981132076,0,3,0.0,42.75,0.0,served_and_memory,4,11,-7,-42,0.20754716981132076,0,3,0.0,42.75,0.0,routing,6,27,-5,-26,0.48148148148148145,1,2,0.5,12.166666666666666,-1.0,routing,6,27,-5,-26,0.48148148148148145,1,2,0.5,12.166666666666666,-1.0
lhs038,lhs,6791.545880265594,0.006641561625865665,0.9804381986748917,0.8762320936323245,20,100,1,7,18,7,18,7,2.373369507555394,4,1.0875785736755124,2,0.7990946819996534,memory_only,0,0,1.0,0,2,0.0,0.0,0.0,served_and_memory,2,4,-5,-14,0.2222222222222222,0,2,0.0,73.0,0.0,served_and_memory,2,4,-5,-14,0.2222222222222222,0,2,0.0,73.0,0.0,served_and_memory,4,11,-3,-7,0.6111111111111112,0,2,0.0,24.5,0.0,served_and_memory,4,11,-3,-7,0.6111111111111112,0,2,0.0,24.5,0.0,served_and_memory,5,16,-2,-2,0.8888888888888888,0,1,0.0,5.0,0.0,served_and_memory,5,16,-2,-2,0.8888888888888888,0,1,0.0,5.0,0.0
lhs038,lhs,6791.545880265594,0.006641561625865665,0.9804381986748917,0.8762320936323245,10,100,1,5,10,5,10,3,3.3077188788734757,3,1.1076295121247308,3,1.3275226041279924,memory_only,0,0,1.0,0,2,0.0,0.0,0.0,served_and_memory,2,4,-3,-6,0.4,0,1,0.0,24.0,0.0,served_and_memory,2,4,-3,-6,0.4,0,1,0.0,24.0,0.0,routing,3,7,-2,-3,0.4166666666666667,1,1,0.6666666666666666,16.0,-25.0,routing,3,7,-2,-3,0.4166666666666667,1,1,0.6666666666666666,16.0,-25.0,routing,3,7,-2,-3,0.4166666666666667,1,1,0.6666666666666666,16.0,-25.0,routing,3,7,-2,-3,0.4166666666666667,1,1,0.6666666666666666,16.0,-25.0
lhs039,lhs,1289.1934279273564,0.022272581409026364,0.9934391015342303,0.602979475998084,1000000,100,1,7,26,5,15,3,0.6229630327385498,3,0.6229630327385498,0,0.277249689426545,served_and_memory,-2,-11,0.5769230769230769,0,1,0.0,14.6,0.0,served_and_memory,5,16,-2,-10,0.6153846153846154,0,1,0.0,5.0,0.0,served_and_memory,4,11,-3,-15,0.4230769230769231,0,1,0.0,18.25,0.0,served_and_memory,5,16,-2,-10,0.6153846153846154,0,1,0.0,5.0,0.0,served_and_memory,4,11,-3,-15,0.4230769230769231,0,1,0.0,18.25,0.0,memory_only,7,26,0,0,1.0,0,4,0.0,0.0,0.0,served_and_memory,5,15,-2,-11,0.5769230769230769,0,1,0.0,14.6,0.0
lhs039,lhs,1289.1934279273564,0.022272581409026364,0.9934391015342303,0.602979475998084,20,100,1,6,20,5,15,2,0.5132935892735879,2,0.5132935892735879,0,0.2166106296253808,served_and_memory,-1,-5,0.75,0,3,0.0,9.6,0.0,served_and_memory,5,16,-1,-4,0.8,0,2,0.0,0.0,0.0,served_and_memory,4,11,-2,-9,0.55,0,1,0.0,12.0,0.0,served_and_memory,5,16,-1,-4,0.8,0,2,0.0,0.0,0.0,served_and_memory,4,11,-2,-9,0.55,0,1,0.0,12.0,0.0,identical,6,20,0,0,1.0,0,0,0.0,0.0,0.0,served_and_memory,5,15,-1,-5,0.75,0,3,0.0,9.6,0.0
lhs039,lhs,1289.1934279273564,0.022272581409026364,0.9934391015342303,0.602979475998084,10,100,1,3,7,3,7,0,0.20208288384215328,0,0.20208288384215328,0,0.07485741614516714,identical,0,0,1.0,0,0,0.0,0.0,0.0,identical,3,7,0,0,1.0,0,0,0.0,0.0,0.0,identical,3,7,0,0,1.0,0,0,0.0,0.0,0.0,identical,3,7,0,0,1.0,0,0,0.0,0.0,0.0,identical,3,7,0,0,1.0,0,0,0.0,0.0,0.0,identical,3,7,0,0,1.0,0,0,0.0,0.0,0.0,identical,3,7,0,0,1.0,0,0,0.0,0.0,0.0
lhs040,lhs,24269.343764801233,0.021461142190783426,0.9393468368917337,0.6582076367530126,1000000,100,1,11,53,11,53,7,1.4544807672365865,0,0.278069322011763,1,0.5451665746957021,identical,0,0,1.0,0,0,0.0,0.0,0.0,served_and_memory,5,16,-6,-37,0.3018867924528302,0,3,0.0,14.6,0.0,served_and_memory,5,16,-6,-37,0.3018867924528302,0,3,0.0,14.6,0.0,memory_only,11,53,0,0,1.0,0,6,0.0,0.0,0.0,memory_only,11,53,0,0,1.0,0,6,0.0,0.0,0.0,served_and_memory,10,46,-1,-7,0.8679245283018868,0,5,0.0,1.3,0.0,served_and_memory,10,46,-1,-7,0.8679245283018868,0,5,0.0,1.3,0.0
lhs040,lhs,24269.343764801233,0.021461142190783426,0.9393468368917337,0.6582076367530126,20,100,1,7,18,6,20,2,0.7344846655994398,0,0.21672611881625706,0,0.24729515923348377,routing,-1,2,0.7272727272727273,1,3,-0.5,4.166666666666667,1.0,served_and_memory,5,16,-2,-2,0.8888888888888888,0,2,0.0,10.0,0.0,served_and_memory,5,16,-2,-2,0.8888888888888888,0,2,0.0,10.0,0.0,memory_only,7,18,0,0,1.0,0,4,0.0,0.0,0.0,routing,6,20,-1,2,0.7272727272727273,1,1,-0.5,4.166666666666667,1.0,memory_only,7,18,0,0,1.0,0,4,0.0,0.0,0.0,routing,6,20,-1,2,0.7272727272727273,1,1,-0.5,4.166666666666667,1.0
lhs040,lhs,24269.343764801233,0.021461142190783426,0.9393468368917337,0.6582076367530126,10,100,1,5,10,5,10,2,0.6121504667994003,1,0.1931775197538855,1,0.2133141770296364,memory_only,0,0,1.0,0,2,0.0,0.0,0.0,routing,3,7,-2,-3,0.4166666666666667,1,1,0.6666666666666666,24.333333333333332,-25.0,routing,3,7,-2,-3,0.4166666666666667,1,1,0.6666666666666666,24.333333333333332,-25.0,served_and_memory,4,9,-1,-1,0.9,0,2,0.0,0.0,0.0,routing,3,7,-2,-3,0.4166666666666667,1,1,0.6666666666666666,24.333333333333332,-25.0,served_and_memory,4,9,-1,-1,0.9,0,2,0.0,0.0,0.0,routing,3,7,-2,-3,0.4166666666666667,1,1,0.6666666666666666,24.333333333333332,-25.0
lhs041,lhs,31251.10423862443,0.048729378065345295,0.9219708191178031,0.5871081870014041,1000000,100,1,11,53,9,39,2,0.45082493656328193,0,0.10449169003149471,0,0.18093444930125138,served_and_memory,-2,-14,0.7358490566037735,0,2,0.0,0.0,0.0,served_and_memory,10,46,-1,-7,0.8679245283018868,0,2,0.0,-1.2,0.0,served_and_memory,9,39,-2,-14,0.7358490566037735,0,2,0.0,0.0,0.0,memory_only,11,53,0,0,1.0,0,2,0.0,0.0,0.0,served_and_memory,9,39,-2,-14,0.7358490566037735,0,2,0.0,0.0,0.0,memory_only,11,53,0,0,1.0,0,2,0.0,0.0,0.0,served_and_memory,9,39,-2,-14,0.7358490566037735,0,2,0.0,0.0,0.0
lhs041,lhs,31251.10423862443,0.048729378065345295,0.9219708191178031,0.5871081870014041,20,100,1,6,20,6,20,0,0.23700611356354995,0,0.07460556154659931,0,0.10142959804134277,memory_only,0,0,1.0,0,2,0.0,0.0,0.0,memory_only,6,20,0,0,1.0,0,4,0.0,0.0,0.0,memory_only,6,20,0,0,1.0,0,2,0.0,0.0,0.0,memory_only,6,20,0,0,1.0,0,4,0.0,0.0,0.0,memory_only,6,20,0,0,1.0,0,2,0.0,0.0,0.0,memory_only,6,20,0,0,1.0,0,2,0.0,0.0,0.0,memory_only,6,20,0,0,1.0,0,2,0.0,0.0,0.0
lhs041,lhs,31251.10423862443,0.048729378065345295,0.9219708191178031,0.5871081870014041,10,100,1,5,10,3,7,1,0.3234779607538153,1,0.0906300366850127,1,0.09394673329103435,routing,-2,-3,0.4166666666666667,1,1,0.6666666666666666,24.333333333333332,-25.0,routing,3,7,-2,-3,0.4166666666666667,1,1,0.6666666666666666,24.333333333333332,-25.0,routing,3,7,-2,-3,0.4166666666666667,1,1,0.6666666666666666,24.333333333333332,-25.0,routing,3,7,-2,-3,0.4166666666666667,1,1,0.6666666666666666,24.333333333333332,-25.0,routing,3,7,-2,-3,0.4166666666666667,1,1,0.6666666666666666,24.333333333333332,-25.0,routing,3,7,-2,-3,0.4166666666666667,1,1,0.6666666666666666,24.333333333333332,-25.0,routing,3,7,-2,-3,0.4166666666666667,1,1,0.6666666666666666,24.333333333333332,-25.0
lhs042,lhs,31652.64065263523,0.002341422725272287,0.9827067017934709,0.6314654422832611,1000000,100,1,2,4,2,4,2,1.6249174582978276,0,0.8711944566620281,0,0.528059133099281,identical,0,0,1.0,0,0,0.0,0.0,0.0,served_set_only,0,0,-2,-4,0.0,0,0,,,,served_set_only,0,0,-2,-4,0.0,0,0,,,,identical,2,4,0,0,1.0,0,0,0.0,0.0,0.0,identical,2,4,0,0,1.0,0,0,0.0,0.0,0.0,identical,2,4,0,0,1.0,0,0,0.0,0.0,0.0,identical,2,4,0,0,1.0,0,0,0.0,0.0,0.0
lhs042,lhs,31652.64065263523,0.002341422725272287,0.9827067017934709,0.6314654422832611,20,100,1,2,4,2,4,2,1.6249174582978276,0,0.8711944566620281,0,0.528059133099281,identical,0,0,1.0,0,0,0.0,0.0,0.0,served_set_only,0,0,-2,-4,0.0,0,0,,,,served_set_only,0,0,-2,-4,0.0,0,0,,,,identical,2,4,0,0,1.0,0,0,0.0,0.0,0.0,identical,2,4,0,0,1.0,0,0,0.0,0.0,0.0,identical,2,4,0,0,1.0,0,0,0.0,0.0,0.0,identical,2,4,0,0,1.0,0,0,0.0,0.0,0.0
lhs042,lhs,31652.64065263523,0.002341422725272287,0.9827067017934709,0.6314654422832611,10,100,1,2,4,2,4,2,1.6249174582978276,0,0.8711944566620281,0,0.528059133099281,identical,0,0,1.0,0,0,0.0,0.0,0.0,served_set_only,0,0,-2,-4,0.0,0,0,,,,served_set_only,0,0,-2,-4,0.0,0,0,,,,identical,2,4,0,0,1.0,0,0,0.0,0.0,0.0,identical,2,4,0,0,1.0,0,0,0.0,0.0,0.0,identical,2,4,0,0,1.0,0,0,0.0,0.0,0.0,identical,2,4,0,0,1.0,0,0,0.0,0.0,0.0
lhs043,lhs,22852.01187202379,0.0021950716722839094,0.9889702783889326,0.8055685394513878,1000000,100,1,2,4,2,4,2,1.7332548688907365,0,0.9450402211327928,0,0.5632661885886353,identical,0,0,1.0,0,0,0.0,0.0,0.0,served_set_only,0,0,-2,-4,0.0,0,0,,,,served_set_only,0,0,-2,-4,0.0,0,0,,,,identical,2,4,0,0,1.0,0,0,0.0,0.0,0.0,identical,2,4,0,0,1.0,0,0,0.0,0.0,0.0,identical,2,4,0,0,1.0,0,0,0.0,0.0,0.0,identical,2,4,0,0,1.0,0,0,0.0,0.0,0.0
lhs043,lhs,22852.01187202379,0.0021950716722839094,0.9889702783889326,0.8055685394513878,20,100,1,2,4,2,4,2,1.7332548688907365,0,0.9450402211327928,0,0.5632661885886353,identical,0,0,1.0,0,0,0.0,0.0,0.0,served_set_only,0,0,-2,-4,0.0,0,0,,,,served_set_only,0,0,-2,-4,0.0,0,0,,,,identical,2,4,0,0,1.0,0,0,0.0,0.0,0.0,identical,2,4,0,0,1.0,0,0,0.0,0.0,0.0,identical,2,4,0,0,1.0,0,0,0.0,0.0,0.0,identical,2,4,0,0,1.0,0,0,0.0,0.0,0.0
lhs043,lhs,22852.01187202379,0.0021950716722839094,0.9889702783889326,0.8055685394513878,10,100,1,2,4,2,4,2,1.7332548688907365,0,0.9450402211327928,0,0.5632661885886353,identical,0,0,1.0,0,0,0.0,0.0,0.0,served_set_only,0,0,-2,-4,0.0,0,0,,,,served_set_only,0,0,-2,-4,0.0,0,0,,,,identical,2,4,0,0,1.0,0,0,0.0,0.0,0.0,identical,2,4,0,0,1.0,0,0,0.0,0.0,0.0,identical,2,4,0,0,1.0,0,0,0.0,0.0,0.0,identical,2,4,0,0,1.0,0,0,0.0,0.0,0.0
lhs044,lhs,4355.957857724798,0.04228019190125915,0.9571512110652153,0.838768698215257,1000000,100,1,14,55,11,53,7,0.9366521054049566,0,0.35781558152263326,0,0.2863269738050034,served_and_memory,-3,-2,0.9636363636363636,0,4,0.0,6.909090909090909,0.0,served_and_memory,10,46,-4,-9,0.8363636363636363,0,6,0.0,6.4,0.0,served_and_memory,10,46,-4,-9,0.8363636363636363,0,6,0.0,6.4,0.0,memory_only,14,55,0,0,1.0,0,2,0.0,0.0,0.0,served_and_memory,11,53,-3,-2,0.9636363636363636,0,4,0.0,6.909090909090909,0.0,memory_only,14,55,0,0,1.0,0,2,0.0,0.0,0.0,served_and_memory,11,53,-3,-2,0.9636363636363636,0,6,0.0,6.909090909090909,0.0
lhs044,lhs,4355.957857724798,0.04228019190125915,0.9571512110652153,0.838768698215257,20,100,1,7,18,7,18,0,0.49952671722064057,0,0.22366822407308357,0,0.14368304498890497,memory_only,0,0,1.0,0,4,0.0,0.0,0.0,memory_only,7,18,0,0,1.0,0,4,0.0,0.0,0.0,memory_only,7,18,0,0,1.0,0,4,0.0,0.0,0.0,memory_only,7,18,0,0,1.0,0,2,0.0,0.0,0.0,identical,7,18,0,0,1.0,0,0,0.0,0.0,0.0,memory_only,7,18,0,0,1.0,0,4,0.0,0.0,0.0,memory_only,7,18,0,0,1.0,0,2,0.0,0.0,0.0
lhs044,lhs,4355.957857724798,0.04228019190125915,0.9571512110652153,0.838768698215257,10,100,1,4,9,4,9,0,0.24614944359651797,0,0.125768818428993,0,0.09968402416850687,memory_only,0,0,1.0,0,2,0.0,0.0,0.0,memory_only,4,9,0,0,1.0,0,2,0.0,0.0,0.0,memory_only,4,9,0,0,1.0,0,2,0.0,0.0,0.0,memory_only,4,9,0,0,1.0,0,2,0.0,0.0,0.0,memory_only,4,9,0,0,1.0,0,2,0.0,0.0,0.0,memory_only,4,9,0,0,1.0,0,2,0.0,0.0,0.0,identical,4,9,0,0,1.0,0,0,0.0,0.0,0.0
lhs045,lhs,19657.178859926036,0.02660804159979216,0.9429055750390751,0.6615428527940387,1000000,100,1,11,53,11,53,5,0.9188897549543322,0,0.23722333355373415,0,0.4397128339313107,memory_only,0,0,1.0,0,6,0.0,0.0,0.0,served_and_memory,8,33,-3,-20,0.6226415094339622,0,5,0.0,6.25,0.0,served_and_memory,8,33,-3,-20,0.6226415094339622,0,5,0.0,6.25,0.0,memory_only,11,53,0,0,1.0,0,6,0.0,0.0,0.0,memory_only,11,53,0,0,1.0,0,2,0.0,0.0,0.0,identical,11,53,0,0,1.0,0,0,0.0,0.0,0.0,memory_only,11,53,0,0,1.0,0,6,0.0,0.0,0.0
lhs045,lhs,19657.178859926036,0.02660804159979216,0.9429055750390751,0.6615428527940387,20,100,1,7,18,6,20,1,0.5924103728664766,0,0.18407333027561396,0,0.19945987214044644,routing,-1,2,0.7272727272727273,1,4,-0.5,0.0,1.0,routing,6,20,-1,2,0.7272727272727273,1,0,-0.5,0.0,1.0,routing,6,20,-1,2,0.7272727272727273,1,0,-0.5,0.0,1.0,memory_only,7,18,0,0,1.0,0,4,0.0,0.0,0.0,routing,6,20,-1,2,0.7272727272727273,1,4,-0.5,0.0,1.0,memory_only,7,18,0,0,1.0,0,2,0.0,0.0,0.0,routing,6,20,-1,2,0.7272727272727273,1,2,-0.5,0.0,1.0
lhs045,lhs,19657.178859926036,0.02660804159979216,0.9429055750390751,0.6615428527940387,10,100,1,5,10,3,7,1,0.8256308038562701,1,0.18407333027561396,1,0.33135934307598947,routing,-2,-3,0.4166666666666667,1,1,0.6666666666666666,16.0,-25.0,served_set_only,4,9,-1,-1,0.9,0,0,0.0,0.0,0.0,routing,3,7,-2,-3,0.4166666666666667,1,1,0.6666666666666666,16.0,-25.0,served_and_memory,4,9,-1,-1,0.9,0,2,0.0,0.0,0.0,routing,3,7,-2,-3,0.4166666666666667,1,1,0.6666666666666666,16.0,-25.0,served_and_memory,4,9,-1,-1,0.9,0,2,0.0,0.0,0.0,routing,3,7,-2,-3,0.4166666666666667,1,1,0.6666666666666666,16.0,-25.0
lhs046,lhs,132542.8256175454,0.017912742222615394,0.9818903177550433,0.7539303280142855,1000000,100,1,17,55,17,55,15,2.47687263452554,0,0.3519936499057643,8,0.8652948147797387,memory_only,0,0,1.0,0,8,0.0,0.0,0.0,served_and_memory,4,11,-13,-44,0.2,0,4,0.0,49.25,0.0,served_and_memory,4,11,-13,-44,0.2,0,4,0.0,49.25,0.0,memory_only,17,55,0,0,1.0,0,8,0.0,0.0,0.0,memory_only,17,55,0,0,1.0,0,8,0.0,0.0,0.0,routing,12,48,-5,-7,0.8392857142857143,1,5,0.25,3.25,-0.3125,served_and_memory,12,54,-5,-1,0.9818181818181818,0,8,0.0,4.75,0.0
lhs046,lhs,132542.8256175454,0.017912742222615394,0.9818903177550433,0.7539303280142855,20,100,1,11,20,11,20,9,2.474904258455298,0,0.3678133131319651,5,0.6531605955025319,memory_only,0,0,1.0,0,2,0.0,0.0,0.0,served_and_memory,4,11,-7,-9,0.55,0,2,0.0,24.5,0.0,served_and_memory,4,11,-7,-9,0.55,0,2,0.0,24.5,0.0,memory_only,11,20,0,0,1.0,0,2,0.0,0.0,0.0,identical,11,20,0,0,1.0,0,0,0.0,0.0,0.0,served_and_memory,8,20,-3,0,1.0,0,4,0.0,4.75,0.0,served_and_memory,8,20,-3,0,1.0,0,4,0.0,4.75,0.0
lhs046,lhs,132542.8256175454,0.017912742222615394,0.9818903177550433,0.7539303280142855,10,100,1,5,10,5,10,2,0.7334135693389225,0,0.20655357530196175,1,0.25557035475914736,memory_only,0,0,1.0,0,2,0.0,0.0,0.0,routing,3,7,-2,-3,0.4166666666666667,1,1,0.6666666666666666,24.333333333333332,-25.0,routing,3,7,-2,-3,0.4166666666666667,1,1,0.6666666666666666,24.333333333333332,-25.0,memory_only,5,10,0,0,1.0,0,2,0.0,0.0,0.0,memory_only,5,10,0,0,1.0,0,2,0.0,0.0,0.0,served_and_memory,4,9,-1,-1,0.9,0,2,0.0,0.0,0.0,served_and_memory,4,9,-1,-1,0.9,0,2,0.0,0.0,0.0
lhs047,lhs,6403.3378934899965,0.023065112627477107,0.9856834848838355,0.6402901710809538,1000000,100,1,11,53,11,53,6,1.0600363076623769,0,0.37212034786213916,0,0.5072551591735526,memory_only,0,0,1.0,0,2,0.0,0.0,0.0,served_and_memory,7,30,-4,-23,0.5660377358490566,0,5,0.0,10.428571428571429,0.0,served_and_memory,6,20,-5,-33,0.37735849056603776,0,3,0.0,12.166666666666666,0.0,memory_only,11,53,0,0,1.0,0,2,0.0,0.0,0.0,identical,11,53,0,0,1.0,0,0,0.0,0.0,0.0,identical,11,53,0,0,1.0,0,0,0.0,0.0,0.0,memory_only,11,53,0,0,1.0,0,2,0.0,0.0,0.0
lhs047,lhs,6403.3378934899965,0.023065112627477107,0.9856834848838355,0.6402901710809538,20,100,1,7,18,6,20,2,0.9156723318460916,0,0.32881365940825474,0,0.26338248649395996,routing,-1,2,0.7272727272727273,1,3,-0.5,4.166666666666667,1.0,routing,6,20,-1,2,0.7272727272727273,1,3,-0.5,4.166666666666667,1.0,routing,6,20,-1,2,0.7272727272727273,1,3,-0.5,4.166666666666667,1.0,memory_only,7,18,0,0,1.0,0,2,0.0,0.0,0.0,routing,6,20,-1,2,0.7272727272727273,1,3,-0.5,4.166666666666667,1.0,memory_only,7,18,0,0,1.0,0,2,0.0,0.0,0.0,routing,6,20,-1,2,0.7272727272727273,1,1,-0.5,4.166666666666667,1.0
lhs047,lhs,6403.3378934899965,0.023065112627477107,0.9856834848838355,0.6402901710809538,10,100,1,5,10,3,7,2,0.5695809260643255,1,0.2457685729232697,1,0.19848010102882893,routing,-2,-3,0.4166666666666667,1,1,0.6666666666666666,24.333333333333332,-25.0,served_and_memory,4,9,-1,-1,0.9,0,2,0.0,0.0,0.0,routing,3,7,-2,-3,0.4166666666666667,1,1,0.6666666666666666,24.333333333333332,-25.0,served_and_memory,4,9,-1,-1,0.9,0,2,0.0,0.0,0.0,routing,3,7,-2,-3,0.4166666666666667,1,1,0.6666666666666666,24.333333333333332,-25.0,served_set_only,4,9,-1,-1,0.9,0,0,0.0,0.0,0.0,routing,3,7,-2,-3,0.4166666666666667,1,1,0.6666666666666666,24.333333333333332,-25.0
lhs048,lhs,90639.9966853723,0.0011309901768399525,0.9838758084028545,0.6425849235661862,1000000,100,1,0,0,0,0,0,,0,,0,,identical,0,0,1.0,0,0,,,,identical,0,0,0,0,1.0,0,0,,,,identical,0,0,0,0,1.0,0,0,,,,identical,0,0,0,0,1.0,0,0,,,,identical,0,0,0,0,1.0,0,0,,,,identical,0,0,0,0,1.0,0,0,,,,identical,0,0,0,0,1.0,0,0,,,
lhs048,lhs,90639.9966853723,0.0011309901768399525,0.9838758084028545,0.6425849235661862,20,100,1,0,0,0,0,0,,0,,0,,identical,0,0,1.0,0,0,,,,identical,0,0,0,0,1.0,0,0,,,,identical,0,0,0,0,1.0,0,0,,,,identical,0,0,0,0,1.0,0,0,,,,identical,0,0,0,0,1.0,0,0,,,,identical,0,0,0,0,1.0,0,0,,,,identical,0,0,0,0,1.0,0,0,,,
lhs048,lhs,90639.9966853723,0.0011309901768399525,0.9838758084028545,0.6425849235661862,10,100,1,0,0,0,0,0,,0,,0,,identical,0,0,1.0,0,0,,,,identical,0,0,0,0,1.0,0,0,,,,identical,0,0,0,0,1.0,0,0,,,,identical,0,0,0,0,1.0,0,0,,,,identical,0,0,0,0,1.0,0,0,,,,identical,0,0,0,0,1.0,0,0,,,,identical,0,0,0,0,1.0,0,0,,,
lhs049,lhs,16356.319322828132,0.018913949424692225,0.9354837605258577,0.6170293110735822,1000000,100,1,11,53,10,46,8,1.6503596292095983,0,0.348169550699995,1,0.6185856329896157,served_and_memory,-1,-7,0.8679245283018868,0,5,0.0,1.3,0.0,served_and_memory,5,16,-6,-37,0.3018867924528302,0,3,0.0,14.6,0.0,served_and_memory,5,16,-6,-37,0.3018867924528302,0,3,0.0,14.6,0.0,memory_only,11,53,0,0,1.0,0,2,0.0,0.0,0.0,served_and_memory,10,46,-1,-7,0.8679245283018868,0,5,0.0,1.3,0.0,served_and_memory,10,46,-1,-7,0.8679245283018868,0,5,0.0,1.3,0.0,served_and_memory,10,46,-1,-7,0.8679245283018868,0,3,0.0,1.3,0.0
lhs049,lhs,16356.319322828132,0.018913949424692225,0.9354837605258577,0.6170293110735822,20,100,1,6,20,6,20,1,0.6106160195479279,0,0.20836409009404172,0,0.26132042118712745,memory_only,0,0,1.0,0,2,0.0,0.0,0.0,served_set_only,5,16,-1,-4,0.8,0,0,0.0,0.0,0.0,served_set_only,5,16,-1,-4,0.8,0,0,0.0,0.0,0.0,memory_only,6,20,0,0,1.0,0,2,0.0,0.0,0.0,memory_only,6,20,0,0,1.0,0,2,0.0,0.0,0.0,memory_only,6,20,0,0,1.0,0,4,0.0,0.0,0.0,memory_only,6,20,0,0,1.0,0,2,0.0,0.0,0.0
lhs049,lhs,16356.319322828132,0.018913949424692225,0.9354837605258577,0.6170293110735822,10,100,1,5,10,3,7,2,0.8333997036494716,1,0.2728010537629808,1,0.24204177465793708,routing,-2,-3,0.4166666666666667,1,1,0.6666666666666666,24.333333333333332,-25.0,routing,3,7,-2,-3,0.4166666666666667,1,1,0.6666666666666666,24.333333333333332,-25.0,routing,3,7,-2,-3,0.4166666666666667,1,1,0.6666666666666666,24.333333333333332,-25.0,routing,3,7,-2,-3,0.4166666666666667,1,1,0.6666666666666666,24.333333333333332,-25.0,routing,3,7,-2,-3,0.4166666666666667,1,1,0.6666666666666666,24.333333333333332,-25.0,routing,3,7,-2,-3,0.4166666666666667,1,1,0.6666666666666666,24.333333333333332,-25.0,routing,3,7,-2,-3,0.4166666666666667,1,1,0.6666666666666666,24.333333333333332,-25.0
lhs050,lhs,1187.7278585046583,0.045754675169836785,0.9281195613545361,0.8350498318208592,1000000,100,1,10,46,7,26,1,0.5253984517653002,1,0.5253984517653002,0,0.20759846011669592,served_and_memory,-3,-20,0.5652173913043478,0,5,0.0,10.428571428571429,0.0,served_and_memory,9,39,-1,-7,0.8478260869565217,0,2,0.0,0.0,0.0,served_and_memory,7,26,-3,-20,0.5652173913043478,0,5,0.0,10.428571428571429,0.0,served_and_memory,9,39,-1,-7,0.8478260869565217,0,2,0.0,0.0,0.0,served_and_memory,7,26,-3,-20,0.5652173913043478,0,5,0.0,10.428571428571429,0.0,identical,10,46,0,0,1.0,0,0,0.0,0.0,0.0,served_and_memory,7,26,-3,-20,0.5652173913043478,0,3,0.0,10.428571428571429,0.0
lhs050,lhs,1187.7278585046583,0.045754675169836785,0.9281195613545361,0.8350498318208592,20,100,1,6,20,6,20,0,0.3510630687879336,0,0.3510630687879336,0,0.14776933577197293,memory_only,0,0,1.0,0,4,0.0,0.0,0.0,identical,6,20,0,0,1.0,0,0,0.0,0.0,0.0,memory_only,6,20,0,0,1.0,0,2,0.0,0.0,0.0,identical,6,20,0,0,1.0,0,0,0.0,0.0,0.0,memory_only,6,20,0,0,1.0,0,2,0.0,0.0,0.0,memory_only,6,20,0,0,1.0,0,2,0.0,0.0,0.0,identical,6,20,0,0,1.0,0,0,0.0,0.0,0.0
lhs050,lhs,1187.7278585046583,0.045754675169836785,0.9281195613545361,0.8350498318208592,10,100,1,3,7,3,7,0,0.10303986934299825,0,0.10303986934299825,0,0.039552236946623284,identical,0,0,1.0,0,0,0.0,0.0,0.0,identical,3,7,0,0,1.0,0,0,0.0,0.0,0.0,identical,3,7,0,0,1.0,0,0,0.0,0.0,0.0,identical,3,7,0,0,1.0,0,0,0.0,0.0,0.0,identical,3,7,0,0,1.0,0,0,0.0,0.0,0.0,identical,3,7,0,0,1.0,0,0,0.0,0.0,0.0,identical,3,7,0,0,1.0,0,0,0.0,0.0,0.0
lhs051,lhs,146169.54461969677,0.013155330296612009,0.9881760673747827,0.5827201698299576,1000000,100,1,14,55,12,54,12,3.1721173587691673,0,0.42902038868983483,7,0.9756166453499266,served_and_memory,-2,-1,0.9818181818181818,0,7,0.0,5.25,0.0,served_and_memory,4,11,-10,-44,0.2,0,3,0.0,39.75,0.0,served_and_memory,4,11,-10,-44,0.2,0,3,0.0,39.75,0.0,identical,14,55,0,0,1.0,0,0,0.0,0.0,0.0,served_and_memory,12,54,-2,-1,0.9818181818181818,0,7,0.0,5.25,0.0,routing,11,41,-3,-14,0.7454545454545455,1,7,0.2727272727272727,4.636363636363637,-0.11363636363636363,routing,10,40,-4,-15,0.6964285714285714,1,6,0.3,7.6,-0.42857142857142916
lhs051,lhs,146169.54461969677,0.013155330296612009,0.9881760673747827,0.5827201698299576,20,100,1,7,18,7,18,4,1.6054393913115135,0,0.28692057555310496,0,0.46178595125450256,memory_only,0,0,1.0,0,4,0.0,0.0,0.0,served_and_memory,4,11,-3,-7,0.6111111111111112,0,3,0.0,18.25,0.0,served_and_memory,4,11,-3,-7,0.6111111111111112,0,3,0.0,18.25,0.0,memory_only,7,18,0,0,1.0,0,2,0.0,0.0,0.0,identical,7,18,0,0,1.0,0,0,0.0,0.0,0.0,memory_only,7,18,0,0,1.0,0,2,0.0,0.0,0.0,identical,7,18,0,0,1.0,0,0,0.0,0.0,0.0
lhs051,lhs,146169.54461969677,0.013155330296612009,0.9881760673747827,0.5827201698299576,10,100,1,5,10,5,10,3,1.198212396798515,1,0.28692057555310496,1,0.34799323022105894,identical,0,0,1.0,0,0,0.0,0.0,0.0,routing,3,7,-2,-3,0.4166666666666667,1,1,0.6666666666666666,24.333333333333332,-25.0,routing,3,7,-2,-3,0.4166666666666667,1,1,0.6666666666666666,24.333333333333332,-25.0,served_set_only,4,9,-1,-1,0.9,0,0,0.0,0.0,0.0,served_set_only,4,9,-1,-1,0.9,0,0,0.0,0.0,0.0,served_and_memory,4,9,-1,-1,0.9,0,2,0.0,0.0,0.0,served_set_only,4,9,-1,-1,0.9,0,0,0.0,0.0,0.0
lhs052,lhs,1991.0081928694935,0.014336904378167321,0.9608257814923975,0.9270170941896283,1000000,100,1,14,55,12,54,12,2.762230235806473,12,1.9647863142921635,5,0.844391444600668,served_and_memory,-2,-1,0.9818181818181818,0,7,0.0,5.25,0.0,served_and_memory,4,11,-10,-44,0.2,0,3,0.0,46.0,0.0,served_and_memory,4,11,-10,-44,0.2,0,3,0.0,46.0,0.0,served_and_memory,5,16,-9,-39,0.2909090909090909,0,3,0.0,27.2,0.0,served_and_memory,5,16,-9,-39,0.2909090909090909,0,3,0.0,27.2,0.0,served_and_memory,11,47,-3,-8,0.8545454545454545,0,7,0.0,4.636363636363637,0.0,served_and_memory,11,47,-3,-8,0.8545454545454545,0,7,0.0,4.636363636363637,0.0
lhs052,lhs,1991.0081928694935,0.014336904378167321,0.9608257814923975,0.9270170941896283,20,100,1,10,20,7,18,8,2.4272278917556234,8,1.8150406984951524,3,0.8160685925354835,served_and_memory,-3,-2,0.46153846153846156,0,3,0.0,5.0,0.0,served_and_memory,4,11,-6,-9,0.55,0,2,0.0,24.5,0.0,served_and_memory,4,11,-6,-9,0.55,0,2,0.0,24.5,0.0,served_and_memory,5,16,-5,-4,0.44,0,3,0.0,6.25,0.0,served_and_memory,5,16,-5,-4,0.44,0,3,0.0,6.25,0.0,served_and_memory,8,20,-2,0,1.0,0,4,0.0,4.75,0.0,served_and_memory,7,18,-3,-2,0.46153846153846156,0,3,0.0,5.0,0.0
lhs052,lhs,1991.0081928694935,0.014336904378167321,0.9608257814923975,0.9270170941896283,10,100,1,4,9,4,9,2,0.8174680684289188,1,0.6692460894026376,0,0.2939727824196442,memory_only,0,0,1.0,0,2,0.0,0.0,0.0,served_and_memory,3,7,-1,-2,0.3333333333333333,0,1,0.0,36.5,0.0,served_and_memory,3,7,-1,-2,0.3333333333333333,0,1,0.0,36.5,0.0,served_and_memory,3,7,-1,-2,0.3333333333333333,0,1,0.0,36.5,0.0,served_and_memory,3,7,-1,-2,0.3333333333333333,0,1,0.0,36.5,0.0,memory_only,4,9,0,0,1.0,0,2,0.0,0.0,0.0,identical,4,9,0,0,1.0,0,0,0.0,0.0,0.0
lhs053,lhs,5302.518793063418,0.0013953316909249152,0.9917824324524309,0.7257951426055756,1000000,100,1,0,0,0,0,0,,0,,0,,identical,0,0,1.0,0,0,,,,identical,0,0,0,0,1.0,0,0,,,,identical,0,0,0,0,1.0,0,0,,,,identical,0,0,0,0,1.0,0,0,,,,identical,0,0,0,0,1.0,0,0,,,,identical,0,0,0,0,1.0,0,0,,,,identical,0,0,0,0,1.0,0,0,,,
lhs053,lhs,5302.518793063418,0.0013953316909249152,0.9917824324524309,0.7257951426055756,20,100,1,0,0,0,0,0,,0,,0,,identical,0,0,1.0,0,0,,,,identical,0,0,0,0,1.0,0,0,,,,identical,0,0,0,0,1.0,0,0,,,,identical,0,0,0,0,1.0,0,0,,,,identical,0,0,0,0,1.0,0,0,,,,identical,0,0,0,0,1.0,0,0,,,,identical,0,0,0,0,1.0,0,0,,,
lhs053,lhs,5302.518793063418,0.0013953316909249152,0.9917824324524309,0.7257951426055756,10,100,1,0,0,0,0,0,,0,,0,,identical,0,0,1.0,0,0,,,,identical,0,0,0,0,1.0,0,0,,,,identical,0,0,0,0,1.0,0,0,,,,identical,0,0,0,0,1.0,0,0,,,,identical,0,0,0,0,1.0,0,0,,,,identical,0,0,0,0,1.0,0,0,,,,identical,0,0,0,0,1.0,0,0,,,
lhs054,lhs,5487.2744171989025,0.010232818289908937,0.9454505904904407,0.6710053241159291,1000000,100,1,11,53,9,39,9,2.389357079618901,5,0.9478383676767714,6,1.1433699930687362,served_and_memory,-2,-14,0.7358490566037735,0,5,0.0,1.4444444444444444,0.0,served_and_memory,3,7,-8,-46,0.1320754716981132,0,3,0.0,73.0,0.0,served_and_memory,3,7,-8,-46,0.1320754716981132,0,3,0.0,73.0,0.0,served_and_memory,8,33,-3,-20,0.6226415094339622,0,5,0.0,6.25,0.0,served_and_memory,8,33,-3,-20,0.6226415094339622,0,5,0.0,6.25,0.0,served_and_memory,6,20,-5,-33,0.37735849056603776,0,4,0.0,16.333333333333332,0.0,served_and_memory,6,20,-5,-33,0.37735849056603776,0,4,0.0,16.333333333333332,0.0
lhs054,lhs,5487.2744171989025,0.010232818289908937,0.9454505904904407,0.6710053241159291,20,100,1,6,20,6,20,3,1.4393937325990818,1,0.5973241957443267,1,0.5814296578311744,memory_only,0,0,1.0,0,2,0.0,0.0,0.0,served_and_memory,3,7,-3,-13,0.35,0,2,0.0,40.333333333333336,0.0,served_and_memory,3,7,-3,-13,0.35,0,2,0.0,40.333333333333336,0.0,memory_only,6,20,0,0,1.0,0,2,0.0,0.0,0.0,memory_only,6,20,0,0,1.0,0,2,0.0,0.0,0.0,memory_only,6,20,0,0,1.0,0,2,0.0,0.0,0.0,memory_only,6,20,0,0,1.0,0,2,0.0,0.0,0.0
lhs054,lhs,5487.2744171989025,0.010232818289908937,0.9454505904904407,0.6710053241159291,10,100,1,3,7,3,7,0,0.4055027209501785,0,0.25286965289240454,0,0.14003511395992474,identical,0,0,1.0,0,0,0.0,0.0,0.0,identical,3,7,0,0,1.0,0,0,0.0,0.0,0.0,identical,3,7,0,0,1.0,0,0,0.0,0.0,0.0,identical,3,7,0,0,1.0,0,0,0.0,0.0,0.0,identical,3,7,0,0,1.0,0,0,0.0,0.0,0.0,identical,3,7,0,0,1.0,0,0,0.0,0.0,0.0,identical,3,7,0,0,1.0,0,0,0.0,0.0,0.0
lhs055,lhs,71928.98566238952,0.0012875492586525382,0.9609914199134714,0.8717372953926482,1000000,100,1,0,0,0,0,0,,0,,0,,identical,0,0,1.0,0,0,,,,identical,0,0,0,0,1.0,0,0,,,,identical,0,0,0,0,1.0,0,0,,,,identical,0,0,0,0,1.0,0,0,,,,identical,0,0,0,0,1.0,0,0,,,,identical,0,0,0,0,1.0,0,0,,,,identical,0,0,0,0,1.0,0,0,,,
lhs055,lhs,71928.98566238952,0.0012875492586525382,0.9609914199134714,0.8717372953926482,20,100,1,0,0,0,0,0,,0,,0,,identical,0,0,1.0,0,0,,,,identical,0,0,0,0,1.0,0,0,,,,identical,0,0,0,0,1.0,0,0,,,,identical,0,0,0,0,1.0,0,0,,,,identical,0,0,0,0,1.0,0,0,,,,identical,0,0,0,0,1.0,0,0,,,,identical,0,0,0,0,1.0,0,0,,,
lhs055,lhs,71928.98566238952,0.0012875492586525382,0.9609914199134714,0.8717372953926482,10,100,1,0,0,0,0,0,,0,,0,,identical,0,0,1.0,0,0,,,,identical,0,0,0,0,1.0,0,0,,,,identical,0,0,0,0,1.0,0,0,,,,identical,0,0,0,0,1.0,0,0,,,,identical,0,0,0,0,1.0,0,0,,,,identical,0,0,0,0,1.0,0,0,,,,identical,0,0,0,0,1.0,0,0,,,
lhs056,lhs,80768.75372193659,0.034823472517566526,0.9630173426134357,0.7129248802173566,1000000,100,1,14,55,14,55,9,1.1372165926664275,0,0.16502290891719937,0,0.347637915571905,memory_only,0,0,1.0,0,2,0.0,0.0,0.0,served_and_memory,9,39,-5,-16,0.7090909090909091,0,5,0.0,9.777777777777779,0.0,served_and_memory,9,39,-5,-16,0.7090909090909091,0,5,0.0,9.777777777777779,0.0,identical,14,55,0,0,1.0,0,0,0.0,0.0,0.0,memory_only,14,55,0,0,1.0,0,2,0.0,0.0,0.0,memory_only,14,55,0,0,1.0,0,2,0.0,0.0,0.0,memory_only,14,55,0,0,1.0,0,2,0.0,0.0,0.0
lhs056,lhs,80768.75372193659,0.034823472517566526,0.9630173426134357,0.7129248802173566,20,100,1,10,20,7,18,5,0.9992953508748128,0,0.18389944746273723,0,0.33597733170650523,served_and_memory,-3,-2,0.46153846153846156,0,3,0.0,5.0,0.0,served_and_memory,7,18,-3,-2,0.46153846153846156,0,3,0.0,10.0,0.0,served_and_memory,7,18,-3,-2,0.46153846153846156,0,3,0.0,10.0,0.0,memory_only,10,20,0,0,1.0,0,2,0.0,0.0,0.0,served_and_memory,7,18,-3,-2,0.46153846153846156,0,3,0.0,5.0,0.0,memory_only,10,20,0,0,1.0,0,2,0.0,0.0,0.0,served_and_memory,7,18,-3,-2,0.46153846153846156,0,3,0.0,5.0,0.0
lhs056,lhs,80768.75372193659,0.034823472517566526,0.9630173426134357,0.7129248802173566,10,100,1,5,10,5,10,1,0.4526510053650763,0,0.11244889252800812,1,0.13146207295190457,identical,0,0,1.0,0,0,0.0,0.0,0.0,served_and_memory,4,9,-1,-1,0.9,0,2,0.0,0.0,0.0,served_set_only,4,9,-1,-1,0.9,0,0,0.0,0.0,0.0,identical,5,10,0,0,1.0,0,0,0.0,0.0,0.0,memory_only,5,10,0,0,1.0,0,2,0.0,0.0,0.0,served_and_memory,4,9,-1,-1,0.9,0,2,0.0,0.0,0.0,served_and_memory,4,9,-1,-1,0.9,0,2,0.0,0.0,0.0
lhs057,lhs,84453.49856357591,0.008225573022893047,0.9599760067377733,0.5408193329240756,1000000,100,1,11,53,11,53,9,3.7948503371799713,0,0.5983495239860235,7,1.422380829231494,identical,0,0,1.0,0,0,0.0,0.0,0.0,served_and_memory,2,4,-9,-49,0.07547169811320754,0,2,0.0,60.5,0.0,served_and_memory,2,4,-9,-49,0.07547169811320754,0,2,0.0,60.5,0.0,memory_only,11,53,0,0,1.0,0,2,0.0,0.0,0.0,memory_only,11,53,0,0,1.0,0,6,0.0,0.0,0.0,served_and_memory,6,26,-5,-27,0.49056603773584906,0,4,0.0,12.166666666666666,0.0,served_and_memory,5,16,-6,-37,0.3018867924528302,0,3,0.0,14.6,0.0
lhs057,lhs,84453.49856357591,0.008225573022893047,0.9599760067377733,0.5408193329240756,20,100,1,7,18,6,20,6,1.9163260482289868,0,0.4743839427483668,2,0.6452117755968321,routing,-1,2,0.7272727272727273,1,4,-0.5,0.0,1.0,served_and_memory,2,4,-5,-14,0.2222222222222222,0,2,0.0,73.0,0.0,served_and_memory,2,4,-5,-14,0.2222222222222222,0,2,0.0,73.0,0.0,identical,7,18,0,0,1.0,0,0,0.0,0.0,0.0,routing,6,20,-1,2,0.7272727272727273,1,2,-0.5,0.0,1.0,served_and_memory,5,16,-2,-2,0.8888888888888888,0,1,0.0,5.0,0.0,served_and_memory,5,16,-2,-2,0.8888888888888888,0,1,0.0,5.0,0.0
lhs057,lhs,84453.49856357591,0.008225573022893047,0.9599760067377733,0.5408193329240756,10,100,1,5,10,5,10,3,1.9163260482289868,1,0.4743839427483668,2,0.5565528227397392,memory_only,0,0,1.0,0,2,0.0,0.0,0.0,served_and_memory,2,4,-3,-6,0.4,0,1,0.0,36.5,0.0,served_and_memory,2,4,-3,-6,0.4,0,1,0.0,36.5,0.0,served_and_memory,4,9,-1,-1,0.9,0,2,0.0,0.0,0.0,routing,3,7,-2,-3,0.4166666666666667,1,1,0.6666666666666666,24.333333333333332,-25.0,routing,3,7,-2,-3,0.4166666666666667,1,1,0.6666666666666666,24.333333333333332,-25.0,routing,3,7,-2,-3,0.4166666666666667,1,1,0.6666666666666666,24.333333333333332,-25.0
lhs058,lhs,5068.542519183716,0.005023630952895783,0.9720618822265954,0.9399094922481918,1000000,100,1,6,20,6,20,6,2.8198755909085174,3,1.2604934031545172,4,1.1328641969539301,identical,0,0,1.0,0,0,0.0,0.0,0.0,served_and_memory,2,4,-4,-16,0.2,0,2,0.0,73.0,0.0,served_and_memory,2,4,-4,-16,0.2,0,2,0.0,73.0,0.0,served_and_memory,3,7,-3,-13,0.35,0,2,0.0,48.666666666666664,0.0,served_and_memory,3,7,-3,-13,0.35,0,2,0.0,48.666666666666664,0.0,served_and_memory,4,11,-2,-9,0.55,0,2,0.0,24.5,0.0,served_and_memory,4,11,-2,-9,0.55,0,2,0.0,24.5,0.0
lhs058,lhs,5068.542519183716,0.005023630952895783,0.9720618822265954,0.9399094922481918,20,100,1,6,20,6,20,6,2.8198755909085174,3,1.2604934031545172,4,1.1328641969539301,identical,0,0,1.0,0,0,0.0,0.0,0.0,served_and_memory,2,4,-4,-16,0.2,0,2,0.0,73.0,0.0,served_and_memory,2,4,-4,-16,0.2,0,2,0.0,73.0,0.0,served_and_memory,3,7,-3,-13,0.35,0,2,0.0,48.666666666666664,0.0,served_and_memory,3,7,-3,-13,0.35,0,2,0.0,48.666666666666664,0.0,served_and_memory,4,11,-2,-9,0.55,0,2,0.0,24.5,0.0,served_and_memory,4,11,-2,-9,0.55,0,2,0.0,24.5,0.0
lhs058,lhs,5068.542519183716,0.005023630952895783,0.9720618822265954,0.9399094922481918,10,100,1,3,7,3,7,1,0.8259833770541917,0,0.524742083632831,0,0.2852426638809125,identical,0,0,1.0,0,0,0.0,0.0,0.0,served_set_only,2,4,-1,-3,0.5714285714285714,0,0,0.0,0.0,0.0,served_set_only,2,4,-1,-3,0.5714285714285714,0,0,0.0,0.0,0.0,identical,3,7,0,0,1.0,0,0,0.0,0.0,0.0,identical,3,7,0,0,1.0,0,0,0.0,0.0,0.0,identical,3,7,0,0,1.0,0,0,0.0,0.0,0.0,identical,3,7,0,0,1.0,0,0,0.0,0.0,0.0
lhs059,lhs,10976.014041347971,0.08736274997566373,0.9529862860855229,0.5267896422897395,1000000,100,1,10,46,7,26,0,0.26078908625477776,0,0.07520134948930317,0,0.09652167431496192,served_and_memory,-3,-20,0.5652173913043478,0,5,0.0,10.428571428571429,0.0,memory_only,10,46,0,0,1.0,0,2,0.0,0.0,0.0,served_and_memory,7,26,-3,-20,0.5652173913043478,0,5,0.0,10.428571428571429,0.0,memory_only,10,46,0,0,1.0,0,2,0.0,0.0,0.0,served_and_memory,7,26,-3,-20,0.5652173913043478,0,5,0.0,10.428571428571429,0.0,memory_only,10,46,0,0,1.0,0,2,0.0,0.0,0.0,served_and_memory,7,26,-3,-20,0.5652173913043478,0,1,0.0,10.428571428571429,0.0
lhs059,lhs,10976.014041347971,0.08736274997566373,0.9529862860855229,0.5267896422897395,20,100,1,6,20,6,20,0,0.16859650729198872,0,0.054725581335046396,0,0.06810298483744741,memory_only,0,0,1.0,0,4,0.0,0.0,0.0,identical,6,20,0,0,1.0,0,0,0.0,0.0,0.0,identical,6,20,0,0,1.0,0,0,0.0,0.0,0.0,memory_only,6,20,0,0,1.0,0,2,0.0,0.0,0.0,identical,6,20,0,0,1.0,0,0,0.0,0.0,0.0,identical,6,20,0,0,1.0,0,0,0.0,0.0,0.0,memory_only,6,20,0,0,1.0,0,2,0.0,0.0,0.0
lhs059,lhs,10976.014041347971,0.08736274997566373,0.9529862860855229,0.5267896422897395,10,100,1,3,7,3,7,0,0.047496623683465966,0,0.02625541649465132,0,0.016402343971060572,identical,0,0,1.0,0,0,0.0,0.0,0.0,identical,3,7,0,0,1.0,0,0,0.0,0.0,0.0,identical,3,7,0,0,1.0,0,0,0.0,0.0,0.0,identical,3,7,0,0,1.0,0,0,0.0,0.0,0.0,identical,3,7,0,0,1.0,0,0,0.0,0.0,0.0,identical,3,7,0,0,1.0,0,0,0.0,0.0,0.0,identical,3,7,0,0,1.0,0,0,0.0,0.0,0.0
lhs060,lhs,45500.92813207349,0.06863615311657623,0.9924774179093919,0.9344933617179935,1000000,100,1,17,47,17,47,4,0.6427435696691243,0,0.11239577973292493,0,0.18229491095613445,memory_only,0,0,1.0,0,8,0.0,0.0,0.0,routing,15,52,-2,5,0.9038461538461539,2,7,0.2,2.6,0.11666666666666667,routing,15,52,-2,5,0.9038461538461539,2,5,0.2,2.6,0.11666666666666667,memory_only,17,47,0,0,1.0,0,4,0.0,0.0,0.0,memory_only,17,47,0,0,1.0,0,8,0.0,0.0,0.0,memory_only,17,47,0,0,1.0,0,6,0.0,0.0,0.0,memory_only,17,47,0,0,1.0,0,2,0.0,0.0,0.0
lhs060,lhs,45500.92813207349,0.06863615311657623,0.9924774179093919,0.9344933617179935,20,100,1,11,20,11,20,4,0.5693829258411549,0,0.11239577973292493,0,0.17046260383117523,memory_only,0,0,1.0,0,2,0.0,0.0,0.0,served_and_memory,9,20,-2,0,1.0,0,2,0.0,2.888888888888889,0.0,served_and_memory,9,20,-2,0,1.0,0,2,0.0,2.888888888888889,0.0,memory_only,11,20,0,0,1.0,0,2,0.0,0.0,0.0,memory_only,11,20,0,0,1.0,0,2,0.0,0.0,0.0,memory_only,11,20,0,0,1.0,0,2,0.0,0.0,0.0,memory_only,11,20,0,0,1.0,0,2,0.0,0.0,0.0
lhs060,lhs,45500.92813207349,0.06863615311657623,0.9924774179093919,0.9344933617179935,10,100,1,5,10,5,10,1,0.3200706592306367,0,0.06061943914018409,1,0.12845742053857023,memory_only,0,0,1.0,0,2,0.0,0.0,0.0,served_and_memory,4,9,-1,-1,0.9,0,2,0.0,0.0,0.0,served_and_memory,4,9,-1,-1,0.9,0,2,0.0,0.0,0.0,memory_only,5,10,0,0,1.0,0,2,0.0,0.0,0.0,memory_only,5,10,0,0,1.0,0,2,0.0,0.0,0.0,served_set_only,4,9,-1,-1,0.9,0,0,0.0,0.0,0.0,served_and_memory,4,9,-1,-1,0.9,0,2,0.0,0.0,0.0
lhs061,lhs,2251.9934120013354,0.00187411855008139,0.9269738981798467,0.646691022867087,1000000,100,1,0,0,0,0,0,,0,,0,,identical,0,0,1.0,0,0,,,,identical,0,0,0,0,1.0,0,0,,,,identical,0,0,0,0,1.0,0,0,,,,identical,0,0,0,0,1.0,0,0,,,,identical,0,0,0,0,1.0,0,0,,,,identical,0,0,0,0,1.0,0,0,,,,identical,0,0,0,0,1.0,0,0,,,
lhs061,lhs,2251.9934120013354,0.00187411855008139,0.9269738981798467,0.646691022867087,20,100,1,0,0,0,0,0,,0,,0,,identical,0,0,1.0,0,0,,,,identical,0,0,0,0,1.0,0,0,,,,identical,0,0,0,0,1.0,0,0,,,,identical,0,0,0,0,1.0,0,0,,,,identical,0,0,0,0,1.0,0,0,,,,identical,0,0,0,0,1.0,0,0,,,,identical,0,0,0,0,1.0,0,0,,,
lhs061,lhs,2251.9934120013354,0.00187411855008139,0.9269738981798467,0.646691022867087,10,100,1,0,0,0,0,0,,0,,0,,identical,0,0,1.0,0,0,,,,identical,0,0,0,0,1.0,0,0,,,,identical,0,0,0,0,1.0,0,0,,,,identical,0,0,0,0,1.0,0,0,,,,identical,0,0,0,0,1.0,0,0,,,,identical,0,0,0,0,1.0,0,0,,,,identical,0,0,0,0,1.0,0,0,,,
lhs062,lhs,9821.631866714053,0.0026275596890032145,0.9686517723064899,0.7194937812434818,1000000,100,1,2,4,2,4,2,1.4479665978562524,0,0.8523170478089415,0,0.47055435494037484,identical,0,0,1.0,0,0,0.0,0.0,0.0,served_set_only,0,0,-2,-4,0.0,0,0,,,,served_set_only,0,0,-2,-4,0.0,0,0,,,,identical,2,4,0,0,1.0,0,0,0.0,0.0,0.0,identical,2,4,0,0,1.0,0,0,0.0,0.0,0.0,identical,2,4,0,0,1.0,0,0,0.0,0.0,0.0,identical,2,4,0,0,1.0,0,0,0.0,0.0,0.0
lhs062,lhs,9821.631866714053,0.0026275596890032145,0.9686517723064899,0.7194937812434818,20,100,1,2,4,2,4,2,1.4479665978562524,0,0.8523170478089415,0,0.47055435494037484,identical,0,0,1.0,0,0,0.0,0.0,0.0,served_set_only,0,0,-2,-4,0.0,0,0,,,,served_set_only,0,0,-2,-4,0.0,0,0,,,,identical,2,4,0,0,1.0,0,0,0.0,0.0,0.0,identical,2,4,0,0,1.0,0,0,0.0,0.0,0.0,identical,2,4,0,0,1.0,0,0,0.0,0.0,0.0,identical,2,4,0,0,1.0,0,0,0.0,0.0,0.0
lhs062,lhs,9821.631866714053,0.0026275596890032145,0.9686517723064899,0.7194937812434818,10,100,1,2,4,2,4,2,1.4479665978562524,0,0.8523170478089415,0,0.47055435494037484,identical,0,0,1.0,0,0,0.0,0.0,0.0,served_set_only,0,0,-2,-4,0.0,0,0,,,,served_set_only,0,0,-2,-4,0.0,0,0,,,,identical,2,4,0,0,1.0,0,0,0.0,0.0,0.0,identical,2,4,0,0,1.0,0,0,0.0,0.0,0.0,identical,2,4,0,0,1.0,0,0,0.0,0.0,0.0,identical,2,4,0,0,1.0,0,0,0.0,0.0,0.0
lhs063,lhs,2433.2160525319405,0.017046783227266462,0.9439132224947768,0.7572778586111559,1000000,100,1,11,53,9,39,9,1.4342797992726253,5,0.8654954145476083,2,0.6863404796802215,served_and_memory,-2,-14,0.7358490566037735,0,2,0.0,0.0,0.0,served_and_memory,4,11,-7,-42,0.20754716981132076,0,3,0.0,36.5,0.0,served_and_memory,4,11,-7,-42,0.20754716981132076,0,3,0.0,36.5,0.0,served_and_memory,8,33,-3,-20,0.6226415094339622,0,4,0.0,1.5,0.0,served_and_memory,8,33,-3,-20,0.6226415094339622,0,4,0.0,1.5,0.0,served_and_memory,10,46,-1,-7,0.8679245283018868,0,4,0.0,-1.2,0.0,served_set_only,9,39,-2,-14,0.7358490566037735,0,0,0.0,0.0,0.0
lhs063,lhs,2433.2160525319405,0.017046783227266462,0.9439132224947768,0.7572778586111559,20,100,1,6,20,6,20,2,0.6774979395035314,1,0.46787816329197096,0,0.2899433379352693,memory_only,0,0,1.0,0,4,0.0,0.0,0.0,served_and_memory,4,11,-2,-9,0.55,0,1,0.0,18.25,0.0,served_and_memory,4,11,-2,-9,0.55,0,1,0.0,18.25,0.0,memory_only,6,20,0,0,1.0,0,2,0.0,0.0,0.0,memory_only,6,20,0,0,1.0,0,2,0.0,0.0,0.0,identical,6,20,0,0,1.0,0,0,0.0,0.0,0.0,memory_only,6,20,0,0,1.0,0,4,0.0,0.0,0.0
lhs063,lhs,2433.2160525319405,0.017046783227266462,0.9439132224947768,0.7572778586111559,10,100,1,3,7,3,7,0,0.24341458468890315,0,0.19505489129216172,0,0.08406007492760155,identical,0,0,1.0,0,0,0.0,0.0,0.0,identical,3,7,0,0,1.0,0,0,0.0,0.0,0.0,identical,3,7,0,0,1.0,0,0,0.0,0.0,0.0,identical,3,7,0,0,1.0,0,0,0.0,0.0,0.0,identical,3,7,0,0,1.0,0,0,0.0,0.0,0.0,identical,3,7,0,0,1.0,0,0,0.0,0.0,0.0,identical,3,7,0,0,1.0,0,0,0.0,0.0,0.0
lhs064,lhs,2339.4217157699777,0.08346388225292624,0.9349287606947595,0.5331207673732374,1000000,100,1,5,15,3,7,0,0.10533252354868324,0,0.07549126074966292,0,0.046143952979019846,served_and_memory,-2,-8,0.4666666666666667,0,1,0.0,24.333333333333332,0.0,memory_only,5,15,0,0,1.0,0,2,0.0,0.0,0.0,served_and_memory,3,7,-2,-8,0.4666666666666667,0,1,0.0,24.333333333333332,0.0,memory_only,5,15,0,0,1.0,0,2,0.0,0.0,0.0,served_and_memory,3,7,-2,-8,0.4666666666666667,0,1,0.0,24.333333333333332,0.0,memory_only,5,15,0,0,1.0,0,2,0.0,0.0,0.0,served_and_memory,3,7,-2,-8,0.4666666666666667,0,1,0.0,24.333333333333332,0.0
lhs064,lhs,2339.4217157699777,0.08346388225292624,0.9349287606947595,0.5331207673732374,20,100,1,5,15,3,7,0,0.10533252354868324,0,0.07549126074966292,0,0.046143952979019846,served_and_memory,-2,-8,0.4666666666666667,0,1,0.0,24.333333333333332,0.0,memory_only,5,15,0,0,1.0,0,2,0.0,0.0,0.0,served_and_memory,3,7,-2,-8,0.4666666666666667,0,1,0.0,24.333333333333332,0.0,memory_only,5,15,0,0,1.0,0,2,0.0,0.0,0.0,served_and_memory,3,7,-2,-8,0.4666666666666667,0,1,0.0,24.333333333333332,0.0,memory_only,5,15,0,0,1.0,0,2,0.0,0.0,0.0,served_and_memory,3,7,-2,-8,0.4666666666666667,0,1,0.0,24.333333333333332,0.0
lhs064,lhs,2339.4217157699777,0.08346388225292624,0.9349287606947595,0.5331207673732374,10,100,1,3,7,3,7,0,0.04971534450042128,0,0.040474800248177754,0,0.017168550475716228,identical,0,0,1.0,0,0,0.0,0.0,0.0,identical,3,7,0,0,1.0,0,0,0.0,0.0,0.0,identical,3,7,0,0,1.0,0,0,0.0,0.0,0.0,identical,3,7,0,0,1.0,0,0,0.0,0.0,0.0,identical,3,7,0,0,1.0,0,0,0.0,0.0,0.0,identical,3,7,0,0,1.0,0,0,0.0,0.0,0.0,identical,3,7,0,0,1.0,0,0,0.0,0.0,0.0
lhs065,lhs,26870.29741400917,0.0016340650771024302,0.9228297234614342,0.7964096759673773,1000000,100,1,0,0,0,0,0,,0,,0,,identical,0,0,1.0,0,0,,,,identical,0,0,0,0,1.0,0,0,,,,identical,0,0,0,0,1.0,0,0,,,,identical,0,0,0,0,1.0,0,0,,,,identical,0,0,0,0,1.0,0,0,,,,identical,0,0,0,0,1.0,0,0,,,,identical,0,0,0,0,1.0,0,0,,,
lhs065,lhs,26870.29741400917,0.0016340650771024302,0.9228297234614342,0.7964096759673773,20,100,1,0,0,0,0,0,,0,,0,,identical,0,0,1.0,0,0,,,,identical,0,0,0,0,1.0,0,0,,,,identical,0,0,0,0,1.0,0,0,,,,identical,0,0,0,0,1.0,0,0,,,,identical,0,0,0,0,1.0,0,0,,,,identical,0,0,0,0,1.0,0,0,,,,identical,0,0,0,0,1.0,0,0,,,
lhs065,lhs,26870.29741400917,0.0016340650771024302,0.9228297234614342,0.7964096759673773,10,100,1,0,0,0,0,0,,0,,0,,identical,0,0,1.0,0,0,,,,identical,0,0,0,0,1.0,0,0,,,,identical,0,0,0,0,1.0,0,0,,,,identical,0,0,0,0,1.0,0,0,,,,identical,0,0,0,0,1.0,0,0,,,,identical,0,0,0,0,1.0,0,0,,,,identical,0,0,0,0,1.0,0,0,,,
lhs066,lhs,6246.119718091449,0.004280776820330081,0.9206378928792474,0.8483096628828686,1000000,100,1,5,15,5,15,4,2.053707005027417,2,0.9896052676639845,2,0.737943701443015,identical,0,0,1.0,0,0,0.0,0.0,0.0,served_and_memory,2,4,-3,-11,0.26666666666666666,0,1,0.0,24.0,0.0,served_and_memory,2,4,-3,-11,0.26666666666666666,0,1,0.0,24.0,0.0,served_and_memory,3,7,-2,-8,0.4666666666666667,0,1,0.0,16.0,0.0,served_and_memory,3,7,-2,-8,0.4666666666666667,0,1,0.0,16.0,0.0,served_and_memory,3,7,-2,-8,0.4666666666666667,0,1,0.0,16.0,0.0,served_and_memory,3,7,-2,-8,0.4666666666666667,0,1,0.0,16.0,0.0
lhs066,lhs,6246.119718091449,0.004280776820330081,0.9206378928792474,0.8483096628828686,20,100,1,5,15,5,15,4,2.053707005027417,2,0.9896052676639845,2,0.737943701443015,identical,0,0,1.0,0,0,0.0,0.0,0.0,served_and_memory,2,4,-3,-11,0.26666666666666666,0,1,0.0,24.0,0.0,served_and_memory,2,4,-3,-11,0.26666666666666666,0,1,0.0,24.0,0.0,served_and_memory,3,7,-2,-8,0.4666666666666667,0,1,0.0,16.0,0.0,served_and_memory,3,7,-2,-8,0.4666666666666667,0,1,0.0,16.0,0.0,served_and_memory,3,7,-2,-8,0.4666666666666667,0,1,0.0,16.0,0.0,served_and_memory,3,7,-2,-8,0.4666666666666667,0,1,0.0,16.0,0.0
lhs066,lhs,6246.119718091449,0.004280776820330081,0.9206378928792474,0.8483096628828686,10,100,1,3,7,3,7,1,0.9693183816172114,0,0.5877870150320261,0,0.3347415517093246,identical,0,0,1.0,0,0,0.0,0.0,0.0,served_set_only,2,4,-1,-3,0.5714285714285714,0,0,0.0,0.0,0.0,served_set_only,2,4,-1,-3,0.5714285714285714,0,0,0.0,0.0,0.0,identical,3,7,0,0,1.0,0,0,0.0,0.0,0.0,identical,3,7,0,0,1.0,0,0,0.0,0.0,0.0,identical,3,7,0,0,1.0,0,0,0.0,0.0,0.0,identical,3,7,0,0,1.0,0,0,0.0,0.0,0.0
lhs067,lhs,3253.6715494116634,0.011559804278699544,0.9504716424152854,0.697173702033111,1000000,100,1,11,53,9,39,9,1.9004144227214268,6,1.0174093396457615,5,0.7627138810033214,served_and_memory,-2,-14,0.7358490566037735,0,2,0.0,0.0,0.0,served_and_memory,3,7,-8,-46,0.1320754716981132,0,3,0.0,73.0,0.0,served_and_memory,3,7,-8,-46,0.1320754716981132,0,3,0.0,73.0,0.0,served_and_memory,6,20,-5,-33,0.37735849056603776,0,1,0.0,12.166666666666666,0.0,served_and_memory,6,20,-5,-33,0.37735849056603776,0,1,0.0,12.166666666666666,0.0,served_and_memory,6,20,-5,-33,0.37735849056603776,0,1,0.0,12.166666666666666,0.0,served_and_memory,6,20,-5,-33,0.37735849056603776,0,1,0.0,12.166666666666666,0.0
lhs067,lhs,3253.6715494116634,0.011559804278699544,0.9504716424152854,0.697173702033111,20,100,1,6,20,6,20,3,1.2741612364891326,1,0.686858587658644,1,0.5146855338989929,memory_only,0,0,1.0,0,2,0.0,0.0,0.0,served_and_memory,3,7,-3,-13,0.35,0,2,0.0,40.333333333333336,0.0,served_and_memory,3,7,-3,-13,0.35,0,2,0.0,40.333333333333336,0.0,memory_only,6,20,0,0,1.0,0,2,0.0,0.0,0.0,memory_only,6,20,0,0,1.0,0,2,0.0,0.0,0.0,memory_only,6,20,0,0,1.0,0,2,0.0,0.0,0.0,memory_only,6,20,0,0,1.0,0,2,0.0,0.0,0.0
lhs067,lhs,3253.6715494116634,0.011559804278699544,0.9504716424152854,0.697173702033111,10,100,1,3,7,3,7,0,0.358953798827953,0,0.25873515648103307,0,0.12396004645156541,identical,0,0,1.0,0,0,0.0,0.0,0.0,identical,3,7,0,0,1.0,0,0,0.0,0.0,0.0,identical,3,7,0,0,1.0,0,0,0.0,0.0,0.0,identical,3,7,0,0,1.0,0,0,0.0,0.0,0.0,identical,3,7,0,0,1.0,0,0,0.0,0.0,0.0,identical,3,7,0,0,1.0,0,0,0.0,0.0,0.0,identical,3,7,0,0,1.0,0,0,0.0,0.0,0.0
lhs068,lhs,1505.5696029652927,0.0291749455250413,0.935641966343144,0.6516261378493429,1000000,100,1,6,20,5,15,0,0.4855540960528756,0,0.45785392585431195,0,0.19506777280390938,served_and_memory,-1,-5,0.75,0,3,0.0,14.6,0.0,identical,6,20,0,0,1.0,0,0,0.0,0.0,0.0,served_and_memory,5,15,-1,-5,0.75,0,1,0.0,14.6,0.0,memory_only,6,20,0,0,1.0,0,2,0.0,0.0,0.0,served_and_memory,5,15,-1,-5,0.75,0,1,0.0,14.6,0.0,memory_only,6,20,0,0,1.0,0,4,0.0,0.0,0.0,served_and_memory,5,15,-1,-5,0.75,0,3,0.0,14.6,0.0
lhs068,lhs,1505.5696029652927,0.0291749455250413,0.935641966343144,0.6516261378493429,20,100,1,6,20,5,15,2,0.3758174892594973,1,0.35179540350273425,0,0.1476785080138806,served_and_memory,-1,-5,0.75,0,1,0.0,9.6,0.0,memory_only,6,20,0,0,1.0,0,4,0.0,0.0,0.0,served_and_memory,5,15,-1,-5,0.75,0,3,0.0,9.6,0.0,memory_only,6,20,0,0,1.0,0,4,0.0,0.0,0.0,served_and_memory,5,15,-1,-5,0.75,0,3,0.0,9.6,0.0,memory_only,6,20,0,0,1.0,0,4,0.0,0.0,0.0,served_and_memory,5,15,-1,-5,0.75,0,3,0.0,9.6,0.0
lhs068,lhs,1505.5696029652927,0.0291749455250413,0.935641966343144,0.6516261378493429,10,100,1,3,7,3,7,0,0.14222599510889583,0,0.14195345037495083,0,0.049115905773626005,identical,0,0,1.0,0,0,0.0,0.0,0.0,identical,3,7,0,0,1.0,0,0,0.0,0.0,0.0,identical,3,7,0,0,1.0,0,0,0.0,0.0,0.0,identical,3,7,0,0,1.0,0,0,0.0,0.0,0.0,identical,3,7,0,0,1.0,0,0,0.0,0.0,0.0,identical,3,7,0,0,1.0,0,0,0.0,0.0,0.0,identical,3,7,0,0,1.0,0,0,0.0,0.0,0.0
lhs069,lhs,14939.787077036131,0.01574903487750157,0.9544658152599392,0.5100291590362998,1000000,100,1,10,46,7,26,8,1.4466443128781927,0,0.38243445850003543,1,0.5354232158350634,served_and_memory,-3,-20,0.5652173913043478,0,3,0.0,10.428571428571429,0.0,served_and_memory,4,11,-6,-35,0.2391304347826087,0,3,0.0,42.75,0.0,served_and_memory,4,11,-6,-35,0.2391304347826087,0,3,0.0,42.75,0.0,memory_only,10,46,0,0,1.0,0,2,0.0,0.0,0.0,served_and_memory,7,26,-3,-20,0.5652173913043478,0,3,0.0,10.428571428571429,0.0,served_and_memory,9,39,-1,-7,0.8478260869565217,0,4,0.0,0.0,0.0,served_and_memory,7,26,-3,-20,0.5652173913043478,0,1,0.0,10.428571428571429,0.0
lhs069,lhs,14939.787077036131,0.01574903487750157,0.9544658152599392,0.5100291590362998,20,100,1,6,20,6,20,3,0.8994845977540062,0,0.2801602049882209,0,0.36136129543882406,memory_only,0,0,1.0,0,4,0.0,0.0,0.0,served_and_memory,4,11,-2,-9,0.55,0,2,0.0,24.5,0.0,served_and_memory,4,11,-2,-9,0.55,0,2,0.0,24.5,0.0,memory_only,6,20,0,0,1.0,0,2,0.0,0.0,0.0,memory_only,6,20,0,0,1.0,0,4,0.0,0.0,0.0,memory_only,6,20,0,0,1.0,0,2,0.0,0.0,0.0,memory_only,6,20,0,0,1.0,0,2,0.0,0.0,0.0
lhs069,lhs,14939.787077036131,0.01574903487750157,0.9544658152599392,0.5100291590362998,10,100,1,3,7,3,7,0,0.26347237731211964,0,0.1406949623298618,0,0.09098677388832631,identical,0,0,1.0,0,0,0.0,0.0,0.0,identical,3,7,0,0,1.0,0,0,0.0,0.0,0.0,identical,3,7,0,0,1.0,0,0,0.0,0.0,0.0,identical,3,7,0,0,1.0,0,0,0.0,0.0,0.0,identical,3,7,0,0,1.0,0,0,0.0,0.0,0.0,identical,3,7,0,0,1.0,0,0,0.0,0.0,0.0,identical,3,7,0,0,1.0,0,0,0.0,0.0,0.0
lhs070,lhs,35397.74438720023,0.0010980309670569222,0.9273429940651398,0.555534351364001,1000000,100,1,0,0,0,0,0,,0,,0,,identical,0,0,1.0,0,0,,,,identical,0,0,0,0,1.0,0,0,,,,identical,0,0,0,0,1.0,0,0,,,,identical,0,0,0,0,1.0,0,0,,,,identical,0,0,0,0,1.0,0,0,,,,identical,0,0,0,0,1.0,0,0,,,,identical,0,0,0,0,1.0,0,0,,,
lhs070,lhs,35397.74438720023,0.0010980309670569222,0.9273429940651398,0.555534351364001,20,100,1,0,0,0,0,0,,0,,0,,identical,0,0,1.0,0,0,,,,identical,0,0,0,0,1.0,0,0,,,,identical,0,0,0,0,1.0,0,0,,,,identical,0,0,0,0,1.0,0,0,,,,identical,0,0,0,0,1.0,0,0,,,,identical,0,0,0,0,1.0,0,0,,,,identical,0,0,0,0,1.0,0,0,,,
lhs070,lhs,35397.74438720023,0.0010980309670569222,0.9273429940651398,0.555534351364001,10,100,1,0,0,0,0,0,,0,,0,,identical,0,0,1.0,0,0,,,,identical,0,0,0,0,1.0,0,0,,,,identical,0,0,0,0,1.0,0,0,,,,identical,0,0,0,0,1.0,0,0,,,,identical,0,0,0,0,1.0,0,0,,,,identical,0,0,0,0,1.0,0,0,,,,identical,0,0,0,0,1.0,0,0,,,
lhs071,lhs,78259.04696002515,0.002599611054485537,0.9295707134016642,0.713881095168321,1000000,100,1,2,4,2,4,2,1.463533807099905,0,0.7640890903841578,0,0.4756133239212298,identical,0,0,1.0,0,0,0.0,0.0,0.0,served_set_only,0,0,-2,-4,0.0,0,0,,,,served_set_only,0,0,-2,-4,0.0,0,0,,,,identical,2,4,0,0,1.0,0,0,0.0,0.0,0.0,identical,2,4,0,0,1.0,0,0,0.0,0.0,0.0,identical,2,4,0,0,1.0,0,0,0.0,0.0,0.0,identical,2,4,0,0,1.0,0,0,0.0,0.0,0.0
lhs071,lhs,78259.04696002515,0.002599611054485537,0.9295707134016642,0.713881095168321,20,100,1,2,4,2,4,2,1.463533807099905,0,0.7640890903841578,0,0.4756133239212298,identical,0,0,1.0,0,0,0.0,0.0,0.0,served_set_only,0,0,-2,-4,0.0,0,0,,,,served_set_only,0,0,-2,-4,0.0,0,0,,,,identical,2,4,0,0,1.0,0,0,0.0,0.0,0.0,identical,2,4,0,0,1.0,0,0,0.0,0.0,0.0,identical,2,4,0,0,1.0,0,0,0.0,0.0,0.0,identical,2,4,0,0,1.0,0,0,0.0,0.0,0.0
lhs071,lhs,78259.04696002515,0.002599611054485537,0.9295707134016642,0.713881095168321,10,100,1,2,4,2,4,2,1.463533807099905,0,0.7640890903841578,0,0.4756133239212298,identical,0,0,1.0,0,0,0.0,0.0,0.0,served_set_only,0,0,-2,-4,0.0,0,0,,,,served_set_only,0,0,-2,-4,0.0,0,0,,,,identical,2,4,0,0,1.0,0,0,0.0,0.0,0.0,identical,2,4,0,0,1.0,0,0,0.0,0.0,0.0,identical,2,4,0,0,1.0,0,0,0.0,0.0,0.0,identical,2,4,0,0,1.0,0,0,0.0,0.0,0.0
lhs072,lhs,14612.351128320153,0.009605043473012852,0.9400416887618747,0.5577572074580891,1000000,100,1,10,46,7,26,9,2.372009226493531,1,0.6303833884252747,4,0.8779136631815201,served_and_memory,-3,-20,0.5652173913043478,0,3,0.0,10.428571428571429,0.0,served_and_memory,3,7,-7,-39,0.15217391304347827,0,3,0.0,73.0,0.0,served_and_memory,3,7,-7,-39,0.15217391304347827,0,3,0.0,73.0,0.0,served_and_memory,9,39,-1,-7,0.8478260869565217,0,4,0.0,0.0,0.0,served_and_memory,7,26,-3,-20,0.5652173913043478,0,5,0.0,10.428571428571429,0.0,served_and_memory,6,20,-4,-26,0.43478260869565216,0,2,0.0,16.333333333333332,0.0,served_and_memory,6,20,-4,-26,0.43478260869565216,0,2,0.0,16.333333333333332,0.0
lhs072,lhs,14612.351128320153,0.009605043473012852,0.9400416887618747,0.5577572074580891,20,100,1,6,20,6,20,3,1.6012358613666837,0,0.4619631754147895,2,0.6234118310104366,memory_only,0,0,1.0,0,4,0.0,0.0,0.0,served_and_memory,3,7,-3,-13,0.35,0,2,0.0,32.0,0.0,served_and_memory,3,7,-3,-13,0.35,0,2,0.0,32.0,0.0,memory_only,6,20,0,0,1.0,0,2,0.0,0.0,0.0,identical,6,20,0,0,1.0,0,0,0.0,0.0,0.0,memory_only,6,20,0,0,1.0,0,4,0.0,0.0,0.0,memory_only,6,20,0,0,1.0,0,4,0.0,0.0,0.0
lhs072,lhs,14612.351128320153,0.009605043473012852,0.9400416887618747,0.5577572074580891,10,100,1,3,7,3,7,0,0.43200592180612546,0,0.23119580643443044,0,0.14918765119436986,identical,0,0,1.0,0,0,0.0,0.0,0.0,identical,3,7,0,0,1.0,0,0,0.0,0.0,0.0,identical,3,7,0,0,1.0,0,0,0.0,0.0,0.0,identical,3,7,0,0,1.0,0,0,0.0,0.0,0.0,identical,3,7,0,0,1.0,0,0,0.0,0.0,0.0,identical,3,7,0,0,1.0,0,0,0.0,0.0,0.0,identical,3,7,0,0,1.0,0,0,0.0,0.0,0.0
lhs073,lhs,4171.329479882285,0.001955569207900612,0.997412646823148,0.9143682347047392,1000000,100,1,1,2,1,2,1,1.7692044104477667,1,1.2735023646843504,0,0.5317456572197818,identical,0,0,1.0,0,0,0.0,0.0,0.0,served_set_only,0,0,-1,-2,0.0,0,0,,,,served_set_only,0,0,-1,-2,0.0,0,0,,,,served_set_only,0,0,-1,-2,0.0,0,0,,,,served_set_only,0,0,-1,-2,0.0,0,0,,,,identical,1,2,0,0,1.0,0,0,0.0,0.0,0.0,identical,1,2,0,0,1.0,0,0,0.0,0.0,0.0
lhs073,lhs,4171.329479882285,0.001955569207900612,0.997412646823148,0.9143682347047392,20,100,1,1,2,1,2,1,1.7692044104477667,1,1.2735023646843504,0,0.5317456572197818,identical,0,0,1.0,0,0,0.0,0.0,0.0,served_set_only,0,0,-1,-2,0.0,0,0,,,,served_set_only,0,0,-1,-2,0.0,0,0,,,,served_set_only,0,0,-1,-2,0.0,0,0,,,,served_set_only,0,0,-1,-2,0.0,0,0,,,,identical,1,2,0,0,1.0,0,0,0.0,0.0,0.0,identical,1,2,0,0,1.0,0,0,0.0,0.0,0.0
lhs073,lhs,4171.329479882285,0.001955569207900612,0.997412646823148,0.9143682347047392,10,100,1,1,2,1,2,1,1.7692044104477667,1,1.2735023646843504,0,0.5317456572197818,identical,0,0,1.0,0,0,0.0,0.0,0.0,served_set_only,0,0,-1,-2,0.0,0,0,,,,served_set_only,0,0,-1,-2,0.0,0,0,,,,served_set_only,0,0,-1,-2,0.0,0,0,,,,served_set_only,0,0,-1,-2,0.0,0,0,,,,identical,1,2,0,0,1.0,0,0,0.0,0.0,0.0,identical,1,2,0,0,1.0,0,0,0.0,0.0,0.0
lhs074,lhs,1890.1603968190375,0.001538122830928496,0.9290140206574563,0.8895984288915286,1000000,100,1,0,0,0,0,0,,0,,0,,identical,0,0,1.0,0,0,,,,identical,0,0,0,0,1.0,0,0,,,,identical,0,0,0,0,1.0,0,0,,,,identical,0,0,0,0,1.0,0,0,,,,identical,0,0,0,0,1.0,0,0,,,,identical,0,0,0,0,1.0,0,0,,,,identical,0,0,0,0,1.0,0,0,,,
lhs074,lhs,1890.1603968190375,0.001538122830928496,0.9290140206574563,0.8895984288915286,20,100,1,0,0,0,0,0,,0,,0,,identical,0,0,1.0,0,0,,,,identical,0,0,0,0,1.0,0,0,,,,identical,0,0,0,0,1.0,0,0,,,,identical,0,0,0,0,1.0,0,0,,,,identical,0,0,0,0,1.0,0,0,,,,identical,0,0,0,0,1.0,0,0,,,,identical,0,0,0,0,1.0,0,0,,,
lhs074,lhs,1890.1603968190375,0.001538122830928496,0.9290140206574563,0.8895984288915286,10,100,1,0,0,0,0,0,,0,,0,,identical,0,0,1.0,0,0,,,,identical,0,0,0,0,1.0,0,0,,,,identical,0,0,0,0,1.0,0,0,,,,identical,0,0,0,0,1.0,0,0,,,,identical,0,0,0,0,1.0,0,0,,,,identical,0,0,0,0,1.0,0,0,,,,identical,0,0,0,0,1.0,0,0,,,
lhs075,lhs,13249.688476593654,0.09352247987367976,0.9407095323900974,0.7835989076096364,1000000,100,1,11,53,11,53,0,0.26143293952931923,0,0.07363592371425469,0,0.12510251431537953,identical,0,0,1.0,0,0,0.0,0.0,0.0,memory_only,11,53,0,0,1.0,0,6,0.0,0.0,0.0,memory_only,11,53,0,0,1.0,0,4,0.0,0.0,0.0,memory_only,11,53,0,0,1.0,0,2,0.0,0.0,0.0,memory_only,11,53,0,0,1.0,0,6,0.0,0.0,0.0,memory_only,11,53,0,0,1.0,0,2,0.0,0.0,0.0,memory_only,11,53,0,0,1.0,0,6,0.0,0.0,0.0
lhs075,lhs,13249.688476593654,0.09352247987367976,0.9407095323900974,0.7835989076096364,20,100,1,7,18,7,18,0,0.14047369389563932,0,0.0491834265778978,0,0.05674824472758502,memory_only,0,0,1.0,0,2,0.0,0.0,0.0,memory_only,7,18,0,0,1.0,0,4,0.0,0.0,0.0,memory_only,7,18,0,0,1.0,0,4,0.0,0.0,0.0,memory_only,7,18,0,0,1.0,0,4,0.0,0.0,0.0,memory_only,7,18,0,0,1.0,0,4,0.0,0.0,0.0,memory_only,7,18,0,0,1.0,0,2,0.0,0.0,0.0,identical,7,18,0,0,1.0,0,0,0.0,0.0,0.0
lhs075,lhs,13249.688476593654,0.09352247987367976,0.9407095323900974,0.7835989076096364,10,100,1,5,10,5,10,1,0.14047369389563932,1,0.0491834265778978,1,0.04895043299457419,memory_only,0,0,1.0,0,2,0.0,0.0,0.0,served_set_only,4,9,-1,-1,0.9,0,0,0.0,0.0,0.0,served_set_only,4,9,-1,-1,0.9,0,0,0.0,0.0,0.0,served_and_memory,4,9,-1,-1,0.9,0,2,0.0,0.0,0.0,served_set_only,4,9,-1,-1,0.9,0,0,0.0,0.0,0.0,served_and_memory,4,9,-1,-1,0.9,0,2,0.0,0.0,0.0,served_and_memory,4,9,-1,-1,0.9,0,2,0.0,0.0,0.0
lhs076,lhs,63744.741617577616,0.0161098382961073,0.9757270338901791,0.9054088068671473,1000000,100,1,17,51,17,55,15,2.7518787707555763,0,0.44840591831747617,8,0.776669584807764,routing,0,4,0.9272727272727272,1,6,-0.17647058823529413,0.0,0.35294117647058826,served_and_memory,4,11,-13,-40,0.21568627450980393,0,4,0.0,49.25,0.0,served_and_memory,4,11,-13,-40,0.21568627450980393,0,4,0.0,49.25,0.0,identical,17,51,0,0,1.0,0,0,0.0,0.0,0.0,routing,17,55,0,4,0.9272727272727272,1,6,-0.17647058823529413,0.0,0.35294117647058826,served_and_memory,12,51,-5,0,1.0,0,5,0.0,4.25,0.0,routing,12,55,-5,4,0.9272727272727272,1,5,-0.25,4.25,0.5
lhs076,lhs,63744.741617577616,0.0161098382961073,0.9757270338901791,0.9054088068671473,20,100,1,11,20,11,20,9,2.4258625668167526,0,0.44840591831747617,5,0.726257902913521,memory_only,0,0,1.0,0,2,0.0,0.0,0.0,served_and_memory,4,11,-7,-9,0.55,0,2,0.0,24.5,0.0,served_and_memory,4,11,-7,-9,0.55,0,2,0.0,24.5,0.0,memory_only,11,20,0,0,1.0,0,2,0.0,0.0,0.0,memory_only,11,20,0,0,1.0,0,2,0.0,0.0,0.0,served_and_memory,8,20,-3,0,1.0,0,4,0.0,4.75,0.0,served_and_memory,8,20,-3,0,1.0,0,4,0.0,4.75,0.0
lhs076,lhs,63744.741617577616,0.0161098382961073,0.9757270338901791,0.9054088068671473,10,100,1,5,10,5,10,2,0.8154922457111718,1,0.2363651709822243,1,0.2841720568759012,identical,0,0,1.0,0,0,0.0,0.0,0.0,routing,3,7,-2,-3,0.4166666666666667,1,1,0.6666666666666666,24.333333333333332,-25.0,routing,3,7,-2,-3,0.4166666666666667,1,1,0.6666666666666666,24.333333333333332,-25.0,served_set_only,4,9,-1,-1,0.9,0,0,0.0,0.0,0.0,served_set_only,4,9,-1,-1,0.9,0,0,0.0,0.0,0.0,served_set_only,4,9,-1,-1,0.9,0,0,0.0,0.0,0.0,served_and_memory,4,9,-1,-1,0.9,0,2,0.0,0.0,0.0
lhs077,lhs,2995.8411852390104,0.0033865664853834493,0.9327892704439543,0.5152109610538795,1000000,100,1,3,7,3,7,3,1.2252633094480647,1,0.9083565204010671,0,0.4231288183897419,identical,0,0,1.0,0,0,0.0,0.0,0.0,served_set_only,0,0,-3,-7,0.0,0,0,,,,served_set_only,0,0,-3,-7,0.0,0,0,,,,served_set_only,2,4,-1,-3,0.5714285714285714,0,0,0.0,0.0,0.0,served_set_only,2,4,-1,-3,0.5714285714285714,0,0,0.0,0.0,0.0,identical,3,7,0,0,1.0,0,0,0.0,0.0,0.0,identical,3,7,0,0,1.0,0,0,0.0,0.0,0.0
lhs077,lhs,2995.8411852390104,0.0033865664853834493,0.9327892704439543,0.5152109610538795,20,100,1,3,7,3,7,3,1.2252633094480647,1,0.9083565204010671,0,0.4231288183897419,identical,0,0,1.0,0,0,0.0,0.0,0.0,served_set_only,0,0,-3,-7,0.0,0,0,,,,served_set_only,0,0,-3,-7,0.0,0,0,,,,served_set_only,2,4,-1,-3,0.5714285714285714,0,0,0.0,0.0,0.0,served_set_only,2,4,-1,-3,0.5714285714285714,0,0,0.0,0.0,0.0,identical,3,7,0,0,1.0,0,0,0.0,0.0,0.0,identical,3,7,0,0,1.0,0,0,0.0,0.0,0.0
lhs077,lhs,2995.8411852390104,0.0033865664853834493,0.9327892704439543,0.5152109610538795,10,100,1,3,7,3,7,3,1.2252633094480647,1,0.9083565204010671,0,0.4231288183897419,identical,0,0,1.0,0,0,0.0,0.0,0.0,served_set_only,0,0,-3,-7,0.0,0,0,,,,served_set_only,0,0,-3,-7,0.0,0,0,,,,served_set_only,2,4,-1,-3,0.5714285714285714,0,0,0.0,0.0,0.0,served_set_only,2,4,-1,-3,0.5714285714285714,0,0,0.0,0.0,0.0,identical,3,7,0,0,1.0,0,0,0.0,0.0,0.0,identical,3,7,0,0,1.0,0,0,0.0,0.0,0.0
lhs078,lhs,41903.45862697852,0.004593883312978235,0.9595484292411546,0.8524539842598213,1000000,100,1,6,20,6,20,6,2.3867508226706184,2,0.7728100013163616,2,0.9174503103784417,memory_only,0,0,1.0,0,4,0.0,0.0,0.0,served_and_memory,2,4,-4,-16,0.2,0,2,0.0,60.5,0.0,served_and_memory,2,4,-4,-16,0.2,0,2,0.0,60.5,0.0,served_and_memory,5,15,-1,-5,0.75,0,3,0.0,9.6,0.0,served_and_memory,5,15,-1,-5,0.75,0,3,0.0,9.6,0.0,served_and_memory,4,11,-2,-9,0.55,0,1,0.0,12.0,0.0,served_and_memory,4,11,-2,-9,0.55,0,1,0.0,12.0,0.0
lhs078,lhs,41903.45862697852,0.004593883312978235,0.9595484292411546,0.8524539842598213,20,100,1,6,20,6,20,6,2.3867508226706184,2,0.7728100013163616,2,0.9174503103784417,memory_only,0,0,1.0,0,4,0.0,0.0,0.0,served_and_memory,2,4,-4,-16,0.2,0,2,0.0,60.5,0.0,served_and_memory,2,4,-4,-16,0.2,0,2,0.0,60.5,0.0,served_and_memory,5,15,-1,-5,0.75,0,3,0.0,9.6,0.0,served_and_memory,5,15,-1,-5,0.75,0,3,0.0,9.6,0.0,served_and_memory,4,11,-2,-9,0.55,0,1,0.0,12.0,0.0,served_and_memory,4,11,-2,-9,0.55,0,1,0.0,12.0,0.0
lhs078,lhs,41903.45862697852,0.004593883312978235,0.9595484292411546,0.8524539842598213,10,100,1,4,10,4,10,3,2.3867508226706184,1,0.7728100013163616,1,0.842091281958675,identical,0,0,1.0,0,0,0.0,0.0,0.0,routing,2,4,-2,-6,0.2727272727272727,1,1,0.5,36.5,-31.666666666666668,routing,2,4,-2,-6,0.2727272727272727,1,1,0.5,36.5,-31.666666666666668,routing,3,7,-1,-3,0.5454545454545454,1,1,0.3333333333333333,24.333333333333332,-21.11111111111111,routing,3,7,-1,-3,0.5454545454545454,1,1,0.3333333333333333,24.333333333333332,-21.11111111111111,routing,3,7,-1,-3,0.5454545454545454,1,1,0.3333333333333333,24.333333333333332,-21.11111111111111,routing,3,7,-1,-3,0.5454545454545454,1,1,0.3333333333333333,24.333333333333332,-21.11111111111111
lhs079,lhs,20504.240477250078,0.005579249374347281,0.9497272214264691,0.9190124175111125,1000000,100,1,8,32,8,32,8,4.0925418258922,4,0.9243067963264884,5,1.6307322601320011,memory_only,0,0,1.0,0,4,0.0,0.0,0.0,served_and_memory,2,4,-6,-28,0.125,0,2,0.0,60.5,0.0,served_and_memory,2,4,-6,-28,0.125,0,2,0.0,60.5,0.0,served_and_memory,6,20,-2,-12,0.625,0,5,0.0,12.166666666666666,0.0,served_and_memory,6,20,-2,-12,0.625,0,5,0.0,12.166666666666666,0.0,served_and_memory,4,11,-4,-21,0.34375,0,2,0.0,30.25,0.0,served_and_memory,4,11,-4,-21,0.34375,0,2,0.0,30.25,0.0
lhs079,lhs,20504.240477250078,0.005579249374347281,0.9497272214264691,0.9190124175111125,20,100,1,6,20,6,20,6,2.63997063494645,1,0.7367315392601486,3,1.066391487053111,identical,0,0,1.0,0,0,0.0,0.0,0.0,served_and_memory,2,4,-4,-16,0.2,0,2,0.0,60.5,0.0,served_and_memory,2,4,-4,-16,0.2,0,2,0.0,60.5,0.0,memory_only,6,20,0,0,1.0,0,2,0.0,0.0,0.0,memory_only,6,20,0,0,1.0,0,2,0.0,0.0,0.0,served_and_memory,4,11,-2,-9,0.55,0,2,0.0,18.25,0.0,served_and_memory,4,11,-2,-9,0.55,0,2,0.0,18.25,0.0
lhs079,lhs,20504.240477250078,0.005579249374347281,0.9497272214264691,0.9190124175111125,10,100,1,5,10,5,10,3,3.937522290379352,2,0.8682557675009498,3,1.580288421160098,memory_only,0,0,1.0,0,2,0.0,0.0,0.0,served_and_memory,2,4,-3,-6,0.4,0,1,0.0,24.0,0.0,served_and_memory,2,4,-3,-6,0.4,0,1,0.0,24.0,0.0,routing,3,7,-2,-3,0.4166666666666667,1,1,0.6666666666666666,16.0,-25.0,routing,3,7,-2,-3,0.4166666666666667,1,1,0.6666666666666666,16.0,-25.0,routing,3,7,-2,-3,0.4166666666666667,1,1,0.6666666666666666,16.0,-25.0,routing,3,7,-2,-3,0.4166666666666667,1,1,0.6666666666666666,16.0,-25.0
lhs080,lhs,9149.65458660025,0.09659362418798723,0.976760433138463,0.5440925151277349,1000000,100,1,11,53,9,39,0,0.2531208144531798,0,0.0786551788732623,0,0.12112494458678634,served_set_only,-2,-14,0.7358490566037735,0,0,0.0,0.0,0.0,memory_only,11,53,0,0,1.0,0,2,0.0,0.0,0.0,served_and_memory,9,39,-2,-14,0.7358490566037735,0,2,0.0,0.0,0.0,identical,11,53,0,0,1.0,0,0,0.0,0.0,0.0,served_set_only,9,39,-2,-14,0.7358490566037735,0,0,0.0,0.0,0.0,memory_only,11,53,0,0,1.0,0,2,0.0,0.0,0.0,served_set_only,9,39,-2,-14,0.7358490566037735,0,0,0.0,0.0,0.0
lhs080,lhs,9149.65458660025,0.09659362418798723,0.976760433138463,0.5440925151277349,20,100,1,6,20,6,20,0,0.11956441854961156,0,0.04602640947047676,0,0.05116902147033511,memory_only,0,0,1.0,0,4,0.0,0.0,0.0,memory_only,6,20,0,0,1.0,0,4,0.0,0.0,0.0,identical,6,20,0,0,1.0,0,0,0.0,0.0,0.0,memory_only,6,20,0,0,1.0,0,2,0.0,0.0,0.0,memory_only,6,20,0,0,1.0,0,2,0.0,0.0,0.0,memory_only,6,20,0,0,1.0,0,2,0.0,0.0,0.0,memory_only,6,20,0,0,1.0,0,2,0.0,0.0,0.0
lhs080,lhs,9149.65458660025,0.09659362418798723,0.976760433138463,0.5440925151277349,10,100,1,3,7,3,7,0,0.042957655791766705,0,0.024353365180285413,0,0.014834870183251785,identical,0,0,1.0,0,0,0.0,0.0,0.0,identical,3,7,0,0,1.0,0,0,0.0,0.0,0.0,identical,3,7,0,0,1.0,0,0,0.0,0.0,0.0,identical,3,7,0,0,1.0,0,0,0.0,0.0,0.0,identical,3,7,0,0,1.0,0,0,0.0,0.0,0.0,identical,3,7,0,0,1.0,0,0,0.0,0.0,0.0,identical,3,7,0,0,1.0,0,0,0.0,0.0,0.0
lhs081,lhs,28545.18968698065,0.00827183638574761,0.9746390223678554,0.5354393832447722,1000000,100,1,11,53,11,53,10,2.655809151753666,2,0.6223425348253709,6,1.0658846202805865,memory_only,0,0,1.0,0,2,0.0,0.0,0.0,served_and_memory,2,4,-9,-49,0.07547169811320754,0,2,0.0,73.0,0.0,served_and_memory,2,4,-9,-49,0.07547169811320754,0,2,0.0,73.0,0.0,served_and_memory,10,46,-1,-7,0.8679245283018868,0,4,0.0,-1.2,0.0,served_and_memory,10,46,-1,-7,0.8679245283018868,0,4,0.0,-1.2,0.0,served_and_memory,6,26,-5,-27,0.49056603773584906,0,3,0.0,18.5,0.0,served_and_memory,5,16,-6,-37,0.3018867924528302,0,2,0.0,19.6,0.0
lhs081,lhs,28545.18968698065,0.00827183638574761,0.9746390223678554,0.5354393832447722,20,100,1,6,20,6,20,4,1.7806269160132766,0,0.4693181948114164,2,0.7192676159796414,memory_only,0,0,1.0,0,2,0.0,0.0,0.0,served_and_memory,2,4,-4,-16,0.2,0,2,0.0,60.5,0.0,served_and_memory,2,4,-4,-16,0.2,0,2,0.0,60.5,0.0,memory_only,6,20,0,0,1.0,0,2,0.0,0.0,0.0,memory_only,6,20,0,0,1.0,0,2,0.0,0.0,0.0,served_and_memory,5,16,-1,-4,0.8,0,3,0.0,5.0,0.0,served_and_memory,5,16,-1,-4,0.8,0,3,0.0,5.0,0.0
lhs081,lhs,28545.18968698065,0.00827183638574761,0.9746390223678554,0.5354393832447722,10,100,1,5,10,3,7,3,1.9056082724918333,1,0.5432566365193163,2,0.5534400912995352,routing,-2,-3,0.4166666666666667,1,1,0.6666666666666666,24.333333333333332,-25.0,served_and_memory,2,4,-3,-6,0.4,0,1,0.0,36.5,0.0,served_and_memory,2,4,-3,-6,0.4,0,1,0.0,36.5,0.0,routing,3,7,-2,-3,0.4166666666666667,1,1,0.6666666666666666,24.333333333333332,-25.0,routing,3,7,-2,-3,0.4166666666666667,1,1,0.6666666666666666,24.333333333333332,-25.0,routing,3,7,-2,-3,0.4166666666666667,1,1,0.6666666666666666,24.333333333333332,-25.0,routing,3,7,-2,-3,0.4166666666666667,1,1,0.6666666666666666,24.333333333333332,-25.0
lhs082,lhs,166430.19894257656,0.05263868834113096,0.9209577865673274,0.5487649261340336,1000000,100,1,11,53,11,53,2,0.417343582589077,0,0.08759957854594166,0,0.16749701527339192,identical,0,0,1.0,0,0,0.0,0.0,0.0,served_and_memory,10,46,-1,-7,0.8679245283018868,0,4,0.0,-1.2,0.0,served_and_memory,10,46,-1,-7,0.8679245283018868,0,4,0.0,-1.2,0.0,memory_only,11,53,0,0,1.0,0,4,0.0,0.0,0.0,identical,11,53,0,0,1.0,0,0,0.0,0.0,0.0,identical,11,53,0,0,1.0,0,0,0.0,0.0,0.0,memory_only,11,53,0,0,1.0,0,2,0.0,0.0,0.0
lhs082,lhs,166430.19894257656,0.05263868834113096,0.9209577865673274,0.5487649261340336,20,100,1,6,20,6,20,0,0.2691179196943294,0,0.0645882845494768,0,0.10811613709603529,memory_only,0,0,1.0,0,2,0.0,0.0,0.0,memory_only,6,20,0,0,1.0,0,2,0.0,0.0,0.0,memory_only,6,20,0,0,1.0,0,2,0.0,0.0,0.0,memory_only,6,20,0,0,1.0,0,4,0.0,0.0,0.0,memory_only,6,20,0,0,1.0,0,4,0.0,0.0,0.0,memory_only,6,20,0,0,1.0,0,4,0.0,0.0,0.0,memory_only,6,20,0,0,1.0,0,2,0.0,0.0,0.0
lhs082,lhs,166430.19894257656,0.05263868834113096,0.9209577865673274,0.5487649261340336,10,100,1,5,10,5,10,1,0.24957780340189453,0,0.06990279918053767,1,0.08696960408426117,memory_only,0,0,1.0,0,2,0.0,0.0,0.0,routing,3,7,-2,-3,0.4166666666666667,1,1,0.6666666666666666,24.333333333333332,-25.0,routing,3,7,-2,-3,0.4166666666666667,1,1,0.6666666666666666,24.333333333333332,-25.0,memory_only,5,10,0,0,1.0,0,2,0.0,0.0,0.0,memory_only,5,10,0,0,1.0,0,2,0.0,0.0,0.0,routing,3,7,-2,-3,0.4166666666666667,1,1,0.6666666666666666,24.333333333333332,-25.0,routing,3,7,-2,-3,0.4166666666666667,1,1,0.6666666666666666,24.333333333333332,-25.0
lhs083,lhs,73575.04143834658,0.07720208881055221,0.9704936633691146,0.8701300184264764,1000000,100,1,17,55,17,55,2,0.5746940491387582,0,0.08689002975001062,0,0.2007692175499354,memory_only,0,0,1.0,0,4,0.0,0.0,0.0,served_and_memory,16,55,-1,0,1.0,0,2,0.0,0.0,0.0,served_and_memory,16,55,-1,0,1.0,0,2,0.0,0.0,0.0,memory_only,17,55,0,0,1.0,0,6,0.0,0.0,0.0,memory_only,17,55,0,0,1.0,0,8,0.0,0.0,0.0,memory_only,17,55,0,0,1.0,0,6,0.0,0.0,0.0,identical,17,55,0,0,1.0,0,0,0.0,0.0,0.0
lhs083,lhs,73575.04143834658,0.07720208881055221,0.9704936633691146,0.8701300184264764,20,100,1,11,20,11,20,1,0.6455903061155941,0,0.09145145101107788,0,0.1515489743537566,memory_only,0,0,1.0,0,2,0.0,0.0,0.0,served_and_memory,10,20,-1,0,1.0,0,2,0.0,2.6,0.0,served_and_memory,10,20,-1,0,1.0,0,2,0.0,2.6,0.0,memory_only,11,20,0,0,1.0,0,2,0.0,0.0,0.0,memory_only,11,20,0,0,1.0,0,2,0.0,0.0,0.0,memory_only,11,20,0,0,1.0,0,2,0.0,0.0,0.0,memory_only,11,20,0,0,1.0,0,2,0.0,0.0,0.0
lhs083,lhs,73575.04143834658,0.07720208881055221,0.9704936633691146,0.8701300184264764,10,100,1,5,10,5,10,1,0.17016959531204698,0,0.048962924856757004,1,0.059298471778100964,memory_only,0,0,1.0,0,2,0.0,0.0,0.0,served_set_only,4,9,-1,-1,0.9,0,0,0.0,0.0,0.0,served_set_only,4,9,-1,-1,0.9,0,0,0.0,0.0,0.0,memory_only,5,10,0,0,1.0,0,2,0.0,0.0,0.0,identical,5,10,0,0,1.0,0,0,0.0,0.0,0.0,served_and_memory,4,9,-1,-1,0.9,0,2,0.0,0.0,0.0,served_and_memory,4,9,-1,-1,0.9,0,2,0.0,0.0,0.0
lhs084,lhs,3590.087092264374,0.0013173782971163546,0.9744654930504684,0.5188583297225613,1000000,100,1,0,0,0,0,0,,0,,0,,identical,0,0,1.0,0,0,,,,identical,0,0,0,0,1.0,0,0,,,,identical,0,0,0,0,1.0,0,0,,,,identical,0,0,0,0,1.0,0,0,,,,identical,0,0,0,0,1.0,0,0,,,,identical,0,0,0,0,1.0,0,0,,,,identical,0,0,0,0,1.0,0,0,,,
lhs084,lhs,3590.087092264374,0.0013173782971163546,0.9744654930504684,0.5188583297225613,20,100,1,0,0,0,0,0,,0,,0,,identical,0,0,1.0,0,0,,,,identical,0,0,0,0,1.0,0,0,,,,identical,0,0,0,0,1.0,0,0,,,,identical,0,0,0,0,1.0,0,0,,,,identical,0,0,0,0,1.0,0,0,,,,identical,0,0,0,0,1.0,0,0,,,,identical,0,0,0,0,1.0,0,0,,,
lhs084,lhs,3590.087092264374,0.0013173782971163546,0.9744654930504684,0.5188583297225613,10,100,1,0,0,0,0,0,,0,,0,,identical,0,0,1.0,0,0,,,,identical,0,0,0,0,1.0,0,0,,,,identical,0,0,0,0,1.0,0,0,,,,identical,0,0,0,0,1.0,0,0,,,,identical,0,0,0,0,1.0,0,0,,,,identical,0,0,0,0,1.0,0,0,,,,identical,0,0,0,0,1.0,0,0,,,
lhs085,lhs,61821.57070193192,0.02741261030255142,0.9479721098276478,0.8104510683191467,1000000,100,1,14,55,14,55,10,1.4446574158446361,0,0.21407093334914623,0,0.44162008890687754,identical,0,0,1.0,0,0,0.0,0.0,0.0,served_and_memory,8,33,-6,-22,0.6,0,6,0.0,14.125,0.0,served_and_memory,8,33,-6,-22,0.6,0,6,0.0,14.125,0.0,identical,14,55,0,0,1.0,0,0,0.0,0.0,0.0,memory_only,14,55,0,0,1.0,0,2,0.0,0.0,0.0,memory_only,14,55,0,0,1.0,0,2,0.0,0.0,0.0,memory_only,14,55,0,0,1.0,0,2,0.0,0.0,0.0
lhs085,lhs,61821.57070193192,0.02741261030255142,0.9479721098276478,0.8104510683191467,20,100,1,9,20,7,18,4,0.9216760494540586,0,0.21694788460397138,0,0.4268071244611774,served_and_memory,-2,-2,0.46153846153846156,0,3,0.0,10.0,0.0,routing,6,20,-3,0,0.3793103448275862,1,3,-0.6,5.0,1.2,routing,6,20,-3,0,0.3793103448275862,1,3,-0.6,5.0,1.2,identical,9,20,0,0,1.0,0,0,0.0,0.0,0.0,served_and_memory,7,18,-2,-2,0.46153846153846156,0,3,0.0,10.0,0.0,identical,9,20,0,0,1.0,0,0,0.0,0.0,0.0,served_and_memory,7,18,-2,-2,0.46153846153846156,0,3,0.0,5.0,0.0
lhs085,lhs,61821.57070193192,0.02741261030255142,0.9479721098276478,0.8104510683191467,10,100,1,5,10,5,10,1,0.5750229427772688,1,0.14638031477396085,1,0.16700218746103437,memory_only,0,0,1.0,0,2,0.0,0.0,0.0,served_and_memory,4,9,-1,-1,0.9,0,2,0.0,0.0,0.0,served_and_memory,4,9,-1,-1,0.9,0,2,0.0,0.0,0.0,served_and_memory,4,9,-1,-1,0.9,0,2,0.0,0.0,0.0,served_and_memory,4,9,-1,-1,0.9,0,2,0.0,0.0,0.0,served_and_memory,4,9,-1,-1,0.9,0,2,0.0,0.0,0.0,served_set_only,4,9,-1,-1,0.9,0,0,0.0,0.0,0.0
lhs086,lhs,1844.082197410918,0.03310208549928679,0.9675167782971109,0.8610082923530666,1000000,100,1,14,55,11,53,9,1.1963545548238412,6,0.9087840494208084,0,0.365715912347673,served_and_memory,-3,-2,0.9636363636363636,0,6,0.0,6.909090909090909,0.0,served_and_memory,9,39,-5,-16,0.7090909090909091,0,5,0.0,9.777777777777779,0.0,served_and_memory,9,39,-5,-16,0.7090909090909091,0,5,0.0,9.777777777777779,0.0,served_and_memory,11,54,-3,-1,0.9818181818181818,0,7,0.0,6.818181818181818,0.0,served_and_memory,10,46,-4,-9,0.8363636363636363,0,6,0.0,6.4,0.0,identical,14,55,0,0,1.0,0,0,0.0,0.0,0.0,served_and_memory,11,53,-3,-2,0.9636363636363636,0,6,0.0,6.909090909090909,0.0
lhs086,lhs,1844.082197410918,0.03310208549928679,0.9675167782971109,0.8610082923530666,20,100,1,7,18,7,18,0,0.47618993207298727,0,0.40126591358427527,0,0.1603293718613763,identical,0,0,1.0,0,0,0.0,0.0,0.0,memory_only,7,18,0,0,1.0,0,2,0.0,0.0,0.0,memory_only,7,18,0,0,1.0,0,2,0.0,0.0,0.0,memory_only,7,18,0,0,1.0,0,2,0.0,0.0,0.0,memory_only,7,18,0,0,1.0,0,4,0.0,0.0,0.0,memory_only,7,18,0,0,1.0,0,2,0.0,0.0,0.0,memory_only,7,18,0,0,1.0,0,4,0.0,0.0,0.0
lhs086,lhs,1844.082197410918,0.03310208549928679,0.9675167782971109,0.8610082923530666,10,100,1,4,9,3,7,0,0.3540550799895392,0,0.30404702776476633,0,0.12732308577430973,served_and_memory,-1,-2,0.3333333333333333,0,1,0.0,36.5,0.0,memory_only,4,9,0,0,1.0,0,2,0.0,0.0,0.0,served_and_memory,3,7,-1,-2,0.3333333333333333,0,1,0.0,36.5,0.0,memory_only,4,9,0,0,1.0,0,2,0.0,0.0,0.0,served_and_memory,3,7,-1,-2,0.3333333333333333,0,1,0.0,36.5,0.0,identical,4,9,0,0,1.0,0,0,0.0,0.0,0.0,served_and_memory,3,7,-1,-2,0.3333333333333333,0,1,0.0,36.5,0.0
lhs087,lhs,150176.90025188567,0.004878554292236787,0.9948537749759248,0.8164008917318042,1000000,100,1,6,20,6,20,6,3.152561012480312,0,0.6991104553247109,3,1.227391841877068,memory_only,0,0,1.0,0,4,0.0,0.0,0.0,served_and_memory,2,4,-4,-16,0.2,0,2,0.0,48.0,0.0,served_and_memory,2,4,-4,-16,0.2,0,2,0.0,48.0,0.0,memory_only,6,20,0,0,1.0,0,4,0.0,0.0,0.0,memory_only,6,20,0,0,1.0,0,2,0.0,0.0,0.0,served_and_memory,4,11,-2,-9,0.55,0,3,0.0,12.0,0.0,served_and_memory,4,11,-2,-9,0.55,0,3,0.0,12.0,0.0
lhs087,lhs,150176.90025188567,0.004878554292236787,0.9948537749759248,0.8164008917318042,20,100,1,6,20,6,20,6,3.152561012480312,0,0.6991104553247109,3,1.227391841877068,memory_only,0,0,1.0,0,4,0.0,0.0,0.0,served_and_memory,2,4,-4,-16,0.2,0,2,0.0,48.0,0.0,served_and_memory,2,4,-4,-16,0.2,0,2,0.0,48.0,0.0,memory_only,6,20,0,0,1.0,0,4,0.0,0.0,0.0,memory_only,6,20,0,0,1.0,0,2,0.0,0.0,0.0,served_and_memory,4,11,-2,-9,0.55,0,3,0.0,12.0,0.0,served_and_memory,4,11,-2,-9,0.55,0,3,0.0,12.0,0.0
lhs087,lhs,150176.90025188567,0.004878554292236787,0.9948537749759248,0.8164008917318042,10,100,1,4,10,4,10,3,2.2474803230029226,1,0.6907399502000571,1,0.7929539893304617,routing,0,0,0.8181818181818182,1,2,0.0,0.0,0.0,routing,2,4,-2,-6,0.2727272727272727,1,1,0.5,36.5,-31.666666666666668,routing,2,4,-2,-6,0.2727272727272727,1,1,0.5,36.5,-31.666666666666668,routing,3,7,-1,-3,0.5454545454545454,1,1,0.3333333333333333,24.333333333333332,-21.11111111111111,routing,3,7,-1,-3,0.5454545454545454,1,1,0.3333333333333333,24.333333333333332,-21.11111111111111,routing,3,7,-1,-3,0.5454545454545454,1,1,0.3333333333333333,24.333333333333332,-21.11111111111111,routing,3,7,-1,-3,0.5454545454545454,1,1,0.3333333333333333,24.333333333333332,-21.11111111111111
lhs088,lhs,36966.33731811693,0.005259987215867595,0.9563132214385313,0.7652780759143794,1000000,100,1,6,20,6,20,5,2.9239500834865377,1,0.7128367565935272,3,1.1383863672486374,memory_only,0,0,1.0,0,2,0.0,0.0,0.0,served_and_memory,2,4,-4,-16,0.2,0,2,0.0,48.0,0.0,served_and_memory,2,4,-4,-16,0.2,0,2,0.0,48.0,0.0,memory_only,6,20,0,0,1.0,0,4,0.0,0.0,0.0,memory_only,6,20,0,0,1.0,0,2,0.0,0.0,0.0,served_and_memory,4,11,-2,-9,0.55,0,3,0.0,12.0,0.0,served_and_memory,4,11,-2,-9,0.55,0,3,0.0,12.0,0.0
lhs088,lhs,36966.33731811693,0.005259987215867595,0.9563132214385313,0.7652780759143794,20,100,1,6,20,6,20,5,2.9239500834865377,1,0.7128367565935272,3,1.1383863672486374,memory_only,0,0,1.0,0,2,0.0,0.0,0.0,served_and_memory,2,4,-4,-16,0.2,0,2,0.0,48.0,0.0,served_and_memory,2,4,-4,-16,0.2,0,2,0.0,48.0,0.0,memory_only,6,20,0,0,1.0,0,4,0.0,0.0,0.0,memory_only,6,20,0,0,1.0,0,2,0.0,0.0,0.0,served_and_memory,4,11,-2,-9,0.55,0,3,0.0,12.0,0.0,served_and_memory,4,11,-2,-9,0.55,0,3,0.0,12.0,0.0
lhs088,lhs,36966.33731811693,0.005259987215867595,0.9563132214385313,0.7652780759143794,10,100,1,4,10,4,10,3,2.0845021720637633,1,0.6812972543987919,1,0.7354521844700591,identical,0,0,1.0,0,0,0.0,0.0,0.0,routing,2,4,-2,-6,0.2727272727272727,1,1,0.5,36.5,-31.666666666666668,routing,2,4,-2,-6,0.2727272727272727,1,1,0.5,36.5,-31.666666666666668,routing,3,7,-1,-3,0.5454545454545454,1,1,0.3333333333333333,24.333333333333332,-21.11111111111111,routing,3,7,-1,-3,0.5454545454545454,1,1,0.3333333333333333,24.333333333333332,-21.11111111111111,routing,3,7,-1,-3,0.5454545454545454,1,1,0.3333333333333333,24.333333333333332,-21.11111111111111,routing,3,7,-1,-3,0.5454545454545454,1,1,0.3333333333333333,24.333333333333332,-21.11111111111111
lhs089,lhs,1395.790392854086,0.06756409468526589,0.9961995915311737,0.9384823060399548,1000000,100,1,17,47,17,47,5,0.6366153540250487,5,0.6187792285183229,0,0.1851874354128872,memory_only,0,0,1.0,0,8,0.0,0.0,0.0,served_and_memory,14,47,-3,0,1.0,0,7,0.0,2.7857142857142856,0.0,served_and_memory,14,47,-3,0,1.0,0,8,0.0,3.7142857142857144,0.0,routing,15,52,-2,5,0.9038461538461539,2,8,0.2,1.7333333333333334,0.11666666666666667,routing,15,52,-2,5,0.9038461538461539,2,6,0.2,1.7333333333333334,0.11666666666666667,memory_only,17,47,0,0,1.0,0,6,0.0,0.0,0.0,memory_only,17,47,0,0,1.0,0,6,0.0,0.0,0.0
lhs089,lhs,1395.790392854086,0.06756409468526589,0.9961995915311737,0.9384823060399548,20,100,1,11,20,11,20,4,0.6561520910459365,3,0.6327520000133938,0,0.17316738175370364,memory_only,0,0,1.0,0,2,0.0,0.0,0.0,served_and_memory,9,20,-2,0,1.0,0,2,0.0,2.888888888888889,0.0,served_and_memory,9,20,-2,0,1.0,0,2,0.0,2.888888888888889,0.0,served_and_memory,9,20,-2,0,1.0,0,2,0.0,2.888888888888889,0.0,served_and_memory,9,20,-2,0,1.0,0,2,0.0,2.888888888888889,0.0,memory_only,11,20,0,0,1.0,0,2,0.0,0.0,0.0,memory_only,11,20,0,0,1.0,0,2,0.0,0.0,0.0
lhs089,lhs,1395.790392854086,0.06756409468526589,0.9961995915311737,0.9384823060399548,10,100,1,4,9,4,9,0,0.1795712616513449,0,0.1792184566223098,0,0.06612016144270381,memory_only,0,0,1.0,0,2,0.0,0.0,0.0,memory_only,4,9,0,0,1.0,0,2,0.0,0.0,0.0,memory_only,4,9,0,0,1.0,0,2,0.0,0.0,0.0,memory_only,4,9,0,0,1.0,0,2,0.0,0.0,0.0,identical,4,9,0,0,1.0,0,0,0.0,0.0,0.0,identical,4,9,0,0,1.0,0,0,0.0,0.0,0.0,memory_only,4,9,0,0,1.0,0,2,0.0,0.0,0.0
lhs090,lhs,1216.5303790994485,0.012109040611850015,0.9759461040506288,0.8257894513144483,1000000,100,1,12,54,11,53,11,3.015461504312804,11,3.015461504312804,7,1.0589808209659317,served_and_memory,-1,-1,0.9814814814814815,0,7,0.0,1.1818181818181819,0.0,served_and_memory,3,7,-9,-47,0.12962962962962962,0,3,0.0,73.33333333333333,0.0,served_and_memory,3,7,-9,-47,0.12962962962962962,0,3,0.0,73.33333333333333,0.0,served_and_memory,3,7,-9,-47,0.12962962962962962,0,3,0.0,73.33333333333333,0.0,served_and_memory,3,7,-9,-47,0.12962962962962962,0,3,0.0,73.33333333333333,0.0,served_and_memory,7,30,-5,-24,0.5555555555555556,0,4,0.0,10.428571428571429,0.0,served_and_memory,6,20,-6,-34,0.37037037037037035,0,4,0.0,16.5,0.0
lhs090,lhs,1216.5303790994485,0.012109040611850015,0.9759461040506288,0.8257894513144483,20,100,1,7,18,7,18,4,1.4284776474767902,4,1.4284776474767902,1,0.5404145233109154,identical,0,0,1.0,0,0,0.0,0.0,0.0,served_and_memory,3,7,-4,-11,0.3888888888888889,0,2,0.0,48.666666666666664,0.0,served_and_memory,3,7,-4,-11,0.3888888888888889,0,2,0.0,48.666666666666664,0.0,served_and_memory,3,7,-4,-11,0.3888888888888889,0,2,0.0,48.666666666666664,0.0,served_and_memory,3,7,-4,-11,0.3888888888888889,0,2,0.0,48.666666666666664,0.0,routing,6,20,-1,2,0.7272727272727273,1,1,-0.5,4.166666666666667,1.0,routing,6,20,-1,2,0.7272727272727273,1,1,-0.5,4.166666666666667,1.0
lhs090,lhs,1216.5303790994485,0.012109040611850015,0.9759461040506288,0.8257894513144483,10,100,1,4,9,3,7,2,0.986320990100263,2,0.986320990100263,0,0.4222169929034001,served_and_memory,-1,-2,0.3333333333333333,0,1,0.0,36.5,0.0,served_and_memory,3,7,-1,-2,0.3333333333333333,0,1,0.0,36.5,0.0,served_and_memory,3,7,-1,-2,0.3333333333333333,0,1,0.0,36.5,0.0,served_and_memory,3,7,-1,-2,0.3333333333333333,0,1,0.0,36.5,0.0,served_and_memory,3,7,-1,-2,0.3333333333333333,0,1,0.0,36.5,0.0,identical,4,9,0,0,1.0,0,0,0.0,0.0,0.0,served_and_memory,3,7,-1,-2,0.3333333333333333,0,1,0.0,36.5,0.0
lhs091,lhs,1000.2993980558947,0.025256237627873594,0.9233081311493861,0.8584208724417475,1000000,100,1,9,39,5,15,6,1.0419545491940783,6,1.0419545491940783,0,0.4084071462511292,served_and_memory,-4,-24,0.38461538461538464,0,4,0.0,29.2,0.0,served_and_memory,5,16,-4,-23,0.41025641025641024,0,2,0.0,19.6,0.0,served_and_memory,4,11,-5,-28,0.28205128205128205,0,3,0.0,42.75,0.0,served_and_memory,5,16,-4,-23,0.41025641025641024,0,2,0.0,19.6,0.0,served_and_memory,4,11,-5,-28,0.28205128205128205,0,3,0.0,42.75,0.0,memory_only,9,39,0,0,1.0,0,2,0.0,0.0,0.0,served_and_memory,5,15,-4,-24,0.38461538461538464,0,4,0.0,29.2,0.0
lhs091,lhs,1000.2993980558947,0.025256237627873594,0.9233081311493861,0.8584208724417475,20,100,1,6,20,5,15,2,0.5515747926214776,2,0.5515747926214776,0,0.24618962121293686,served_and_memory,-1,-5,0.75,0,3,0.0,9.6,0.0,served_and_memory,5,16,-1,-4,0.8,0,2,0.0,0.0,0.0,served_and_memory,4,11,-2,-9,0.55,0,1,0.0,12.0,0.0,served_and_memory,5,16,-1,-4,0.8,0,2,0.0,0.0,0.0,served_and_memory,4,11,-2,-9,0.55,0,1,0.0,12.0,0.0,memory_only,6,20,0,0,1.0,0,4,0.0,0.0,0.0,served_and_memory,5,15,-1,-5,0.75,0,3,0.0,9.6,0.0
lhs091,lhs,1000.2993980558947,0.025256237627873594,0.9233081311493861,0.8584208724417475,10,100,1,3,7,3,7,0,0.2068078606923295,0,0.2068078606923295,0,0.0850794762825365,identical,0,0,1.0,0,0,0.0,0.0,0.0,identical,3,7,0,0,1.0,0,0,0.0,0.0,0.0,identical,3,7,0,0,1.0,0,0,0.0,0.0,0.0,identical,3,7,0,0,1.0,0,0,0.0,0.0,0.0,identical,3,7,0,0,1.0,0,0,0.0,0.0,0.0,identical,3,7,0,0,1.0,0,0,0.0,0.0,0.0,identical,3,7,0,0,1.0,0,0,0.0,0.0,0.0
lhs092,lhs,14133.571601098918,0.05037823472295066,0.9302661297088841,0.929839069464564,1000000,100,1,11,53,11,53,2,0.48532579515552476,0,0.135557237939344,0,0.23224111447233245,memory_only,0,0,1.0,0,6,0.0,0.0,0.0,routing,11,47,0,-6,0.8518518518518519,1,5,0.2727272727272727,-2.272727272727273,-0.3896103896103902,served_and_memory,10,46,-1,-7,0.8679245283018868,0,4,0.0,-1.2,0.0,identical,11,53,0,0,1.0,0,0,0.0,0.0,0.0,memory_only,11,53,0,0,1.0,0,2,0.0,0.0,0.0,memory_only,11,53,0,0,1.0,0,6,0.0,0.0,0.0,memory_only,11,53,0,0,1.0,0,2,0.0,0.0,0.0
lhs092,lhs,14133.571601098918,0.05037823472295066,0.9302661297088841,0.929839069464564,20,100,1,7,18,7,18,0,0.31289067455550496,0,0.10728923311921885,0,0.10534780753213693,memory_only,0,0,1.0,0,2,0.0,0.0,0.0,memory_only,7,18,0,0,1.0,0,2,0.0,0.0,0.0,memory_only,7,18,0,0,1.0,0,4,0.0,0.0,0.0,memory_only,7,18,0,0,1.0,0,4,0.0,0.0,0.0,memory_only,7,18,0,0,1.0,0,2,0.0,0.0,0.0,memory_only,7,18,0,0,1.0,0,4,0.0,0.0,0.0,memory_only,7,18,0,0,1.0,0,4,0.0,0.0,0.0
lhs092,lhs,14133.571601098918,0.05037823472295066,0.9302661297088841,0.929839069464564,10,100,1,5,10,5,10,1,0.4360696418977418,1,0.10728923311921885,1,0.17501254725444115,memory_only,0,0,1.0,0,2,0.0,0.0,0.0,served_and_memory,4,9,-1,-1,0.9,0,2,0.0,0.0,0.0,served_and_memory,4,9,-1,-1,0.9,0,2,0.0,0.0,0.0,served_set_only,4,9,-1,-1,0.9,0,0,0.0,0.0,0.0,served_set_only,4,9,-1,-1,0.9,0,0,0.0,0.0,0.0,served_and_memory,4,9,-1,-1,0.9,0,2,0.0,0.0,0.0,served_and_memory,4,9,-1,-1,0.9,0,2,0.0,0.0,0.0
lhs093,lhs,2569.220104838748,0.030475968627115664,0.9304153741365596,0.6659648979870378,1000000,100,1,7,26,5,15,2,0.7208439883853703,0,0.4439478905600392,0,0.24372564703259658,served_and_memory,-2,-11,0.5769230769230769,0,1,0.0,14.6,0.0,served_and_memory,6,20,-1,-6,0.7692307692307693,0,3,0.0,4.166666666666667,0.0,served_and_memory,5,15,-2,-11,0.5769230769230769,0,3,0.0,14.6,0.0,memory_only,7,26,0,0,1.0,0,2,0.0,0.0,0.0,served_and_memory,5,15,-2,-11,0.5769230769230769,0,1,0.0,14.6,0.0,memory_only,7,26,0,0,1.0,0,4,0.0,0.0,0.0,served_and_memory,5,15,-2,-11,0.5769230769230769,0,3,0.0,14.6,0.0
lhs093,lhs,2569.220104838748,0.030475968627115664,0.9304153741365596,0.6659648979870378,20,100,1,6,20,5,15,0,0.46482572794090804,0,0.30099893076605855,0,0.18674030397122804,served_and_memory,-1,-5,0.75,0,1,0.0,14.6,0.0,identical,6,20,0,0,1.0,0,0,0.0,0.0,0.0,served_and_memory,5,15,-1,-5,0.75,0,1,0.0,14.6,0.0,identical,6,20,0,0,1.0,0,0,0.0,0.0,0.0,served_and_memory,5,15,-1,-5,0.75,0,3,0.0,14.6,0.0,memory_only,6,20,0,0,1.0,0,2,0.0,0.0,0.0,served_and_memory,5,15,-1,-5,0.75,0,1,0.0,14.6,0.0
lhs093,lhs,2569.220104838748,0.030475968627115664,0.9304153741365596,0.6659648979870378,10,100,1,3,7,3,7,0,0.13615434870394605,0,0.10680268409167859,0,0.0470191413074118,identical,0,0,1.0,0,0,0.0,0.0,0.0,identical,3,7,0,0,1.0,0,0,0.0,0.0,0.0,identical,3,7,0,0,1.0,0,0,0.0,0.0,0.0,identical,3,7,0,0,1.0,0,0,0.0,0.0,0.0,identical,3,7,0,0,1.0,0,0,0.0,0.0,0.0,identical,3,7,0,0,1.0,0,0,0.0,0.0,0.0,identical,3,7,0,0,1.0,0,0,0.0,0.0,0.0
lhs094,lhs,3741.691757875658,0.004327619837627786,0.9738561559304709,0.7859233598776556,1000000,100,1,5,15,5,15,4,2.0314772722018892,3,1.1701024504969852,2,0.729956052141921,identical,0,0,1.0,0,0,0.0,0.0,0.0,served_and_memory,2,4,-3,-11,0.26666666666666666,0,1,0.0,24.0,0.0,served_and_memory,2,4,-3,-11,0.26666666666666666,0,1,0.0,24.0,0.0,served_and_memory,2,4,-3,-11,0.26666666666666666,0,1,0.0,24.0,0.0,served_and_memory,2,4,-3,-11,0.26666666666666666,0,1,0.0,24.0,0.0,served_and_memory,3,7,-2,-8,0.4666666666666667,0,1,0.0,16.0,0.0,served_and_memory,3,7,-2,-8,0.4666666666666667,0,1,0.0,16.0,0.0
lhs094,lhs,3741.691757875658,0.004327619837627786,0.9738561559304709,0.7859233598776556,20,100,1,5,15,5,15,4,2.0314772722018892,3,1.1701024504969852,2,0.729956052141921,identical,0,0,1.0,0,0,0.0,0.0,0.0,served_and_memory,2,4,-3,-11,0.26666666666666666,0,1,0.0,24.0,0.0,served_and_memory,2,4,-3,-11,0.26666666666666666,0,1,0.0,24.0,0.0,served_and_memory,2,4,-3,-11,0.26666666666666666,0,1,0.0,24.0,0.0,served_and_memory,2,4,-3,-11,0.26666666666666666,0,1,0.0,24.0,0.0,served_and_memory,3,7,-2,-8,0.4666666666666667,0,1,0.0,16.0,0.0,served_and_memory,3,7,-2,-8,0.4666666666666667,0,1,0.0,16.0,0.0
lhs094,lhs,3741.691757875658,0.004327619837627786,0.9738561559304709,0.7859233598776556,10,100,1,3,7,3,7,1,0.9588262867889447,1,0.6612603365278104,0,0.3311182426190382,identical,0,0,1.0,0,0,0.0,0.0,0.0,served_set_only,2,4,-1,-3,0.5714285714285714,0,0,0.0,0.0,0.0,served_set_only,2,4,-1,-3,0.5714285714285714,0,0,0.0,0.0,0.0,served_set_only,2,4,-1,-3,0.5714285714285714,0,0,0.0,0.0,0.0,served_set_only,2,4,-1,-3,0.5714285714285714,0,0,0.0,0.0,0.0,identical,3,7,0,0,1.0,0,0,0.0,0.0,0.0,identical,3,7,0,0,1.0,0,0,0.0,0.0,0.0
lhs095,lhs,1345.6125208399303,0.00642253457206398,0.9654772512380219,0.8979593446170827,1000000,100,1,11,53,11,53,11,3.8068859810886715,11,3.7764093078559138,9,1.8216947290712482,memory_only,0,0,1.0,0,2,0.0,0.0,0.0,served_and_memory,2,4,-9,-49,0.07547169811320754,0,2,0.0,60.5,0.0,served_and_memory,2,4,-9,-49,0.07547169811320754,0,2,0.0,60.5,0.0,served_and_memory,2,4,-9,-49,0.07547169811320754,0,2,0.0,60.5,0.0,served_and_memory,2,4,-9,-49,0.07547169811320754,0,2,0.0,60.5,0.0,routing,6,27,-5,-26,0.48148148148148145,1,4,0.5,12.166666666666666,-1.0,routing,6,27,-5,-26,0.48148148148148145,1,4,0.5,12.166666666666666,-1.0
lhs095,lhs,1345.6125208399303,0.00642253457206398,0.9654772512380219,0.8979593446170827,20,100,1,6,20,6,20,6,1.7310645861560066,6,1.7269502352695842,2,0.7196841404989958,memory_only,0,0,1.0,0,2,0.0,0.0,0.0,served_and_memory,2,4,-4,-16,0.2,0,2,0.0,60.5,0.0,served_and_memory,2,4,-4,-16,0.2,0,2,0.0,60.5,0.0,served_and_memory,2,4,-4,-16,0.2,0,2,0.0,60.5,0.0,served_and_memory,2,4,-4,-16,0.2,0,2,0.0,60.5,0.0,served_and_memory,5,16,-1,-4,0.8,0,2,0.0,0.0,0.0,served_and_memory,5,16,-1,-4,0.8,0,2,0.0,0.0,0.0
lhs095,lhs,1345.6125208399303,0.00642253457206398,0.9654772512380219,0.8979593446170827,10,100,1,4,9,3,7,2,2.178184631533024,2,2.178184631533024,2,0.8911502492069435,served_and_memory,-1,-2,0.3333333333333333,0,1,0.0,24.0,0.0,served_and_memory,2,4,-2,-5,0.4444444444444444,0,1,0.0,24.0,0.0,served_and_memory,2,4,-2,-5,0.4444444444444444,0,1,0.0,24.0,0.0,served_and_memory,2,4,-2,-5,0.4444444444444444,0,1,0.0,24.0,0.0,served_and_memory,2,4,-2,-5,0.4444444444444444,0,1,0.0,24.0,0.0,served_and_memory,3,7,-1,-2,0.3333333333333333,0,1,0.0,24.0,0.0,served_and_memory,3,7,-1,-2,0.3333333333333333,0,1,0.0,24.0,0.0
lhs096,lhs,177933.56615662307,0.004101060072833423,0.9779525568597353,0.7396244986189335,1000000,100,1,5,15,5,15,5,2.1437045999662367,0,0.7421003047987009,2,0.9391116905694524,identical,0,0,1.0,0,0,0.0,0.0,0.0,served_and_memory,1,2,-4,-13,0.13333333333333333,0,1,0.0,73.0,0.0,served_and_memory,1,2,-4,-13,0.13333333333333333,0,1,0.0,73.0,0.0,identical,5,15,0,0,1.0,0,0,0.0,0.0,0.0,identical,5,15,0,0,1.0,0,0,0.0,0.0,0.0,served_and_memory,3,7,-2,-8,0.4666666666666667,0,1,0.0,24.333333333333332,0.0,served_and_memory,3,7,-2,-8,0.4666666666666667,0,1,0.0,24.333333333333332,0.0
lhs096,lhs,177933.56615662307,0.004101060072833423,0.9779525568597353,0.7396244986189335,20,100,1,5,15,5,15,5,2.1437045999662367,0,0.7421003047987009,2,0.9391116905694524,identical,0,0,1.0,0,0,0.0,0.0,0.0,served_and_memory,1,2,-4,-13,0.13333333333333333,0,1,0.0,73.0,0.0,served_and_memory,1,2,-4,-13,0.13333333333333333,0,1,0.0,73.0,0.0,identical,5,15,0,0,1.0,0,0,0.0,0.0,0.0,identical,5,15,0,0,1.0,0,0,0.0,0.0,0.0,served_and_memory,3,7,-2,-8,0.4666666666666667,0,1,0.0,24.333333333333332,0.0,served_and_memory,3,7,-2,-8,0.4666666666666667,0,1,0.0,24.333333333333332,0.0
lhs096,lhs,177933.56615662307,0.004101060072833423,0.9779525568597353,0.7396244986189335,10,100,1,4,10,4,10,4,2.6735660004434623,1,0.8190375033611883,2,0.9432851554212133,identical,0,0,1.0,0,0,0.0,0.0,0.0,routing,1,2,-3,-8,0.09090909090909091,1,1,1.0,73.0,-63.333333333333336,routing,1,2,-3,-8,0.09090909090909091,1,1,1.0,73.0,-63.333333333333336,routing,3,7,-1,-3,0.5454545454545454,1,1,0.3333333333333333,24.333333333333332,-21.11111111111111,routing,3,7,-1,-3,0.5454545454545454,1,1,0.3333333333333333,24.333333333333332,-21.11111111111111,routing,3,7,-1,-3,0.5454545454545454,1,1,0.3333333333333333,24.333333333333332,-21.11111111111111,routing,3,7,-1,-3,0.5454545454545454,1,1,0.3333333333333333,24.333333333333332,-21.11111111111111
lhs097,lhs,7480.927730691721,0.003578431292789012,0.9813091671842156,0.5232811509162444,1000000,100,1,3,7,3,7,2,1.1595683471437497,1,0.6793432400384369,0,0.40044191382022115,identical,0,0,1.0,0,0,0.0,0.0,0.0,served_set_only,1,2,-2,-5,0.2857142857142857,0,0,0.0,0.0,0.0,served_set_only,1,2,-2,-5,0.2857142857142857,0,0,0.0,0.0,0.0,served_set_only,2,4,-1,-3,0.5714285714285714,0,0,0.0,0.0,0.0,served_set_only,2,4,-1,-3,0.5714285714285714,0,0,0.0,0.0,0.0,identical,3,7,0,0,1.0,0,0,0.0,0.0,0.0,identical,3,7,0,0,1.0,0,0,0.0,0.0,0.0
lhs097,lhs,7480.927730691721,0.003578431292789012,0.9813091671842156,0.5232811509162444,20,100,1,3,7,3,7,2,1.1595683471437497,1,0.6793432400384369,0,0.40044191382022115,identical,0,0,1.0,0,0,0.0,0.0,0.0,served_set_only,1,2,-2,-5,0.2857142857142857,0,0,0.0,0.0,0.0,served_set_only,1,2,-2,-5,0.2857142857142857,0,0,0.0,0.0,0.0,served_set_only,2,4,-1,-3,0.5714285714285714,0,0,0.0,0.0,0.0,served_set_only,2,4,-1,-3,0.5714285714285714,0,0,0.0,0.0,0.0,identical,3,7,0,0,1.0,0,0,0.0,0.0,0.0,identical,3,7,0,0,1.0,0,0,0.0,0.0,0.0
lhs097,lhs,7480.927730691721,0.003578431292789012,0.9813091671842156,0.5232811509162444,10,100,1,3,7,3,7,2,1.1595683471437497,1,0.6793432400384369,0,0.40044191382022115,identical,0,0,1.0,0,0,0.0,0.0,0.0,served_set_only,1,2,-2,-5,0.2857142857142857,0,0,0.0,0.0,0.0,served_set_only,1,2,-2,-5,0.2857142857142857,0,0,0.0,0.0,0.0,served_set_only,2,4,-1,-3,0.5714285714285714,0,0,0.0,0.0,0.0,served_set_only,2,4,-1,-3,0.5714285714285714,0,0,0.0,0.0,0.0,identical,3,7,0,0,1.0,0,0,0.0,0.0,0.0,identical,3,7,0,0,1.0,0,0,0.0,0.0,0.0
lhs098,lhs,11591.396285720166,0.006952516379094856,0.9310743685526045,0.685768934136276,1000000,100,1,11,53,10,46,11,3.394178944129385,6,1.0231689554045293,8,1.2681484953500515,served_and_memory,-1,-7,0.8679245283018868,0,2,0.0,0.0,0.0,served_and_memory,2,4,-9,-49,0.07547169811320754,0,2,0.0,73.0,0.0,served_and_memory,2,4,-9,-49,0.07547169811320754,0,2,0.0,73.0,0.0,served_and_memory,6,20,-5,-33,0.37735849056603776,0,2,0.0,16.333333333333332,0.0,served_and_memory,6,20,-5,-33,0.37735849056603776,0,2,0.0,16.333333333333332,0.0,served_and_memory,6,26,-5,-27,0.49056603773584906,0,4,0.0,22.666666666666668,0.0,served_and_memory,5,16,-6,-37,0.3018867924528302,0,3,0.0,24.6,0.0
lhs098,lhs,11591.396285720166,0.006952516379094856,0.9310743685526045,0.685768934136276,20,100,1,6,20,6,20,5,1.5770483920716898,2,0.6047423917487009,2,0.6062063634984101,memory_only,0,0,1.0,0,4,0.0,0.0,0.0,served_and_memory,2,4,-4,-16,0.2,0,2,0.0,60.5,0.0,served_and_memory,2,4,-4,-16,0.2,0,2,0.0,60.5,0.0,memory_only,6,20,0,0,1.0,0,4,0.0,0.0,0.0,memory_only,6,20,0,0,1.0,0,4,0.0,0.0,0.0,served_and_memory,5,16,-1,-4,0.8,0,2,0.0,0.0,0.0,served_and_memory,5,16,-1,-4,0.8,0,2,0.0,0.0,0.0
lhs098,lhs,11591.396285720166,0.006952516379094856,0.9310743685526045,0.685768934136276,10,100,1,5,10,3,7,3,3.1597795067600445,2,0.8343621157266257,3,1.2681484953500515,routing,-2,-3,0.4166666666666667,1,1,0.6666666666666666,16.0,-25.0,served_and_memory,2,4,-3,-6,0.4,0,1,0.0,24.0,0.0,served_and_memory,2,4,-3,-6,0.4,0,1,0.0,24.0,0.0,routing,3,7,-2,-3,0.4166666666666667,1,1,0.6666666666666666,16.0,-25.0,routing,3,7,-2,-3,0.4166666666666667,1,1,0.6666666666666666,16.0,-25.0,routing,3,7,-2,-3,0.4166666666666667,1,1,0.6666666666666666,16.0,-25.0,routing,3,7,-2,-3,0.4166666666666667,1,1,0.6666666666666666,16.0,-25.0
lhs099,lhs,99679.41526717378,0.020294463000058462,0.9262242127896946,0.7001192178749991,1000000,100,1,11,53,11,53,8,1.082483373667694,0,0.23087792804430998,1,0.43444476382648467,memory_only,0,0,1.0,0,6,0.0,0.0,0.0,served_and_memory,5,16,-6,-37,0.3018867924528302,0,2,0.0,19.6,0.0,served_and_memory,5,16,-6,-37,0.3018867924528302,0,2,0.0,19.6,0.0,identical,11,53,0,0,1.0,0,0,0.0,0.0,0.0,memory_only,11,53,0,0,1.0,0,6,0.0,0.0,0.0,served_and_memory,10,46,-1,-7,0.8679245283018868,0,2,0.0,0.0,0.0,served_and_memory,10,46,-1,-7,0.8679245283018868,0,2,0.0,0.0,0.0
lhs099,lhs,99679.41526717378,0.020294463000058462,0.9262242127896946,0.7001192178749991,20,100,1,7,18,7,18,4,1.0406821537398578,0,0.1899994803374012,0,0.29934010646503206,memory_only,0,0,1.0,0,2,0.0,0.0,0.0,served_and_memory,5,16,-2,-2,0.8888888888888888,0,3,0.0,5.0,0.0,served_and_memory,5,16,-2,-2,0.8888888888888888,0,3,0.0,5.0,0.0,identical,7,18,0,0,1.0,0,0,0.0,0.0,0.0,identical,7,18,0,0,1.0,0,0,0.0,0.0,0.0,memory_only,7,18,0,0,1.0,0,2,0.0,0.0,0.0,memory_only,7,18,0,0,1.0,0,2,0.0,0.0,0.0
lhs099,lhs,99679.41526717378,0.020294463000058462,0.9262242127896946,0.7001192178749991,10,100,1,5,10,5,10,3,1.082483373667694,1,0.1899994803374012,1,0.43444476382648467,memory_only,0,0,1.0,0,2,0.0,0.0,0.0,routing,3,7,-2,-3,0.4166666666666667,1,1,0.6666666666666666,16.0,-25.0,routing,3,7,-2,-3,0.4166666666666667,1,1,0.6666666666666666,16.0,-25.0,served_and_memory,4,9,-1,-1,0.9,0,2,0.0,0.0,0.0,served_set_only,4,9,-1,-1,0.9,0,0,0.0,0.0,0.0,served_set_only,4,9,-1,-1,0.9,0,0,0.0,0.0,0.0,served_set_only,4,9,-1,-1,0.9,0,0,0.0,0.0,0.0
lhs100,lhs,19033.291149965466,0.002283359437470663,0.9659662735498804,0.8818628763725278,1000000,100,1,2,4,2,4,2,1.6662372997939792,0,0.9194330279058869,0,0.5414870888202529,identical,0,0,1.0,0,0,0.0,0.0,0.0,served_set_only,0,0,-2,-4,0.0,0,0,,,,served_set_only,0,0,-2,-4,0.0,0,0,,,,identical,2,4,0,0,1.0,0,0,0.0,0.0,0.0,identical,2,4,0,0,1.0,0,0,0.0,0.0,0.0,identical,2,4,0,0,1.0,0,0,0.0,0.0,0.0,identical,2,4,0,0,1.0,0,0,0.0,0.0,0.0
lhs100,lhs,19033.291149965466,0.002283359437470663,0.9659662735498804,0.8818628763725278,20,100,1,2,4,2,4,2,1.6662372997939792,0,0.9194330279058869,0,0.5414870888202529,identical,0,0,1.0,0,0,0.0,0.0,0.0,served_set_only,0,0,-2,-4,0.0,0,0,,,,served_set_only,0,0,-2,-4,0.0,0,0,,,,identical,2,4,0,0,1.0,0,0,0.0,0.0,0.0,identical,2,4,0,0,1.0,0,0,0.0,0.0,0.0,identical,2,4,0,0,1.0,0,0,0.0,0.0,0.0,identical,2,4,0,0,1.0,0,0,0.0,0.0,0.0
lhs100,lhs,19033.291149965466,0.002283359437470663,0.9659662735498804,0.8818628763725278,10,100,1,2,4,2,4,2,1.6662372997939792,0,0.9194330279058869,0,0.5414870888202529,identical,0,0,1.0,0,0,0.0,0.0,0.0,served_set_only,0,0,-2,-4,0.0,0,0,,,,served_set_only,0,0,-2,-4,0.0,0,0,,,,identical,2,4,0,0,1.0,0,0,0.0,0.0,0.0,identical,2,4,0,0,1.0,0,0,0.0,0.0,0.0,identical,2,4,0,0,1.0,0,0,0.0,0.0,0.0,identical,2,4,0,0,1.0,0,0,0.0,0.0,0.0
lhs101,lhs,50996.22106440492,0.04753638412819807,0.9870274090222848,0.656234040869006,1000000,100,1,14,55,14,55,3,0.8778591884836053,0,0.13026683567793595,0,0.26999443579549715,memory_only,0,0,1.0,0,2,0.0,0.0,0.0,routing,13,48,-1,-7,0.8392857142857143,1,5,0.23076923076923078,1.0,-0.32967032967033016,routing,12,48,-2,-7,0.8392857142857143,1,5,0.25,5.25,-0.35714285714285765,memory_only,14,55,0,0,1.0,0,2,0.0,0.0,0.0,memory_only,14,55,0,0,1.0,0,2,0.0,0.0,0.0,identical,14,55,0,0,1.0,0,0,0.0,0.0,0.0,identical,14,55,0,0,1.0,0,0,0.0,0.0,0.0
lhs101,lhs,50996.22106440492,0.04753638412819807,0.9870274090222848,0.656234040869006,20,100,1,9,20,7,18,1,0.5314991207733019,0,0.12710303593770841,0,0.24612510168325075,served_and_memory,-2,-2,0.46153846153846156,0,3,0.0,5.0,0.0,served_and_memory,7,18,-2,-2,0.46153846153846156,0,3,0.0,10.0,0.0,served_and_memory,7,18,-2,-2,0.46153846153846156,0,3,0.0,5.0,0.0,identical,9,20,0,0,1.0,0,0,0.0,0.0,0.0,served_and_memory,7,18,-2,-2,0.46153846153846156,0,3,0.0,5.0,0.0,identical,9,20,0,0,1.0,0,0,0.0,0.0,0.0,served_and_memory,7,18,-2,-2,0.46153846153846156,0,3,0.0,5.0,0.0
lhs101,lhs,50996.22106440492,0.04753638412819807,0.9870274090222848,0.656234040869006,10,100,1,5,10,5,10,1,0.4621390368235022,0,0.08625532658392707,1,0.18547525956682273,identical,0,0,1.0,0,0,0.0,0.0,0.0,served_set_only,4,9,-1,-1,0.9,0,0,0.0,0.0,0.0,served_and_memory,4,9,-1,-1,0.9,0,2,0.0,0.0,0.0,identical,5,10,0,0,1.0,0,0,0.0,0.0,0.0,memory_only,5,10,0,0,1.0,0,2,0.0,0.0,0.0,served_and_memory,4,9,-1,-1,0.9,0,2,0.0,0.0,0.0,served_and_memory,4,9,-1,-1,0.9,0,2,0.0,0.0,0.0
lhs102,lhs,125266.60841418494,0.007781853958429047,0.9248736340644317,0.5817904100893225,1000000,100,1,11,53,11,53,9,4.011231607040543,0,0.6148087083104592,7,1.50348457317602,memory_only,0,0,1.0,0,2,0.0,0.0,0.0,served_and_memory,2,4,-9,-49,0.07547169811320754,0,2,0.0,60.5,0.0,served_and_memory,2,4,-9,-49,0.07547169811320754,0,2,0.0,60.5,0.0,memory_only,11,53,0,0,1.0,0,2,0.0,0.0,0.0,identical,11,53,0,0,1.0,0,0,0.0,0.0,0.0,served_and_memory,6,26,-5,-27,0.49056603773584906,0,4,0.0,12.166666666666666,0.0,served_and_memory,5,16,-6,-37,0.3018867924528302,0,3,0.0,14.6,0.0
lhs102,lhs,125266.60841418494,0.007781853958429047,0.9248736340644317,0.5817904100893225,20,100,1,6,20,6,20,5,1.4841142706265669,0,0.4348186338033097,1,0.6351444342667131,memory_only,0,0,1.0,0,2,0.0,0.0,0.0,served_and_memory,2,4,-4,-16,0.2,0,2,0.0,73.0,0.0,served_and_memory,2,4,-4,-16,0.2,0,2,0.0,73.0,0.0,memory_only,6,20,0,0,1.0,0,2,0.0,0.0,0.0,memory_only,6,20,0,0,1.0,0,4,0.0,0.0,0.0,served_set_only,5,16,-1,-4,0.8,0,0,0.0,0.0,0.0,served_set_only,5,16,-1,-4,0.8,0,0,0.0,0.0,0.0
lhs102,lhs,125266.60841418494,0.007781853958429047,0.9248736340644317,0.5817904100893225,10,100,1,5,10,5,10,3,2.0255944058556588,1,0.48878572950490573,2,0.5882873038993841,identical,0,0,1.0,0,0,0.0,0.0,0.0,served_and_memory,2,4,-3,-6,0.4,0,1,0.0,36.5,0.0,served_and_memory,2,4,-3,-6,0.4,0,1,0.0,36.5,0.0,routing,4,10,-1,0,0.6666666666666666,2,1,0.25,6.25,-2.916666666666666,routing,4,10,-1,0,0.6666666666666666,2,1,0.25,6.25,-2.916666666666666,routing,3,7,-2,-3,0.4166666666666667,1,1,0.6666666666666666,24.333333333333332,-25.0,routing,3,7,-2,-3,0.4166666666666667,1,1,0.6666666666666666,24.333333333333332,-25.0
lhs103,lhs,1475.0843620242676,0.002465584710849507,0.9719696070541242,0.5029193264095543,1000000,100,1,2,4,2,4,2,1.572724611358233,2,1.572724611358233,0,0.5212236002675383,identical,0,0,1.0,0,0,0.0,0.0,0.0,served_set_only,0,0,-2,-4,0.0,0,0,,,,served_set_only,0,0,-2,-4,0.0,0,0,,,,served_set_only,0,0,-2,-4,0.0,0,0,,,,served_set_only,0,0,-2,-4,0.0,0,0,,,,identical,2,4,0,0,1.0,0,0,0.0,0.0,0.0,identical,2,4,0,0,1.0,0,0,0.0,0.0,0.0
lhs103,lhs,1475.0843620242676,0.002465584710849507,0.9719696070541242,0.5029193264095543,20,100,1,2,4,2,4,2,1.572724611358233,2,1.572724611358233,0,0.5212236002675383,identical,0,0,1.0,0,0,0.0,0.0,0.0,served_set_only,0,0,-2,-4,0.0,0,0,,,,served_set_only,0,0,-2,-4,0.0,0,0,,,,served_set_only,0,0,-2,-4,0.0,0,0,,,,served_set_only,0,0,-2,-4,0.0,0,0,,,,identical,2,4,0,0,1.0,0,0,0.0,0.0,0.0,identical,2,4,0,0,1.0,0,0,0.0,0.0,0.0
lhs103,lhs,1475.0843620242676,0.002465584710849507,0.9719696070541242,0.5029193264095543,10,100,1,2,4,2,4,2,1.572724611358233,2,1.572724611358233,0,0.5212236002675383,identical,0,0,1.0,0,0,0.0,0.0,0.0,served_set_only,0,0,-2,-4,0.0,0,0,,,,served_set_only,0,0,-2,-4,0.0,0,0,,,,served_set_only,0,0,-2,-4,0.0,0,0,,,,served_set_only,0,0,-2,-4,0.0,0,0,,,,identical,2,4,0,0,1.0,0,0,0.0,0.0,0.0,identical,2,4,0,0,1.0,0,0,0.0,0.0,0.0
lhs104,lhs,12811.654719974991,0.010662419803958736,0.9468013448437627,0.902436254471445,1000000,100,1,14,55,14,55,12,3.7141503982554354,6,0.7392965171872954,10,1.1353857399694254,memory_only,0,0,1.0,0,2,0.0,0.0,0.0,served_and_memory,3,7,-11,-48,0.12727272727272726,0,3,0.0,77.33333333333333,0.0,served_and_memory,3,7,-11,-48,0.12727272727272726,0,3,0.0,77.33333333333333,0.0,served_and_memory,10,46,-4,-9,0.8363636363636363,0,6,0.0,6.4,0.0,served_and_memory,10,46,-4,-9,0.8363636363636363,0,6,0.0,6.4,0.0,served_and_memory,7,30,-7,-25,0.5454545454545454,0,5,0.0,21.142857142857142,0.0,served_and_memory,7,30,-7,-25,0.5454545454545454,0,5,0.0,21.142857142857142,0.0
lhs104,lhs,12811.654719974991,0.010662419803958736,0.9468013448437627,0.902436254471445,20,100,1,9,20,7,18,7,2.369588408017722,4,0.7181748231752413,5,1.097302262743668,served_and_memory,-2,-2,0.46153846153846156,0,3,0.0,10.0,0.0,served_and_memory,3,7,-6,-13,0.35,0,2,0.0,48.666666666666664,0.0,served_and_memory,3,7,-6,-13,0.35,0,2,0.0,48.666666666666664,0.0,served_and_memory,7,18,-2,-2,0.46153846153846156,0,3,0.0,5.0,0.0,served_and_memory,7,18,-2,-2,0.46153846153846156,0,3,0.0,10.0,0.0,routing,6,20,-3,0,0.3793103448275862,1,3,-0.6,5.0,1.2,routing,6,20,-3,0,0.3793103448275862,1,3,-0.6,5.0,1.2
lhs104,lhs,12811.654719974991,0.010662419803958736,0.9468013448437627,0.902436254471445,10,100,1,5,10,5,10,3,1.4783585841862241,1,0.5243920217896798,1,0.42935524662452984,memory_only,0,0,1.0,0,2,0.0,0.0,0.0,routing,3,7,-2,-3,0.4166666666666667,1,1,0.6666666666666666,24.333333333333332,-25.0,routing,3,7,-2,-3,0.4166666666666667,1,1,0.6666666666666666,24.333333333333332,-25.0,served_and_memory,4,9,-1,-1,0.9,0,2,0.0,0.0,0.0,served_set_only,4,9,-1,-1,0.9,0,0,0.0,0.0,0.0,served_and_memory,4,9,-1,-1,0.9,0,2,0.0,0.0,0.0,served_and_memory,4,9,-1,-1,0.9,0,2,0.0,0.0,0.0
lhs105,lhs,193950.59118571653,0.0020896587429295264,0.9777686565821773,0.6137628642246902,1000000,100,1,2,4,2,4,2,1.8206889887754882,0,0.9401826745594302,0,0.5916801768277709,identical,0,0,1.0,0,0,0.0,0.0,0.0,routing,1,0,-1,-4,0.0,1,0,-2.0,0.0,126.66666666666666,routing,1,0,-1,-4,0.0,1,0,-2.0,0.0,126.66666666666666,identical,2,4,0,0,1.0,0,0,0.0,0.0,0.0,identical,2,4,0,0,1.0,0,0,0.0,0.0,0.0,identical,2,4,0,0,1.0,0,0,0.0,0.0,0.0,identical,2,4,0,0,1.0,0,0,0.0,0.0,0.0
lhs105,lhs,193950.59118571653,0.0020896587429295264,0.9777686565821773,0.6137628642246902,20,100,1,2,4,2,4,2,1.8206889887754882,0,0.9401826745594302,0,0.5916801768277709,identical,0,0,1.0,0,0,0.0,0.0,0.0,routing,1,0,-1,-4,0.0,1,0,-2.0,0.0,126.66666666666666,routing,1,0,-1,-4,0.0,1,0,-2.0,0.0,126.66666666666666,identical,2,4,0,0,1.0,0,0,0.0,0.0,0.0,identical,2,4,0,0,1.0,0,0,0.0,0.0,0.0,identical,2,4,0,0,1.0,0,0,0.0,0.0,0.0,identical,2,4,0,0,1.0,0,0,0.0,0.0,0.0
lhs105,lhs,193950.59118571653,0.0020896587429295264,0.9777686565821773,0.6137628642246902,10,100,1,2,4,2,4,2,1.8206889887754882,0,0.9401826745594302,0,0.5916801768277709,identical,0,0,1.0,0,0,0.0,0.0,0.0,routing,1,0,-1,-4,0.0,1,0,-2.0,0.0,126.66666666666666,routing,1,0,-1,-4,0.0,1,0,-2.0,0.0,126.66666666666666,identical,2,4,0,0,1.0,0,0,0.0,0.0,0.0,identical,2,4,0,0,1.0,0,0,0.0,0.0,0.0,identical,2,4,0,0,1.0,0,0,0.0,0.0,0.0,identical,2,4,0,0,1.0,0,0,0.0,0.0,0.0
lhs106,lhs,1111.05385451175,0.0032690365059947503,0.9464868159709964,0.5457483385201607,1000000,100,1,3,7,3,7,3,1.4994900388531203,3,1.4994900388531203,1,0.5917913181127735,identical,0,0,1.0,0,0,0.0,0.0,0.0,served_set_only,0,0,-3,-7,0.0,0,0,,,,served_set_only,0,0,-3,-7,0.0,0,0,,,,served_set_only,0,0,-3,-7,0.0,0,0,,,,served_set_only,0,0,-3,-7,0.0,0,0,,,,served_set_only,2,4,-1,-3,0.5714285714285714,0,0,0.0,0.0,0.0,served_set_only,2,4,-1,-3,0.5714285714285714,0,0,0.0,0.0,0.0
lhs106,lhs,1111.05385451175,0.0032690365059947503,0.9464868159709964,0.5457483385201607,20,100,1,3,7,3,7,3,1.4994900388531203,3,1.4994900388531203,1,0.5917913181127735,identical,0,0,1.0,0,0,0.0,0.0,0.0,served_set_only,0,0,-3,-7,0.0,0,0,,,,served_set_only,0,0,-3,-7,0.0,0,0,,,,served_set_only,0,0,-3,-7,0.0,0,0,,,,served_set_only,0,0,-3,-7,0.0,0,0,,,,served_set_only,2,4,-1,-3,0.5714285714285714,0,0,0.0,0.0,0.0,served_set_only,2,4,-1,-3,0.5714285714285714,0,0,0.0,0.0,0.0
lhs106,lhs,1111.05385451175,0.0032690365059947503,0.9464868159709964,0.5457483385201607,10,100,1,3,7,3,7,3,1.4994900388531203,3,1.4994900388531203,1,0.5917913181127735,identical,0,0,1.0,0,0,0.0,0.0,0.0,served_set_only,0,0,-3,-7,0.0,0,0,,,,served_set_only,0,0,-3,-7,0.0,0,0,,,,served_set_only,0,0,-3,-7,0.0,0,0,,,,served_set_only,0,0,-3,-7,0.0,0,0,,,,served_set_only,2,4,-1,-3,0.5714285714285714,0,0,0.0,0.0,0.0,served_set_only,2,4,-1,-3,0.5714285714285714,0,0,0.0,0.0,0.0
lhs107,lhs,2700.1650915843525,0.004758022416281096,0.944956255654712,0.8528751368463907,1000000,100,1,6,20,6,20,6,3.0956252881281103,5,1.8621907273753264,3,1.2504489294946692,memory_only,0,0,1.0,0,2,0.0,0.0,0.0,served_and_memory,2,4,-4,-16,0.2,0,2,0.0,60.5,0.0,served_and_memory,2,4,-4,-16,0.2,0,2,0.0,60.5,0.0,served_and_memory,2,4,-4,-16,0.2,0,2,0.0,60.5,0.0,served_and_memory,2,4,-4,-16,0.2,0,2,0.0,60.5,0.0,served_and_memory,4,11,-2,-9,0.55,0,2,0.0,18.25,0.0,served_and_memory,4,11,-2,-9,0.55,0,2,0.0,18.25,0.0
lhs107,lhs,2700.1650915843525,0.004758022416281096,0.944956255654712,0.8528751368463907,20,100,1,6,20,6,20,6,3.0956252881281103,5,1.8621907273753264,3,1.2504489294946692,memory_only,0,0,1.0,0,2,0.0,0.0,0.0,served_and_memory,2,4,-4,-16,0.2,0,2,0.0,60.5,0.0,served_and_memory,2,4,-4,-16,0.2,0,2,0.0,60.5,0.0,served_and_memory,2,4,-4,-16,0.2,0,2,0.0,60.5,0.0,served_and_memory,2,4,-4,-16,0.2,0,2,0.0,60.5,0.0,served_and_memory,4,11,-2,-9,0.55,0,2,0.0,18.25,0.0,served_and_memory,4,11,-2,-9,0.55,0,2,0.0,18.25,0.0
lhs107,lhs,2700.1650915843525,0.004758022416281096,0.944956255654712,0.8528751368463907,10,100,1,3,7,3,7,1,0.8720924990492277,1,0.6712994668399795,0,0.3011658521101729,identical,0,0,1.0,0,0,0.0,0.0,0.0,served_set_only,2,4,-1,-3,0.5714285714285714,0,0,0.0,0.0,0.0,served_set_only,2,4,-1,-3,0.5714285714285714,0,0,0.0,0.0,0.0,served_set_only,2,4,-1,-3,0.5714285714285714,0,0,0.0,0.0,0.0,served_set_only,2,4,-1,-3,0.5714285714285714,0,0,0.0,0.0,0.0,identical,3,7,0,0,1.0,0,0,0.0,0.0,0.0,identical,3,7,0,0,1.0,0,0,0.0,0.0,0.0
lhs108,lhs,105510.26904414687,0.0015164284841672464,0.9374177973515424,0.7332208094102437,1000000,100,1,0,0,0,0,0,,0,,0,,identical,0,0,1.0,0,0,,,,identical,0,0,0,0,1.0,0,0,,,,identical,0,0,0,0,1.0,0,0,,,,identical,0,0,0,0,1.0,0,0,,,,identical,0,0,0,0,1.0,0,0,,,,identical,0,0,0,0,1.0,0,0,,,,identical,0,0,0,0,1.0,0,0,,,
lhs108,lhs,105510.26904414687,0.0015164284841672464,0.9374177973515424,0.7332208094102437,20,100,1,0,0,0,0,0,,0,,0,,identical,0,0,1.0,0,0,,,,identical,0,0,0,0,1.0,0,0,,,,identical,0,0,0,0,1.0,0,0,,,,identical,0,0,0,0,1.0,0,0,,,,identical,0,0,0,0,1.0,0,0,,,,identical,0,0,0,0,1.0,0,0,,,,identical,0,0,0,0,1.0,0,0,,,
lhs108,lhs,105510.26904414687,0.0015164284841672464,0.9374177973515424,0.7332208094102437,10,100,1,0,0,0,0,0,,0,,0,,identical,0,0,1.0,0,0,,,,identical,0,0,0,0,1.0,0,0,,,,identical,0,0,0,0,1.0,0,0,,,,identical,0,0,0,0,1.0,0,0,,,,identical,0,0,0,0,1.0,0,0,,,,identical,0,0,0,0,1.0,0,0,,,,identical,0,0,0,0,1.0,0,0,,,
lhs109,lhs,96131.17865754176,0.006256468880295281,0.9577811499598087,0.9455419994146083,1000000,100,1,10,46,10,46,10,3.7096225114072974,2,0.721097211292087,7,1.639640582795022,memory_only,0,0,1.0,0,2,0.0,0.0,0.0,served_and_memory,2,4,-8,-42,0.08695652173913043,0,2,0.0,73.0,0.0,served_and_memory,2,4,-8,-42,0.08695652173913043,0,2,0.0,73.0,0.0,served_and_memory,9,39,-1,-7,0.8478260869565217,0,3,0.0,4.111111111111111,0.0,served_and_memory,9,39,-1,-7,0.8478260869565217,0,5,0.0,4.111111111111111,0.0,routing,6,27,-4,-19,0.5531914893617021,1,3,0.5,16.333333333333332,-1.0,routing,6,27,-4,-19,0.5531914893617021,1,3,0.5,16.333333333333332,-1.0
lhs109,lhs,96131.17865754176,0.006256468880295281,0.9577811499598087,0.9455419994146083,20,100,1,7,20,7,20,6,2.0998183578460226,1,0.5974289485873077,3,0.7317171989716524,memory_only,0,0,1.0,0,4,0.0,0.0,0.0,served_and_memory,2,4,-5,-16,0.2,0,2,0.0,60.5,0.0,served_and_memory,2,4,-5,-16,0.2,0,2,0.0,60.5,0.0,routing,6,20,-1,0,0.48148148148148145,2,2,0.0,0.0,-11.5,routing,6,20,-1,0,0.48148148148148145,2,4,0.0,0.0,-11.5,routing,5,16,-2,-4,0.5652173913043478,1,2,0.6,0.0,-15.0,routing,5,16,-2,-4,0.5652173913043478,1,2,0.6,0.0,-15.0
lhs109,lhs,96131.17865754176,0.006256468880295281,0.9577811499598087,0.9455419994146083,10,100,1,5,10,5,10,4,2.0998183578460226,1,0.5974289485873077,2,0.7317171989716524,memory_only,0,0,1.0,0,2,0.0,0.0,0.0,served_and_memory,2,4,-3,-6,0.4,0,1,0.0,36.5,0.0,served_and_memory,2,4,-3,-6,0.4,0,1,0.0,36.5,0.0,served_set_only,4,9,-1,-1,0.9,0,0,0.0,0.0,0.0,served_and_memory,4,9,-1,-1,0.9,0,2,0.0,0.0,0.0,routing,3,7,-2,-3,0.4166666666666667,1,1,0.6666666666666666,24.333333333333332,-25.0,routing,3,7,-2,-3,0.4166666666666667,1,1,0.6666666666666666,24.333333333333332,-25.0
lhs110,lhs,7897.922656191278,0.0018019997750981643,0.9542333872864067,0.910981079173204,1000000,100,1,0,0,0,0,0,,0,,0,,identical,0,0,1.0,0,0,,,,identical,0,0,0,0,1.0,0,0,,,,identical,0,0,0,0,1.0,0,0,,,,identical,0,0,0,0,1.0,0,0,,,,identical,0,0,0,0,1.0,0,0,,,,identical,0,0,0,0,1.0,0,0,,,,identical,0,0,0,0,1.0,0,0,,,
lhs110,lhs,7897.922656191278,0.0018019997750981643,0.9542333872864067,0.910981079173204,20,100,1,0,0,0,0,0,,0,,0,,identical,0,0,1.0,0,0,,,,identical,0,0,0,0,1.0,0,0,,,,identical,0,0,0,0,1.0,0,0,,,,identical,0,0,0,0,1.0,0,0,,,,identical,0,0,0,0,1.0,0,0,,,,identical,0,0,0,0,1.0,0,0,,,,identical,0,0,0,0,1.0,0,0,,,
lhs110,lhs,7897.922656191278,0.0018019997750981643,0.9542333872864067,0.910981079173204,10,100,1,0,0,0,0,0,,0,,0,,identical,0,0,1.0,0,0,,,,identical,0,0,0,0,1.0,0,0,,,,identical,0,0,0,0,1.0,0,0,,,,identical,0,0,0,0,1.0,0,0,,,,identical,0,0,0,0,1.0,0,0,,,,identical,0,0,0,0,1.0,0,0,,,,identical,0,0,0,0,1.0,0,0,,,
lhs111,lhs,8132.296838567778,0.024338255902656567,0.9564139689097555,0.8425069902164743,1000000,100,1,14,55,12,54,10,1.7145949882822114,0,0.43686918481625636,1,0.5273409591789997,served_and_memory,-2,-1,0.9818181818181818,0,7,0.0,5.25,0.0,served_and_memory,7,30,-7,-25,0.5454545454545454,0,4,0.0,17.571428571428573,0.0,served_and_memory,7,30,-7,-25,0.5454545454545454,0,4,0.0,17.571428571428573,0.0,memory_only,14,55,0,0,1.0,0,2,0.0,0.0,0.0,served_and_memory,12,54,-2,-1,0.9818181818181818,0,7,0.0,5.25,0.0,memory_only,14,55,0,0,1.0,0,5,0.0,-0.9285714285714286,0.0,served_and_memory,12,54,-2,-1,0.9818181818181818,0,5,0.0,5.25,0.0
lhs111,lhs,8132.296838567778,0.024338255902656567,0.9564139689097555,0.8425069902164743,20,100,1,9,20,7,18,6,1.0381001198249966,0,0.365634473481224,0,0.48072045195028745,served_and_memory,-2,-2,0.46153846153846156,0,3,0.0,10.0,0.0,routing,6,20,-3,0,0.3793103448275862,1,3,-0.6,5.0,1.2,routing,6,20,-3,0,0.3793103448275862,1,3,-0.6,5.0,1.2,identical,9,20,0,0,1.0,0,0,0.0,0.0,0.0,served_and_memory,7,18,-2,-2,0.46153846153846156,0,3,0.0,5.0,0.0,identical,9,20,0,0,1.0,0,0,0.0,0.0,0.0,served_and_memory,7,18,-2,-2,0.46153846153846156,0,3,0.0,5.0,0.0
lhs111,lhs,8132.296838567778,0.024338255902656567,0.9564139689097555,0.8425069902164743,10,100,1,5,10,5,10,2,0.9026291309838508,1,0.27681043967125885,1,0.36226191475303526,memory_only,0,0,1.0,0,2,0.0,0.0,0.0,served_and_memory,4,9,-1,-1,0.9,0,2,0.0,0.0,0.0,served_and_memory,4,9,-1,-1,0.9,0,2,0.0,0.0,0.0,served_and_memory,4,9,-1,-1,0.9,0,2,0.0,0.0,0.0,served_and_memory,4,9,-1,-1,0.9,0,2,0.0,0.0,0.0,served_set_only,4,9,-1,-1,0.9,0,0,0.0,0.0,0.0,served_and_memory,4,9,-1,-1,0.9,0,2,0.0,0.0,0.0
lhs112,lhs,159356.63471353627,0.039177224146664864,0.9867119000598964,0.6097112354722509,1000000,100,1,14,55,14,55,8,1.0651661138114956,0,0.14344006758286096,0,0.3276025673591135,memory_only,0,0,1.0,0,2,0.0,0.0,0.0,routing,10,40,-4,-15,0.7272727272727273,1,6,0.3,6.4,-0.125,routing,10,40,-4,-15,0.7272727272727273,1,6,0.3,6.4,-0.125,memory_only,14,55,0,0,1.0,0,2,0.0,0.0,0.0,identical,14,55,0,0,1.0,0,0,0.0,0.0,0.0,memory_only,14,55,0,0,1.0,0,2,0.0,0.0,0.0,identical,14,55,0,0,1.0,0,0,0.0,0.0,0.0
lhs112,lhs,159356.63471353627,0.039177224146664864,0.9867119000598964,0.6097112354722509,20,100,1,9,20,7,18,3,0.6449039440439799,0,0.14481508724018347,0,0.29864028480953064,served_and_memory,-2,-2,0.46153846153846156,0,3,0.0,5.0,0.0,served_and_memory,7,18,-2,-2,0.46153846153846156,0,3,0.0,10.0,0.0,served_and_memory,7,18,-2,-2,0.46153846153846156,0,3,0.0,5.0,0.0,identical,9,20,0,0,1.0,0,0,0.0,0.0,0.0,served_and_memory,7,18,-2,-2,0.46153846153846156,0,3,0.0,5.0,0.0,identical,9,20,0,0,1.0,0,0,0.0,0.0,0.0,served_and_memory,7,18,-2,-2,0.46153846153846156,0,3,0.0,10.0,0.0
lhs112,lhs,159356.63471353627,0.039177224146664864,0.9867119000598964,0.6097112354722509,10,100,1,5,10,5,10,1,0.40234805269432233,0,0.09597647347454896,1,0.11685273738141282,memory_only,0,0,1.0,0,2,0.0,0.0,0.0,served_and_memory,4,9,-1,-1,0.9,0,2,0.0,0.0,0.0,served_and_memory,4,9,-1,-1,0.9,0,2,0.0,0.0,0.0,identical,5,10,0,0,1.0,0,0,0.0,0.0,0.0,identical,5,10,0,0,1.0,0,0,0.0,0.0,0.0,served_and_memory,4,9,-1,-1,0.9,0,2,0.0,0.0,0.0,served_and_memory,4,9,-1,-1,0.9,0,2,0.0,0.0,0.0
lhs113,lhs,32803.68574719703,0.013878248526532664,0.993687211823725,0.7893804370851158,1000000,100,1,17,55,17,55,15,3.1969150095333423,3,0.521178241648071,10,1.1168414324100344,memory_only,0,0,1.0,0,8,0.0,0.0,0.0,served_and_memory,4,11,-13,-44,0.2,0,4,0.0,43.0,0.0,served_and_memory,4,11,-13,-44,0.2,0,4,0.0,43.0,0.0,served_and_memory,15,55,-2,0,1.0,0,11,0.0,2.6666666666666665,0.0,served_and_memory,14,55,-3,0,1.0,0,5,0.0,2.7857142857142856,0.0,routing,12,51,-5,-4,0.9272727272727272,1,6,0.25,5.333333333333333,-0.5,routing,12,51,-5,-4,0.9272727272727272,1,6,0.25,5.333333333333333,-0.5
lhs113,lhs,32803.68574719703,0.013878248526532664,0.993687211823725,0.7893804370851158,20,100,1,11,20,11,20,9,2.6182137521668043,1,0.521178241648071,5,0.8430384680630816,memory_only,0,0,1.0,0,2,0.0,0.0,0.0,served_and_memory,4,11,-7,-9,0.55,0,2,0.0,24.5,0.0,served_and_memory,4,11,-7,-9,0.55,0,2,0.0,24.5,0.0,served_and_memory,10,20,-1,0,1.0,0,1,0.0,1.3,0.0,served_and_memory,10,20,-1,0,1.0,0,3,0.0,1.3,0.0,served_and_memory,8,20,-3,0,1.0,0,4,0.0,4.75,0.0,served_and_memory,8,20,-3,0,1.0,0,4,0.0,4.75,0.0
lhs113,lhs,32803.68574719703,0.013878248526532664,0.993687211823725,0.7893804370851158,10,100,1,5,10,5,10,3,1.5829388508987925,1,0.31543664251047826,1,0.6352979749706588,memory_only,0,0,1.0,0,2,0.0,0.0,0.0,routing,3,7,-2,-3,0.4166666666666667,1,1,0.6666666666666666,16.0,-25.0,routing,3,7,-2,-3,0.4166666666666667,1,1,0.6666666666666666,16.0,-25.0,served_set_only,4,9,-1,-1,0.9,0,0,0.0,0.0,0.0,served_and_memory,4,9,-1,-1,0.9,0,2,0.0,0.0,0.0,served_set_only,4,9,-1,-1,0.9,0,0,0.0,0.0,0.0,served_set_only,4,9,-1,-1,0.9,0,0,0.0,0.0,0.0
lhs114,lhs,4058.798424390869,0.0014514599825418445,0.9241963532058693,0.7671705303898528,1000000,100,1,0,0,0,0,0,,0,,0,,identical,0,0,1.0,0,0,,,,identical,0,0,0,0,1.0,0,0,,,,identical,0,0,0,0,1.0,0,0,,,,identical,0,0,0,0,1.0,0,0,,,,identical,0,0,0,0,1.0,0,0,,,,identical,0,0,0,0,1.0,0,0,,,,identical,0,0,0,0,1.0,0,0,,,
lhs114,lhs,4058.798424390869,0.0014514599825418445,0.9241963532058693,0.7671705303898528,20,100,1,0,0,0,0,0,,0,,0,,identical,0,0,1.0,0,0,,,,identical,0,0,0,0,1.0,0,0,,,,identical,0,0,0,0,1.0,0,0,,,,identical,0,0,0,0,1.0,0,0,,,,identical,0,0,0,0,1.0,0,0,,,,identical,0,0,0,0,1.0,0,0,,,,identical,0,0,0,0,1.0,0,0,,,
lhs114,lhs,4058.798424390869,0.0014514599825418445,0.9241963532058693,0.7671705303898528,10,100,1,0,0,0,0,0,,0,,0,,identical,0,0,1.0,0,0,,,,identical,0,0,0,0,1.0,0,0,,,,identical,0,0,0,0,1.0,0,0,,,,identical,0,0,0,0,1.0,0,0,,,,identical,0,0,0,0,1.0,0,0,,,,identical,0,0,0,0,1.0,0,0,,,,identical,0,0,0,0,1.0,0,0,,,
lhs115,lhs,10767.847287731105,0.04304894948958121,0.9903335936528309,0.7762871397673623,1000000,100,1,17,55,14,55,9,1.0306309804666474,0,0.2792789963087877,0,0.3600506666827371,served_and_memory,-3,0,1.0,0,4,0.0,1.8571428571428572,0.0,served_and_memory,10,46,-7,-9,0.8363636363636363,0,7,0.0,7.7,0.0,served_and_memory,10,46,-7,-9,0.8363636363636363,0,7,0.0,7.7,0.0,memory_only,17,55,0,0,1.0,0,6,0.0,0.0,0.0,served_and_memory,14,55,-3,0,1.0,0,2,0.0,1.8571428571428572,0.0,memory_only,17,55,0,0,1.0,0,8,0.0,0.0,0.0,served_and_memory,14,55,-3,0,1.0,0,2,0.0,1.8571428571428572,0.0
lhs115,lhs,10767.847287731105,0.04304894948958121,0.9903335936528309,0.7762871397673623,20,100,1,11,20,7,18,6,1.0842752407562344,0,0.3076608723183071,0,0.27178125171297035,served_and_memory,-4,-2,0.46153846153846156,0,3,0.0,10.0,0.0,served_and_memory,7,18,-4,-2,0.46153846153846156,0,3,0.0,10.0,0.0,served_and_memory,7,18,-4,-2,0.46153846153846156,0,3,0.0,5.0,0.0,memory_only,11,20,0,0,1.0,0,2,0.0,0.0,0.0,served_and_memory,7,18,-4,-2,0.46153846153846156,0,3,0.0,10.0,0.0,memory_only,11,20,0,0,1.0,0,2,0.0,0.0,0.0,served_and_memory,7,18,-4,-2,0.46153846153846156,0,3,0.0,10.0,0.0
lhs115,lhs,10767.847287731105,0.04304894948958121,0.9903335936528309,0.7762871397673623,10,100,1,5,10,5,10,1,0.510312540388339,1,0.13866185670972714,1,0.20480925294540797,memory_only,0,0,1.0,0,2,0.0,0.0,0.0,served_set_only,4,9,-1,-1,0.9,0,0,0.0,0.0,0.0,served_and_memory,4,9,-1,-1,0.9,0,2,0.0,0.0,0.0,served_and_memory,4,9,-1,-1,0.9,0,2,0.0,0.0,0.0,served_and_memory,4,9,-1,-1,0.9,0,2,0.0,0.0,0.0,served_set_only,4,9,-1,-1,0.9,0,0,0.0,0.0,0.0,served_and_memory,4,9,-1,-1,0.9,0,2,0.0,0.0,0.0
lhs116,lhs,8968.867199119375,0.05500213682960802,0.9698095852283343,0.8932877036481748,1000000,100,1,17,55,17,55,6,0.8066519516860461,0,0.19108085763975843,0,0.2818036508605524,memory_only,0,0,1.0,0,6,0.0,0.0,0.0,served_and_memory,13,54,-4,-1,0.9818181818181818,0,3,0.0,3.0,0.0,served_and_memory,13,54,-4,-1,0.9818181818181818,0,5,0.0,3.0,0.0,memory_only,17,55,0,0,1.0,0,8,0.0,0.0,0.0,identical,17,55,0,0,1.0,0,0,0.0,0.0,0.0,memory_only,17,55,0,0,1.0,0,6,0.0,0.0,0.0,memory_only,17,55,0,0,1.0,0,6,0.0,0.0,0.0
lhs116,lhs,8968.867199119375,0.05500213682960802,0.9698095852283343,0.8932877036481748,20,100,1,11,20,10,20,5,0.7820121641944757,0,0.2656677158477394,0,0.2127171424894293,served_and_memory,-1,0,1.0,0,3,0.0,1.3,0.0,served_and_memory,8,20,-3,0,1.0,0,5,0.0,6.375,0.0,served_and_memory,8,20,-3,0,1.0,0,5,0.0,6.375,0.0,memory_only,11,20,0,0,1.0,0,2,0.0,0.0,0.0,served_and_memory,10,20,-1,0,1.0,0,1,0.0,1.3,0.0,memory_only,11,20,0,0,1.0,0,2,0.0,0.0,0.0,served_and_memory,10,20,-1,0,1.0,0,3,0.0,1.3,0.0
lhs116,lhs,8968.867199119375,0.05500213682960802,0.9698095852283343,0.8932877036481748,10,100,1,5,10,5,10,1,0.28658668106316787,1,0.11716766832598931,1,0.08323250965185455,memory_only,0,0,1.0,0,2,0.0,0.0,0.0,served_and_memory,4,9,-1,-1,0.9,0,2,0.0,0.0,0.0,served_and_memory,4,9,-1,-1,0.9,0,2,0.0,0.0,0.0,served_and_memory,4,9,-1,-1,0.9,0,2,0.0,0.0,0.0,served_and_memory,4,9,-1,-1,0.9,0,2,0.0,0.0,0.0,served_and_memory,4,9,-1,-1,0.9,0,2,0.0,0.0,0.0,served_and_memory,4,9,-1,-1,0.9,0,2,0.0,0.0,0.0
lhs117,lhs,57432.21788261919,0.08089539500700854,0.9386303287044131,0.5614683072081049,1000000,100,1,11,53,11,53,0,0.2715657519587387,0,0.059608208893493775,0,0.10899042132474743,identical,0,0,1.0,0,0,0.0,0.0,0.0,identical,11,53,0,0,1.0,0,0,0.0,0.0,0.0,memory_only,11,53,0,0,1.0,0,2,0.0,0.0,0.0,memory_only,11,53,0,0,1.0,0,2,0.0,0.0,0.0,identical,11,53,0,0,1.0,0,0,0.0,0.0,0.0,memory_only,11,53,0,0,1.0,0,6,0.0,0.0,0.0,memory_only,11,53,0,0,1.0,0,2,0.0,0.0,0.0
lhs117,lhs,57432.21788261919,0.08089539500700854,0.9386303287044131,0.5614683072081049,20,100,1,6,20,6,20,0,0.18207531481914507,0,0.04437000710588723,0,0.07354762327861648,memory_only,0,0,1.0,0,2,0.0,0.0,0.0,memory_only,6,20,0,0,1.0,0,2,0.0,0.0,0.0,memory_only,6,20,0,0,1.0,0,2,0.0,0.0,0.0,memory_only,6,20,0,0,1.0,0,4,0.0,0.0,0.0,memory_only,6,20,0,0,1.0,0,4,0.0,0.0,0.0,memory_only,6,20,0,0,1.0,0,4,0.0,0.0,0.0,memory_only,6,20,0,0,1.0,0,4,0.0,0.0,0.0
lhs117,lhs,57432.21788261919,0.08089539500700854,0.9386303287044131,0.5614683072081049,10,100,1,5,10,5,10,1,0.2715657519587387,0,0.04999302185687878,1,0.10899042132474743,memory_only,0,0,1.0,0,2,0.0,0.0,0.0,routing,3,7,-2,-3,0.4166666666666667,1,1,0.6666666666666666,16.0,-25.0,routing,3,7,-2,-3,0.4166666666666667,1,1,0.6666666666666666,16.0,-25.0,memory_only,5,10,0,0,1.0,0,2,0.0,0.0,0.0,identical,5,10,0,0,1.0,0,0,0.0,0.0,0.0,routing,3,7,-2,-3,0.4166666666666667,1,1,0.6666666666666666,16.0,-25.0,routing,3,7,-2,-3,0.4166666666666667,1,1,0.6666666666666666,16.0,-25.0
lhs118,lhs,60236.96530120977,0.00973461368533062,0.9491379572220062,0.8193113746709616,1000000,100,1,14,55,14,55,12,4.286790718476015,3,0.62284777490544,11,1.318445664853824,identical,0,0,1.0,0,0,0.0,0.0,0.0,served_and_memory,3,7,-11,-48,0.12727272727272726,0,3,0.0,69.0,0.0,served_and_memory,3,7,-11,-48,0.12727272727272726,0,3,0.0,69.0,0.0,served_and_memory,12,54,-2,-1,0.9818181818181818,0,6,0.0,5.666666666666667,0.0,served_and_memory,12,54,-2,-1,0.9818181818181818,0,8,0.0,5.666666666666667,0.0,served_and_memory,7,30,-7,-25,0.5454545454545454,0,6,0.0,17.571428571428573,0.0,served_and_memory,7,30,-7,-25,0.5454545454545454,0,6,0.0,17.571428571428573,0.0
lhs118,lhs,60236.96530120977,0.00973461368533062,0.9491379572220062,0.8193113746709616,20,100,1,9,20,9,20,7,2.5954339006747253,2,0.6121321004589231,5,1.2018861513567551,identical,0,0,1.0,0,0,0.0,0.0,0.0,served_and_memory,3,7,-6,-13,0.35,0,2,0.0,48.666666666666664,0.0,served_and_memory,3,7,-6,-13,0.35,0,2,0.0,48.666666666666664,0.0,served_and_memory,7,18,-2,-2,0.46153846153846156,0,3,0.0,5.0,0.0,served_and_memory,7,18,-2,-2,0.46153846153846156,0,3,0.0,10.0,0.0,routing,6,20,-3,0,0.3793103448275862,1,3,-0.6,5.0,1.2,routing,6,20,-3,0,0.3793103448275862,1,3,-0.6,5.0,1.2
lhs118,lhs,60236.96530120977,0.00973461368533062,0.9491379572220062,0.8193113746709616,10,100,1,5,10,5,10,3,1.619260954251646,1,0.41332120013246476,1,0.470277099073962,memory_only,0,0,1.0,0,2,0.0,0.0,0.0,routing,3,7,-2,-3,0.4166666666666667,1,1,0.6666666666666666,24.333333333333332,-25.0,routing,3,7,-2,-3,0.4166666666666667,1,1,0.6666666666666666,24.333333333333332,-25.0,served_and_memory,4,9,-1,-1,0.9,0,2,0.0,0.0,0.0,served_and_memory,4,9,-1,-1,0.9,0,2,0.0,0.0,0.0,served_and_memory,4,9,-1,-1,0.9,0,2,0.0,0.0,0.0,served_and_memory,4,9,-1,-1,0.9,0,2,0.0,0.0,0.0
lhs119,lhs,4694.567785627963,0.0030370759915450568,0.9712618046598456,0.8004912796028218,1000000,100,1,3,7,3,7,3,1.366260070903223,1,0.8846613946223967,1,0.47182022423798853,identical,0,0,1.0,0,0,0.0,0.0,0.0,served_set_only,0,0,-3,-7,0.0,0,0,,,,served_set_only,0,0,-3,-7,0.0,0,0,,,,served_set_only,2,4,-1,-3,0.5714285714285714,0,0,0.0,0.0,0.0,served_set_only,2,4,-1,-3,0.5714285714285714,0,0,0.0,0.0,0.0,served_set_only,2,4,-1,-3,0.5714285714285714,0,0,0.0,0.0,0.0,served_set_only,2,4,-1,-3,0.5714285714285714,0,0,0.0,0.0,0.0
lhs119,lhs,4694.567785627963,0.0030370759915450568,0.9712618046598456,0.8004912796028218,20,100,1,3,7,3,7,3,1.366260070903223,1,0.8846613946223967,1,0.47182022423798853,identical,0,0,1.0,0,0,0.0,0.0,0.0,served_set_only,0,0,-3,-7,0.0,0,0,,,,served_set_only,0,0,-3,-7,0.0,0,0,,,,served_set_only,2,4,-1,-3,0.5714285714285714,0,0,0.0,0.0,0.0,served_set_only,2,4,-1,-3,0.5714285714285714,0,0,0.0,0.0,0.0,served_set_only,2,4,-1,-3,0.5714285714285714,0,0,0.0,0.0,0.0,served_set_only,2,4,-1,-3,0.5714285714285714,0,0,0.0,0.0,0.0
lhs119,lhs,4694.567785627963,0.0030370759915450568,0.9712618046598456,0.8004912796028218,10,100,1,3,7,3,7,3,1.366260070903223,1,0.8846613946223967,1,0.47182022423798853,identical,0,0,1.0,0,0,0.0,0.0,0.0,served_set_only,0,0,-3,-7,0.0,0,0,,,,served_set_only,0,0,-3,-7,0.0,0,0,,,,served_set_only,2,4,-1,-3,0.5714285714285714,0,0,0.0,0.0,0.0,served_set_only,2,4,-1,-3,0.5714285714285714,0,0,0.0,0.0,0.0,served_set_only,2,4,-1,-3,0.5714285714285714,0,0,0.0,0.0,0.0,served_set_only,2,4,-1,-3,0.5714285714285714,0,0,0.0,0.0,0.0
